GPS Time,Time,MAC,SSID,Encryption,RSSI,Channel,Manufacturer,AP Type,Latitude,Longitude,Persistence,Dates Seen
2018-03-14 13:29:33.847922,2018-03-14 13:29:33.847922,58:70:c6:f1:65:7a,YICarCam_f1657a,WPA2,-79,7,Shanghai,Not an AP,14.646997,121.057657,4,"03/14/2018, "
2018-03-22 20:51:53.463529,2018-03-22 20:51:53.463529,34:ba:9a:57:74:e4,EPEwit56,WPA2,-78,7,Asiatelc,Unidentified,14.647122,121.05742,3,"03/22/2018, "
2018-03-22 20:51:52.785754,2018-03-22 20:51:52.785754,36:69:87:ab:fd:3e,ARANETASQUARE,WPA2,-89,6,None,Unidentified,14.647155,121.057442,1,"03/22/2018, "
2018-03-22 21:29:55.584056,2018-03-22 21:29:55.584056,90:61:0c:2d:ad:fb,ITAG.MANILA,WPA2,-85,11,FidaInte,Unidentified,14.647022,121.057602,3,"03/22/2018, 04/05/2018, 04/02/2018, "
2018-04-02 00:23:24.932175,2018-04-02 00:23:24.932175,dc:ee:06:cf:a4:74,Smart_Bro_CFA474,OPN,-60,2,HuaweiTe,Unidentified,14.647227,121.057495,3,"03/14/2018, 04/02/2018, "
2018-04-02 00:23:30.769601,2018-04-02 00:23:30.769601,cc:79:cf:f2:f2:15,Mitsubishi Wireless TV 659,OPN,-71,36,Shenzhen,Not an AP,14.647022,121.05739,5,"04/02/2018, 03/14/2018, "
2018-04-03 00:37:46.291346,2018-04-03 00:37:46.291346,7a:31:c1:65:66:50,Danielle,WPA2,-81,1,None,Unidentified,14.64707,121.057653,2,"04/03/2018, "
2018-04-03 01:53:08.559040,2018-04-03 01:53:08.559040,d2:5b:a8:f4:f0:2c,JEROME,WPA2/WPA,-84,1,None,Unidentified,14.646927,121.057605,4,"04/03/2018, "
2018-04-03 01:53:12.477752,2018-04-03 01:53:12.477752,5c:c3:07:41:c3:b6,Hexadecagon,WPA2/WPA,-88,5,HuaweiTe,Unidentified,14.647105,121.057425,1,"04/03/2018, "
2018-04-05 13:14:05,2018-04-03 14:39:32.757738,50:04:b8:45:1d:5c,work,WPA2/WPA,-81,1,HuaweiTe,Unidentified,14.647225,121.057445,5,"04/05/2018, "
2018-04-05 14:30:19,2018-04-03 15:19:27.678138,fa:8f:ca:68:dd:3c,xNonex,OPN,-84,11,None,Unidentified,14.647087,121.057535,3,"04/05/2018, 04/02/2018, 04/03/2018, "
2018-04-05 14:10:51,2018-04-03 14:59:59.945400,c0:21:0d:b3:51:50,WiFiConnect 767,OPN,-54,44,Shenzhen,Unidentified,14.646845,121.057252,6,"04/05/2018, "
2018-04-05 14:18:26,2018-04-03 15:07:35.058781,b0:45:19:d9:b8:0c,Jajingga,WPA2,-52,6,TctMobil,Hotspot,14.647077,121.057587,2,"04/05/2018, "
2018-04-13 13:44:05,2018-04-03 17:31:58.058167,04:e6:76:1e:bc:2a,Yi_Ranns,WPA2,-77,6,AmpakTec,Unidentified,14.647213,121.057623,1,"04/13/2018, "
2018-03-14 13:29:34.801293,2018-03-14 13:29:34.801293,f2:98:9d:be:ce:78,Jhane Emerrie’s iPhone,WPA2,-76,6,None,Phone,14.646962,121.057697,4,"03/14/2018, "
2018-03-14 13:29:35.428489,2018-03-14 13:29:35.428489,34:ba:9a:56:5b:09,Mark Kenneth,WPA2/WPA,-78,7,Asiatelc,Unidentified,14.646925,121.05774,1,"03/14/2018, "
2018-03-22 21:30:00.080828,2018-03-22 21:30:00.080828,36:69:87:89:13:e6,Smart Mead,WPA2,-71,13,None,Unidentified,14.646853,121.057822,1,"03/22/2018, "
2018-04-02 00:45:58.018893,2018-04-02 00:45:58.018893,fe:ec:da:07:01:a2,HOLY FAMILY  SCHOOL QUEZON CITY,WPA2,-76,6,None,Unidentified,14.647135,121.057658,4,"04/03/2018, 04/05/2018, 04/10/2018, 04/02/2018, "
2018-04-02 00:45:57.803452,2018-04-02 00:45:57.803452,a0:f3:c1:a4:4d:8a,Elenita,WPA2/WPA,-81,6,Tp-LinkT,Unidentified,14.647135,121.057658,4,"04/02/2018, 04/05/2018, "
2018-04-02 00:46:01.510944,2018-04-02 00:46:01.510944,34:ba:9a:4f:d6:58,xNonex,WPA2,-65,8,Asiatelc,Unidentified,14.647025,121.057788,4,"04/02/2018, 03/22/2018, 04/02/2018, 04/13/2018, "
2018-04-02 00:46:01.806723,2018-04-02 00:46:01.806723,34:ba:9a:56:0e:b5,Ohhkey Inzayms,WPA2,-61,8,Asiatelc,Unidentified,14.646995,121.057833,2,"04/02/2018, "
2018-04-02 00:46:18.782629,2018-04-02 00:46:18.782629,e4:7d:eb:0f:16:e7,R01_F16E7,WPA2,-68,9,Shanghai,Unidentified,14.646843,121.058093,21,"04/02/2018, 04/03/2018, 04/05/2018, "
2018-04-02 00:46:02.825666,2018-04-02 00:46:02.825666,50:9f:27:0c:3f:19,HUAWEI-E5220-3f19,WPA2/WPA,-65,11,HuaweiTe,Hotspot,14.646962,121.05788,1,"04/02/2018, "
2018-04-02 00:46:14.064488,2018-04-02 00:46:14.064488,5c:f2:86:24:56:fe,WagKaNaMagtangka,WPA2,-70,6,IeeeRegi,Unidentified,14.646842,121.058088,2,"04/02/2018, "
2018-04-02 00:46:21.406663,2018-04-02 00:46:21.406663,34:ba:9a:54:f9:31,ADR,WPA2/WPA,-57,9,Asiatelc,Unidentified,14.646842,121.058108,1,"04/02/2018, "
2018-04-03 00:34:10.509523,2018-04-03 00:34:10.509523,da:5d:e2:d2:ca:db,DIRECT-anDESKTOP-BKK0AN9msfU,WPA2,-87,11,None,Unidentified,14.647065,121.057715,1,"04/03/2018, "
2018-04-03 00:34:11.567523,2018-04-03 00:34:11.567523,06:d6:aa:57:4f:45,DP,WPA2,-79,11,None,Unidentified,14.646992,121.057822,3,"04/03/2018, "
2018-04-03 00:37:42.357285,2018-04-03 00:37:42.357285,d4:6e:5c:95:f0:22,HUAWEI-E5220-f022,WPA2/WPA,-75,11,HuaweiTe,Hotspot,14.646885,121.057853,2,"04/03/2018, "
2018-04-03 01:53:06.198550,2018-04-03 01:53:06.198550,a0:cb:fd:c8:5d:e0,AndroidAP,WPA2,-81,11,SamsungE,Phone,14.646812,121.057765,2,"04/03/2018, "
2018-04-05 12:51:52,2018-04-03 14:17:19.233602,78:c1:a7:23:48:66,4C Block U,WPA,-69,1,Zte,Unidentified,14.646825,121.058037,13,"03/22/2018, 04/05/2018, 04/13/2018, "
2018-04-05 12:49:21,2018-04-03 14:14:48.357857,88:3f:d3:06:3b:a0,Lacuesta,WPA2/WPA,-88,1,HuaweiTe,Unidentified,14.646908,121.0578,2,"04/05/2018, "
2018-04-05 12:51:55,2018-04-03 14:17:22.246315,36:69:87:e8:47:ae,DANCING,WPA2/WPA,-76,5,None,Unidentified,14.646962,121.057792,5,"04/05/2018, "
2018-04-05 14:10:30,2018-04-03 14:59:38.492138,88:d2:74:a9:b1:c0,Mikols Virus,WPA,-90,4,Zte,Unidentified,14.646955,121.05777,1,"04/05/2018, "
2018-03-22 20:52:04.294913,2018-03-22 20:52:04.294913,60:02:92:32:98:5b,a70319,WPA2/WPA,-78,1,Pegatron,Unidentified,14.646587,121.05728,3,"03/22/2018, 04/02/2018, 04/03/2018, "
2018-04-05 13:14:21,2018-04-03 14:39:48.876251,34:cd:be:53:ee:76,PLDTHOMEDSL,WPA2/WPA,-76,11,HuaweiTe,Broadband,14.646675,121.05729,9,"03/22/2018, 04/03/2018, 04/10/2018, 04/02/2018, 04/05/2018, "
2018-04-05 13:14:21,2018-04-03 14:39:48.984105,34:cd:be:53:ee:75,dlink-19CO,WPA2/WPA,-76,11,HuaweiTe,Unidentified,14.646675,121.05729,8,"03/22/2018, 04/03/2018, 04/10/2018, 04/02/2018, 04/05/2018, "
2018-04-05 13:57:00,2018-04-03 14:46:08.380357,bc:3d:85:9a:c6:98,Her Royal Highness,WPA2,-92,1,HuaweiTe,Unidentified,14.646515,121.057218,1,"04/05/2018, "
2018-04-05 14:10:53,2018-04-03 15:00:01.677046,cc:79:cf:f2:ef:a6,Mitsubishi Wireless TV 807,OPN,-58,52,Shenzhen,Not an AP,14.646747,121.057238,1,"04/05/2018, "
2018-04-05 14:10:55,2018-04-03 15:00:03.626477,5c:f2:86:27:ef:55,Globe_LTE MIFI_EF55,WPA2/WPA,-91,7,IeeeRegi,Hotspot,14.64666,121.057227,1,"04/05/2018, "
2018-04-10 17:20:18,2018-04-03 15:35:14.689314,00:22:6b:6f:b3:fd,atalier,WPA2/WPA,-72,6,Cisco-Li,Unidentified,14.646682,121.057288,1,"04/10/2018, "
2018-03-22 21:30:02.836869,2018-03-22 21:30:02.836869,94:0e:6b:b8:df:00,B310_8DF00,WPA2/WPA,-70,1,HuaweiTe,Unidentified,14.646755,121.057993,2,"03/22/2018, "
2018-04-03 01:19:43.859435,2018-04-03 01:19:43.859435,74:cc:39:86:00:88,KAPE,WPA2/WPA,-74,11,Fiberhom,Fiber,14.646795,121.058018,3,"04/02/2018, 04/03/2018, 04/05/2018, "
2018-04-03 01:49:49.897277,2018-04-03 01:49:49.897277,28:e3:1f:5a:64:80,Redmi,WPA2,-77,6,XiaomiCo,Unidentified,14.6468,121.058025,1,"04/03/2018, "
2018-04-03 01:49:50.553093,2018-04-03 01:49:50.553093,f2:c8:50:13:f4:c4,HUAWEI Y5 2017,WPA2,-89,8,None,Unidentified,14.6468,121.058025,1,"04/03/2018, "
2018-04-03 01:53:02.303764,2018-04-03 01:53:02.303764,b0:4e:26:8b:f7:f6,Trojan V,WPA2,-82,10,Tp-LinkT,Unidentified,14.646712,121.05792,2,"04/03/2018, "
2018-04-03 01:53:03.694486,2018-04-03 01:53:03.694486,d0:7a:b5:b8:32:9a,none,none,-81,11,none,Unidentified,14.646748,121.057868,1,"04/03/2018, "
2018-04-05 14:07:08,2018-04-03 14:56:16.496645,02:9f:c2:27:9d:b9,xNonex,WPA2,-72,9,None,Unidentified,14.646722,121.05812,13,"04/02/2018, 04/05/2018, 04/03/2018, "
2018-03-14 13:29:46.469761,2018-03-14 13:29:46.469761,cc:06:77:5c:bd:59,OS Dong,WPA2,-92,1,Fiberhom,Fiber,14.646555,121.058383,1,"03/14/2018, "
2018-03-14 13:29:47.470001,2018-03-14 13:29:47.470001,00:13:33:fa:b8:da,PLDTHOMEDSLWS,WPA2/WPA,-87,1,Baudtec,Broadband,14.646523,121.058445,1,"03/14/2018, "
2018-03-22 21:30:07.099559,2018-03-22 21:30:07.099559,fa:96:95:3f:2d:e2,Valerie,WPA2,-88,6,None,Unidentified,14.646623,121.05818,1,"03/22/2018, "
2018-04-02 00:46:27.467603,2018-04-02 00:46:27.467603,fc:b4:e6:82:41:8f,SKYbroadband7B92,WPA2/WPA,-86,1,AskeyCom,Broadband,14.646767,121.058217,1,"04/02/2018, "
2018-04-02 00:46:27.149661,2018-04-02 00:46:27.149661,92:2a:a8:41:e8:2a,xNonex,WPA2,-92,1,None,Unidentified,14.646767,121.058217,1,"04/02/2018, "
2018-04-02 00:46:33.548115,2018-04-02 00:46:33.548115,a6:f1:e8:e1:f3:89,none,none,-88,6,none,Unidentified,14.646688,121.058405,1,"04/02/2018, "
2018-04-03 00:34:23.002880,2018-04-03 00:34:23.002880,5c:f2:86:2e:48:9e,Globe_LTE MIFI_489E,WPA2/WPA,-49,6,IeeeRegi,Hotspot,14.646647,121.058425,4,"04/03/2018, "
2018-04-03 01:19:41.943770,2018-04-03 01:19:41.943770,92:2a:a8:41:e9:d6,xNonex,WPA2,-76,11,None,Unidentified,14.646742,121.058133,12,"04/02/2018, 04/03/2018, 04/05/2018, "
2018-04-03 00:37:31.868878,2018-04-03 00:37:31.868878,58:70:c6:f4:f4:8f,YICarCam_f4f48f,WPA2,-60,5,Shanghai,Not an AP,14.646573,121.058527,5,"04/03/2018, "
2018-04-03 01:19:40.620403,2018-04-03 01:19:40.620403,76:e4:3a:7a:e4:01,Isay OS iPhone 5s,WPA2,-82,11,None,Phone,14.646715,121.058193,3,"04/03/2018, "
2018-04-05 12:49:27,2018-04-03 14:14:54.522646,f2:c1:f1:0f:cf:2d,HR’s iPhone,WPA2,-79,6,None,Phone,14.646712,121.05819,1,"04/05/2018, "
2018-04-05 12:49:29,2018-04-03 14:14:56.485882,f0:98:38:07:9c:34,sjvmr,WPA2/WPA,-79,7,HuaweiTe,Unidentified,14.646662,121.05833,6,"04/13/2018, 04/02/2018, 04/05/2018, "
2018-04-05 12:51:47,2018-04-03 14:17:14.413683,fe:a6:67:54:8e:71,xNonex,WPA2,-65,11,None,Unidentified,14.646662,121.05833,13,"04/02/2018, 04/03/2018, 04/05/2018, "
2018-04-05 13:41:48,2018-04-03 14:30:56.093909,f4:cb:52:47:74:6b,HUAWEI-746B,WPA2,-74,6,HuaweiTe,Unidentified,14.646552,121.058462,1,"04/05/2018, "
2018-04-05 14:07:12,2018-04-03 14:56:21.028424,76:4a:a4:c9:4c:1c,SmartniMader,WPA2/WPA,-86,13,None,Unidentified,14.646605,121.058395,2,"04/05/2018, "
2018-04-05 14:30:33,2018-04-03 15:19:41.605745,5c:f2:86:24:11:d6,PLDTMyDSL-GlobeTelecom,WPA2/WPA,-76,8,IeeeRegi,Broadband,14.646623,121.05832,1,"04/05/2018, "
2018-03-14 13:29:58.557829,2018-03-14 13:29:58.557829,fc:3f:7c:21:c4:5f,B315_1C45F,WPA2,-61,11,HuaweiTe,Unidentified,14.646428,121.058808,1,"03/14/2018, "
2018-03-14 13:30:05.981239,2018-03-14 13:30:05.981239,36:69:87:72:1d:a3,Smart Bro_721DA3,OPN,-78,1,None,Unidentified,14.64639,121.058998,1,"03/14/2018, "
2018-04-02 00:46:36.901293,2018-04-02 00:46:36.901293,5c:f2:86:24:21:32,PAKABITKAWIFIMO,WPA2/WPA,-84,8,IeeeRegi,Unidentified,14.646628,121.05859,4,"04/02/2018, "
2018-04-02 00:46:44.903946,2018-04-02 00:46:44.903946,8e:79:67:36:c7:c9,delta1925,WPA2/WPA,-69,1,None,Unidentified,14.646485,121.058998,2,"04/02/2018, "
2018-04-03 01:50:01.092604,2018-04-03 01:50:01.092604,cc:06:77:6e:c9:98,#WIP PH 1,WPA2/WPA,-41,2,Fiberhom,Fiber,14.646478,121.05871,23,"03/22/2018, 04/03/2018, 04/10/2018, "
2018-04-05 12:49:36,2018-04-03 14:15:03.330732,78:c1:a7:24:a1:8e,Leo,WPA,-82,11,Zte,Unidentified,14.646497,121.058723,5,"04/05/2018, 04/03/2018, 04/05/2018, "
2018-04-05 13:41:57,2018-04-03 14:31:05.208177,50:09:59:83:80:35,Skynet,WPA2/WPA,-80,11,Technico,Unidentified,14.646412,121.058933,7,"04/05/2018, 04/03/2018, 04/05/2018, 04/10/2018, "
2018-04-05 13:41:59,2018-04-03 14:31:08.040173,62:fe:1e:94:4d:14,FLARE S4 MAX,WPA2,-89,1,None,Unidentified,14.646392,121.059017,1,"04/05/2018, "
2018-04-05 13:42:00,2018-04-03 14:31:08.258562,aa:a6:68:d4:c4:35,WISH,WPA2/WPA,-87,2,None,Unidentified,14.646388,121.059042,1,"04/05/2018, "
2018-04-05 14:18:46,2018-04-03 15:07:54.225747,b0:c1:9e:30:5e:25,SmartBro_305E25,WPA2/WPA,-63,6,Zte,Unidentified,14.646495,121.058763,14,"04/05/2018, 04/13/2018, 04/10/2018, 04/02/2018, "
2018-04-05 14:18:49,2018-04-03 15:07:57.415750,dc:09:4c:9a:74:29,coke aileen,WPA2,-68,8,HuaweiTe,Unidentified,14.646448,121.058937,8,"04/05/2018, "
2018-04-05 14:07:21,2018-04-03 14:56:30.000175,00:13:33:ee:be:a2,PLDTHOMEDSL,WPA2/WPA,-91,5,Baudtec,Broadband,14.64641,121.059033,1,"04/05/2018, "
2018-04-05 14:10:02,2018-04-03 14:59:10.905502,44:6e:e5:5b:48:82,VIRUS,WPA2,-86,11,HuaweiTe,Unidentified,14.646505,121.058782,4,"03/14/2018, 04/05/2018, 04/03/2018, "
2018-04-05 14:18:45,2018-04-03 15:07:54.042065,fc:3f:7c:6b:52:17,Cobra GLOBE,WPA2/WPA,-88,5,HuaweiTe,Unidentified,14.64652,121.058698,1,"04/05/2018, "
2018-04-02 00:46:51.020915,2018-04-02 00:46:51.020915,f0:98:38:a0:02:64,WeylandMaginhawa,WPA2/WPA,-55,6,HuaweiTe,Unidentified,14.646435,121.059172,41,"04/02/2018, 03/14/2018, 03/22/2018, 04/03/2018, 04/05/2018, "
2018-04-02 00:46:52.208011,2018-04-02 00:46:52.208011,90:b6:86:36:f1:4f,AndroidAPJ,WPA2,-51,6,MurataMa,Phone,14.646432,121.059203,2,"04/02/2018, "
2018-04-02 00:46:53.380335,2018-04-02 00:46:53.380335,90:06:28:79:65:83,AndroidAP,WPA2,-85,6,SamsungE,Phone,14.646423,121.05924,1,"04/02/2018, "
2018-04-02 00:46:56.222390,2018-04-02 00:46:56.222390,34:8a:7b:39:42:c2,AndroidAP,WPA2,-84,6,SamsungE,Phone,14.646402,121.059378,2,"04/02/2018, "
2018-04-02 00:46:57.547429,2018-04-02 00:46:57.547429,34:ba:9a:56:da:f3,rapmoanstah,WPA2,-88,8,Asiatelc,Unidentified,14.646383,121.059432,1,"04/02/2018, "
2018-04-03 00:34:35.304157,2018-04-03 00:34:35.304157,d0:65:ca:b6:ac:93,Chrissy,WPA2,-56,1,HuaweiTe,Unidentified,14.646377,121.059097,5,"04/03/2018, "
2018-04-03 00:34:41.106101,2018-04-03 00:34:41.106101,d2:b1:28:50:83:3f,AndroidAP,WPA2,-62,6,None,Phone,14.646378,121.059132,4,"04/03/2018, "
2018-04-03 00:37:18.121314,2018-04-03 00:37:18.121314,a0:8d:16:68:5e:52,BitCoin,WPA2,-77,8,HuaweiTe,Unidentified,14.646388,121.059147,5,"04/03/2018, "
2018-04-05 12:51:31,2018-04-03 14:16:58.866122,00:0e:c6:01:96:41,WiFi_OBDII,OPN,-66,1,AsixElec,Unidentified,14.646382,121.059165,3,"04/05/2018, "
2018-04-05 12:51:30,2018-04-03 14:16:57.705661,14:b7:f8:65:0f:14,Westeroast,WPA2,-87,1,Technico,Unidentified,14.646373,121.059188,1,"04/05/2018, "
2018-04-10 18:06:35,2018-04-03 16:21:32.103823,58:70:c6:f5:f0:5e,YICarCam_f5f05e,WPA2,-47,5,Shanghai,Not an AP,14.646455,121.059068,3,"04/10/2018, "
2018-04-10 18:06:35,2018-04-03 16:21:31.716143,7a:88:6d:34:6b:15,none,none,-86,6,none,Unidentified,14.646455,121.059068,1,"04/10/2018, "
2018-04-10 18:06:35,2018-04-03 16:21:31.756101,b0:c1:9e:49:fa:1d,NO INTERNET,WPA2/WPA,-84,6,Zte,Unidentified,14.646455,121.059068,1,"04/10/2018, "
2018-04-10 18:06:41,2018-04-03 16:21:38.494637,34:ba:9a:57:06:7b,#MondayNightRollins,WPA2,-90,10,Asiatelc,Unidentified,14.64647,121.059157,1,"04/10/2018, "
2018-04-02 00:47:50.889095,2018-04-02 00:47:50.889095,cc:79:cf:2d:e8:9b,WiFiConnect 551,OPN,-83,36,Shenzhen,Unidentified,14.64676,121.06082,1,"04/02/2018, "
2018-04-02 00:47:53.203976,2018-04-02 00:47:53.203976,aa:a6:68:58:ca:c4,Habbibi Hamid,WPA2/WPA,-82,6,None,Unidentified,14.646802,121.060832,1,"04/02/2018, "
2018-04-05 14:31:54,2018-04-03 15:21:03.014329,00:13:33:cf:5e:f8,PLDTHOMEDSL,WPA2/WPA,-86,11,Baudtec,Broadband,14.646408,121.060977,1,"04/05/2018, "
2018-04-05 14:32:03,2018-04-03 15:21:11.261071,dc:ee:06:45:dd:c9,CJ,WPA2/WPA,-75,4,HuaweiTe,Unidentified,14.64676,121.060922,1,"04/05/2018, "
2018-04-05 14:32:05,2018-04-03 15:21:13.677444,6a:e9:f1:8b:12:34,iPhone,WPA2,-89,6,None,Phone,14.64679,121.060947,1,"04/05/2018, "
2018-04-05 14:32:16,2018-04-03 15:21:24.703106,5c:c3:07:28:22:c7,B310_822C7,WPA2/WPA,-88,1,HuaweiTe,Unidentified,14.64677,121.061353,1,"04/05/2018, "
2018-04-05 14:32:16,2018-04-03 15:21:24.932029,90:61:0c:41:05:05,PLDTHOMEDSL01285,WPA2/WPA,-85,1,FidaInte,Broadband,14.64677,121.061353,1,"04/05/2018, "
2018-03-22 20:52:11.248817,2018-03-22 20:52:11.248817,a0:b3:cc:d7:20:a0,HP-Print-A0-Deskjet 5520 series,WPA2,-88,6,HewlettP,Not an AP,14.64621,121.057248,1,"03/22/2018, "
2018-04-02 00:23:47.969700,2018-04-02 00:23:47.969700,34:ba:9a:4f:ff:fc,YOHANWIFI,WPA,-62,7,Asiatelc,Unidentified,14.646178,121.05724,4,"04/02/2018, "
2018-04-02 00:23:49.819888,2018-04-02 00:23:49.819888,58:70:c6:f7:94:ad,yohan,WPA2,-47,7,Shanghai,Unidentified,14.646157,121.057213,4,"04/02/2018, "
2018-04-05 13:14:38,2018-04-03 14:40:04.987894,00:26:75:e3:d1:40,Johnny Cage,WPA,-61,9,AztechEl,Unidentified,14.646095,121.057383,6,"04/05/2018, 03/22/2018, 04/02/2018, 04/05/2018, "
2018-04-05 13:14:41,2018-04-03 14:40:08.529425,90:61:0c:2c:b3:82,baoxang,WPA2,-72,11,FidaInte,Unidentified,14.646098,121.05752,3,"04/05/2018, "
2018-04-05 14:11:07,2018-04-03 15:00:15.615605,98:e7:f5:93:a6:c6,Philippp,WPA2/WPA,-62,2,HuaweiTe,Unidentified,14.64614,121.057215,1,"04/05/2018, "
2018-04-10 18:03:36,2018-04-03 16:18:33.433237,36:69:87:9e:3b:ed,Deadnails,WPA2/WPA,-69,1,None,Unidentified,14.646242,121.057602,3,"04/10/2018, "
2018-04-13 13:45:31,2018-04-03 17:33:24.662532,14:b7:f8:65:02:88,SKYbroadband0285,WPA2,-87,1,Technico,Broadband,14.646153,121.057578,1,"04/13/2018, "
2018-04-13 14:44:23,2018-04-03 18:32:16.512616,f0:98:38:a0:2b:a4,A3Spinbound,WPA2/WPA,-90,1,HuaweiTe,Unidentified,14.646003,121.057227,1,"04/13/2018, "
2018-04-05 13:14:53,2018-04-03 14:40:20.376052,18:de:d7:34:38:8c,batcave_wifi2,WPA2/WPA,-92,7,HuaweiTe,Unidentified,14.645968,121.058152,1,"04/05/2018, "
2018-04-03 01:52:45.732936,2018-04-03 01:52:45.732936,5c:f2:86:23:5b:d8,lizasolfelix,WPA2/WPA,-72,11,IeeeRegi,Unidentified,14.646297,121.058923,6,"04/03/2018, "
2018-04-10 17:57:40,2018-04-03 16:12:36.757864,f8:23:b2:ed:84:fa,hello,WPA2/WPA,-80,1,HuaweiTe,Unidentified,14.646308,121.058953,1,"04/10/2018, "
2018-04-10 17:57:30,2018-04-03 16:12:27.134355,34:ba:9a:54:cc:61,vcatris,WPA2,-82,9,Asiatelc,Unidentified,14.646325,121.05897,1,"04/10/2018, "
2018-04-10 17:57:35,2018-04-03 16:12:31.314413,36:69:87:a1:ad:7b,-eke-,WPA2/WPA,-89,13,None,Unidentified,14.646323,121.058972,2,"04/10/2018, "
2018-04-10 18:06:29,2018-04-03 16:21:26.162923,9e:ae:d3:f7:81:71,DIRECT-D3F70171,WPA2,-87,1,None,Unidentified,14.646278,121.05894,1,"04/10/2018, "
2018-03-14 13:30:26.170613,2018-03-14 13:30:26.170613,fc:3f:7c:32:cf:3c,HUAWEI-CF3C,WPA2,-73,3,HuaweiTe,Unidentified,14.646287,121.059265,4,"03/14/2018, "
2018-03-14 13:30:15.453929,2018-03-14 13:30:15.453929,38:d5:47:3b:a9:6f,My ASUS,WPA2,-69,8,AsustekC,Unidentified,14.646325,121.059185,1,"03/14/2018, "
2018-03-22 21:30:28.314302,2018-03-22 21:30:28.314302,a0:8d:16:aa:e4:58,aprilmay,WPA2,-85,6,HuaweiTe,Unidentified,14.646252,121.059415,2,"03/22/2018, "
2018-03-22 21:30:24.010501,2018-03-22 21:30:24.010501,00:9a:cd:bf:fa:72,HUAWEI-E5330-FA72,WPA2,-91,3,HuaweiTe,Hotspot,14.646322,121.059187,1,"03/22/2018, "
2018-03-22 21:30:27.454245,2018-03-22 21:30:27.454245,06:1b:6d:a8:a6:56,teeth,WPA2,-87,6,None,Unidentified,14.646252,121.059415,1,"03/22/2018, "
2018-03-22 21:30:29.749108,2018-03-22 21:30:29.749108,2e:fd:a1:9f:cb:f7,ASUS_X018D,WPA2,-86,7,None,Unidentified,14.646223,121.059495,1,"03/22/2018, "
2018-03-22 21:30:30.384936,2018-03-22 21:30:30.384936,34:ba:9a:56:51:82,wefindways,WPA2,-79,8,Asiatelc,Unidentified,14.646223,121.059495,2,"03/22/2018, "
2018-04-03 00:37:10.062840,2018-04-03 00:37:10.062840,6e:8d:c1:72:92:c9,Rheevo’s iPhone6,WPA2,-55,1,None,Phone,14.646325,121.059388,1,"04/03/2018, "
2018-04-03 00:37:07.277703,2018-04-03 00:37:07.277703,fe:2d:5e:8c:d0:d8,pccmi_pocket_wifi,WPA2/WPA,-63,13,None,Unidentified,14.646302,121.05949,1,"04/03/2018, "
2018-04-03 01:19:16.904879,2018-04-03 01:19:16.904879,ac:cf:85:b9:ee:09,COOLDUDE WIFI,WPA2,-59,6,HuaweiTe,Unidentified,14.646302,121.059493,7,"04/03/2018, "
2018-04-03 01:18:40.647302,2018-04-03 01:18:40.647302,c0:25:e9:80:87:a4,NEBRIJA PLDT WIFI,WPA2,-88,7,Tp-LinkT,Unidentified,14.64633,121.059478,1,"04/03/2018, "
2018-04-03 02:06:32.775252,2018-04-03 02:06:32.775252,c8:94:bb:c2:a0:f3,BiancaNinoKulit,WPA2,-61,3,HuaweiTe,Unidentified,14.64634,121.059182,1,"04/03/2018, "
2018-04-03 02:06:57.458510,2018-04-03 02:06:57.458510,58:70:c6:fd:86:56,YICarCam_fd8656,WPA2,-75,5,Shanghai,Not an AP,14.646337,121.059172,1,"04/03/2018, "
2018-04-03 02:06:58.355525,2018-04-03 02:06:58.355525,76:4a:a4:cd:f4:40,Smart Bro_CDF440,WPA2/WPA,-76,6,None,Unidentified,14.64633,121.059178,2,"04/03/2018, "
2018-04-05 12:51:20,2018-04-03 14:16:47.596885,26:18:1d:00:57:61,Serendipity,WPA2,-49,6,None,Unidentified,14.646333,121.059342,7,"04/05/2018, "
2018-04-05 13:42:10,2018-04-03 14:31:18.587343,ee:1d:7f:64:87:37,lmao,WPA2/WPA,-61,8,None,Unidentified,14.646338,121.059175,9,"04/05/2018, "
2018-04-05 13:42:14,2018-04-03 14:31:22.490153,e4:7d:eb:10:14:d2,R01_014D2,WPA2,-64,10,Shanghai,Unidentified,14.646297,121.059345,28,"04/05/2018, 04/03/2018, 04/05/2018, 04/10/2018, "
2018-04-02 00:47:05.332023,2018-04-02 00:47:05.332023,c0:bd:d1:2d:5a:2b,bigFISH,WPA2,-71,11,SamsungE,Phone,14.646275,121.059843,2,"04/02/2018, "
2018-04-02 00:47:05.804139,2018-04-02 00:47:05.804139,7a:e2:8f:19:ca:7d,iPhone,WPA2,-78,1,None,Phone,14.646257,121.059893,1,"04/02/2018, "
2018-04-02 00:47:07.346205,2018-04-02 00:47:07.346205,ae:8e:f2:96:e3:95,iPhone,WPA2,-83,1,None,Phone,14.646235,121.059952,1,"04/02/2018, "
2018-04-03 00:36:54.670403,2018-04-03 00:36:54.670403,cc:79:cf:f2:f8:b9,Mitsubishi Wireless TV 289,OPN,-44,36,Shenzhen,Not an AP,14.646172,121.059935,1,"04/03/2018, "
2018-04-03 01:18:42.802461,2018-04-03 01:18:42.802461,cc:06:77:62:c4:a8,PLDTHOMEFIBR2c4a8,WPA2/WPA,-62,10,Fiberhom,Fiber,14.646292,121.059565,23,"03/22/2018, 04/02/2018, 04/03/2018, "
2018-04-03 00:34:56.018246,2018-04-03 00:34:56.018246,90:61:0c:37:67:ff,PLDTHOMEDSL26623,WPA2/WPA,-64,1,FidaInte,Broadband,14.646205,121.059942,9,"03/22/2018, 03/14/2018, 03/22/2018, 04/03/2018, "
2018-04-03 01:19:15.506666,2018-04-03 01:19:15.506666,50:68:0a:c4:fc:88,HUAWEI-E5330-FC88,WPA2,-58,5,HuaweiTe,Hotspot,14.646285,121.059542,9,"03/22/2018, 04/02/2018, 04/03/2018, 03/14/2018, "
2018-04-03 01:18:48.437162,2018-04-03 01:18:48.437162,32:07:4d:68:f5:48,Casey S8,WPA2,-68,11,None,Unidentified,14.646233,121.059643,1,"04/03/2018, "
2018-04-03 01:19:05.064997,2018-04-03 01:19:05.064997,a8:a6:68:2f:8a:f4,Sheena,WPA2/WPA,-78,11,Zte,Unidentified,14.646247,121.059638,1,"04/03/2018, "
2018-04-03 01:19:01.337609,2018-04-03 01:19:01.337609,74:cc:39:bc:5e:88,PLDTHOMEFIBRc5e88,WPA2/WPA,-90,9,Fiberhom,Fiber,14.646247,121.059638,1,"04/03/2018, "
2018-04-03 01:50:22.020837,2018-04-03 01:50:22.020837,32:07:4d:ef:dc:60,Guian,WPA2,-76,1,None,Unidentified,14.646265,121.059703,1,"04/03/2018, "
2018-04-03 01:50:21.614684,2018-04-03 01:50:21.614684,36:12:98:5c:1d:76,SP1CANLAS.P,WPA2,-85,1,None,Unidentified,14.646265,121.059703,1,"04/03/2018, "
2018-04-05 12:51:12,2018-04-03 14:16:39.557787,44:33:4c:20:9d:c4,DashCamStealth_44334c209dc4,WPA2,-57,1,Shenzhen,Not an AP,14.646275,121.05959,1,"04/05/2018, "
2018-04-05 12:50:04,2018-04-03 14:15:30.988032,70:28:8b:83:bd:02,AndroidAPJamie,WPA2,-71,6,SamsungE,Phone,14.646277,121.059578,4,"04/05/2018, "
2018-04-05 12:51:10,2018-04-03 14:16:37.160249,aa:a6:68:7a:65:68,cjcausing,WPA2/WPA,-69,13,None,Unidentified,14.646255,121.05965,12,"04/05/2018, 03/14/2018, 04/05/2018, "
2018-04-05 12:51:06,2018-04-03 14:16:33.126484,2a:a0:2b:f2:f4:f1,@subingsquared,WPA2,-71,11,None,Unidentified,14.646223,121.059748,8,"04/05/2018, "
2018-04-05 12:50:12,2018-04-03 14:15:39.536867,78:c1:a7:03:c7:89,ZionCorp - Guest,WPA,-89,11,Zte,Unidentified,14.646212,121.059857,1,"04/05/2018, "
2018-04-05 12:50:14,2018-04-03 14:15:41.724276,aa:a6:68:b3:0b:66,Smart Bro_B30B66,OPN,-86,13,None,Unidentified,14.646188,121.059922,1,"04/05/2018, "
2018-04-05 12:50:15,2018-04-03 14:15:42.323615,14:9f:3c:70:cd:8f,AndroidAP,WPA2,-71,1,SamsungE,Phone,14.646175,121.059948,2,"04/05/2018, "
2018-04-05 12:50:15,2018-04-03 14:15:42.396341,8e:f5:a3:f5:79:b5,Bgsc-RGF2aWQgUzg,WPA2,-78,1,None,Unidentified,14.646175,121.059948,3,"04/05/2018, "
2018-04-05 13:42:23,2018-04-03 14:31:31.940623,22:cd:fe:bf:10:1d,Chemelarboom,WPA2,-63,6,None,Unidentified,14.646187,121.05983,5,"04/05/2018, "
2018-04-05 13:42:25,2018-04-03 14:31:33.444201,5c:f2:86:25:c5:5e,zkymarketing,WPA2/WPA,-62,6,IeeeRegi,Unidentified,14.646128,121.059937,6,"04/05/2018, "
2018-04-05 14:07:44,2018-04-03 14:56:53.113967,08:ea:40:ff:03:f1,DV_08ea40ff03f1,WPA2,-67,8,Shenzhen,Unidentified,14.64631,121.059638,5,"04/05/2018, "
2018-04-05 14:19:07,2018-04-03 15:08:15.128053,8c:34:fd:42:2c:5d,ANNE18,WPA2,-77,6,HuaweiTe,Unidentified,14.646205,121.059745,5,"04/05/2018, "
2018-04-05 14:31:01,2018-04-03 15:20:09.660275,ee:29:f5:99:a2:a0,Perry Daxs iPhone,WPA2,-90,1,None,Phone,14.646255,121.059788,1,"04/05/2018, "
2018-03-14 13:31:04.098184,2018-03-14 13:31:04.098184,88:d2:74:86:c4:cb,bayanDSLWIFI_C4CB,WPA2/WPA,-61,1,Zte,Broadband,14.646057,121.060185,3,"03/14/2018, "
2018-03-22 21:30:45.678691,2018-03-22 21:30:45.678691,52:77:05:4d:a8:b9,AndroidHotspot6049,WPA2,-74,6,None,Phone,14.64599,121.060307,3,"03/22/2018, "
2018-03-22 21:30:47.107859,2018-03-22 21:30:47.107859,ae:5f:3e:5f:8e:c9,BVqG-cmFtaXJlZHI,WPA2,-81,6,None,Unidentified,14.645945,121.060435,3,"03/22/2018, "
2018-04-02 00:47:14.330319,2018-04-02 00:47:14.330319,b2:72:bf:55:cf:be,AndroidAP,WPA2,-67,6,None,Phone,14.64608,121.060377,1,"04/02/2018, "
2018-04-03 00:36:51.967655,2018-04-03 00:36:51.967655,bc:c0:0f:7b:c2:08,FIBERHOME_bc208,WPA2/WPA,-49,5,Fiberhom,Fiber,14.646155,121.059995,30,"04/03/2018, 04/05/2018, 03/22/2018, 04/03/2018, 04/02/2018, "
2018-04-03 00:34:56.674526,2018-04-03 00:34:56.674526,b2:8d:6c:bd:7b:a9,chef sherwin,WPA2,-71,1,None,Unidentified,14.646183,121.060015,2,"04/03/2018, "
2018-04-03 00:36:29.522585,2018-04-03 00:36:29.522585,50:04:b8:2f:d2:be,HUAWEI-D2BE,WPA2,-77,1,HuaweiTe,Unidentified,14.64597,121.06044,1,"04/03/2018, "
2018-04-05 12:50:18,2018-04-03 14:15:44.914823,3c:f7:a4:ed:91:cb,Holy Grail,WPA2,-81,1,SamsungE,Phone,14.646135,121.060037,4,"04/05/2018, "
2018-04-05 12:50:39,2018-04-03 14:16:06.464175,44:33:bc:d0:90:ec,Sharks,WPA2,-60,4,None,Unidentified,14.645998,121.060417,2,"04/05/2018, "
2018-04-05 12:50:23,2018-04-03 14:15:50.228688,f2:c5:f3:ba:25:30,Stevens iPhone,WPA2,-74,6,None,Phone,14.646107,121.060185,6,"04/05/2018, "
2018-04-05 12:50:40,2018-04-03 14:16:07.229881,cc:06:77:5e:c9:b0,PLDTHOMEFIBRec9b0,WPA2/WPA,-83,5,Fiberhom,Fiber,14.645998,121.060417,6,"04/05/2018, 04/03/2018, 04/05/2018, "
2018-04-05 14:19:16,2018-04-03 15:08:24.253132,e4:6f:13:68:9a:b4,Moonleaf Maginhawa,WPA2/WPA,-74,11,D-LinkIn,Unidentified,14.646148,121.060017,15,"03/22/2018, 04/05/2018, 04/03/2018, "
2018-04-05 14:07:53,2018-04-03 14:57:01.553435,72:70:0d:b4:56:72,Evexia Spa,WPA2,-66,1,None,Unidentified,14.646148,121.059983,2,"04/05/2018, "
2018-04-05 14:19:15,2018-04-03 15:08:23.294504,32:f7:72:11:a1:c0,DIRECT-s7-BRAVIA,WPA2,-86,11,None,Not an AP,14.646153,121.059992,2,"04/05/2018, "
2018-04-05 14:31:12,2018-04-03 15:20:20.911279,20:a6:80:cf:9c:d7,Smart_Bro_CF9CD7,WPA2,-71,10,HuaweiTe,Unidentified,14.646058,121.06027,1,"04/05/2018, "
2018-04-02 00:47:32.999175,2018-04-02 00:47:32.999175,b8:08:d7:c1:2e:ce,HUAWEI-CUTE-2ECE,WPA2,-78,6,HuaweiTe,Unidentified,14.645913,121.060872,4,"04/02/2018, 04/05/2018, "
2018-04-02 00:47:33.333027,2018-04-02 00:47:33.333027,06:16:16:12:63:38,Bojp-RlVDSw,OPN,-87,7,None,Unidentified,14.645913,121.060872,1,"04/02/2018, "
2018-04-02 00:47:33.196193,2018-04-02 00:47:33.196193,8c:4c:ad:01:f8:d6,xNonex,WPA2,-92,7,Evoluzn,Unidentified,14.645913,121.060872,1,"04/02/2018, "
2018-04-02 00:47:40.099716,2018-04-02 00:47:40.099716,9c:6f:52:35:10:66,Aji 3,WPA2/WPA,-83,11,Zte,Unidentified,14.64625,121.06084,2,"04/02/2018, 04/05/2018, "
2018-04-03 01:50:42.837452,2018-04-03 01:50:42.837452,ec:9b:f3:61:a9:2f,Bnote5,WPA2,-59,6,SamsungE,Phone,14.645933,121.060578,5,"04/03/2018, "
2018-03-22 20:52:22.772077,2018-03-22 20:52:22.772077,b0:5a:da:74:00:d0,DIRECT-5A-HP DeskJet 3630 series,WPA2,-77,1,HewlettP,Not an AP,14.645748,121.057252,3,"03/22/2018, "
2018-03-22 20:52:23.152976,2018-03-22 20:52:23.152976,00:13:33:fb:46:7e,PLDTHOMEDSL,WPA2/WPA,-87,1,Baudtec,Broadband,14.645748,121.057252,1,"03/22/2018, "
2018-03-22 20:52:23.630257,2018-03-22 20:52:23.630257,92:cd:b6:26:1e:c4,DIRECT-pN-BRAVIA,WPA2,-87,1,None,Not an AP,14.645705,121.05725,1,"03/22/2018, "
2018-04-02 00:24:02.701291,2018-04-02 00:24:02.701291,18:a6:f7:27:bc:cc,PLDTHOMEFIBRf2530_,WPA2/WPA,-72,2,Tp-LinkT,Unidentified,14.645695,121.057237,3,"03/22/2018, 04/02/2018, "
2018-04-13 14:44:18,2018-04-03 18:32:12.038583,18:60:24:5e:7a:84,DIRECT-83-HP DeskJet 3700 series,WPA2,-83,11,HewlettP,Not an AP,14.645803,121.057247,1,"04/13/2018, "
2018-04-10 17:48:43,2018-04-03 16:03:39.575909,36:69:87:5e:57:43,Fantastic Beasts,WPA2/WPA,-90,1,None,Unidentified,14.645758,121.059007,1,"04/10/2018, "
2018-04-10 17:48:25,2018-04-03 16:03:22.113588,74:cc:39:97:d6:a0,FIBERHOME,WPA2/WPA,-71,1,Fiberhom,Fiber,14.64557,121.059607,2,"04/10/2018, "
2018-03-14 13:31:22.061503,2018-03-14 13:31:22.061503,36:57:60:ae:a0:30,HomeBro_ULTERA,WPA2/WPA,-91,1,None,Mobile broadband,14.645535,121.060845,1,"03/14/2018, "
2018-03-22 21:31:38.085144,2018-03-22 21:31:38.085144,3e:91:48:9d:25:95,Arianes iPhone,WPA2,-76,1,None,Phone,14.64572,121.060697,5,"03/22/2018, "
2018-03-22 21:30:54.249346,2018-03-22 21:30:54.249346,ec:10:7b:37:90:a1,AndroidAP,WPA2,-85,11,SamsungE,Phone,14.645802,121.060682,1,"03/22/2018, "
2018-03-22 21:31:05.560161,2018-03-22 21:31:05.560161,3e:f7:a4:18:a7:13,BTJo-cmF5bW9uZC5kZWxhcmFtYTU1,OPN,-87,6,None,Unidentified,14.645755,121.060693,1,"03/22/2018, "
2018-03-22 21:31:35.340392,2018-03-22 21:31:35.340392,76:4a:a4:f1:44:17,ZTE_F14417,WPA2,-63,13,None,Unidentified,14.645732,121.060687,1,"03/22/2018, "
2018-03-22 21:31:43.601188,2018-03-22 21:31:43.601188,c0:21:0d:3b:35:74,Mitsubishi Wireless TV 055,OPN,-70,44,Shenzhen,Not an AP,14.645705,121.060718,1,"03/22/2018, "
2018-03-22 21:32:01.701078,2018-03-22 21:32:01.701078,58:70:c6:f6:29:b1,yisyisyo,WPA2,-76,7,Shanghai,Unidentified,14.64569,121.06072,1,"03/22/2018, "
2018-03-22 21:31:46.836153,2018-03-22 21:31:46.836153,fc:3f:7c:81:39:d9,Connecting...,WPA2/WPA,-92,8,HuaweiTe,Unidentified,14.6457,121.060722,1,"03/22/2018, "
2018-04-02 00:47:31.260847,2018-04-02 00:47:31.260847,3c:f7:a4:2a:94:55,baklas,WPA2,-91,6,SamsungE,Phone,14.645847,121.060885,1,"04/02/2018, "
2018-04-03 00:36:16.424920,2018-04-03 00:36:16.424920,34:ba:9a:56:04:45,Smart_Bro_560445,WPA2,-68,7,Asiatelc,Unidentified,14.64575,121.060675,4,"04/03/2018, "
2018-04-03 01:50:47.238364,2018-04-03 01:50:47.238364,9c:a9:e4:c6:f3:be,BankaiLTE,WPA2/WPA,-68,6,Zte,Unidentified,14.645753,121.060747,2,"04/03/2018, "
2018-04-03 02:05:58.352985,2018-04-03 02:05:58.352985,f4:e3:fb:de:fb:cd,HUAWEI-E5373-FBCD,WPA2,-76,6,HuaweiTe,Hotspot,14.645855,121.060478,4,"04/03/2018, "
2018-04-03 02:05:47.573429,2018-04-03 02:05:47.573429,cc:06:77:22:fb:60,PLDTHOMEFIBR2fb60,WPA2/WPA,-59,11,Fiberhom,Fiber,14.645473,121.060745,32,"04/03/2018, 03/14/2018, 03/22/2018, 04/03/2018, 04/05/2018, "
2018-04-03 02:05:58.411170,2018-04-03 02:05:58.411170,36:69:87:f8:50:8a,JSQArchitecture,WPA2/WPA,-79,6,None,Unidentified,14.645855,121.060478,1,"04/03/2018, "
2018-04-05 13:43:46,2018-04-03 14:32:55.021988,32:07:4d:7d:86:71,Faye,WPA2,-69,11,None,Unidentified,14.645858,121.060458,4,"04/05/2018, "
2018-04-05 13:43:39,2018-04-03 14:32:47.472947,e8:50:8b:d2:83:a2,AndroidHotspot0988,WPA2,-60,6,SamsungE,Phone,14.645668,121.060685,10,"04/05/2018, "
2018-04-05 13:43:41,2018-04-03 14:32:49.495414,a0:cb:fd:b9:c6:00,hatospotu,OPN,-73,6,SamsungE,Phone,14.645727,121.060635,3,"04/05/2018, "
2018-04-05 13:42:45,2018-04-03 14:31:53.132209,ac:ee:9e:fc:7f:fd,AndroidHotspot9750,OPN,-87,6,SamsungE,Phone,14.645543,121.06082,1,"04/05/2018, "
2018-04-05 13:43:36,2018-04-03 14:32:44.584617,bc:3d:85:66:0d:b5,HUAWEI-0DB5,WPA2,-80,1,HuaweiTe,Unidentified,14.645557,121.060737,2,"04/05/2018, "
2018-04-05 13:43:37,2018-04-03 14:32:45.321654,88:3f:d3:06:65:dc,HUAWEI-ER9h,WPA2/WPA,-89,3,HuaweiTe,Unidentified,14.645598,121.060722,1,"04/05/2018, "
2018-04-05 13:43:39,2018-04-03 14:32:47.681940,c8:3a:35:43:77:d0,Tenda_4377D0,WPA,-86,6,TendaTec,Unidentified,14.645668,121.060685,4,"04/03/2018, 04/05/2018, "
2018-04-05 14:08:12,2018-04-03 14:57:20.376565,94:a7:b7:3d:01:d8,bayanDSLWIFI_01D8,WPA2/WPA,-91,1,Zte,Broadband,14.645528,121.060832,1,"04/05/2018, "
2018-04-05 14:31:18,2018-04-03 15:20:27.223705,8e:79:67:41:f1:03,ZTE_41F103,WPA2,-85,1,None,Unidentified,14.645895,121.060572,1,"04/05/2018, "
2018-04-05 14:31:25,2018-04-03 15:20:33.196403,3c:df:bd:33:2b:7c,yburvill2,WPA2/WPA,-75,6,HuaweiTe,Unidentified,14.645657,121.060885,2,"04/05/2018, "
2018-03-22 21:17:37.750907,2018-03-22 21:17:37.750907,f4:9e:ef:a1:91:f0,PLDTHOMEDSL191F0,WPA2/WPA,-64,5,TaicangT,Broadband,14.645092,121.057245,1,"03/22/2018, "
2018-04-02 00:24:22.373622,2018-04-02 00:24:22.373622,60:e3:27:29:6a:d0,TP-LINK_296AD0,WPA2/WPA,-91,3,Tp-LinkT,Unidentified,14.645382,121.057247,1,"04/02/2018, "
2018-04-05 12:36:57,2018-04-03 14:02:24.670234,80:29:94:67:bb:3d,SKYbroadbandBB3A,WPA2/WPA,-86,1,Technico,Broadband,14.645105,121.058228,1,"04/05/2018, "
2018-04-05 13:15:16,2018-04-03 14:40:43.822619,bc:c0:0f:7b:d2:e0,FIBERHOME_bd2e0,WPA2/WPA,-76,10,Fiberhom,Fiber,14.645453,121.058688,3,"04/05/2018, "
2018-04-05 13:15:30,2018-04-03 14:40:57.469855,e8:93:09:86:9d:cd,AndroidAP,WPA2,-86,6,SamsungE,Phone,14.6452,121.058997,3,"04/05/2018, "
2018-04-10 18:04:21,2018-04-03 16:19:17.919567,c0:c1:c0:e7:d2:99,Reese!,WPA2/WPA,-91,6,Cisco-Li,Unidentified,14.645148,121.06032,1,"04/10/2018, "
2018-04-05 13:42:50,2018-04-03 14:31:58.345113,62:fe:1e:c1:98:0c,Flare S5,WPA2,-58,11,None,Unidentified,14.64528,121.060883,10,"04/05/2018, "
2018-04-05 13:43:29,2018-04-03 14:32:37.959863,00:22:58:1d:09:e5,SETUP,OPN,-85,11,TaiyoYud,Unidentified,14.645208,121.060838,6,"04/03/2018, 04/05/2018, "
2018-04-05 13:43:29,2018-04-03 14:32:37.838290,12:08:b1:76:51:2f,DIRECT-AD-BRAVIA,WPA2,-88,11,None,Not an AP,14.645208,121.060838,2,"04/05/2018, "
2018-04-05 14:19:48,2018-04-03 15:08:56.273299,36:12:98:50:50:8c,iPad SFE,WPA2,-67,6,None,Unidentified,14.645303,121.060805,16,"04/05/2018, "
2018-04-05 13:43:24,2018-04-03 14:32:32.816452,34:ba:9a:56:83:b0,Kitchie,WPA2,-77,8,Asiatelc,Unidentified,14.645067,121.060855,2,"04/05/2018, "
2018-04-05 13:43:34,2018-04-03 14:32:42.953574,8c:25:05:5b:ca:b9,B315_BCAB9,WPA2/WPA,-89,1,HuaweiTe,Unidentified,14.64545,121.060773,2,"04/03/2018, 04/05/2018, "
2018-04-05 14:08:18,2018-04-03 14:57:26.967842,7c:c7:09:f6:9b:31,Mitsubishi Wireless TV 521,OPN,-89,36,Shenzhen,Not an AP,14.645117,121.06089,1,"04/05/2018, "
2018-04-05 14:19:46,2018-04-03 15:08:54.480506,58:70:c6:fe:88:70,YICarCam_fe8870,WPA2,-45,7,Shanghai,Not an AP,14.645422,121.060798,2,"04/05/2018, "
2018-03-14 13:31:28.886921,2018-03-14 13:31:28.886921,8c:4c:ad:01:5d:10,LAN Kwai,WPA2,-69,7,Evoluzn,Unidentified,14.645253,121.060942,5,"03/14/2018, "
2018-03-14 13:31:30.020432,2018-03-14 13:31:30.020432,38:a2:8c:fb:58:6c,Mitsubishi Wireless TV 543,OPN,-74,36,Shenzhen,Not an AP,14.645175,121.060942,2,"03/14/2018, "
2018-03-14 13:31:29.580547,2018-03-14 13:31:29.580547,bc:76:5e:41:52:89,AndroidAP,WPA2,-89,6,SamsungE,Phone,14.645175,121.060942,1,"03/14/2018, "
2018-04-03 00:35:18.051109,2018-04-03 00:35:18.051109,24:df:6a:25:08:07,iRedWireless,WPA2/WPA,-62,6,HuaweiTe,Unidentified,14.645048,121.060918,3,"04/03/2018, "
2018-04-03 00:35:58.292925,2018-04-03 00:35:58.292925,60:45:cb:0b:7a:62,MY ASUS,WPA2,-66,6,AsustekC,Unidentified,14.64519,121.060917,1,"04/03/2018, "
2018-04-03 00:35:56.266649,2018-04-03 00:35:56.266649,9c:6f:52:35:15:e9,bayanDSLWIFI_15E9,WPA2/WPA,-85,5,Zte,Broadband,14.64508,121.060927,1,"04/03/2018, "
2018-04-05 14:09:09,2018-04-03 14:58:17.738391,98:9c:57:0b:0e:f2,HUAWEI-0EF2,WPA2,-68,1,HuaweiTe,Unidentified,14.645117,121.060973,2,"04/05/2018, "
2018-04-05 14:09:12,2018-04-03 14:58:20.274488,d8:63:75:b6:bf:7b,ac showeren 2000,WPA2,-66,1,XiaomiCo,Unidentified,14.64517,121.06094,6,"04/05/2018, "
2018-04-05 14:09:12,2018-04-03 14:58:20.591635,c4:12:f5:c8:32:d2,D-Link_DIR-600M,WPA2/WPA,-74,1,D-LinkIn,Unidentified,14.64517,121.06094,3,"04/05/2018, 03/14/2018, "
2018-04-05 14:09:10,2018-04-03 14:58:18.155985,58:7f:66:99:90:79,HUAWEI-E5330-9079,WPA2,-58,1,HuaweiTe,Hotspot,14.645127,121.060963,2,"04/05/2018, "
2018-04-05 12:37:18,2018-04-03 14:02:45.170202,d0:17:c2:43:04:a9,abetcruz,OPN,-75,1,AsustekC,Unidentified,14.645008,121.05731,2,"04/05/2018, "
2018-04-05 12:37:18,2018-04-03 14:02:45.189497,00:1f:fb:ba:ba:2d,Teacher Regine network,WPA2,-84,1,GreenPac,Mobile broadband,14.645008,121.05731,2,"04/05/2018, "
2018-04-05 12:35:20,2018-04-03 14:00:47.084296,90:61:0c:3e:4d:cd,PLDTHOMEDSL19917,WPA2/WPA,-79,1,FidaInte,Broadband,14.644908,121.059648,4,"04/05/2018, "
2018-04-05 12:35:21,2018-04-03 14:00:47.622750,c8:94:bb:65:de:9b,BASCONR,WPA2/WPA,-92,1,HuaweiTe,Unidentified,14.64488,121.059677,1,"04/05/2018, "
2018-04-05 13:15:46,2018-04-03 14:41:12.982357,70:54:d2:0e:ef:4b,40b226,WPA2/WPA,-68,1,Pegatron,Unidentified,14.64487,121.059687,4,"04/05/2018, "
2018-04-05 12:36:13,2018-04-03 14:01:40.107402,90:61:0c:2d:d3:d4,chi master,WPA2,-90,11,FidaInte,Unidentified,14.64457,121.059717,1,"04/05/2018, "
2018-04-10 18:05:51,2018-04-03 16:20:47.373012,90:61:0c:31:98:bf,ATHAN,WPA2/WPA,-85,1,FidaInte,Unidentified,14.64479,121.060302,1,"04/10/2018, "
2018-04-03 02:05:40.024983,2018-04-03 02:05:40.024983,92:06:28:f9:63:71,AndroidAP,WPA2,-86,6,None,Phone,14.644947,121.060795,5,"04/03/2018, "
2018-04-05 13:43:15,2018-04-03 14:32:23.532109,8e:79:67:5a:23:93,NELWIB144,WPA2/WPA,-86,13,None,Unidentified,14.644943,121.060892,3,"04/05/2018, "
2018-04-05 14:20:16,2018-04-03 15:09:24.656403,e0:8e:3c:20:15:33,bayanDSLWIFI_1533,WPA2/WPA,-90,2,AztechEl,Broadband,14.644988,121.060845,3,"04/05/2018, "
2018-04-05 14:20:17,2018-04-03 15:09:25.678609,1c:15:1f:15:c5:9e,B310_5C59E,WPA2/WPA,-91,4,HuaweiTe,Unidentified,14.644972,121.060847,1,"04/05/2018, "
2018-04-05 14:20:21,2018-04-03 15:09:29.280773,4e:66:41:18:f2:1b,Jsmn,WPA2,-61,6,None,Unidentified,14.644872,121.060848,3,"04/05/2018, "
2018-03-14 13:31:36.642686,2018-03-14 13:31:36.642686,b0:c7:45:16:cc:78,Toink,WPA2/WPA,-90,11,Buffalo,Unidentified,14.644655,121.060967,1,"03/14/2018, "
2018-04-03 00:35:53.244145,2018-04-03 00:35:53.244145,e0:8e:3c:2f:44:45,bayanDSLWIFI_4445,WPA2/WPA,-74,1,AztechEl,Broadband,14.644898,121.060932,5,"04/05/2018, 04/03/2018, "
2018-04-03 01:51:04.074940,2018-04-03 01:51:04.074940,c0:21:0d:b9:f1:07,Mitsubishi Wireless TV 318,OPN,-80,44,Shenzhen,Not an AP,14.644828,121.060968,2,"04/03/2018, "
2018-04-03 01:51:00.673344,2018-04-03 01:51:00.673344,e0:8e:3c:22:3b:93,Curiosity,WPA2/WPA,-78,2,AztechEl,Unidentified,14.645002,121.06096,1,"04/03/2018, "
2018-04-03 01:51:43.970108,2018-04-03 01:51:43.970108,5c:f2:86:21:c7:ad,WD_SalesBlitz_1,WPA2,-81,7,IeeeRegi,Unidentified,14.644818,121.060933,1,"04/03/2018, "
2018-04-05 13:42:56,2018-04-03 14:32:04.727102,ec:8a:4c:94:88:46,xNonex,OPN,-86,1,Zte,Unidentified,14.644957,121.060915,2,"04/05/2018, "
2018-04-05 14:20:43,2018-04-03 15:09:52.280062,8c:4c:ad:01:a3:c0,mdc_wifi,WPA2,-70,10,Evoluzn,Unidentified,14.644603,121.060957,1,"04/05/2018, "
2018-04-05 14:20:43,2018-04-03 15:09:51.210988,34:ba:9a:57:79:f1,Smart_Bro_5779F1,WPA2,-68,10,Asiatelc,Unidentified,14.644603,121.060957,5,"04/05/2018, "
2018-04-05 14:20:34,2018-04-03 15:09:42.733142,fa:d0:27:33:fb:f8,DIRECT-27337BF8,WPA2,-71,1,None,Unidentified,14.644653,121.060922,4,"04/05/2018, 04/03/2018, 04/05/2018, "
2018-04-05 14:08:56,2018-04-03 14:58:04.833050,08:78:08:fd:71:82,AndroidAP,WPA2,-80,6,SamsungE,Phone,14.6447,121.060978,5,"04/05/2018, "
2018-04-05 14:20:37,2018-04-03 15:09:45.705143,48:db:50:b2:27:63,Kpop.SLwebtoon,WPA2,-66,4,HuaweiTe,Unidentified,14.64465,121.060925,3,"03/14/2018, 04/05/2018, "
2018-04-05 14:20:30,2018-04-03 15:09:38.312231,aa:63:df:ea:6b:d1,Poochingching,WPA2,-71,11,None,Unidentified,14.644675,121.060913,3,"04/05/2018, "
2018-03-22 21:17:08.937332,2018-03-22 21:17:08.937332,90:61:0c:3a:11:37,PLDTHOMEDSLALLEN,WPA2/WPA,-68,11,FidaInte,Broadband,14.64448,121.057395,2,"03/22/2018, "
2018-04-05 14:23:02,2018-04-03 15:12:10.343139,34:ba:9a:56:28:e6,NAE MAEUM SOGE,WPA2,-85,10,Asiatelc,Unidentified,14.644445,121.05737,2,"04/02/2018, 04/05/2018, "
2018-04-05 14:23:05,2018-04-03 15:12:13.665120,d0:b2:c4:56:f7:ef,SKYbroadbandF7EC,WPA2/WPA,-76,11,Technico,Broadband,14.644453,121.057262,1,"04/05/2018, "
2018-04-10 17:45:33,2018-04-03 16:00:29.701029,e0:8e:3c:21:37:3b,MABAIT ST,WPA2/WPA,-77,1,AztechEl,Unidentified,14.644478,121.057318,3,"04/10/2018, 04/13/2018, "
2018-04-13 14:43:50,2018-04-03 18:31:43.759533,8c:68:c8:c0:1e:3f,bayanDSLWIFI_1E3F,WPA2/WPA,-66,5,None,Broadband,14.64453,121.057453,5,"04/13/2018, "
2018-04-13 13:53:32,2018-04-03 17:41:25.533832,cc:5d:4e:f1:a5:00,PLDTMyDSL,WPA2/WPA,-70,11,ZyxelCom,Broadband,14.64436,121.057295,4,"04/05/2018, 04/10/2018, 04/13/2018, "
2018-04-13 13:53:34,2018-04-03 17:41:27.836880,20:aa:4b:4f:0c:fe,ducknest-guest,OPN,-74,1,Cisco-Li,Unidentified,14.644357,121.057203,2,"04/13/2018, "
2018-04-13 13:53:34,2018-04-03 17:41:27.933412,4e:66:41:92:19:e3,Pamskie,WPA2,-68,2,None,Unidentified,14.644357,121.057203,1,"04/13/2018, "
2018-04-05 12:34:47,2018-04-03 14:00:14.125758,00:23:69:f8:41:b6,linksys,WPA2/WPA,-71,6,Cisco-Li,Unidentified,14.644482,121.058193,1,"04/05/2018, "
2018-04-05 13:15:59,2018-04-03 14:41:25.969394,00:1f:fb:c6:61:89,HomeBro_ULTERA,WPA2,-88,11,GreenPac,Mobile broadband,14.644267,121.059763,3,"04/05/2018, "
2018-04-05 12:35:33,2018-04-03 14:01:00.086537,00:0f:02:6b:1c:50,cdrking_1C50,WPA2/WPA,-89,10,Digicube,Unidentified,14.6445,121.059753,2,"04/05/2018, "
2018-04-05 13:15:55,2018-04-03 14:41:22.523265,bc:41:01:90:55:3b,Go Connect Lite,WPA2,-76,11,Shenzhen,Unidentified,14.644447,121.05973,1,"04/05/2018, "
2018-04-05 13:16:01,2018-04-03 14:41:28.948823,c8:3a:35:f9:82:f0,Talens Network,WPA2/WPA,-89,1,TendaTec,Unidentified,14.644168,121.059778,2,"04/05/2018, 04/10/2018, "
2018-04-10 17:46:38,2018-04-03 16:01:34.799573,5c:f2:86:2b:90:02,xNonex,WPA2/WPA,-92,7,IeeeRegi,Unidentified,14.64424,121.060045,1,"04/10/2018, "
2018-04-10 17:47:43,2018-04-03 16:02:40.094553,bc:98:89:9c:55:b0,PLDTHOMEFIBRcharles,WPA2/WPA,-89,11,Fiberhom,Fiber,14.644223,121.060345,1,"04/10/2018, "
2018-04-10 17:47:52,2018-04-03 16:02:49.021865,58:70:c6:fd:88:24,YICarCam_fd8824,WPA2,-88,5,Shanghai,Not an AP,14.644442,121.060338,1,"04/10/2018, "
2018-04-10 18:04:29,2018-04-03 16:19:25.239931,88:3f:d3:06:54:10,HUAWEI-7Qj3,WPA2/WPA,-75,10,HuaweiTe,Unidentified,14.644517,121.060325,3,"04/10/2018, "
2018-04-10 18:04:32,2018-04-03 16:19:28.985755,02:1a:11:f5:da:d2,jsnglpmrs,WPA2,-75,1,None,Unidentified,14.644338,121.060357,2,"04/10/2018, "
2018-04-03 02:05:25.156452,2018-04-03 02:05:25.156452,de:53:60:96:fe:f6,DIRECT-OnLAPTOP-BALNBI39msPA,WPA2,-62,10,None,Unidentified,14.644263,121.060878,7,"04/03/2018, 04/10/2018, "
2018-04-10 17:47:16,2018-04-03 16:02:13.045524,5a:48:22:eb:bc:15,.,WPA2,-66,6,None,Unidentified,14.64431,121.06075,1,"04/10/2018, "
2018-04-10 17:47:02,2018-04-03 16:01:58.562955,98:e7:f5:a3:7f:39,Smart_Bro_A37F39,WPA2,-73,9,HuaweiTe,Unidentified,14.644318,121.060742,2,"04/10/2018, "
2018-04-10 17:47:26,2018-04-03 16:02:22.777986,b0:e1:7e:bb:72:d1,HUAWEI-72D1,WPA2,-89,1,HuaweiTe,Unidentified,14.644312,121.060752,1,"04/10/2018, "
2018-04-10 18:05:15,2018-04-03 16:20:12.034543,b2:a2:e7:f4:5f:8b,Excite Prime,WPA2,-76,2,None,Unidentified,14.644322,121.060805,2,"04/10/2018, "
2018-04-10 17:47:36,2018-04-03 16:02:32.544277,b0:89:00:c0:fb:71,Sunday,WPA2,-78,6,HuaweiTe,Unidentified,14.64426,121.06053,1,"04/10/2018, "
2018-03-14 13:31:47.612841,2018-03-14 13:31:47.612841,5c:f2:86:25:2e:3b,SmartBro_252E3B,WPA2,-82,6,IeeeRegi,Unidentified,14.644545,121.060942,1,"03/14/2018, "
2018-03-14 13:31:56.532411,2018-03-14 13:31:56.532411,e4:77:23:a5:7d:e8,bayanDSLWiFi_7DE8,WPA2/WPA,-91,13,Zte,Broadband,14.64454,121.060943,2,"04/03/2018, 03/14/2018, "
2018-03-14 13:32:05.633912,2018-03-14 13:32:05.633912,e6:8d:8c:5a:8d:ba,xNonex,WPA2/WPA,-90,6,None,Unidentified,14.64417,121.061003,1,"03/14/2018, "
2018-04-03 01:51:14.422576,2018-04-03 01:51:14.422576,fe:2d:5e:14:18:f4,KalimutanMoNaYan,WPA2/WPA,-89,13,None,Unidentified,14.644455,121.061002,1,"04/03/2018, "
2018-04-03 01:51:25.525224,2018-04-03 01:51:25.525224,c8:3a:35:34:d2:50,NM3RC,WPA2/WPA,-60,6,TendaTec,Unidentified,14.64444,121.061,9,"04/03/2018, 04/05/2018, 03/14/2018, 04/03/2018, "
2018-04-05 14:21:06,2018-04-03 15:10:14.281365,7e:67:a2:7b:51:c4,DIRECT-bTAPOLLOmsNP,WPA2,-75,9,None,Unidentified,14.644275,121.061028,4,"04/05/2018, "
2018-04-05 14:21:01,2018-04-03 15:10:09.786549,2a:3f:69:6c:4a:a1,xNonex,WPA2,-73,6,None,Unidentified,14.644455,121.061025,4,"04/05/2018, "
2018-04-05 14:21:04,2018-04-03 15:10:13.071584,34:ba:9a:57:34:aa,AVANZA LTE,WPA2,-73,7,Asiatelc,Unidentified,14.644373,121.061032,2,"04/05/2018, "
2018-04-05 14:21:04,2018-04-03 15:10:12.497363,44:6e:e5:37:56:01,HUAWEI-5601,WPA2,-81,8,HuaweiTe,Unidentified,14.644373,121.061032,1,"04/05/2018, "
2018-04-05 14:21:04,2018-04-03 15:10:12.811006,60:83:34:dd:9f:35,B315_D9F35,WPA2/WPA,-89,8,HuaweiTe,Unidentified,14.644373,121.061032,1,"04/05/2018, "
2018-04-05 14:22:44,2018-04-03 15:11:52.591875,3c:a8:2a:cf:ba:6a,DIRECT-69-HP DeskJet 3630 series,WPA2,-74,11,HewlettP,Not an AP,14.643722,121.057663,1,"04/05/2018, "
2018-04-10 17:45:57,2018-04-03 16:00:53.784775,fc:b4:e6:a9:0b:d4,SKYbroadband3892,WPA2/WPA,-65,6,AskeyCom,Broadband,14.643968,121.057962,4,"04/05/2018, 04/10/2018, "
2018-04-10 17:45:58,2018-04-03 16:00:54.632958,50:04:b8:44:c3:e3,KAMS,WPA2/WPA,-78,5,HuaweiTe,Unidentified,14.64397,121.058017,2,"04/10/2018, "
2018-04-10 17:46:06,2018-04-03 16:01:02.440846,18:a6:f7:27:b6:c5,Jambanooky,WPA2,-90,11,Tp-LinkT,Unidentified,14.644007,121.05849,1,"04/10/2018, "
2018-04-10 17:46:11,2018-04-03 16:01:08.215160,78:11:dc:02:11:36,Petmalu,WPA2/WPA,-51,3,XiaomiEl,Unidentified,14.644035,121.058712,3,"04/10/2018, "
2018-04-10 17:46:16,2018-04-03 16:01:12.840574,c0:25:e9:57:1c:cc,Rainmaker_4G,WPA2/WPA,-90,5,Tp-LinkT,Unidentified,14.644022,121.058907,1,"04/10/2018, "
2018-04-05 13:16:09,2018-04-03 14:41:35.965368,00:18:39:5f:fe:f6,linksys,WPA,-83,6,Cisco-Li,Unidentified,14.643775,121.059853,2,"04/05/2018, "
2018-04-05 13:16:03,2018-04-03 14:41:30.066265,00:26:75:f4:6c:49,Princess Mikha,WPA2/WPA,-92,1,AztechEl,Unidentified,14.644037,121.059813,1,"04/05/2018, "
2018-04-03 02:04:52.949677,2018-04-03 02:04:52.949677,90:97:f3:99:61:18,Echoesss,WPA2,-80,1,SamsungE,Phone,14.643755,121.061008,3,"04/03/2018, "
2018-04-03 02:04:59.048625,2018-04-03 02:04:59.048625,e4:8d:8c:5a:8d:b7,GloboAsiatico,WPA2,-75,6,Routerbo,Unidentified,14.64386,121.060977,3,"04/03/2018, 04/05/2018, "
2018-04-03 02:05:08.065315,2018-04-03 02:05:08.065315,ae:5f:3e:fd:79:f4,RMB Hotspot,WPA2,-86,11,None,Unidentified,14.644002,121.060945,3,"04/03/2018, 04/05/2018, "
2018-04-03 02:04:54.498399,2018-04-03 02:04:54.498399,aa:a6:68:74:bb:16,Ellay,WPA2,-77,1,None,Unidentified,14.643803,121.060995,2,"04/03/2018, "
2018-04-03 02:04:55.961077,2018-04-03 02:04:55.961077,c0:25:e9:5d:c2:f2,PLDTHOMEDSL33395_EXT,WPA2/WPA,-79,1,Tp-LinkT,Broadband,14.643818,121.06099,1,"04/03/2018, "
2018-04-03 02:05:03.088067,2018-04-03 02:05:03.088067,10:9a:dd:8c:3a:51,Ryans Network,WPA2,-86,6,Apple,Phone,14.643928,121.060962,1,"04/03/2018, "
2018-04-03 02:05:03.722841,2018-04-03 02:05:03.722841,ee:1d:7f:a1:3d:ca,Kabogsss,WPA2/WPA,-87,6,None,Unidentified,14.643943,121.060963,1,"04/03/2018, "
2018-04-05 14:21:12,2018-04-03 15:10:20.750331,aa:a6:68:b9:6f:d3,Smart Bro_B96FD3,WPA2/WPA,-83,1,None,Unidentified,14.643932,121.061017,2,"04/10/2018, 04/05/2018, "
2018-03-22 21:16:45.663411,2018-03-22 21:16:45.663411,a4:2b:b0:b0:48:ba,Villa Quintana Fibr,WPA2/WPA,-94,9,Tp-LinkT,Unidentified,14.64323,121.057892,1,"03/22/2018, "
2018-03-22 21:16:46.211999,2018-03-22 21:16:46.211999,74:cc:39:87:ae:10,VILLA,WPA2/WPA,-88,146,Fiberhom,Fiber,14.643288,121.05787,1,"03/22/2018, "
2018-04-05 13:16:19,2018-04-03 14:41:46.007298,6a:37:e9:29:aa:5b,xNonex,WPA2,-73,11,None,Unidentified,14.643395,121.059818,1,"04/05/2018, "
2018-04-05 13:16:22,2018-04-03 14:41:49.504330,50:09:59:84:fb:ed,JJWC4,WPA2/WPA,-63,1,Technico,Unidentified,14.643257,121.059827,5,"04/05/2018, 04/03/2018, 04/05/2018, "
2018-03-14 13:32:18.149630,2018-03-14 13:32:18.149630,b0:e1:7e:9d:f1:09,HUAWEI-F109,WPA2,-72,1,HuaweiTe,Unidentified,14.643448,121.06106,1,"03/14/2018, "
2018-03-14 13:32:17.936977,2018-03-14 13:32:17.936977,90:f6:52:32:6f:64,TP-LINK_326F64,OPN,-87,1,Tp-LinkT,Unidentified,14.643448,121.06106,1,"03/14/2018, "
2018-04-03 02:04:41.732021,2018-04-03 02:04:41.732021,2a:a0:2b:b3:db:f7,none,none,-82,6,none,Unidentified,14.643277,121.060973,1,"04/03/2018, "
2018-04-03 02:04:44.327020,2018-04-03 02:04:44.327020,e6:8d:8c:5a:8d:b9,PCSO,OPN,-77,6,None,Unidentified,14.6434,121.060977,1,"04/03/2018, "
2018-04-03 02:04:46.533538,2018-04-03 02:04:46.533538,dc:ee:06:82:96:b5,Hardcore,WPA2/WPA,-48,9,HuaweiTe,Unidentified,14.643495,121.060967,2,"04/03/2018, "
2018-04-03 02:04:49.184217,2018-04-03 02:04:49.184217,f2:c5:f3:4f:d6:d6,Nick’s iPhone,WPA2,-82,11,None,Phone,14.643583,121.061002,2,"04/03/2018, "
2018-03-14 13:33:30.846657,2018-03-14 13:33:30.846657,28:56:5a:53:d3:3d,SETUP,OPN,-93,11,HonHaiPr,Unidentified,14.642798,121.05787,1,"03/14/2018, "
2018-03-14 13:33:32.155729,2018-03-14 13:33:32.155729,20:aa:4b:51:cb:37,LinksysExtender08514,OPN,-93,1,Cisco-Li,Unidentified,14.64278,121.057797,1,"03/14/2018, "
2018-03-22 21:16:35.772089,2018-03-22 21:16:35.772089,36:69:87:2a:1a:4e,Smart Bro_2A1A4E,WPA2/WPA,-84,1,None,Unidentified,14.642787,121.057983,3,"03/22/2018, "
2018-03-22 21:16:45.170949,2018-03-22 21:16:45.170949,94:10:3e:0c:36:07,SantaRosa,WPA2,-90,8,BelkinIn,Unidentified,14.643172,121.057912,1,"03/22/2018, "
2018-04-05 14:22:29,2018-04-03 15:11:37.945639,50:09:59:83:b4:31,SKYbroadbandB42E,WPA2/WPA,-88,1,Technico,Broadband,14.643113,121.057875,1,"04/05/2018, "
2018-04-05 14:22:30,2018-04-03 15:11:38.131528,90:61:0c:3a:17:d3,PLDTHOMEDSL06099,WPA2/WPA,-87,1,FidaInte,Broadband,14.643152,121.057857,1,"04/05/2018, "
2018-03-14 13:33:21.864968,2018-03-14 13:33:21.864968,34:ba:9a:50:79:69,The Bluehouse,WPA2,-90,7,Asiatelc,Unidentified,14.642838,121.058177,1,"03/14/2018, "
2018-04-03 02:02:04.742723,2018-04-03 02:02:04.742723,22:a9:0e:33:8f:b4,mikey,WPA2,-81,5,None,Unidentified,14.642803,121.058855,2,"04/03/2018, "
2018-04-03 02:02:09.384419,2018-04-03 02:02:09.384419,72:77:81:7c:6d:8d,DIRECT-7Q-BRAVIA,WPA2,-83,8,None,Not an AP,14.642812,121.058955,1,"04/03/2018, "
2018-03-14 13:33:00.825686,2018-03-14 13:33:00.825686,00:9a:cd:43:3b:ea,HUAWEI-3BEA,WPA2,-74,6,HuaweiTe,Unidentified,14.642915,121.059372,1,"03/14/2018, "
2018-03-14 13:33:02.952745,2018-03-14 13:33:02.952745,76:33:cb:79:76:9a,Summer,WPA2,-80,6,None,Unidentified,14.642897,121.059222,1,"03/14/2018, "
2018-04-03 02:02:19.009928,2018-04-03 02:02:19.009928,7a:4f:43:13:f0:9d,Em Chuas iPhone,WPA2,-75,1,None,Phone,14.642835,121.05917,1,"04/03/2018, "
2018-04-03 02:02:18.481609,2018-04-03 02:02:18.481609,02:16:6d:10:19:2f,brown 1,WPA2,-89,1,None,Unidentified,14.642835,121.05917,1,"04/03/2018, "
2018-04-05 14:21:55,2018-04-03 15:11:03.994891,14:6b:9c:01:51:82,B-LINK-5182,OPN,-75,1,Shenzhen,Unidentified,14.642803,121.059463,2,"04/05/2018, "
2018-04-05 14:22:00,2018-04-03 15:11:08.292389,54:c9:df:ff:7e:17,MV23263657,OPN,-63,6,Fn-LinkT,Unidentified,14.642778,121.059103,3,"04/03/2018, 04/05/2018, "
2018-03-14 13:32:57.365130,2018-03-14 13:32:57.365130,20:54:fa:4e:f4:b0,HUAWEI-F4B0,WPA2,-76,1,HuaweiTe,Unidentified,14.64293,121.059575,2,"03/14/2018, "
2018-03-14 13:32:58.310706,2018-03-14 13:32:58.310706,bc:3d:85:ad:6f:c0,HUAWEI-6FC0,WPA2,-80,3,HuaweiTe,Unidentified,14.642925,121.05952,2,"03/14/2018, 04/05/2018, "
2018-04-05 13:17:37,2018-04-03 14:43:04.425885,20:aa:4b:33:b2:1e,Europe,WPA2,-61,2,Cisco-Li,Unidentified,14.642838,121.05962,7,"04/05/2018, 03/14/2018, 04/03/2018, 04/05/2018, "
2018-04-05 13:17:26,2018-04-03 14:42:53.597651,72:77:81:a9:90:89,DIRECT-89-HP M277 LaserJet,WPA2,-88,6,None,Unidentified,14.642855,121.059813,1,"04/05/2018, "
2018-04-05 13:17:37,2018-04-03 14:43:04.278175,ca:d7:19:34:e6:10,xNonex,WPA2,-85,2,None,Unidentified,14.642838,121.05962,1,"04/05/2018, "
2018-04-05 13:17:37,2018-04-03 14:43:04.297564,c8:d7:19:34:e6:1e,Europe,WPA2,-86,2,Cisco-Li,Unidentified,14.642838,121.05962,2,"04/05/2018, "
2018-04-05 13:17:38,2018-04-03 14:43:05.010739,20:aa:4b:33:b6:65,Europe,WPA2,-91,2,Cisco-Li,Unidentified,14.64284,121.05962,2,"04/05/2018, "
2018-04-05 14:21:48,2018-04-03 15:10:56.289804,00:13:33:d3:4c:f8,PLDTHOMEDSL,WPA2/WPA,-84,11,Baudtec,Broadband,14.642822,121.059895,1,"04/05/2018, "
2018-04-03 02:02:49.630932,2018-04-03 02:02:49.630932,ec:8a:4c:94:6f:89,bayanDSLWiFi_6F89,WPA2/WPA,-84,9,Zte,Broadband,14.642912,121.060435,1,"04/03/2018, "
2018-04-03 02:02:50.046757,2018-04-03 02:02:50.046757,36:69:87:f8:37:88,Smart Bro_F83788,WPA2,-58,11,None,Unidentified,14.642912,121.060435,3,"04/03/2018, "
2018-04-03 02:02:50.494525,2018-04-03 02:02:50.494525,4a:45:20:b0:e4:b5,EnUKY-TGVlZWxlYQ==,WPA2,-87,10,None,Unidentified,14.642912,121.060435,2,"04/03/2018, "
2018-04-05 13:16:50,2018-04-03 14:42:17.313222,58:70:c6:f4:dc:1f,YICarCam_f4dc1f,WPA2,-50,7,Shanghai,Not an AP,14.642877,121.060215,2,"04/05/2018, "
2018-04-05 13:16:46,2018-04-03 14:42:12.927991,58:70:c6:f3:45:ed,YICarCam_f345ed,WPA2,-45,5,Shanghai,Not an AP,14.642867,121.060162,3,"04/05/2018, 03/14/2018, 04/05/2018, "
2018-04-05 13:17:11,2018-04-03 14:42:39.030195,2c:4d:54:1f:f6:c1,pids_Guest,WPA2,-90,10,AsustekC,Unidentified,14.642883,121.060235,2,"04/05/2018, "
2018-04-05 13:17:06,2018-04-03 14:42:33.164420,a0:f3:c1:a4:4d:b6,gaps,WPA2,-88,6,Tp-LinkT,Unidentified,14.642883,121.060235,1,"04/05/2018, "
2018-04-05 13:17:11,2018-04-03 14:42:39.010952,2c:4d:54:1f:f6:c0,pids_PSD-RID,WPA2,-90,10,AsustekC,Unidentified,14.642883,121.060235,1,"04/05/2018, "
2018-04-05 13:17:21,2018-04-03 14:42:48.052400,a0:f3:c1:c1:01:c4,RBGM-Sir Don,WPA2/WPA,-83,3,Tp-LinkT,Unidentified,14.642873,121.06002,7,"04/05/2018, 04/03/2018, 04/05/2018, "
2018-03-14 13:32:33.915114,2018-03-14 13:32:33.915114,02:9f:c2:3d:d7:00,xNonex,WPA2,-85,11,None,Unidentified,14.642998,121.060865,1,"03/14/2018, "
2018-03-14 13:32:35.221592,2018-03-14 13:32:35.221592,f2:9f:c2:3d:d7:00,SWS Guest,WPA2,-82,11,None,Unidentified,14.642988,121.060753,1,"03/14/2018, "
2018-03-14 13:32:34.316474,2018-03-14 13:32:34.316474,f0:9f:c2:3d:d7:00,Social Weather Stations,WPA2,-84,11,Ubiquiti,Unidentified,14.642998,121.060817,1,"03/14/2018, "
2018-03-14 13:32:37.143228,2018-03-14 13:32:37.143228,50:09:59:85:97:b5,SocialWeatherStations2,WPA2/WPA,-90,1,Technico,Unidentified,14.642977,121.060693,1,"03/14/2018, "
2018-04-03 02:02:58.187953,2018-04-03 02:02:58.187953,74:a0:2f:a6:f0:d0,BYOD@Bayan,OPN,-87,1,Cisco,Unidentified,14.642947,121.06088,2,"04/03/2018, 04/05/2018, "
2018-04-05 14:21:35,2018-04-03 15:10:43.653969,80:71:7a:10:f7:c3,my password,WPA2,-75,2,HuaweiTe,Unidentified,14.642862,121.060715,3,"04/05/2018, "
2018-04-05 14:21:32,2018-04-03 15:10:41.104523,74:a0:2f:a6:f0:d2,Guest@Bayan,WPA,-84,1,Cisco,Unidentified,14.642878,121.060877,1,"04/05/2018, "
2018-04-05 14:21:33,2018-04-03 15:10:42.132516,46:d9:e7:fa:59:22,SWS Guest,WPA2,-93,1,None,Unidentified,14.642872,121.060827,1,"04/05/2018, "
2018-04-05 14:21:34,2018-04-03 15:10:42.991792,e0:8e:3c:22:2c:57,be_thankful!!!,WPA2/WPA,-87,1,AztechEl,Unidentified,14.642868,121.060773,1,"04/05/2018, "
2018-04-05 14:21:35,2018-04-03 15:10:43.382300,80:2a:a8:d7:54:e2,Social Weather Stations,WPA2,-91,1,Ubiquiti,Unidentified,14.642862,121.060715,1,"04/05/2018, "
2018-04-05 14:21:35,2018-04-03 15:10:43.748709,00:0a:79:82:c3:06,corega,WPA2,-88,2,CoregaKK,Unidentified,14.642862,121.060715,1,"04/05/2018, "
2018-04-05 14:21:37,2018-04-03 15:10:45.306582,00:1f:fb:a4:65:2d,HomeBro_ULTERA,WPA2,-87,3,GreenPac,Mobile broadband,14.642855,121.060587,1,"04/05/2018, "
2018-03-14 13:32:25.392106,2018-03-14 13:32:25.392106,06:d6:aa:34:a6:9a,B♡GS,WPA2,-80,6,None,Unidentified,14.643087,121.061098,1,"03/14/2018, "
2018-04-03 02:04:32.078093,2018-04-03 02:04:32.078093,b0:c1:9e:4d:62:8f,SmartBro_4D628F,WPA2/WPA,-48,11,Zte,Unidentified,14.643083,121.061015,9,"04/03/2018, "
2018-04-03 02:03:01.546520,2018-04-03 02:03:01.546520,b0:e1:7e:52:5e:02,Dwayne000,WPA2,-74,2,HuaweiTe,Unidentified,14.642957,121.061037,3,"04/03/2018, "
2018-04-03 02:02:59.147788,2018-04-03 02:02:59.147788,26:c6:3b:a1:aa:c7,DIRECT-GNMARCO-ASUSmsDN,WPA2,-79,1,None,Unidentified,14.642952,121.060927,2,"04/03/2018, "
2018-04-03 02:04:26.894482,2018-04-03 02:04:26.894482,b0:55:08:25:2b:89,HUAWEI-2B89,WPA2,-75,9,HuaweiTe,Unidentified,14.642898,121.061025,1,"04/03/2018, "
2018-04-03 02:04:31.187120,2018-04-03 02:04:31.187120,32:63:6b:8d:08:2c,TonBelen,WPA2,-73,11,None,Unidentified,14.64306,121.061015,2,"04/03/2018, "
2018-04-03 02:04:30.884885,2018-04-03 02:04:30.884885,32:07:4d:11:39:e6,Za,WPA2,-91,11,None,Unidentified,14.64306,121.061015,2,"04/03/2018, "
2018-04-05 14:21:25,2018-04-03 15:10:33.758181,9c:de:d0:b1:b5:86,RBGM CSR Guest,WPA2,-88,10,None,Unidentified,14.643035,121.061058,2,"04/03/2018, 04/05/2018, "
2018-04-05 14:21:25,2018-04-03 15:10:34.012555,98:de:d0:b1:b5:86,RBGM CSR2,WPA2,-89,10,Tp-LinkT,Unidentified,14.643035,121.061058,1,"04/05/2018, "
2018-04-05 14:21:27,2018-04-03 15:10:35.343325,e0:8e:3c:21:e4:bf,bayanDSLWIFI_E4BF,WPA2/WPA,-85,11,AztechEl,Broadband,14.642963,121.061038,2,"03/14/2018, 04/05/2018, "
2018-03-22 21:15:52.028178,2018-03-22 21:15:52.028178,80:29:94:67:7a:b1,SKYbroadband7AAE,WPA2/WPA,-79,11,Technico,Broadband,14.642402,121.058038,2,"03/22/2018, "
2018-03-22 21:16:03.278209,2018-03-22 21:16:03.278209,94:57:a5:f7:8d:aa,DIRECT-A9-HP DeskJet 3630 series,WPA2,-85,6,HewlettP,Not an AP,14.642698,121.058005,1,"03/22/2018, "
2018-03-22 21:16:16.270835,2018-03-22 21:16:16.270835,36:69:87:f8:66:2e,Smart Bro_F8662E,WPA2/WPA,-87,1,None,Unidentified,14.642703,121.057998,1,"03/22/2018, "
2018-03-22 21:16:18.907225,2018-03-22 21:16:18.907225,ee:1d:7f:64:c8:37,ETERNALLIVES,WPA2,-67,1,None,Unidentified,14.642705,121.058,1,"03/22/2018, "
2018-04-03 02:01:45.603092,2018-04-03 02:01:45.603092,00:18:e7:e7:6d:10,charley,WPA,-77,5,CameoCom,Unidentified,14.642697,121.057893,1,"04/03/2018, "
2018-04-05 13:18:20,2018-04-03 14:43:47.485594,36:69:87:06:87:d1,SmartBroTol,WPA2/WPA,-80,6,None,Unidentified,14.642718,121.05799,1,"04/05/2018, "
2018-04-05 13:18:24,2018-04-03 14:43:51.238244,cc:a2:23:d7:95:cc,anghel_sa_lupa,WPA2,-77,7,HuaweiTe,Unidentified,14.642682,121.057762,2,"04/05/2018, "
2018-03-22 21:15:43.787961,2018-03-22 21:15:43.787961,90:1d:27:77:42:37,PLDT Negosyo Boost_4237,WPA2/WPA,-75,6,Zte,Unidentified,14.641975,121.058067,1,"03/22/2018, "
2018-03-22 21:15:43.829280,2018-03-22 21:15:43.829280,74:cc:39:87:ad:08,19MNGR,WPA2,-90,5,Fiberhom,Fiber,14.641975,121.058067,1,"03/22/2018, "
2018-03-22 21:15:37.185113,2018-03-22 21:15:37.185113,04:95:e6:d5:82:20,PLDTHOMEDSL64315,WPA2/WPA,-75,11,TendaTec,Broadband,14.641548,121.058115,5,"03/22/2018, "
2018-03-22 21:15:42.227384,2018-03-22 21:15:42.227384,4c:81:20:92:cc:f2,PLDTHOMEDSL2CCF2,WPA2/WPA,-75,5,TaicangT,Broadband,14.641865,121.05807,2,"03/22/2018, "
2018-03-22 21:15:34.149240,2018-03-22 21:15:34.149240,fa:8f:ca:65:47:fc,xNonex,OPN,-81,11,None,Unidentified,14.641417,121.058135,3,"03/22/2018, "
2018-03-22 21:15:25.458275,2018-03-22 21:15:25.458275,94:0c:6d:f5:65:90,TP-LINK_F56590,WPA2/WPA,-65,4,Tp-LinkT,Unidentified,14.641015,121.058167,1,"03/22/2018, "
2018-03-22 21:15:26.881961,2018-03-22 21:15:26.881961,88:de:a9:32:1c:33,xNonex,WPA2,-81,6,Roku,Not an AP,14.641108,121.058162,1,"03/22/2018, "
2018-03-22 21:15:32.961866,2018-03-22 21:15:32.961866,8c:25:05:e1:e6:25,B315_1E625,WPA2/WPA,-71,10,HuaweiTe,Unidentified,14.641373,121.058143,3,"03/22/2018, "
