Common,327
BSSID,SSID,Encryption,Channel
e0:a3:ac:4f:a2:5c,1,WPA2,1
c8:60:00:e4:70:cc,wcnet,WPA2/WPA,1
ae:5f:3e:9c:e4:29,PSETDSDDDB39,WPA2,1
00:13:33:ff:73:4d,PLDTHOMEDSLNailCocktales,WPA2/WPA,1
66:a5:c3:8f:96:49,Myke’s iPhone,WPA2,1
aa:a6:68:b4:bf:16,Jmovers2017,WPA2/WPA,1
06:75:0e:19:ab:67,ICON-Guests,WPA2/WPA,1
5a:8b:f3:9c:cd:e0,AF Holy Spirit,WPA,4
24:1f:a0:79:0d:18,B315_90D18,WPA2/WPA,5
00:13:33:f7:a0:af,PLDTHOMEDSL,WPA2/WPA,6
94:0c:6d:a6:64:58,Zenjoe,WPA2/WPA,6
5a:8b:f3:9c:cd:d8,PLDTOFFICE,WPA,7
10:fe:ed:9e:49:09,TP-LINK_9E4909,OPN,6
58:70:c6:fd:06:50,YICarCam_fd0650,WPA2,7
e8:50:8b:4e:17:7b,S6 edge,WPA2,6
06:d6:aa:9e:e9:5a,AndroidAP,WPA2,6
c4:6e:1f:49:06:42,RODZONE,WPA2,6
88:3f:d3:05:d5:c0,AnytimeFitnessMembers,WPA2/WPA,7
b0:c1:9e:4b:d5:b1,AIRFIBR777,WPA2/WPA,7
d0:04:92:03:04:88,PLDTHOMEFIBRQuantum,WPA2/WPA,9
a8:a6:68:2f:83:e8,Smitty Werben Jaegerman Jensen,WPA2/WPA,11
90:61:0c:1f:5c:75,PLDTHOMEDSL,WPA2/WPA,11
00:13:33:e6:4a:92,5Loaves2Fish,WPA2/WPA,11
fc:8b:97:38:fc:db,PLDTMyDSL_therockh,WPA2,11
00:13:33:c6:81:de,PLDTHOMEDSL_RUCKER,WPA2/WPA,11
0c:bd:51:fb:61:4a,AlcatelOneTouch,WPA,11
32:cd:a7:38:42:0f,DIRECT-8aM2020 Series,WPA2,11
00:13:33:e6:4a:91,PLDTHOMEDSL,WPA2/WPA,11
00:13:33:e4:2e:cb,PLDTHOMEDSL,WPA2/WPA,11
78:c1:a7:04:59:18,ZTEH108N_45918,WPA,11
00:13:33:db:0a:1f,PLDTHOMEDSL,WPA2/WPA,11
60:31:97:dd:09:bc,Wolfe_Company,WPA2/WPA,12
b8:ec:a3:44:9f:1f,The Dental Lounge,WPA2/WPA,5
8e:79:67:93:6b:e8,ashe,WPA2,6
5c:f2:86:2e:6c:ab,Globe_LTE MIFI_6CAB,WPA2/WPA,7
00:13:33:cc:2f:04,,OPN,11
00:13:33:cc:2f:03,PLDTHOMEDSLMPBAC1214,WPA2/WPA,11
b8:27:eb:b9:1c:be,ss,WPA,1
d4:6e:0e:49:c1:cc,TP-LINK_C1CC,WPA2,2
38:a2:8c:fb:45:52,Mitsubishi Wireless TV 767,OPN,44
5c:f2:86:23:2e:2a,MakiMykz,WPA2,6
00:13:33:f5:8c:48,PLDTHOMEDSL,WPA2/WPA,6
5c:f2:86:23:83:46,JOANJO,WPA2/WPA,7
3e:36:bb:9d:da:53,Bernadette Chantle’s iPhone,WPA2,1
00:1f:fb:b2:ea:95,HomeBro_ULTERA,WPA2,1
c0:c1:c0:e7:d4:69,The Frame,WPA2/WPA,1
c0:c1:c0:e7:d4:6a,The Frame-guest,OPN,1
b4:75:0e:19:ab:67,ICON,WPA2/WPA,1
c4:86:e9:6e:58:c1,wifi not in range,WPA2/WPA,5
94:46:96:0f:83:6c,PLDTHOMEDSL,WPA2/WPA,11
00:13:33:ea:58:2a,PLDTHOMEDSL,WPA2/WPA,11
10:7b:44:ca:85:40,Hermes,WPA2,6
cc:06:77:76:52:60,PLDTHOMEFIBR65260,WPA2/WPA,8
5c:54:6d:43:f1:b8,RGAMILLA,WPA2/WPA,1
10:7b:44:44:64:e0,FlashRouter24,WPA2,1
90:61:0c:40:a9:d2,PLDTHOMEDSL43474,WPA2/WPA,1
70:5a:9e:64:3d:3a,SKYbroadband3D37,WPA2/WPA,1
10:7b:44:ca:60:48,Hermes,WPA2,6
10:7b:44:ca:7f:90,Hermes,WPA2,6
3c:1e:04:0d:98:4a,Mojo,WPA2/WPA,9
9c:3d:cf:1a:c7:38,NETGEAR32,WPA2,13
f0:98:38:a0:20:38,NBI Surveillance,WPA2/WPA,11
b6:75:0e:f9:5d:7c,happycow-guest,OPN,1
b4:75:0e:f9:5d:7a,happycow,WPA2,1
90:61:0c:2e:bf:c8,PLDTHOMEDSL49096,WPA2/WPA,1
f0:98:38:f9:0a:74,mjcortes,WPA2/WPA,1
cc:06:77:6f:f1:08,Segunial,WPA2/WPA,5
e0:8e:3c:0b:5d:82,Aztech 01,WPA2,6
94:46:96:1d:7c:34,PLDTHOMEDSLJYJY0,WPA2/WPA,5
00:16:b6:ed:3d:58,linksys,OPN,6
e0:8e:3c:0b:5c:b2,Aztech 02,WPA2/WPA,6
7a:40:4e:9d:99:5b,Sheena Martinez,WPA2,11
00:13:33:c6:84:c2,PLDTHOMEDSL,WPA2/WPA,11
64:66:b3:a4:3c:f7,Martinez Home Network,WPA2/WPA,1
90:61:0c:3e:af:30,PLDTHOMEDSL44848,WPA2/WPA,1
9c:6f:52:19:9f:e7,ZTEH108N_99FE7,WPA,1
84:16:f9:ec:1c:b4,EZ office 2,WPA2/WPA,2
90:61:0c:35:e4:47,brgydelgado,WPA2/WPA,1
2c:dd:95:f4:06:0a,PLDTHOMEDSL4060A,WPA2/WPA,6
78:c1:a7:25:3f:26,Avino Rivera,WPA2/WPA,6
bc:c0:0f:7b:d4:90,KawawaKaNamanWalangWifi,WPA2/WPA,7
18:de:d7:33:e8:64,JR.Net,WPA2/WPA,6
14:ab:f0:4d:22:b0,OC17,WPA2,11
bc:96:80:d9:a2:7e,PLDTMyDSL,WPA2/WPA,11
90:61:0c:2e:40:3a,PLDTHOMEDSL16442,WPA2/WPA,1
94:46:96:16:90:03,PLDTHOMEDSLGRGM0,WPA2/WPA,2
94:46:96:16:f9:5d,PLDTHOMEDSLZFZF0,WPA2/WPA,5
cc:06:77:22:87:50,Mendoza,WPA2/WPA,5
00:1d:0f:d5:38:64,TP-LINK,WEP,6
cc:06:77:b5:6b:88,VALDERRAMA,WPA2/WPA,11
cc:06:77:75:8d:60,PLDTHOMEFIBR58d60,WPA2/WPA,1
d8:5d:4c:9f:64:e0,TP-LINK_9F64E0,WPA2/WPA,1
00:1a:ef:46:d5:67,montsrous101,WPA,1
90:f6:52:df:2f:59,MONTSTER101,WPA2/WPA,1
90:61:0c:2e:95:a5,PLDTHOMEDSL38309,WPA2/WPA,1
94:46:96:14:b6:d1,PLDTHOMEDSLT6TB0,WPA2/WPA,2
c8:d7:19:a6:79:05,LinksysExtender02460,OPN,1
ec:08:6b:89:ae:aa,#pamjay,WPA2/WPA,6
f0:98:38:07:6c:d8,HYPRTONIC,WPA2/WPA,11
14:ab:f0:4c:cb:10,ARRIS-CB12,WPA2,11
00:71:c2:3b:12:96,ac9ad6,WPA2/WPA,11
00:13:33:ea:e1:19,PLDTHOMEDSL,WPA2/WPA,11
00:13:33:ff:72:80,PLDTHOMEDSLDAVID,WPA2/WPA,2
00:13:33:ff:72:84,,WPA2/WPA,2
fc:b4:e6:4a:d1:90,SKYbroadbandFCB8,WPA2/WPA,6
60:02:92:3d:f9:8f,a8d3c4,WPA2/WPA,6
f0:98:38:07:d6:2c,JV,WPA2/WPA,6
9c:6f:52:35:01:38,DAXEL,WPA2/WPA,10
88:3f:d3:2c:44:d4,cristina24,WPA2/WPA,11
78:c1:a7:02:93:a0,pretty in pink,WPA,11
90:61:0c:0d:99:db,PLDTMyDSL,WPA2/WPA,11
9c:6f:52:1c:cd:9f,ZTEH108N_CCD9F,WPA,11
44:6e:e5:07:fc:99,B315_7FC99,WPA2,11
9c:6f:52:19:93:7a,Avino Family,WPA2/WPA,11
88:d2:74:86:ab:85,bayanDSLWIFI_AB85,WPA2/WPA,1
94:46:96:1f:88:b7,PLDTHOMEDSLRoma1616,WPA2/WPA,1
94:46:96:18:a1:95,PLDTHOMEDSLXPXP0,WPA2/WPA,1
90:61:0c:40:ce:47,prettyinpink1208,WPA2/WPA,1
e0:8e:3c:22:3c:c3,SDDR2017,WPA2/WPA,2
94:46:96:0f:89:2f,PLDTHOMEDSL,WPA2/WPA,1
90:61:0c:3a:42:26,No Internet,WPA2/WPA,1
4c:81:20:92:e1:02,GaliciaFamily,WPA2,2
78:c1:a7:22:f1:32,CloudCityPortal,WPA2,3
18:de:d7:34:71:30,SANTIAGO,WPA2/WPA,5
88:3f:d3:2c:34:f8,Marky Broadband,WPA2/WPA,5
4c:54:99:11:2f:ae,B200W,WEP,6
18:de:d7:34:25:7c,HUAWEI-4Dc3,WPA2/WPA,6
94:46:96:14:c1:1a,PLDTHOMEDSLZMZD0,WPA2/WPA,7
be:44:34:fa:0f:b4,Thrill Access,WPA2,11
5c:54:6d:43:e1:c8,HUAWEI-GKUp,WPA2/WPA,11
70:9f:2d:a0:5c:18,bayanDSLWiFi_5C18,WPA2/WPA,10
90:61:0c:38:28:9c,PLDTHOMEREPEATER8289C,WPA2/WPA,11
90:61:0c:37:5c:6c,WAG KANG MAKI-WIFI!!!!!,WPA2/WPA,11
00:13:33:e2:c2:2f,PLDTHOMEDSL,WPA2/WPA,11
18:de:d7:34:92:ec,,WPA2/WPA,2
90:61:0c:36:0c:3d,PLDTHOMEDSL03133,WPA2/WPA,1
2c:dd:95:f5:80:2e,DIZONWIFI,WPA2,1
94:46:96:1f:4b:0e,PLDTHOMEDSLGEGJ0,WPA2/WPA,1
94:46:96:18:a1:90,,WPA2/WPA,1
90:61:0c:3a:85:d2,,WPA2/WPA,1
78:c1:a7:06:58:08,buraot kaba,WPA,5
5c:54:6d:43:8a:e0,BoB Soler,WPA2/WPA,6
94:46:96:17:05:ab,BALADADFAMILY,WPA2/WPA,5
1c:74:0d:15:ac:20,PLDTHOMEDSLpoof,WPA2/WPA,6
00:23:69:c3:af:58,,WPA,6
f2:98:38:3d:ac:a9,159,WPA,7
90:61:0c:2c:81:0b,globe,WPA2,11
78:c1:a7:05:40:5c,ZTEH108N_5405C,WPA,11
f0:98:38:07:e9:28,HUAWEI-t8s9,WPA2/WPA,11
90:61:0c:10:31:04,PLDTMyDSL,WPA2/WPA,11
88:d2:74:86:b7:bc,bayanDSLWIFI_B7BC,WPA2/WPA,1
90:61:0c:37:76:20,PLDTHOMEDSL30240,WPA2/WPA,1
94:46:96:1f:4a:32,PLDTHOMEDSLCTCP0,WPA2/WPA,1
6c:3b:6b:d7:3d:94,MikroTik-D73D94,WPA2/WPA,1
e0:8e:3c:2e:7d:a1,Baby Lavares,WPA,1
e4:6f:13:61:0b:94,SMACQBYTES,WPA2/WPA,10
90:61:0c:12:c2:6b,WIFINIDADO,WPA2/WPA,11
00:1d:7e:b1:54:a4,FNALA2,OPN,11
90:61:0c:12:c2:6a,,WPA,11
bc:96:80:d9:83:8e,PLDTMyDSL,WPA2,11
00:13:33:e9:84:72,PLDTHOMEDSL,WPA2/WPA,11
90:61:0c:0d:93:10,PLDTMyDSLTE,WPA2/WPA,11
90:61:0c:29:b9:12,dndcrepair,WPA2/WPA,11
90:61:0c:2e:a2:c5,PLDTHOMEDSL41669,WPA2/WPA,1
00:13:33:fe:77:31,PLDTHOMEDSL,WPA2/WPA,1
90:61:0c:39:c0:67,WhyPhy1234,WPA2/WPA,1
00:13:33:f5:8f:18,PLDTHOMEDSL09968084405,WPA2/WPA,2
90:61:0c:35:df:c1,PLDTHOMEDSL57281,WPA2/WPA,1
88:3f:d3:2c:44:90,connect_me_zeihg,WPA2/WPA,4
00:13:33:ff:ac:f5,,WPA2/WPA,6
90:61:0c:3a:62:92,SACHI,WPA2/WPA,6
88:3f:d3:2c:45:90,Basura,WPA2/WPA,7
00:13:33:ff:ac:f6,CLAVERIA,WPA2/WPA,6
90:61:0c:41:05:8c,PLDTHOMEDSL01420,WPA2/WPA,7
a4:71:74:3a:bc:c3,FREE WIFI,WPA2/WPA,10
80:1f:02:6e:f5:1e,ninja,WPA,11
ec:8a:4c:94:59:75,iLog,WPA2/WPA,10
f4:9e:ef:d1:1e:d0,PLDTHOMEDSLMIRALLES,WPA2,11
00:13:33:e7:bf:1b,PLDTHOMEDSL,WPA2/WPA,11
90:61:0c:35:ee:8f,PLDTHOMEDSL_Yeoboseyo,WPA2/WPA,11
f0:98:38:3d:99:44,HUAWEI-y28t,WPA2/WPA,11
90:61:0c:3a:47:39,PLDTHOMEDSL18233,WPA2/WPA,11
00:13:33:dd:f2:f4,,WPA2/WPA,11
00:13:33:c6:1d:ca,PLDTHOMEDSL,WPA2/WPA,11
90:61:0c:35:ef:52,PLDTHOMEDSL61266,WPA2/WPA,1
90:61:0c:3a:81:21,Bayad muna bago connect,WPA2/WPA,1
90:61:0c:39:f9:bb,PLDTHOMEDSL63931,WPA2/WPA,1
88:d2:74:a9:8c:20,ZTEH108N_98C20,WPA,1
90:61:0c:35:4c:00,haideelhynnford,WPA2/WPA,1
00:26:75:f7:0f:0c,BAYMAXXX,WPA,1
00:13:33:f6:1c:4e,PLDTHOMEDSL_BOY3T,WPA2/WPA,1
88:d2:74:86:b2:f6,wifi ni mommy,WPA2/WPA,1
e0:8e:3c:2e:7e:21,Aztech5068_E7E21,WPA,1
08:86:3b:e2:8b:0e,connectkaboi,WPA2,6
00:13:33:f4:e9:05,PLDTHOMEDSL,WPA2/WPA,9
76:4a:a4:cd:f2:9d,Smart Bro_CDF29D,WPA2/WPA,10
00:13:33:dd:f2:f5,connect_ka,WPA2/WPA,11
70:9f:2d:a0:16:6c,,WPA2/WPA,10
9c:6f:52:19:a3:93,ZTEH108N_9A393,WPA,10
00:13:33:d2:2f:df,PLDTHOMEDSL_56,WPA2/WPA,11
90:61:0c:11:e9:27,PLDTMyDSL,WPA2/WPA,11
00:13:33:f7:a0:d2,PLDTHOMEDSL-angelica,WPA2/WPA,1
90:61:0c:35:bb:f0,PLDTHOMEDSLWALANGLIBRE,WPA2/WPA,1
9c:6f:52:35:1b:c7,Waki Center,WPA2/WPA,1
e4:77:23:a5:f9:80,Theo & Joaquin,WPA2/WPA,2
94:46:96:1d:32:dd,PLDTHOMEDSLMQMQ0,WPA2/WPA,5
88:3f:d3:06:8d:18,chikichikii ,WPA2/WPA,5
f4:9e:ef:d1:22:9c,PLDTHOMEDSLMarkz,WPA2,5
d0:65:ca:20:00:9f,HUAWEI-009F,WPA2,5
1c:dd:ea:e2:63:51,BESO-aGVpZHM,OPN,6
00:13:33:f5:8f:27,PLDTHOMEDSL,WPA2/WPA,9
94:46:96:18:a2:2b,Saaminlangtoh,WPA2/WPA,10
d4:a1:48:f2:31:cf,,WPA2/WPA,10
90:61:0c:17:e5:c4,PPIQC,WPA2/WPA,11
90:61:0c:17:e5:c3,,WPA2/WPA,11
00:13:33:f9:ee:5f,PLDTHOMEDSL,WPA2/WPA,11
94:46:96:1d:87:d8,2pac,WPA2/WPA,11
18:de:d7:33:ec:40,HUAWEI-yWEU,WPA2/WPA,11
90:61:0c:3a:81:20,kasmot,WPA2/WPA,1
90:61:0c:2e:42:a2,PLDTHOMEDSL17058,WPA2/WPA,1
bc:3f:8f:d1:ce:9c,superkalan,WPA2/WPA,5
1e:1e:e3:00:0a:ba,DIRECT-Cj,WPA2,6
00:1e:c8:a0:5f:c2,NielLyn,WPA2,6
90:61:0c:35:cd:53,TUERCA,WPA2/WPA,11
1c:74:0d:1a:af:88,PLDTHOMEDSL38PYE,WPA2/WPA,7
90:61:0c:35:4a:77,PLDTHOMEDSL19063,WPA2/WPA,11
90:61:0c:3a:b1:2e,PLDTHOMEDSL45358,WPA2/WPA,11
94:46:96:1f:ef:91,SOPHIA2018,WPA2/WPA,11
e0:8e:3c:16:80:25,virus,WPA2/WPA,1
90:61:0c:3a:48:73,PLDTHOMEDSL18547,WPA2/WPA,1
00:1f:fb:ba:84:57,HomeBro_ULTERA,WPA2,1
94:46:96:1f:6f:49,PLDTHOMEDSLH3HC0,WPA2/WPA,1
9c:6f:52:1d:24:9f,ZTEH108N_D249F,WPA,2
2c:dd:95:f4:07:8a,PLDTHOMEDSL4078A,WPA2,6
e4:72:e2:f3:a0:a0,Alberto Family,WPA2/WPA,11
8c:34:fd:41:07:7d,HUAWEI-E5330-077D,WPA2,11
50:a7:2b:72:dc:c1,,WPA2,11
b8:ec:a3:44:9e:ef,PLDTWIFIMANGSIMON,WPA2/WPA,13
90:61:0c:40:ad:af,PLDTHOMEDSL44463,WPA2/WPA,1
90:61:0c:35:4a:ff,PLDTHOMEDSL19199,WPA2/WPA,1
d8:d8:66:00:b2:c7,Maricel,WPA2,2
00:26:75:d4:57:08,MOAOPT1,WPA,4
e4:18:6b:c2:8d:54,MIGO,WPA2/WPA,6
f0:98:38:72:f2:f8,JannelGayle,WPA2/WPA,6
94:a7:b7:26:4d:96,bayanDSLWIFI_4D96,WPA2/WPA,7
34:ba:9a:54:9b:5a,Smart_Bro_549B5A,WPA2,7
90:61:0c:1d:0b:56,COA_SYATOY,WPA2,11
f0:98:38:a0:11:f0,jasperanz,WPA2/WPA,10
f0:98:38:a0:1c:08,dckyle,WPA2/WPA,11
88:3f:d3:06:0e:20,hula,WPA2/WPA,11
78:c1:a7:02:bd:58,ZTEH108N_2BD58,WPA,11
00:26:75:f7:0d:74,virus,WPA,1
84:16:f9:ec:34:64,SUPERGIVEN,WPA2/WPA,1
94:46:96:19:53:79,PLDTHOMEDSLMWM00,WPA2/WPA,1
00:13:33:fc:e8:8a,PLDTHOMEDSL,WPA2/WPA,2
88:3f:d3:06:83:bc,parllyn,WPA2/WPA,4
a0:f8:49:ee:88:e0,REGION IV-A,WPA2,6
34:ba:9a:57:54:f9,nightmare ,WPA2,8
6c:8b:2f:8c:ae:c6,piyahjham,WPA2/WPA,11
d0:ff:98:31:fd:ac,Quilicol family,WPA2/WPA,11
00:26:75:ea:cb:14,gppcoa,WPA,11
c4:86:e9:ac:47:b8,Kjopzcarwash,WPA2/WPA,1
58:1f:28:21:5d:e3,HUAWEI-E5330-5DE3,WPA2,1
38:a2:8c:fb:3e:b7,Mitsubishi Wireless TV 553,OPN,36
aa:a6:68:80:aa:70,Ang Smart mo Bro,WPA2/WPA,1
9e:a9:e4:d4:ca:b0,jaycee,WPA2,11
c8:14:51:59:e5:c6,HUAWEI-E5C6,WPA2,1
34:6b:d3:b1:0a:2f,Connect4G,WPA2/WPA,7
42:53:49:86:58:7b,Connectify-me,WPA2,11
1c:74:0d:17:86:34,PLDTHOMEDSL63VRU,WPA2/WPA,10
94:a7:b7:26:69:64,bayanDSLWIFI_6964,WPA2/WPA,1
90:61:0c:2e:0e:fa,PLDTHOMEDSLlipdide,WPA2/WPA,11
c4:07:2f:81:7b:b1,lhynceyh,WPA2,0
00:13:33:d0:76:f7,,WPA2/WPA,11
90:61:0c:3a:50:01,kelcheng22,WPA2/WPA,11
78:c1:a7:02:75:ec,,WPA2/WPA,1
00:13:33:f0:0a:7d,PLDTHOMEDSLGanigan-Sulaiman,WPA2/WPA,1
00:13:33:d9:9f:cc,PLDTHOMEDSLkapalmo,WPA2/WPA,11
78:c1:a7:23:6b:52,Mind Your Own Life Asshole,WPA,1
9c:6f:52:19:93:77,,WPA2/WPA,11
94:46:96:1f:86:0a,CHUBSENCHOPS,WPA2/WPA,11
84:16:f9:78:ca:3c,TP-LINK_WA855RE,WPA2,11
78:c1:a7:06:8b:d0,ZTEH108N_68BD0,WPA,11
a8:a6:68:e0:2a:3c,FREE WIFI,WPA2/WPA,1
cc:06:77:5c:9c:e0,Villacrusis 2.4,WPA2/WPA,5
88:d2:74:86:ae:0a,Paparudzwifi,WPA2/WPA,9
9c:6f:52:35:14:3b,bayanDSLWIFI_143B,WPA2,11
b0:b2:dc:75:35:74,PLDTMyDSL,WPA2/WPA,11
9c:6f:52:1c:92:f7,nephiaphoebe1124,WPA,1
cc:06:77:5c:8b:50,PLDTHOMEFIBRc8b50,WPA2/WPA,5
2c:30:33:4e:21:62,NG24,WPA2,6
00:13:33:c0:c4:39,PLDTHOMEDSL,WPA2/WPA,11
90:61:0c:2e:f3:27,PLDTHOMEDSL62247,WPA2/WPA,1
cc:06:77:b4:38:f8,PLDTHOMEFIBRRAMOS2.4G,WPA2/WPA,1
6c:3b:6b:9c:8e:dd,NORMAN WIFI 4 RENT,OPN,1
cc:06:77:e2:55:20,PLDTHOMEFIBR25520,WPA2/WPA,6
d4:6e:0e:d4:6a:5c,PLDTHOMEDSL57753_EXT,WPA2/WPA,7
e8:40:f2:2d:86:71,AcunaRES,WPA,1
94:46:96:15:54:27,PLDTHOMEDSL6S6N0,WPA2/WPA,5
d4:6e:0e:bd:1c:54,REDCIRCLE,WPA2/WPA,6
78:44:76:c8:1b:e8,TPLINK,WPA2,6
50:09:59:db:39:ea,SKYbroadband39E7,WPA2/WPA,6
90:61:0c:2c:e1:99,PLDTHOMEDSL57753,WPA2/WPA,7
00:0e:f4:db:e1:71,PLDTHOMEDSL,WPA2/WPA,11
bc:96:80:d9:8a:be,PLDTMyDSL,WPA2/WPA,11
9c:a9:e4:93:5c:4c,no net,WPA2/WPA,11
80:29:94:67:6c:6d,SKYbroadband6C6A,WPA2/WPA,1
78:54:2e:59:49:a8,dlink,WPA2/WPA,1
00:13:33:fd:77:ff,PLDTHOMEDSLKING,WPA2/WPA,1
00:13:33:ed:26:f5,PLDTHOMEDSL,WPA2/WPA,2
00:23:69:f6:49:84,TotallyNotWifi,WPA2/WPA,6
2c:dd:95:f4:be:96,PLDTHOMEDSL_WIFI,WPA2/WPA,6
30:b5:c2:66:41:9e,Romiranda Net,WPA2/WPA,7
00:13:33:e6:49:fb,PLDTHOMEDSL,WPA2/WPA,11
f4:9e:ef:d2:29:e8,PLDTHOMEDSL_:),WPA2/WPA,10
d4:6e:0e:b1:c7:39,nsg_1st,WPA2/WPA,11
c0:25:e9:5d:ce:a0,Telstra_SMC BellTel,WPA2/WPA,11
fc:8b:97:eb:5f:91,PLDTMyDSL,WPA2/WPA,11
94:46:96:0e:57:76,PLDTHOMEDSL,WPA2/WPA,1
90:61:0c:34:ff:d7,45CAL4u,WPA2/WPA,1
88:3f:d3:05:82:3c,HUAWEI-836d,WPA2/WPA,6
90:61:0c:35:50:3b,PLDTHOMEDSL20539,WPA2/WPA,1
cc:a2:23:a1:18:f0,modnails,WPA2/WPA,1
cc:06:77:76:5e:c0,modnails,WPA2/WPA,1
88:3f:d3:05:d3:5c,HUAWEI-W8KB,WPA2/WPA,7
0c:54:a5:15:7b:6b,481534,WPA2/WPA,6
76:4a:a4:ce:13:f0,Smart Bro_CE13F0,WPA2/WPA,6
1-13,129
BSSID,SSID,Encryption,Channel
0a:18:0a:84:09:5e,,OPN,1
b0:b9:8a:46:9b:8c,NETGEAR00,WPA2,4
60:31:97:14:17:df,PLDTMyDSLBiz17DE0,WPA2/WPA,9
f0:98:38:3d:9c:ec,HUAWEI-6we7,WPA2/WPA,7
e4:6f:13:64:45:5c,Omakase DA,WPA2/WPA,9
98:e7:f5:90:21:92,davebb,WPA2/WPA,0
94:46:96:0e:ba:04,PLDTHOMEDSL,WPA2/WPA,9
2c:dd:95:f4:0d:42,PLDTHOMEDSL40D42,WPA2/WPA,10
2c:30:33:e6:e1:35,space.gap.home1_2GEXT,WPA2,10
bc:c0:0f:7b:89:38,whitehouse,WPA2/WPA,5
04:4f:4c:26:1c:e1,HUAWEI-1CE1,WPA2,9
f0:98:38:f9:56:4c,HUAWEI-QhMs,WPA2/WPA,2
90:61:0c:38:1c:3c,PLDTHOMEREPEATER81C3C,WPA2/WPA,2
00:1f:fb:b7:b8:8b,HomeBro_ULTERA,WPA2,5
48:f8:b3:a9:ad:05,MYLO,WPA2/WPA,10
4a:f8:b3:a9:ad:06,MYLO-guest,OPN,10
94:46:96:0e:57:53,PLDTHOMEDSLkuting,WPA2/WPA,2
4c:81:20:f3:2b:8f,PLDTHOMEDSL32B8F,WPA2/WPA,5
00:22:75:f1:5e:95,dmv,WPA2/WPA,1
2c:4d:54:e7:87:c0,Adrian's_WiFi,WPA2,2
2c:4d:54:e7:87:c1,MOMARCO_WiFi,WPA2,2
88:3f:d3:2c:53:c8,SY FAMILY,WPA2/WPA,3
c8:be:19:71:1e:b2,dlink-1EB2,WPA2/WPA,3
cc:06:77:72:23:40,PLDTHOMEFIBR22340,WPA2/WPA,5
00:02:6f:95:63:cc,dimayuga,WPA,7
20:aa:4b:98:b4:36,Linksys,WPA2,11
cc:06:77:e1:4e:d0,PLDTHOMEFIBR14ed0,WPA2/WPA,5
d4:40:f0:34:b4:d8,VIRUS,WPA2/WPA,8
60:a4:4c:56:a7:f4,ASUS,WPA2,9
aa:a6:68:b4:bc:21,antrax,WPA2/WPA,13
1c:74:0d:18:d3:68,PLDTHOMEDSL8NTZM,WPA2/WPA,8
38:d8:2f:22:91:e0,BayanDSL,WPA2/WPA,10
1c:74:0d:16:31:30,PLDTHOMEDSLairport,WPA,10
1c:a5:32:90:40:58,PLDTHOMEDSL04058,WPA2,11
00:1f:fb:c5:f1:d5,HomeBro_ULTERA,WPA2,1
f0:98:38:72:f2:2c,Hellokitty,WPA2/WPA,3
9c:6f:52:1b:db:cb,ZTEH108N_BDBCB,WPA,3
94:46:96:1d:8a:86,,OPN,5
00:26:75:b6:8a:8b,Aztech5001_initAzt,WPA,13
00:13:33:fd:55:4a,PLDTHOMEDSL,WPA2/WPA,2
88:d2:74:86:d3:cd,COMCAST1,WPA2/WPA,3
d0:ff:98:32:66:6b,CHRIXTUS,WPA2/WPA,4
78:c1:a7:25:91:fa,,WPA,3
48:7b:6b:f0:67:8c,HUAWEI-YXXt,WPA2/WPA,5
8c:eb:c6:ee:56:5b,FAMILY,WPA2/WPA,5
72:4d:7b:07:ed:c3,ASUS_X008D,WPA2,9
e0:8e:3c:2e:00:b5,bayanDSLWIFI_00B5,WPA2/WPA,10
d2:5b:a8:f8:cc:2f,ABRIL FAMILY WIFI,WPA2/WPA,13
c8:3a:35:3c:8a:c8,Tenda_3C8AC8,WPA2/WPA,5
4c:81:20:f3:92:5b,PLDTHOMEDSL3925B,WPA2,8
c4:e9:84:66:f9:36,PLDTHOMEDSL,WPA2,2
f0:98:38:f9:18:34,HappyHome,WPA2/WPA,4
f8:df:a8:78:39:ae,GLOBE_7839AE,WPA2/WPA,2
94:46:96:1d:02:d6,PLDTHOMEDSLSFSK0,WPA2/WPA,5
52:8f:4c:50:92:6a,DIRECT-ZG-mido,WPA2,5
34:ba:9a:54:8c:ec,MICAYA,WPA2,9
00:0b:85:1a:d3:c2,COA Exclusive,WEP,11
00:13:33:fc:e9:f7,PLDTHOMEDSL,WPA2/WPA,3
e8:94:f6:42:c4:54,TP-LINK_42C454,WPA2,4
88:3f:d3:05:de:ec,Thranduil,WPA2/WPA,3
28:ff:3e:3d:e3:2d,bayanDSLWIFI_E32D,WPA2/WPA,5
e4:7d:eb:03:7d:ee,P01I-7DEE,WPA2,6
94:46:96:1f:b4:22,KROSS,WPA2/WPA,7
4c:81:20:92:d2:aa,PLDTHOMEDSL2D2AA,WPA2,10
00:13:33:db:08:e4,PLDTHOMEDSLDefault,WPA,2
00:13:33:e9:58:49,PLDTHOMEDSL_mo_to,WPA2,8
88:d2:74:86:cb:86,Secret!!!,WPA2/WPA,10
88:3f:d3:05:76:60,Melody,WPA2/WPA,2
f0:98:38:07:d8:80,aydumo,WPA2/WPA,4
bc:c0:0f:7b:63:e0,FIBERHOME_b63e0,WPA2/WPA,8
88:d2:74:86:c9:50,3,WPA2/WPA,10
78:c1:a7:00:3d:f8,ZTEH108N_03DF8,WPA,11
fa:8f:ca:38:e0:c2,,OPN,1
0c:bd:51:2c:a7:95,Smart Bro_A795,WPA,3
48:7b:6b:f0:62:0c,ESPARRAGO,WPA2/WPA,5
b8:ec:a3:42:a1:11,PLDTMyDSLBiz88080,WPA2/WPA,9
72:ec:a3:42:a1:12,PLDTMyDSLBiz_RSA,WPA2/WPA,9
a0:f8:49:ee:9e:c2,COA Exclusive,WPA2,1
f0:98:38:a0:12:24,HUAWEI-2sbr,WPA2/WPA,3
f8:32:e4:b7:af:78,rwing,WPA2,2
78:c1:a7:05:4f:28,nathanstore,WPA,5
6e:5c:14:e1:a2:36,sexy jonna,WPA,5
ec:8a:4c:a6:4d:b8,bayanDSLWiFi_4DB8,WPA2/WPA,10
e4:18:6b:bb:7e:4e,PLDTMyDSLBiz77840,WPA2/WPA,7
90:61:0c:2d:eb:52,PLDTHOMEDSL60242,WPA2/WPA,1
94:46:96:1d:30:3a,PLDTHOMEDSLCRCM0,WPA2/WPA,1
c8:d7:19:db:28:5f,Andes,WPA2/WPA,13
90:61:0c:2e:44:0c,PLDTHOMEDSL17420,WPA2/WPA,1
18:de:d7:34:0e:e8,HUAWEI-c6nC,WPA2/WPA,5
90:61:0c:35:41:2b,PLDTHOMEDSL_YenKc,WPA2/WPA,7
f0:98:38:07:d5:f8,yelenascloset,WPA2/WPA,8
8c:eb:c6:93:29:d0,GRB,WPA2/WPA,6
34:ba:9a:54:e1:b2,Smart_Bro_54E1B2,WPA2,8
36:69:87:a1:9b:7a,foxy.R,WPA2,13
94:a7:b7:26:60:bd,bayanDSLWIFI_60BD,WPA2/WPA,3
1c:74:0d:16:63:78,PLDTHOMEDSLnapier,WPA2/WPA,4
38:2d:e8:c8:09:c6,BS8h-Y2Vwcw,OPN,6
94:46:96:1f:85:fb,PLDTHOMEDSLIMIV0,WPA2/WPA,3
34:08:04:0b:a1:20,Adventure Time!,WPA2/WPA,9
fc:8b:97:ec:45:b9,PLDTMyDSL,WPA2/WPA,11
94:46:96:14:9a:9d,PLDTHOMEDSL9M9R0,WPA2/WPA,11
c8:14:51:59:ec:1e,HUAWEI-EC1E,WPA2,3
00:1f:fb:c6:38:e7,virus,WPA2,10
f4:9e:ef:d1:67:f0,PLDTHOMEDSL167F0,WPA2/WPA,5
00:22:75:f1:aa:41,makabees,WPA2/WPA,6
78:c1:a7:05:5f:9c,ZTEH108N_55F9C,WPA,9
88:d2:74:86:b1:f7,Lumagbas Catering,WPA2/WPA,11
88:3f:d3:06:4c:28,Secret Garden,WPA2/WPA,9
34:ba:9a:56:66:99,Risa Perez,WPA2,10
18:de:d7:34:12:d4,BF38HOMES,WPA2/WPA,3
94:46:96:16:f9:0d,PLDTHOMEDSLS7S70,WPA2/WPA,5
e0:69:95:27:89:aa,a70ed8,WPA,6
90:61:0c:40:c1:c0,PLDTHOMEDSL49600,WPA2/WPA,8
90:61:0c:16:dc:12,PLDTMyDSL,WPA2/WPA,11
90:61:0c:25:da:cf,PLDTHOMEDSL56015,WPA2/WPA,1
c0:4a:00:4a:43:0e,JIR Salazar 2,WPA2/WPA,2
c4:e9:84:fd:16:da,JIR Salazar 1,WPA2,3
94:a7:b7:26:58:02,JIR Office,WPA2/WPA,4
34:ce:00:1e:39:b2,JIR Office_plus,WPA2/WPA,4
14:cc:20:eb:99:76,TP-LINK_nsg builders inc,WPA2/WPA,5
00:21:29:7b:57:9b,Salita,WEP,6
5c:f2:86:2a:fc:b0,Globe_LTE MIFI_FCB0,WPA2/WPA,8
98:de:d0:cc:52:44,BrgyZamora9,WPA2,11
00:13:33:e9:a3:17,PLDTHOMEDSL,WPA2/WPA,11
60:45:cb:cd:f6:00,little zebra,WPA2,2
26:aa:4b:5e:37:0b,LittleZebra-guest,OPN,4
20:aa:4b:5e:37:0b,LittleZebra,WPA2/WPA,4
36:69:87:89:30:50,Lilybell_Victoria,WPA2,13
d8:d8:66:00:df:47,BROADBAND,WPA2,3
"1,6,11",83
BSSID,SSID,Encryption,Channel
ec:8a:4c:a6:ac:b4,STARRSFAMOUS,WPA2/WPA,1
d4:6e:5c:86:ab:e9,loidsvill18,WPA2/WPA,6
00:13:33:e9:57:2c,PLDTHOMEDSLpook_shell,WPA2/WPA,11
00:13:33:e6:f5:f0,PLDTHOMEDSL_101,WPA2/WPA,11
84:d4:7e:22:61:e1,@FreeGoWiFi,OPN,11
84:d4:7e:22:61:e4,@GoWiFi_Auto,OPN,11
94:46:96:0e:8f:d4,PLDTHOMEDSL,WPA2/WPA,1
f0:98:38:07:66:e0,NachoWiFi,WPA2/WPA,1
aa:a6:68:9a:95:a6,remy,WPA2,6
f0:98:38:3d:90:80,HUAWEI-rvf2,WPA2/WPA,6
32:03:8c:15:82:65,DIRECT-ZBDESKTOP-7E4CR37msTL,WPA2,11
00:13:33:be:54:15,PLDTHOMEDSL,WPA2/WPA,11
50:09:59:84:e5:09,SKYbroadbandE506,WPA2/WPA,6
c8:3a:35:20:0f:00,Tenda_PLDT Home Fiber_Office,WPA,6
fc:b4:e6:a9:28:e5,A&K Home,WPA2/WPA,11
54:be:f7:86:fd:bb,Wifi Party Yeah,WPA2/WPA,11
c8:3a:35:0f:01:40,paroparong_bukid,WPA,1
e8:40:f2:da:bf:7e,c86964,WPA,1
00:26:75:cb:03:08,rafipuff,WPA,11
94:46:96:1f:c5:20,PLDTHOMEDSLBYBY0,WPA2/WPA,1
f0:98:38:a0:16:0c,IKOT,WPA2/WPA,6
94:46:96:10:3a:b9,PLDTHOMEDSL,WPA2/WPA,1
cc:06:77:6f:c5:28,Use FIBR_Sulit2.4G,WPA2/WPA,11
c0:56:27:84:57:ad,ac9ad6,WPA2,11
a4:2b:b0:f8:9e:5c,Use FIBR_Sulit2.4G,WPA2/WPA,11
50:09:59:84:df:51,SKYbroadbandDF4E,WPA2/WPA,1
00:13:33:ed:3f:82,PLDTHOMEDSLAganon,WPA2/WPA,2
a4:99:47:77:a7:80,QUICK MYFI by STC-a780,WPA2/WPA,11
9c:6f:52:1b:cb:13,JIBOY,WPA,11
90:61:0c:3a:50:c2,PLDTHOMEDSL20674,WPA2/WPA,11
e4:77:23:a5:52:44,bayanDSLWiFi_5244,WPA2/WPA,12
00:13:33:e2:fa:0b,PLDTHOMEDSL,WPA2,11
90:61:0c:3a:33:54,PLDTHOMEDSL13140,WPA2/WPA,1
70:9f:2d:a0:c3:58,jaja,WPA2/WPA,1
9c:6f:52:34:fd:bc,bayanDSLWIFI_FDBC,WPA2/WPA,1
90:61:0c:35:b1:f0,PLDTHOMEDSL45552,WPA2/WPA,1
c4:ab:b2:2f:a2:fe,beth,WPA2,1
ac:f9:70:ec:e7:04,HUAWEI-k2WA,WPA2/WPA,1
00:26:75:dd:5d:d4,A28,WPA,2
1c:74:0d:17:50:a4,GetYourOwnWifi,WPA2/WPA,11
00:13:33:f5:1a:51,PLDTHOMEDSL,WPA2/WPA,1
90:61:0c:2f:3a:8e,PLDTHOMEDSL14990,WPA2/WPA,1
90:61:0c:2c:39:52,twinns,WPA2,11
00:13:33:be:9a:cd,MyDSL,WPA2/WPA,11
00:13:33:be:9a:c9,PLDTHOMEDSL,WPA2/WPA,11
94:46:96:16:d4:0f,MaveeWifi,WPA2/WPA,1
38:d4:0b:03:8a:d9,S8 edge plus,WPA2,6
00:13:33:f2:f3:87,PLDTHOMEDSL,WPA2/WPA,1
48:db:50:1a:9c:7f,B315_A9C7F,WPA2/WPA,10
00:13:33:f6:8e:5e,PLDTHOMEDSLFairyTail,WPA2/WPA,1
58:6d:8f:6d:f7:cc,CiscoD2521,WPA2/WPA,6
36:69:87:71:e4:83,PIDE-PARAME,WPA2/WPA,6
00:13:33:fc:e7:51,,WPA2/WPA,1
00:13:33:fc:e7:50,,WPA2/WPA,1
00:13:33:fc:e7:4f,,WPA2/WPA,1
90:61:0c:35:67:ac,PLDTHOMEDSL26540,WPA2/WPA,11
28:ff:3e:3d:e4:9e,Mr.Chips,WPA2/WPA,11
2c:4d:54:7a:33:ba,sample,WPA2,1
84:82:f4:01:a3:0a,COAHOTSPOT,WPA2,1
fc:3f:7c:c3:dd:88,B315_3DD88,WPA2/WPA,11
e0:8e:3c:1a:aa:b7,KYLE,WPA2/WPA,11
00:13:33:d3:c3:0e,PLDTHOMEDSL02GABC,WPA2/WPA,11
5c:7d:5e:e0:24:a0,Cloud92k,WPA,11
90:61:0c:40:f5:c5,PLDTHOMEDSL62917,WPA2/WPA,1
b0:b2:dc:f9:e9:2c,PLDTMyDSL,WPA2,11
00:26:75:e7:7d:5c,ayende_family,WPA,10
50:04:b8:43:5b:bc,B315_35BBC,WPA2/WPA,11
90:61:0c:37:72:de,PLDTHOMEDSL29406,WPA2/WPA,1
00:13:33:de:c2:9c,PLDTHOMEDSL,WPA2/WPA,11
00:13:33:de:c4:6d,PLDTHOMEDSL,WPA2/WPA,11
90:61:0c:19:9f:e5,PLDTHOMEDSL,WPA2/WPA,11
00:13:33:e1:9a:3a,PLDTHOMEDSL,WPA2/WPA,11
60:02:92:3e:df:a3,a8c0be,WPA2/WPA,11
48:00:33:fc:48:6b,SKYbroadband4868,WPA2/WPA,11
90:61:0c:19:3e:71,PLDTHOMEDSL,WPA2/WPA,11
fa:8f:ca:94:cc:a6,,OPN,6
b0:ee:7b:6d:4e:2f,,WPA2,6
00:13:33:eb:82:22,PLDTHOMEDSLnsg,WPA2/WPA,11
a4:2b:b0:b8:17:bf,Sandiko Net,WPA2,11
90:61:0c:10:d8:49,PLDTMyDSL,WPA2/WPA,11
c8:3a:35:20:11:18,Tenda_Sky Broadband Office,WPA,6
d2:5b:a8:97:64:17,Jeremiah2911,WPA2,6
c0:21:0d:0b:9e:3e,Mitsubishi Wireless TV 450,OPN,36
