Common,220
BSSID,SSID,Wigle-Encryption,RPi-Encryption,Wigle-Channel,RPi-Channel,Wigle Avg RSSI,RPi Avg RSSI
d0:04:92:03:04:88,PLDTHOMEFIBRQuantum,[WPA-PSK-CCMP+TKIP][WPA2-PSK-CCMP+TKIP][ESS],WPA2/WPA,9,9,-82,-79
5a:8b:f3:9c:cd:d8,PLDTOFFICE,[WPA-PSK-TKIP][WPS][ESS],WPA,7,7,-83,-75
5a:8b:f3:9c:cd:e0,AF Holy Spirit,[WPA-PSK-CCMP+TKIP][WPS][ESS],WPA,4,4,-79,-76
60:31:97:dd:09:bc,Wolfe_Company,[WPA-PSK-CCMP+TKIP][WPA2-PSK-CCMP+TKIP][ESS],WPA2/WPA,12,12,-78,-78
06:d6:aa:9e:e9:5a,AndroidAP,[WPA2-PSK-CCMP][ESS],WPA2,6,6,-72,-78
b0:b9:8a:46:9b:8c,NETGEAR00,[WPA2-PSK-CCMP][WPS][ESS],WPA2,4,4,-86,-83
3e:36:bb:9d:da:53,Bernadette Chantle?s iPhone,[WPA2-PSK-CCMP][ESS],WPA2,1,1,-76,-81
fc:8b:97:38:fc:db,PLDTMyDSL_therockh,[WPA2-PSK-CCMP][WPS][ESS],WPA2,11,11,-85,-80
c0:c1:c0:e7:d4:69,The Frame,[WPA-PSK-CCMP+TKIP][WPA2-PSK-CCMP+TKIP][ESS],WPA2/WPA,1,1,-86,-84
e0:a3:ac:4f:a2:5c,1,[WPA2-PSK-CCMP][ESS],WPA2,1,1,-83,-82
24:1f:a0:79:0d:18,B315_90D18,[WPA-PSK-CCMP][WPA2-PSK-CCMP][ESS],WPA2/WPA,5,5,-87,-81
88:3f:d3:05:d5:c0,AnytimeFitnessMembers,[WPA-PSK-CCMP+TKIP][WPA2-PSK-CCMP+TKIP][ESS],WPA2/WPA,7,7,-87,-85
98:e7:f5:90:21:92,davebb,[WPA-PSK-CCMP+TKIP][WPA2-PSK-CCMP+TKIP][WPS][ESS],WPA2/WPA,9,0,-88,-83
32:cd:a7:38:42:0f,DIRECT-8aM2020 Series,[WPA2-PSK-CCMP][WPS-AUTH][ESS][P2P],WPA2,11,11,-86,-81
c0:c1:c0:e7:d4:6a,The Frame-guest,[ESS],OPN,1,1,-85,-83
c8:60:00:e4:70:cc,wcnet,[WPA-PSK-CCMP+TKIP][WPA2-PSK-CCMP+TKIP][ESS],WPA2/WPA,1,1,-86,-83
00:13:33:cc:2f:03,PLDTHOMEDSLMPBAC1214,[WPA-PSK-CCMP+TKIP][WPA2-PSK-CCMP+TKIP][ESS],WPA2/WPA,11,11,-89,-88
d4:6e:0e:49:c1:cc,TP-LINK_C1CC,[WPA2-PSK-CCMP][WPS][ESS],WPA2,2,2,-80,-76
90:61:0c:1f:5c:75,PLDTHOMEDSL,[WPA-PSK-CCMP+TKIP][WPA2-PSK-CCMP+TKIP][WPS][ESS],WPA2/WPA,11,11,-89,-84
66:a5:c3:8f:96:49,Myke?s iPhone,[WPA2-PSK-CCMP][ESS],WPA2,1,1,-84,-78
e4:6f:13:64:45:5c,Omakase DA,[WPA-PSK-CCMP+TKIP][WPA2-PSK-CCMP+TKIP][WPS][ESS],WPA2/WPA,9,9,-90,-89
00:13:33:ff:73:4d,PLDTHOMEDSLNailCocktales,[WPA-PSK-CCMP+TKIP][WPA2-PSK-CCMP+TKIP][ESS],WPA2/WPA,1,1,-89,-80
94:46:96:0f:83:6c,PLDTHOMEDSL,[WPA-PSK-CCMP+TKIP][WPA2-PSK-CCMP+TKIP][ESS],WPA2/WPA,11,11,-85,-83
00:13:33:ea:58:2a,PLDTHOMEDSL,[WPA-PSK-CCMP+TKIP][WPA2-PSK-CCMP+TKIP][ESS],WPA2/WPA,11,11,-76,-79
10:7b:44:ca:85:40,Hermes,[WPA2-PSK-CCMP][WPS][ESS],WPA2,6,6,-76,-74
cc:06:77:76:52:60,PLDTHOMEFIBR65260,[WPA-PSK-TKIP][WPA2-PSK-CCMP][ESS],WPA2/WPA,8,8,-84,-74
5c:54:6d:43:f1:b8,RGAMILLA,[WPA-PSK-CCMP+TKIP][WPA2-PSK-CCMP+TKIP][ESS],WPA2/WPA,1,1,-87,-87
0c:54:a5:15:7b:6b,481534,[WPA-PSK-CCMP+TKIP][WPA2-PSK-CCMP+TKIP][WPS][ESS],WPA2/WPA,1,6,-87,-87
cc:a2:23:a1:18:f0,modnails,[WPA-PSK-CCMP+TKIP][WPA2-PSK-CCMP+TKIP][ESS],WPA2/WPA,1,1,-77,-83
10:7b:44:ca:60:48,Hermes,[WPA2-PSK-CCMP][WPS][ESS],WPA2,6,6,-88,-86
88:3f:d3:05:d3:5c,HUAWEI-W8KB,[WPA-PSK-CCMP+TKIP][WPA2-PSK-CCMP+TKIP][ESS],WPA2/WPA,11,7,-92,-81
cc:06:77:76:5e:c0,modnails,[WPA-PSK-TKIP][WPA2-PSK-CCMP][ESS],WPA2/WPA,1,1,-75,-90
9c:3d:cf:1a:c7:38,NETGEAR32,[WPA2-PSK-CCMP][WPS][ESS],WPA2,13,13,-73,-77
10:7b:44:ca:7f:90,Hermes,[WPA2-PSK-CCMP][WPS][ESS],WPA2,6,6,-88,-90
20:aa:4b:5e:37:0b,LittleZebra,[WPA-PSK-TKIP][WPA2-PSK-CCMP][WPS][ESS],WPA2/WPA,4,4,-83,-92
26:aa:4b:5e:37:0b,LittleZebra-guest,[ESS],OPN,4,4,-85,-89
10:7b:44:44:64:e0,FlashRouter24,[WPA2-PSK-CCMP][ESS],WPA2,1,1,-79,-75
3c:1e:04:0d:98:4a,Mojo,[WPA-PSK-CCMP+TKIP][WPA2-PSK-CCMP+TKIP][WPS][ESS],WPA2/WPA,9,9,-80,-80
f0:98:38:a0:20:38,NBI Surveillance,[WPA-PSK-CCMP+TKIP][WPA2-PSK-CCMP+TKIP][ESS],WPA2/WPA,11,11,-83,-82
b4:75:0e:f9:5d:7a,happycow,[WPA2-PSK-CCMP][WPS][ESS],WPA2,1,1,-84,-86
b6:75:0e:f9:5d:7c,happycow-guest,[ESS],OPN,1,1,-86,-86
e0:8e:3c:0b:5d:82,Aztech 01,[WPA2-PSK-CCMP][WPS][ESS],WPA2,6,6,-86,-81
cc:06:77:6f:f1:08,Segunial,[WPA-PSK-TKIP][WPA2-PSK-CCMP][ESS],WPA2/WPA,5,5,-87,-82
90:61:0c:2e:bf:c8,PLDTHOMEDSL49096,[WPA-PSK-CCMP+TKIP][WPA2-PSK-CCMP+TKIP][WPS][ESS],WPA2/WPA,1,1,-78,-80
f0:98:38:f9:0a:74,mjcortes,[WPA-PSK-CCMP+TKIP][WPA2-PSK-CCMP+TKIP][ESS],WPA2/WPA,1,1,-78,-85
00:16:b6:ed:3d:58,linksys,[ESS],OPN,6,6,-83,-76
7a:40:4e:9d:99:5b,Sheena Martinez,[WPA2-PSK-CCMP][ESS],WPA2,11,11,-86,-84
90:61:0c:3e:af:30,PLDTHOMEDSL44848,[WPA-PSK-CCMP+TKIP][WPA2-PSK-CCMP+TKIP][ESS],WPA2/WPA,1,1,-82,-79
84:16:f9:ec:1c:b4,EZ office 2,[WPA-PSK-CCMP+TKIP][WPA2-PSK-CCMP+TKIP][ESS],WPA2/WPA,2,2,-82,-75
2c:dd:95:f4:06:0a,PLDTHOMEDSL4060A,[WPA-PSK-CCMP+TKIP][WPA2-PSK-CCMP+TKIP][WPS][ESS],WPA2/WPA,6,6,-87,-83
f0:98:38:f9:56:4c,HUAWEI-QhMs,[WPA-PSK-CCMP+TKIP][WPA2-PSK-CCMP+TKIP][ESS],WPA2/WPA,2,2,-86,-79
90:61:0c:2e:40:3a,PLDTHOMEDSL16442,[WPA-PSK-CCMP+TKIP][WPA2-PSK-CCMP+TKIP][WPS][ESS],WPA2/WPA,1,1,-83,-67
cc:06:77:22:87:50,Mendoza,[WPA-PSK-TKIP][WPA2-PSK-CCMP][WPS][ESS],WPA2/WPA,5,5,-83,-87
94:46:96:16:90:03,PLDTHOMEDSLGRGM0,[WPA-PSK-CCMP+TKIP][WPA2-PSK-CCMP+TKIP][ESS],WPA2/WPA,2,2,-77,-78
94:46:96:16:f9:5d,PLDTHOMEDSLZFZF0,[WPA-PSK-CCMP+TKIP][WPA2-PSK-CCMP+TKIP][ESS],WPA2/WPA,5,5,-82,-78
bc:96:80:d9:a2:7e,PLDTMyDSL,[WPA-PSK-CCMP+TKIP][WPA2-PSK-CCMP+TKIP][WPS][ESS],WPA2/WPA,11,11,-86,-90
00:1a:ef:46:d5:67,montsrous101,[WPA-PSK-CCMP][ESS],WPA,1,1,-83,-82
d8:5d:4c:9f:64:e0,TP-LINK_9F64E0,[WPA-PSK-CCMP+TKIP][WPA2-PSK-CCMP+TKIP][WPS][ESS],WPA2/WPA,1,1,-82,-85
2c:4d:54:e7:87:c1,MOMARCO_WiFi,[WPA2-PSK-CCMP][ESS],WPA2,2,2,-86,-86
2c:4d:54:e7:87:c0,Adrian's_WiFi,[WPA2-PSK-CCMP][WPS][ESS],WPA2,2,2,-88,-86
90:61:0c:2e:95:a5,PLDTHOMEDSL38309,[WPA-PSK-CCMP+TKIP][WPA2-PSK-CCMP+TKIP][WPS][ESS],WPA2/WPA,1,1,-82,-88
f0:98:38:07:6c:d8,HYPRTONIC,[WPA-PSK-CCMP+TKIP][WPA2-PSK-CCMP+TKIP][ESS],WPA2/WPA,11,11,-85,-87
90:f6:52:df:2f:59,MONTSTER101,[WPA-?][WPA2-?][ESS],WPA2/WPA,1,1,-85,-87
88:3f:d3:2c:53:c8,SY FAMILY,[WPA-PSK-CCMP+TKIP][WPA2-PSK-CCMP+TKIP][ESS],WPA2/WPA,3,3,-77,-84
94:46:96:14:b6:d1,PLDTHOMEDSLT6TB0,[WPA-PSK-CCMP+TKIP][WPA2-PSK-CCMP+TKIP][ESS],WPA2/WPA,2,2,-83,-70
cc:06:77:75:8d:60,PLDTHOMEFIBR58d60,[WPA-PSK-TKIP][WPA2-PSK-CCMP][ESS],WPA2/WPA,1,1,-72,-83
14:ab:f0:4c:cb:10,ARRIS-CB12,[WPA2-PSK-CCMP][WPS][ESS],WPA2,11,11,-86,-86
00:13:33:ea:e1:19,PLDTHOMEDSL,[WPA-PSK-CCMP+TKIP][WPA2-PSK-CCMP+TKIP][ESS],WPA2/WPA,11,11,-87,-84
00:13:33:ff:72:80,PLDTHOMEDSLDAVID,[WPA-PSK-CCMP+TKIP][WPA2-PSK-CCMP+TKIP][ESS],WPA2/WPA,2,2,-81,-77
00:13:33:ff:72:84,,[WPA-PSK-CCMP+TKIP][WPA2-PSK-CCMP+TKIP][ESS],WPA2/WPA,2,2,-82,-75
60:02:92:3d:f9:8f,a8d3c4,[WPA-PSK-CCMP+TKIP][WPA2-PSK-CCMP+TKIP][WPS][ESS],WPA2/WPA,6,6,-85,-83
84:16:f9:78:ca:3c,TP-LINK_WA855RE,[WPA2-PSK-CCMP+TKIP][WPS][ESS],WPA2,11,11,-87,-89
bc:96:80:d9:83:8e,PLDTMyDSL,[WPA2-PSK-CCMP][WPS][ESS],WPA2,11,11,-79,-84
90:61:0c:3a:81:21,Bayad muna bago connect,[WPA-PSK-CCMP+TKIP][WPA2-PSK-CCMP+TKIP][ESS],WPA2/WPA,1,1,-61,-67
90:61:0c:3a:47:39,PLDTHOMEDSL18233,[WPA-PSK-CCMP+TKIP][WPA2-PSK-CCMP+TKIP][ESS],WPA2/WPA,11,11,-64,-68
f4:9e:ef:d1:1e:d0,PLDTHOMEDSLMIRALLES,[WPA2-PSK-CCMP][WPS][ESS],WPA2,11,11,-84,-82
c4:e9:84:66:f9:36,PLDTHOMEDSL,[WPA2-PSK-CCMP][WPS][ESS],WPA2,2,2,-85,-85
88:d2:74:a9:8c:20,ZTEH108N_98C20,[WPA-PSK-CCMP+TKIP][WPS][ESS],WPA,1,1,-84,-79
e0:8e:3c:2e:7e:21,Aztech5068_E7E21,[WPA-PSK-CCMP+TKIP][ESS],WPA,1,1,-85,-86
f0:98:38:f9:18:34,HappyHome,[WPA-PSK-CCMP+TKIP][WPA2-PSK-CCMP+TKIP][ESS],WPA2/WPA,4,4,-86,-85
00:13:33:f6:1c:4e,PLDTHOMEDSL_BOY3T,[WPA-PSK-CCMP+TKIP][WPA2-PSK-CCMP+TKIP][ESS],WPA2/WPA,1,1,-74,-84
90:61:0c:35:ee:8f,PLDTHOMEDSL_Yeoboseyo,[WPA-PSK-CCMP+TKIP][WPA2-PSK-CCMP+TKIP][WPS][ESS],WPA2/WPA,11,11,-88,-86
00:13:33:f4:e9:05,PLDTHOMEDSL,[WPA-PSK-CCMP+TKIP][WPA2-PSK-CCMP+TKIP][ESS],WPA2/WPA,9,9,-68,-75
00:13:33:dd:f2:f5,connect_ka,[WPA-PSK-CCMP+TKIP][WPA2-PSK-CCMP+TKIP][ESS],WPA2/WPA,11,11,-72,-61
70:9f:2d:a0:16:6c,,[WPA-PSK-CCMP+TKIP][WPA2-PSK-CCMP+TKIP][WPS][ESS],WPA2/WPA,10,10,-72,-72
76:4a:a4:cd:f2:9d,Smart Bro_CDF29D,[WPA-PSK-CCMP+TKIP][WPA2-PSK-CCMP+TKIP][WPS][ESS],WPA2/WPA,10,10,-79,-66
1c:74:0d:16:63:78,PLDTHOMEDSLnapier,[WPA-PSK-CCMP+TKIP][WPA2-PSK-CCMP+TKIP][ESS],WPA2/WPA,4,4,-86,-90
90:61:0c:35:4c:00,haideelhynnford,[WPA-PSK-CCMP+TKIP][WPA2-PSK-CCMP+TKIP][WPS][ESS],WPA2/WPA,1,1,-46,-72
00:13:33:dd:f2:f4,,[WPA-PSK-CCMP+TKIP][WPA2-PSK-CCMP+TKIP][ESS],WPA2/WPA,11,11,-68,-65
08:86:3b:e2:8b:0e,connectkaboi,[WPA2-PSK-CCMP][WPS][ESS],WPA2,6,6,-82,-85
94:a7:b7:26:60:bd,bayanDSLWIFI_60BD,[WPA-PSK-CCMP+TKIP][WPA2-PSK-CCMP+TKIP][WPS][ESS],WPA2/WPA,3,3,-87,-90
90:61:0c:35:bb:f0,PLDTHOMEDSLWALANGLIBRE,[WPA-PSK-CCMP+TKIP][WPA2-PSK-CCMP+TKIP][WPS][ESS],WPA2/WPA,1,1,-77,-74
00:13:33:e7:bf:1b,PLDTHOMEDSL,[WPA-PSK-CCMP+TKIP][WPA2-PSK-CCMP+TKIP][ESS],WPA2/WPA,11,11,-83,-76
9c:6f:52:19:a3:93,ZTEH108N_9A393,[WPA-PSK-CCMP+TKIP][WPS][ESS],WPA,10,10,-81,-73
94:46:96:1d:32:dd,PLDTHOMEDSLMQMQ0,[WPA-PSK-CCMP+TKIP][WPA2-PSK-CCMP+TKIP][ESS],WPA2/WPA,5,5,-88,-76
9c:6f:52:35:1b:c7,Waki Center,[WPA-PSK-CCMP+TKIP][WPA2-PSK-CCMP+TKIP][WPS][ESS],WPA2/WPA,1,1,-69,-86
e4:77:23:a5:f9:80,Theo & Joaquin,[WPA-PSK-CCMP+TKIP][WPA2-PSK-CCMP+TKIP][ESS],WPA2/WPA,2,2,-86,-85
1c:dd:ea:e2:63:51,BESO-aGVpZHM,[ESS],OPN,6,6,-87,-89
00:13:33:f5:8f:27,PLDTHOMEDSL,[WPA-PSK-CCMP+TKIP][WPA2-PSK-CCMP+TKIP][ESS],WPA2/WPA,9,9,-79,-76
f4:9e:ef:d1:22:9c,PLDTHOMEDSLMarkz,[WPA2-PSK-CCMP][WPS][ESS],WPA2,5,5,-76,-73
94:46:96:1d:02:d6,PLDTHOMEDSLSFSK0,[WPA-PSK-CCMP+TKIP][WPA2-PSK-CCMP+TKIP][ESS],WPA2/WPA,5,5,-85,-84
00:13:33:f7:a0:d2,PLDTHOMEDSL-angelica,[WPA-PSK-CCMP+TKIP][WPA2-PSK-CCMP+TKIP][ESS],WPA2/WPA,1,1,-72,-84
90:61:0c:17:e5:c3,,[WPA-PSK-CCMP+TKIP][WPA2-PSK-CCMP+TKIP][ESS],WPA2/WPA,11,11,-73,-68
90:61:0c:17:e5:c4,PPIQC,[WPA-PSK-CCMP+TKIP][WPA2-PSK-CCMP+TKIP][ESS],WPA2/WPA,11,11,-74,-68
00:13:33:f9:ee:5f,PLDTHOMEDSL,[WPA-PSK-CCMP+TKIP][WPA2-PSK-CCMP+TKIP][ESS],WPA2/WPA,11,11,-79,-81
34:ba:9a:54:8c:ec,MICAYA,[WPA2-PSK-CCMP][WPS][ESS],WPA2,9,9,-87,-87
88:3f:d3:06:8d:18,chikichikii ,[WPA-PSK-CCMP+TKIP][WPA2-PSK-CCMP+TKIP][ESS],WPA2/WPA,5,5,-72,-71
f8:df:a8:78:39:ae,GLOBE_7839AE,[WPA-PSK-CCMP][WPA2-PSK-CCMP][ESS],WPA2/WPA,2,2,-88,-86
90:61:0c:3a:81:20,kasmot,[WPA-PSK-CCMP+TKIP][WPA2-PSK-CCMP+TKIP][ESS],WPA2/WPA,1,1,-73,-67
1c:74:0d:17:86:34,PLDTHOMEDSL63VRU,[WPA-PSK-CCMP+TKIP][WPA2-PSK-CCMP+TKIP][ESS],WPA2/WPA,10,10,-87,-85
34:6b:d3:b1:0a:2f,Connect4G,[WPA-PSK-CCMP+TKIP][WPA2-PSK-CCMP+TKIP][ESS],WPA2/WPA,7,7,-73,-90
e8:94:f6:42:c4:54,TP-LINK_42C454,[WPA2-PSK-CCMP][WPS][ESS],WPA2,4,4,-86,-86
d0:65:ca:20:00:9f,HUAWEI-009F,[WPA2-PSK-CCMP][ESS],WPA2,5,5,-80,-71
42:53:49:86:58:7b,Connectify-me,[WPA2-PSK-CCMP][ESS],WPA2,11,11,-81,-78
90:61:0c:2e:42:a2,PLDTHOMEDSL17058,[WPA-PSK-CCMP+TKIP][WPA2-PSK-CCMP+TKIP][WPS][ESS],WPA2/WPA,1,1,-77,-84
90:61:0c:35:cd:53,TUERCA,[WPA-PSK-CCMP+TKIP][WPA2-PSK-CCMP+TKIP][WPS][ESS],WPA2/WPA,11,11,-79,-88
00:1e:c8:a0:5f:c2,NielLyn,[WPA2-PSK-CCMP][ESS],WPA2,6,6,-82,-80
94:46:96:18:a2:2b,Saaminlangtoh,[WPA-PSK-CCMP+TKIP][WPA2-PSK-CCMP+TKIP][ESS],WPA2/WPA,10,10,-78,-69
88:3f:d3:05:de:ec,Thranduil,[WPA-PSK-CCMP+TKIP][WPA2-PSK-CCMP+TKIP][ESS],WPA2/WPA,3,3,-81,-83
bc:3f:8f:d1:ce:9c,superkalan,[WPA-PSK-CCMP+TKIP][WPA2-PSK-CCMP+TKIP][ESS],WPA2/WPA,5,5,-73,-84
1e:1e:e3:00:0a:ba,DIRECT-Cj,[WPA2-PSK-CCMP][WPS][ESS],WPA2,6,6,-56,-79
94:46:96:1d:87:d8,2pac,[WPA-PSK-CCMP+TKIP][WPA2-PSK-CCMP+TKIP][ESS],WPA2/WPA,11,11,-64,-68
90:61:0c:35:4a:77,PLDTHOMEDSL19063,[WPA-PSK-CCMP+TKIP][WPA2-PSK-CCMP+TKIP][WPS][ESS],WPA2/WPA,11,11,-71,-64
90:61:0c:3a:48:73,PLDTHOMEDSL18547,[WPA-PSK-CCMP+TKIP][WPA2-PSK-CCMP+TKIP][ESS],WPA2/WPA,1,1,-79,-77
e0:8e:3c:16:80:25,virus,[WPA-PSK-CCMP+TKIP][WPA2-PSK-CCMP+TKIP][ESS],WPA2/WPA,1,1,-76,-71
90:61:0c:3a:b1:2e,PLDTHOMEDSL45358,[WPA-PSK-CCMP+TKIP][WPA2-PSK-CCMP+TKIP][ESS],WPA2/WPA,11,11,-77,-83
1c:74:0d:1a:af:88,PLDTHOMEDSL38PYE,[WPA-PSK-CCMP+TKIP][WPA2-PSK-CCMP+TKIP][ESS],WPA2/WPA,7,7,-83,-85
00:13:33:db:08:e4,PLDTHOMEDSLDefault,[WPA-PSK-TKIP][ESS],WPA,2,2,-87,-84
94:46:96:1f:ef:91,SOPHIA2018,[WPA-PSK-CCMP+TKIP][WPA2-PSK-CCMP+TKIP][ESS],WPA2/WPA,11,11,-80,-72
9c:6f:52:1d:24:9f,ZTEH108N_D249F,[WPA-PSK-CCMP+TKIP][WPS][ESS],WPA,2,2,-84,-86
00:1f:fb:ba:84:57,HomeBro_ULTERA,[WPA2-PSK-CCMP][WPS][ESS],WPA2,1,1,-74,-73
8c:34:fd:41:07:7d,HUAWEI-E5330-077D,[WPA2-PSK-CCMP][ESS],WPA2,11,11,-79,-79
00:26:75:f7:0d:74,virus,[WPA-PSK-CCMP+TKIP][ESS],WPA,1,1,-71,-73
c4:86:e9:ac:47:b8,Kjopzcarwash,[WPA-PSK-CCMP+TKIP][WPA2-PSK-CCMP+TKIP][ESS],WPA2/WPA,1,1,-84,-77
d8:d8:66:00:b2:c7,Maricel,[WPA2-PSK-CCMP][WPS][ESS],WPA2,2,2,-74,-66
b8:ec:a3:44:9e:ef,PLDTWIFIMANGSIMON,[WPA-PSK-CCMP+TKIP][WPA2-PSK-CCMP+TKIP][ESS],WPA2/WPA,13,13,-72,-76
34:ba:9a:57:54:f9,nightmare ,[WPA2-PSK-CCMP][WPS][ESS],WPA2,8,8,-77,-74
00:13:33:fc:e8:8a,PLDTHOMEDSL,[WPA-PSK-CCMP+TKIP][WPA2-PSK-CCMP+TKIP][ESS],WPA2/WPA,2,2,-78,-79
f0:98:38:a0:12:24,HUAWEI-2sbr,[WPA-PSK-CCMP+TKIP][WPA2-PSK-CCMP+TKIP][ESS],WPA2/WPA,3,3,-87,-79
0c:bd:51:2c:a7:95,Smart Bro_A795,[WPA-PSK-CCMP][WPS][ESS],WPA,3,3,-88,-84
e4:18:6b:c2:8d:54,MIGO,[WPA-PSK-CCMP+TKIP][WPA2-PSK-CCMP+TKIP][ESS],WPA2/WPA,6,6,-77,-73
78:c1:a7:05:4f:28,nathanstore,[WPA-PSK-CCMP+TKIP][ESS],WPA,5,5,-90,-88
78:c1:a7:02:bd:58,ZTEH108N_2BD58,[WPA-PSK-CCMP+TKIP][ESS],WPA,11,11,-70,-73
a0:f8:49:ee:88:e0,REGION IV-A,[WPA2-PSK-CCMP][ESS],WPA2,6,6,-81,-80
88:3f:d3:06:0e:20,hula,[WPA-PSK-CCMP+TKIP][WPA2-PSK-CCMP+TKIP][ESS],WPA2/WPA,11,11,-73,-79
00:26:75:ea:cb:14,gppcoa,[WPA-PSK-CCMP+TKIP][ESS],WPA,11,11,-78,-89
aa:a6:68:80:aa:70,Ang Smart mo Bro,[WPA-PSK-CCMP+TKIP][WPA2-PSK-CCMP+TKIP][WPS][ESS],WPA2/WPA,1,1,-79,-81
f0:98:38:a0:1c:08,dckyle,[WPA-PSK-CCMP+TKIP][WPA2-PSK-CCMP+TKIP][ESS],WPA2/WPA,11,11,-72,-79
34:ba:9a:54:9b:5a,Smart_Bro_549B5A,[WPA2-PSK-CCMP][WPS][ESS],WPA2,7,7,-76,-75
88:3f:d3:06:83:bc,parllyn,[WPA-PSK-CCMP+TKIP][WPA2-PSK-CCMP+TKIP][ESS],WPA2/WPA,4,4,-70,-75
00:26:75:d4:57:08,MOAOPT1,[WPA-PSK-CCMP+TKIP][ESS],WPA,4,4,-77,-72
90:61:0c:1d:0b:56,COA_SYATOY,[WPA2-PSK-CCMP][WPS][ESS],WPA2,11,11,-67,-68
94:46:96:19:53:79,PLDTHOMEDSLMWM00,[WPA-PSK-CCMP+TKIP][WPA2-PSK-CCMP+TKIP][ESS],WPA2/WPA,1,1,-84,-83
84:16:f9:ec:34:64,SUPERGIVEN,[WPA-PSK-CCMP+TKIP][WPA2-PSK-CCMP+TKIP][ESS],WPA2/WPA,1,1,-86,-84
90:61:0c:35:4a:ff,PLDTHOMEDSL19199,[WPA-PSK-CCMP+TKIP][WPA2-PSK-CCMP+TKIP][WPS][ESS],WPA2/WPA,1,1,-65,-72
94:a7:b7:26:4d:96,bayanDSLWIFI_4D96,[WPA-PSK-CCMP+TKIP][WPA2-PSK-CCMP+TKIP][WPS][ESS],WPA2/WPA,7,7,-81,-88
9e:a9:e4:d4:ca:b0,jaycee,[WPA2-PSK-CCMP][WPS][ESS],WPA2,11,11,-83,-87
c8:14:51:59:e5:c6,HUAWEI-E5C6,[WPA2-PSK-CCMP][ESS],WPA2,1,1,-85,-82
f0:98:38:a0:11:f0,jasperanz,[WPA-PSK-CCMP+TKIP][WPA2-PSK-CCMP+TKIP][ESS],WPA2/WPA,10,10,-87,-83
2c:dd:95:f4:07:8a,PLDTHOMEDSL4078A,[WPA2-PSK-CCMP][WPS][ESS],WPA2,6,6,-68,-62
90:61:0c:40:ad:af,PLDTHOMEDSL44463,[WPA-PSK-CCMP+TKIP][WPA2-PSK-CCMP+TKIP][ESS],WPA2/WPA,1,1,-81,-86
88:d2:74:86:cb:86,Secret!!!,[WPA-PSK-CCMP+TKIP][WPA2-PSK-CCMP+TKIP][WPS][ESS],WPA2/WPA,10,10,-87,-88
e4:72:e2:f3:a0:a0,Alberto Family,[WPA-PSK-CCMP+TKIP][WPA2-PSK-CCMP+TKIP][ESS],WPA2/WPA,11,11,-88,-81
78:c1:a7:06:58:08,buraot kaba,[WPA-PSK-CCMP+TKIP][ESS],WPA,5,5,-58,-74
f0:98:38:72:f2:2c,Hellokitty,[WPA-PSK-CCMP+TKIP][WPA2-PSK-CCMP+TKIP][ESS],WPA2/WPA,3,3,-63,-71
78:c1:a7:05:40:5c,ZTEH108N_5405C,[WPA-PSK-CCMP+TKIP][ESS],WPA,11,11,-77,-81
90:61:0c:37:76:20,PLDTHOMEDSL30240,[WPA-PSK-CCMP+TKIP][WPA2-PSK-CCMP+TKIP][ESS],WPA2/WPA,1,1,-82,-78
f0:98:38:07:e9:28,HUAWEI-t8s9,[WPA-PSK-CCMP+TKIP][WPA2-PSK-CCMP+TKIP][ESS],WPA2/WPA,11,11,-77,-83
94:46:96:1f:4a:32,PLDTHOMEDSLCTCP0,[WPA-PSK-CCMP+TKIP][WPA2-PSK-CCMP+TKIP][ESS],WPA2/WPA,1,1,-84,-74
6c:3b:6b:d7:3d:94,MikroTik-D73D94,[WPA-PSK-CCMP][WPA2-PSK-CCMP][WPS][ESS],WPA2/WPA,1,1,-71,-82
88:d2:74:86:b7:bc,bayanDSLWIFI_B7BC,[WPA-PSK-CCMP+TKIP][WPA2-PSK-CCMP+TKIP][WPS][ESS],WPA2/WPA,1,1,-88,-79
1c:74:0d:15:ac:20,PLDTHOMEDSLpoof,[WPA-PSK-CCMP+TKIP][WPA2-PSK-CCMP+TKIP][ESS],WPA2/WPA,6,6,-83,-72
70:9f:2d:a0:5c:18,bayanDSLWiFi_5C18,[WPA-PSK-CCMP+TKIP][WPA2-PSK-CCMP+TKIP][WPS][ESS],WPA2/WPA,10,10,-77,-67
9c:6f:52:35:01:38,DAXEL,[WPA-PSK-CCMP+TKIP][WPA2-PSK-CCMP+TKIP][WPS][ESS],WPA2/WPA,10,10,-79,-77
90:61:0c:2c:81:0b,globe,[WPA2-PSK-CCMP][WPS][ESS],WPA2,11,11,-79,-78
94:46:96:17:05:ab,BALADADFAMILY,[WPA-PSK-CCMP+TKIP][WPA2-PSK-CCMP+TKIP][ESS],WPA2/WPA,5,5,-77,-73
90:61:0c:3a:85:d2,,[WPA-PSK-CCMP+TKIP][WPA2-PSK-CCMP+TKIP][ESS],WPA2/WPA,1,1,-87,-81
18:de:d7:34:92:ec,,[WPA-PSK-CCMP+TKIP][WPA2-PSK-CCMP+TKIP][ESS],WPA2/WPA,2,2,-71,-70
94:46:96:14:c1:1a,PLDTHOMEDSLZMZD0,[WPA-PSK-CCMP+TKIP][WPA2-PSK-CCMP+TKIP][ESS],WPA2/WPA,7,7,-64,-82
4c:81:20:92:e1:02,GaliciaFamily,[WPA2-PSK-CCMP][WPS][ESS],WPA2,2,2,-78,-80
90:61:0c:0d:99:db,PLDTMyDSL,[WPA-PSK-TKIP][WPA2-PSK-CCMP][ESS],WPA2/WPA,11,11,-76,-73
f2:98:38:3d:ac:a9,159,[WPA-PSK-CCMP+TKIP][ESS],WPA,7,7,-79,-81
5c:54:6d:43:e1:c8,HUAWEI-GKUp,[WPA-PSK-CCMP+TKIP][WPA2-PSK-CCMP+TKIP][ESS],WPA2/WPA,11,11,-79,-86
1c:74:0d:18:d3:68,PLDTHOMEDSL8NTZM,[WPA-PSK-CCMP+TKIP][WPA2-PSK-CCMP+TKIP][ESS],WPA2/WPA,8,8,-78,-76
4c:54:99:11:2f:ae,B200W,[WEP][ESS],WEP,6,6,-72,-81
be:44:34:fa:0f:b4,Thrill Access,[WPA2-PSK-CCMP][WPS][ESS],WPA2,11,11,-84,-86
78:c1:a7:22:f1:32,CloudCityPortal,[WPA2-PSK-CCMP+TKIP][WPS][ESS],WPA2,3,3,-79,-84
44:6e:e5:07:fc:99,B315_7FC99,[WPA2-PSK-CCMP][ESS],WPA2,11,11,-84,-88
18:de:d7:34:25:7c,HUAWEI-4Dc3,[WPA-PSK-CCMP+TKIP][WPA2-PSK-CCMP+TKIP][ESS],WPA2/WPA,6,6,-88,-92
f0:98:38:07:d6:2c,JV,[WPA-PSK-CCMP+TKIP][WPA2-PSK-CCMP+TKIP][ESS],WPA2/WPA,6,6,-69,-71
94:46:96:1f:88:b7,PLDTHOMEDSLRoma1616,[WPA-PSK-CCMP+TKIP][WPA2-PSK-CCMP+TKIP][ESS],WPA2/WPA,1,1,-79,-72
e0:8e:3c:22:3c:c3,SDDR2017,[WPA-PSK-CCMP+TKIP][WPA2-PSK-CCMP+TKIP][ESS],WPA2/WPA,2,2,-83,-80
18:de:d7:34:71:30,SANTIAGO,[WPA-PSK-CCMP+TKIP][WPA2-PSK-CCMP+TKIP][ESS],WPA2/WPA,5,5,-82,-81
94:46:96:18:a1:95,PLDTHOMEDSLXPXP0,[WPA-PSK-CCMP+TKIP][WPA2-PSK-CCMP+TKIP][ESS],WPA2/WPA,1,1,-83,-89
d4:40:f0:34:b4:d8,VIRUS,[WPA-PSK-CCMP+TKIP][WPA2-PSK-CCMP+TKIP][ESS],WPA2/WPA,8,8,-83,-84
9c:6f:52:19:93:77,,[WPA-PSK-CCMP][WPA2-PSK-CCMP][ESS],WPA2/WPA,11,11,-85,-88
90:61:0c:3a:42:26,No Internet,[WPA-PSK-CCMP+TKIP][WPA2-PSK-CCMP+TKIP][ESS],WPA2/WPA,1,1,-87,-80
88:3f:d3:2c:44:d4,cristina24,[WPA-PSK-CCMP+TKIP][WPA2-PSK-CCMP+TKIP][ESS],WPA2/WPA,11,11,-88,-85
60:a4:4c:56:a7:f4,ASUS,[WPA2-PSK-CCMP][WPS][ESS],WPA2,9,9,-87,-86
9c:6f:52:1c:cd:9f,ZTEH108N_CCD9F,[WPA-PSK-CCMP+TKIP][WPS][ESS],WPA,11,11,-89,-87
88:d2:74:86:ab:85,bayanDSLWIFI_AB85,[WPA-PSK-CCMP+TKIP][WPA2-PSK-CCMP+TKIP][ESS],WPA2/WPA,1,1,-84,-88
90:61:0c:40:ce:47,prettyinpink1208,[WPA-PSK-CCMP+TKIP][WPA2-PSK-CCMP+TKIP][ESS],WPA2/WPA,1,1,-86,-90
78:c1:a7:02:93:a0,pretty in pink,[WPA-PSK-CCMP+TKIP][ESS],WPA,11,11,-86,-78
94:46:96:0f:89:2f,PLDTHOMEDSL,[WPA-PSK-CCMP+TKIP][WPA2-PSK-CCMP+TKIP][ESS],WPA2/WPA,1,1,-86,-84
a8:a6:68:e0:2a:3c,FREE WIFI,[WPA-PSK-CCMP+TKIP][WPA2-PSK-CCMP+TKIP][WPS][ESS],WPA2/WPA,1,1,-83,-78
fc:b4:e6:4a:d1:90,SKYbroadbandFCB8,[WPA-PSK-CCMP+TKIP][WPA2-PSK-CCMP+TKIP][WPS][ESS],WPA2/WPA,6,6,-78,-86
cc:06:77:e1:4e:d0,PLDTHOMEFIBR14ed0,[WPA-PSK-TKIP][WPA2-PSK-CCMP][ESS],WPA2/WPA,5,5,-83,-89
88:d2:74:86:ae:0a,Paparudzwifi,[WPA-PSK-CCMP+TKIP][WPA2-PSK-CCMP+TKIP][WPS][ESS],WPA2/WPA,9,9,-81,-75
f4:9e:ef:d1:67:f0,PLDTHOMEDSL167F0,[WPA-PSK-CCMP+TKIP][WPA2-PSK-CCMP+TKIP][WPS][ESS],WPA2/WPA,5,5,-89,-87
cc:06:77:5c:8b:50,PLDTHOMEFIBRc8b50,[WPA-PSK-TKIP][WPA2-PSK-CCMP][ESS],WPA2/WPA,5,5,-89,-78
cc:06:77:b4:38:f8,PLDTHOMEFIBRRAMOS2.4G,[WPA-PSK-TKIP][WPA2-PSK-CCMP][WPS][ESS],WPA2/WPA,1,1,-76,-75
d4:6e:0e:d4:6a:5c,PLDTHOMEDSL57753_EXT,[WPA-PSK-CCMP+TKIP][WPA2-PSK-CCMP+TKIP][ESS],WPA2/WPA,7,7,-80,-86
90:61:0c:2c:e1:99,PLDTHOMEDSL57753,[WPA-PSK-CCMP+TKIP][WPA2-PSK-CCMP+TKIP][WPS][ESS],WPA2/WPA,7,7,-84,-93
9c:a9:e4:93:5c:4c,no net,[WPA-PSK-CCMP+TKIP][WPA2-PSK-CCMP+TKIP][WPS][ESS],WPA2/WPA,11,11,-87,-88
94:46:96:15:54:27,PLDTHOMEDSL6S6N0,[WPA-PSK-CCMP+TKIP][WPA2-PSK-CCMP+TKIP][ESS],WPA2/WPA,5,5,-87,-85
00:0e:f4:db:e1:71,PLDTHOMEDSL,[WPA-PSK-CCMP+TKIP][WPA2-PSK-CCMP+TKIP][ESS],WPA2/WPA,11,11,-83,-76
d4:6e:0e:bd:1c:54,REDCIRCLE,[WPA-PSK-CCMP][WPA2-PSK-CCMP][WPS][ESS],WPA2/WPA,6,6,-88,-90
78:44:76:c8:1b:e8,TPLINK,[WPA2-PSK-CCMP][ESS],WPA2,6,6,-88,-90
78:54:2e:59:49:a8,dlink,[WPA-PSK-CCMP+TKIP][WPA2-PSK-CCMP+TKIP][WPS][ESS],WPA2/WPA,1,1,-87,-85
76:4a:a4:ce:13:f0,Smart Bro_CE13F0,[WPA-PSK-CCMP+TKIP][WPA2-PSK-CCMP+TKIP][WPS][ESS],WPA2/WPA,6,6,-87,-87
 
WiGLE Unique,55
BSSID,SSID,Wigle-Encryption,Wigle-Channel,Wigle Avg RSSI
51502_30229_210031200,Globe,HSPA;ph,0,-69
24:a4:3c:74:4f:e1,HolySpirit3,[WPA2-PSK-CCMP][ESS],136,-86
f0:9f:c2:9c:45:4e,BHSQC-PA2,[WPA2-PSK-CCMP][ESS],36,-89
f0:98:38:3d:90:80,HUAWEI-rvf2,[WPA-PSK-CCMP+TKIP][WPA2-PSK-CCMP+TKIP][ESS],6,-88
cc:06:77:76:52:64,PLDTHOMEFIBR5G65260,[WPA-PSK-TKIP][WPA2-PSK-CCMP][ESS],44,-80
51502_30229_209979518,Globe,HSPA;ph,0,-113
9c:3d:cf:1a:c7:37,NETGEAR32-5G,[WPA2-PSK-CCMP][WPS][ESS],153,-80
cc:06:77:76:5e:c4,modnails,[WPA-PSK-TKIP][WPA2-PSK-CCMP][ESS],36,-78
b4:75:0e:f9:5d:7b,Linksys01468_5GHz,[WPA2-PSK-CCMP][WPS][ESS],40,-89
10:7b:44:ca:85:44,Hermes,[WPA2-PSK-CCMP][WPS][ESS],40,-87
51502_30229_210040831,Globe,HSPA;ph,0,-107
fc:b4:e6:a9:28:e5,A&K Home,[WPA-PSK-CCMP+TKIP][WPA2-PSK-CCMP+TKIP][WPS][ESS],11,-89
cc:06:77:6f:f1:0c,Segunial5g,[WPA-PSK-TKIP][WPA2-PSK-CCMP][ESS],36,-84
e8:40:f2:da:bf:7e,c86964,[WPA-PSK-TKIP][WPS][ESS],1,-79
f0:98:38:a0:16:0c,IKOT,[WPA-PSK-CCMP+TKIP][WPA2-PSK-CCMP+TKIP][ESS],6,-87
7c:8b:ca:31:36:36,KUYA GLEN WIFI-HOTSPOT,[ESS],2,-88
cc:06:77:b5:6b:8c,VALDERRAMA_5G,[WPA-PSK-TKIP][WPA2-PSK-CCMP][ESS],36,-89
c0:56:27:84:57:ad,ac9ad6,[WPA2-PSK-CCMP][WPS][ESS],11,-84
cc:06:77:6f:c5:2c,DoNotUse FIBR_Sulit5G,[WPA-PSK-TKIP][WPA2-PSK-CCMP][ESS],36,-76
cc:06:77:6f:c5:28,Use FIBR_Sulit2.4G,[WPA-PSK-TKIP][WPA2-PSK-CCMP][ESS],11,-77
cc:06:77:75:8d:64,PLDTHOMEFIBR5G58d60,[WPA-PSK-TKIP][WPA2-PSK-CCMP][ESS],36,-84
cc:06:77:5b:96:ac,Pugad Baboy,[WPA-PSK-TKIP][WPA2-PSK-CCMP][ESS],36,-89
cc:06:77:5b:96:a8,H&M,[WPA-PSK-TKIP][WPA2-PSK-CCMP][ESS],8,-85
00:13:33:ed:3f:82,PLDTHOMEDSLAganon,[WPA-PSK-CCMP+TKIP][WPA2-PSK-CCMP+TKIP][ESS],2,-81
51502_30229_210018752,Globe,HSPA;ph,0,-113
24:a4:3c:78:cc:0f,Annex3,[WPA2-PSK-CCMP][ESS],40,-88
94:46:96:16:d4:0f,MaveeWifi,[WPA-PSK-CCMP+TKIP][WPA2-PSK-CCMP+TKIP][ESS],1,-83
38:d4:0b:03:8a:d9,S8 edge plus,[WPA2-PSK-CCMP][ESS],6,-87
00:13:33:e3:64:82,PLDTHOMEDSL,[WPA-PSK-CCMP+TKIP][WPA2-PSK-CCMP+TKIP][ESS],11,-87
00:13:33:f6:8e:5e,PLDTHOMEDSLFairyTail,[WPA-PSK-CCMP+TKIP][WPA2-PSK-CCMP+TKIP][ESS],1,-83
24:a4:3c:78:c6:4c,Annex2,[WPA2-PSK-CCMP][ESS],112,-81
58:6d:8f:6d:f7:cc,CiscoD2521,[WPA-PSK-CCMP+TKIP][WPA2-PSK-CCMP+TKIP][WPS][ESS],6,-91
86:be:52:de:f0:df,Hide yo wifi,[WPA2-PSK-CCMP][WPS][ESS],11,-87
a0:f8:49:ee:88:ef,REGION IV-A,[WPA2-PSK-CCMP][ESS],36,-89
a0:f8:49:ee:9e:cd,COA Exclusive,[WPA2-PSK-CCMP][ESS],36,-90
51502_20212_53098,Globe,EDGE;ph,0,-108
2c:4d:54:7a:33:ba,sample,[WPA2-PSK-CCMP][ESS],1,-86
00:13:33:f7:5b:ef,PLDTHOMEDSL,[WPA-PSK-CCMP+TKIP][WPA2-PSK-CCMP+TKIP][ESS],2,-80
bc:c0:0f:7b:bc:10,REMEDIOS,[WPA-PSK-CCMP][WPA2-PSK-CCMP][ESS],2,-86
94:a7:b7:26:61:87,jaredcamuel1,[WPA-PSK-CCMP+TKIP][WPA2-PSK-CCMP+TKIP][WPS][ESS],2,-88
24:a4:3c:78:cc:c5,Link1,[ESS],153,-87
18:de:d7:34:13:80,HUAWEI-8vpD,[WPA-PSK-CCMP+TKIP][WPA2-PSK-CCMP+TKIP][ESS],10,-86
00:26:75:ce:9e:c8,CDSMVL2006,[WPA-PSK-CCMP+TKIP][ESS],3,-79
9c:6f:52:34:fd:bc,bayanDSLWIFI_FDBC,[WPA-PSK-CCMP+TKIP][WPA2-PSK-CCMP+TKIP][WPS][ESS],1,-68
b0:b2:dc:f9:e9:2c,PLDTMyDSL,[WPA2-PSK-CCMP][WPS][ESS],11,-85
00:26:75:e7:7d:5c,ayende_family,[WPA-PSK-CCMP+TKIP][ESS],10,-87
90:61:0c:3a:50:c2,PLDTHOMEDSL20674,[WPA-PSK-CCMP+TKIP][WPA2-PSK-CCMP+TKIP][ESS],11,-76
f2:81:7a:6e:2b:a6,April Sharron?s iPhone,[WPA2-PSK-CCMP][ESS],1,-87
51502_30229_210031199,Globe,HSPA;ph,0,-105
00:13:33:de:c4:6d,PLDTHOMEDSL,[WPA-PSK-CCMP+TKIP][WPA2-PSK-CCMP+TKIP][ESS],11,-85
c4:86:e9:a8:db:a2,escamillas family,[WPA-PSK-CCMP+TKIP][WPA2-PSK-CCMP+TKIP][ESS],8,-85
00:13:33:e1:9a:3a,PLDTHOMEDSL,[WPA-PSK-CCMP+TKIP][WPA2-PSK-CCMP+TKIP][ESS],11,-84
cc:06:77:b4:38:fc,PLDTHOMEFIBRRAMOS5G,[WPA-PSK-TKIP][WPA2-PSK-CCMP][ESS],36,-79
d4:6e:0e:d4:6a:5e,PLDTHOMEDSL57753,[WPA-PSK-CCMP+TKIP][WPA2-PSK-CCMP+TKIP][ESS],40,-68
51502_30229_210031197,Globe,HSPA;ph,0,-113
 
RPi Unique,237
BSSID,SSID,RPi-Encryption,RPi-Channel,RPi Avg RSSI
ec:8a:4c:a6:ac:b4,STARRSFAMOUS,WPA2/WPA,1,-79
ae:5f:3e:9c:e4:29,PSETDSDDDB39,WPA2,1,-78
aa:a6:68:b4:bf:16,Jmovers2017,WPA2/WPA,1,-65
06:75:0e:19:ab:67,ICON-Guests,WPA2/WPA,1,-86
0a:18:0a:84:09:5e,,OPN,1,-86
00:13:33:f7:a0:af,PLDTHOMEDSL,WPA2/WPA,6,-84
94:0c:6d:a6:64:58,Zenjoe,WPA2/WPA,6,-88
10:fe:ed:9e:49:09,TP-LINK_9E4909,OPN,6,-85
58:70:c6:fd:06:50,YICarCam_fd0650,WPA2,7,-80
e8:50:8b:4e:17:7b,S6 edge,WPA2,6,-85
c4:6e:1f:49:06:42,RODZONE,WPA2,6,-92
b0:c1:9e:4b:d5:b1,AIRFIBR777,WPA2/WPA,7,-77
a8:a6:68:2f:83:e8,Smitty Werben Jaegerman Jensen,WPA2/WPA,11,-86
00:13:33:e6:4a:92,5Loaves2Fish,WPA2/WPA,11,-85
00:13:33:c6:81:de,PLDTHOMEDSL_RUCKER,WPA2/WPA,11,-86
0c:bd:51:fb:61:4a,AlcatelOneTouch,WPA,11,-91
00:13:33:e6:4a:91,PLDTHOMEDSL,WPA2/WPA,11,-86
00:13:33:e4:2e:cb,PLDTHOMEDSL,WPA2/WPA,11,-88
78:c1:a7:04:59:18,ZTEH108N_45918,WPA,11,-89
00:13:33:db:0a:1f,PLDTHOMEDSL,WPA2/WPA,11,-90
b8:ec:a3:44:9f:1f,The Dental Lounge,WPA2/WPA,5,-87
8e:79:67:93:6b:e8,ashe,WPA2,6,-74
5c:f2:86:2e:6c:ab,Globe_LTE MIFI_6CAB,WPA2/WPA,7,-87
60:31:97:14:17:df,PLDTMyDSLBiz17DE0,WPA2/WPA,9,-91
00:13:33:cc:2f:04,,OPN,11,-87
b8:27:eb:b9:1c:be,ss,WPA,1,-85
38:a2:8c:fb:45:52,Mitsubishi Wireless TV 767,OPN,44,-68
5c:f2:86:23:2e:2a,MakiMykz,WPA2,6,-79
00:13:33:f5:8c:48,PLDTHOMEDSL,WPA2/WPA,6,-87
5c:f2:86:23:83:46,JOANJO,WPA2/WPA,7,-87
f0:98:38:3d:9c:ec,HUAWEI-6we7,WPA2/WPA,7,-89
00:1f:fb:b2:ea:95,HomeBro_ULTERA,WPA2,1,-88
b4:75:0e:19:ab:67,ICON,WPA2/WPA,1,-90
c4:86:e9:6e:58:c1,wifi not in range,WPA2/WPA,5,-82
94:46:96:0e:ba:04,PLDTHOMEDSL,WPA2/WPA,9,-93
2c:dd:95:f4:0d:42,PLDTHOMEDSL40D42,WPA2/WPA,10,-88
2c:30:33:e6:e1:35,space.gap.home1_2GEXT,WPA2,10,-89
90:61:0c:40:a9:d2,PLDTHOMEDSL43474,WPA2/WPA,1,-86
70:5a:9e:64:3d:3a,SKYbroadband3D37,WPA2/WPA,1,-84
bc:c0:0f:7b:89:38,whitehouse,WPA2/WPA,5,-84
04:4f:4c:26:1c:e1,HUAWEI-1CE1,WPA2,9,-82
94:46:96:1d:7c:34,PLDTHOMEDSLJYJY0,WPA2/WPA,5,-85
e0:8e:3c:0b:5c:b2,Aztech 02,WPA2/WPA,6,-90
00:13:33:c6:84:c2,PLDTHOMEDSL,WPA2/WPA,11,-83
64:66:b3:a4:3c:f7,Martinez Home Network,WPA2/WPA,1,-83
9c:6f:52:19:9f:e7,ZTEH108N_99FE7,WPA,1,-80
90:61:0c:35:e4:47,brgydelgado,WPA2/WPA,1,-89
90:61:0c:38:1c:3c,PLDTHOMEREPEATER81C3C,WPA2/WPA,2,-89
00:1f:fb:b7:b8:8b,HomeBro_ULTERA,WPA2,5,-90
78:c1:a7:25:3f:26,Avino Rivera,WPA2/WPA,6,-79
bc:c0:0f:7b:d4:90,KawawaKaNamanWalangWifi,WPA2/WPA,7,-82
18:de:d7:33:e8:64,JR.Net,WPA2/WPA,6,-85
14:ab:f0:4d:22:b0,OC17,WPA2,11,-87
48:f8:b3:a9:ad:05,MYLO,WPA2/WPA,10,-87
4a:f8:b3:a9:ad:06,MYLO-guest,OPN,10,-86
94:46:96:0e:57:53,PLDTHOMEDSLkuting,WPA2/WPA,2,-90
4c:81:20:f3:2b:8f,PLDTHOMEDSL32B8F,WPA2/WPA,5,-88
00:1d:0f:d5:38:64,TP-LINK,WEP,6,-91
cc:06:77:b5:6b:88,VALDERRAMA,WPA2/WPA,11,-91
00:22:75:f1:5e:95,dmv,WPA2/WPA,1,-89
c8:d7:19:a6:79:05,LinksysExtender02460,OPN,1,-84
c8:be:19:71:1e:b2,dlink-1EB2,WPA2/WPA,3,-91
cc:06:77:72:23:40,PLDTHOMEFIBR22340,WPA2/WPA,5,-92
ec:08:6b:89:ae:aa,#pamjay,WPA2/WPA,6,-86
00:02:6f:95:63:cc,dimayuga,WPA,7,-83
20:aa:4b:98:b4:36,Linksys,WPA2,11,-89
00:71:c2:3b:12:96,ac9ad6,WPA2/WPA,11,-91
9c:6f:52:19:93:7a,Avino Family,WPA2/WPA,11,-90
aa:a6:68:b4:bc:21,antrax,WPA2/WPA,13,-92
88:3f:d3:2c:34:f8,Marky Broadband,WPA2/WPA,5,-87
38:d8:2f:22:91:e0,BayanDSL,WPA2/WPA,10,-86
1c:74:0d:16:31:30,PLDTHOMEDSLairport,WPA,10,-88
90:61:0c:38:28:9c,PLDTHOMEREPEATER8289C,WPA2/WPA,11,-82
90:61:0c:37:5c:6c,WAG KANG MAKI-WIFI!!!!!,WPA2/WPA,11,-87
00:13:33:e2:c2:2f,PLDTHOMEDSL,WPA2/WPA,11,-84
1c:a5:32:90:40:58,PLDTHOMEDSL04058,WPA2,11,-85
90:61:0c:36:0c:3d,PLDTHOMEDSL03133,WPA2/WPA,1,-84
2c:dd:95:f5:80:2e,DIZONWIFI,WPA2,1,-84
94:46:96:1f:4b:0e,PLDTHOMEDSLGEGJ0,WPA2/WPA,1,-85
94:46:96:18:a1:90,,WPA2/WPA,1,-86
00:1f:fb:c5:f1:d5,HomeBro_ULTERA,WPA2,1,-87
9c:6f:52:1b:db:cb,ZTEH108N_BDBCB,WPA,3,-87
5c:54:6d:43:8a:e0,BoB Soler,WPA2/WPA,6,-82
94:46:96:1d:8a:86,,OPN,5,-90
00:23:69:c3:af:58,,WPA,6,-83
90:61:0c:10:31:04,PLDTMyDSL,WPA2/WPA,11,-75
00:26:75:b6:8a:8b,Aztech5001_initAzt,WPA,13,-81
e0:8e:3c:2e:7d:a1,Baby Lavares,WPA,1,-88
00:13:33:fd:55:4a,PLDTHOMEDSL,WPA2/WPA,2,-89
88:d2:74:86:d3:cd,COMCAST1,WPA2/WPA,3,-82
d0:ff:98:32:66:6b,CHRIXTUS,WPA2/WPA,4,-80
78:c1:a7:25:91:fa,,WPA,3,-87
48:7b:6b:f0:67:8c,HUAWEI-YXXt,WPA2/WPA,5,-89
8c:eb:c6:ee:56:5b,FAMILY,WPA2/WPA,5,-93
e4:6f:13:61:0b:94,SMACQBYTES,WPA2/WPA,10,-75
72:4d:7b:07:ed:c3,ASUS_X008D,WPA2,9,-89
e0:8e:3c:2e:00:b5,bayanDSLWIFI_00B5,WPA2/WPA,10,-90
90:61:0c:12:c2:6b,WIFINIDADO,WPA2/WPA,11,-75
00:1d:7e:b1:54:a4,FNALA2,OPN,11,-87
90:61:0c:12:c2:6a,,WPA,11,-75
00:13:33:e9:84:72,PLDTHOMEDSL,WPA2/WPA,11,-88
90:61:0c:0d:93:10,PLDTMyDSLTE,WPA2/WPA,11,-89
90:61:0c:29:b9:12,dndcrepair,WPA2/WPA,11,-80
d2:5b:a8:f8:cc:2f,ABRIL FAMILY WIFI,WPA2/WPA,13,-72
90:61:0c:2e:a2:c5,PLDTHOMEDSL41669,WPA2/WPA,1,-81
00:13:33:fe:77:31,PLDTHOMEDSL,WPA2/WPA,1,-74
90:61:0c:39:c0:67,WhyPhy1234,WPA2/WPA,1,-77
00:13:33:f5:8f:18,PLDTHOMEDSL09968084405,WPA2/WPA,2,-65
90:61:0c:35:df:c1,PLDTHOMEDSL57281,WPA2/WPA,1,-83
88:3f:d3:2c:44:90,connect_me_zeihg,WPA2/WPA,4,-76
00:13:33:ff:ac:f5,,WPA2/WPA,6,-88
90:61:0c:3a:62:92,SACHI,WPA2/WPA,6,-84
c8:3a:35:3c:8a:c8,Tenda_3C8AC8,WPA2/WPA,5,-90
88:3f:d3:2c:45:90,Basura,WPA2/WPA,7,-80
00:13:33:ff:ac:f6,CLAVERIA,WPA2/WPA,6,-87
90:61:0c:41:05:8c,PLDTHOMEDSL01420,WPA2/WPA,7,-82
4c:81:20:f3:92:5b,PLDTHOMEDSL3925B,WPA2,8,-92
a4:71:74:3a:bc:c3,FREE WIFI,WPA2/WPA,10,-77
80:1f:02:6e:f5:1e,ninja,WPA,11,-84
ec:8a:4c:94:59:75,iLog,WPA2/WPA,10,-88
f0:98:38:3d:99:44,HUAWEI-y28t,WPA2/WPA,11,-90
00:13:33:c6:1d:ca,PLDTHOMEDSL,WPA2/WPA,11,-92
90:61:0c:35:ef:52,PLDTHOMEDSL61266,WPA2/WPA,1,-85
90:61:0c:39:f9:bb,PLDTHOMEDSL63931,WPA2/WPA,1,-81
00:26:75:f7:0f:0c,BAYMAXXX,WPA,1,-84
88:d2:74:86:b2:f6,wifi ni mommy,WPA2/WPA,1,-87
00:13:33:d2:2f:df,PLDTHOMEDSL_56,WPA2/WPA,11,-79
90:61:0c:11:e9:27,PLDTMyDSL,WPA2/WPA,11,-88
52:8f:4c:50:92:6a,DIRECT-ZG-mido,WPA2,5,-84
d4:a1:48:f2:31:cf,,WPA2/WPA,10,-78
18:de:d7:33:ec:40,HUAWEI-yWEU,WPA2/WPA,11,-84
00:0b:85:1a:d3:c2,COA Exclusive,WEP,11,-91
00:13:33:fc:e9:f7,PLDTHOMEDSL,WPA2/WPA,3,-85
28:ff:3e:3d:e3:2d,bayanDSLWIFI_E32D,WPA2/WPA,5,-88
e4:7d:eb:03:7d:ee,P01I-7DEE,WPA2,6,-89
94:46:96:1f:b4:22,KROSS,WPA2/WPA,7,-89
4c:81:20:92:d2:aa,PLDTHOMEDSL2D2AA,WPA2,10,-91
94:46:96:1f:6f:49,PLDTHOMEDSLH3HC0,WPA2/WPA,1,-84
00:13:33:e9:58:49,PLDTHOMEDSL_mo_to,WPA2,8,-87
50:a7:2b:72:dc:c1,,WPA2,11,-88
88:3f:d3:05:76:60,Melody,WPA2/WPA,2,-88
f0:98:38:07:d8:80,aydumo,WPA2/WPA,4,-90
f0:98:38:72:f2:f8,JannelGayle,WPA2/WPA,6,-90
bc:c0:0f:7b:63:e0,FIBERHOME_b63e0,WPA2/WPA,8,-86
88:d2:74:86:c9:50,3,WPA2/WPA,10,-90
78:c1:a7:00:3d:f8,ZTEH108N_03DF8,WPA,11,-88
fa:8f:ca:38:e0:c2,,OPN,1,-88
48:7b:6b:f0:62:0c,ESPARRAGO,WPA2/WPA,5,-79
b8:ec:a3:42:a1:11,PLDTMyDSLBiz88080,WPA2/WPA,9,-91
72:ec:a3:42:a1:12,PLDTMyDSLBiz_RSA,WPA2/WPA,9,-90
6c:8b:2f:8c:ae:c6,piyahjham,WPA2/WPA,11,-85
d0:ff:98:31:fd:ac,Quilicol family,WPA2/WPA,11,-92
58:1f:28:21:5d:e3,HUAWEI-E5330-5DE3,WPA2,1,-85
a0:f8:49:ee:9e:c2,COA Exclusive,WPA2,1,-81
f8:32:e4:b7:af:78,rwing,WPA2,2,-91
6e:5c:14:e1:a2:36,sexy jonna,WPA,5,-85
38:a2:8c:fb:3e:b7,Mitsubishi Wireless TV 553,OPN,36,-86
ec:8a:4c:a6:4d:b8,bayanDSLWiFi_4DB8,WPA2/WPA,10,-81
e4:18:6b:bb:7e:4e,PLDTMyDSLBiz77840,WPA2/WPA,7,-88
90:61:0c:2d:eb:52,PLDTHOMEDSL60242,WPA2/WPA,1,-86
94:46:96:1d:30:3a,PLDTHOMEDSLCRCM0,WPA2/WPA,1,-78
c8:d7:19:db:28:5f,Andes,WPA2/WPA,13,-92
90:61:0c:2e:44:0c,PLDTHOMEDSL17420,WPA2/WPA,1,-84
18:de:d7:34:0e:e8,HUAWEI-c6nC,WPA2/WPA,5,-87
90:61:0c:35:41:2b,PLDTHOMEDSL_YenKc,WPA2/WPA,7,-90
f0:98:38:07:d5:f8,yelenascloset,WPA2/WPA,8,-89
94:a7:b7:26:69:64,bayanDSLWIFI_6964,WPA2/WPA,1,-83
8c:eb:c6:93:29:d0,GRB,WPA2/WPA,6,-90
34:ba:9a:54:e1:b2,Smart_Bro_54E1B2,WPA2,8,-91
36:69:87:a1:9b:7a,foxy.R,WPA2,13,-90
38:2d:e8:c8:09:c6,BS8h-Y2Vwcw,OPN,6,-93
90:61:0c:2e:0e:fa,PLDTHOMEDSLlipdide,WPA2/WPA,11,-83
c4:07:2f:81:7b:b1,lhynceyh,WPA2,0,-88
00:13:33:d0:76:f7,,WPA2/WPA,11,-83
90:61:0c:3a:50:01,kelcheng22,WPA2/WPA,11,-91
78:c1:a7:02:75:ec,,WPA2/WPA,1,-83
00:13:33:f0:0a:7d,PLDTHOMEDSLGanigan-Sulaiman,WPA2/WPA,1,-87
94:46:96:1f:85:fb,PLDTHOMEDSLIMIV0,WPA2/WPA,3,-87
34:08:04:0b:a1:20,Adventure Time!,WPA2/WPA,9,-89
00:13:33:d9:9f:cc,PLDTHOMEDSLkapalmo,WPA2/WPA,11,-93
fc:8b:97:ec:45:b9,PLDTMyDSL,WPA2/WPA,11,-92
94:46:96:14:9a:9d,PLDTHOMEDSL9M9R0,WPA2/WPA,11,-89
78:c1:a7:23:6b:52,Mind Your Own Life Asshole,WPA,1,-79
c8:14:51:59:ec:1e,HUAWEI-EC1E,WPA2,3,-90
00:1f:fb:c6:38:e7,virus,WPA2,10,-82
94:46:96:1f:86:0a,CHUBSENCHOPS,WPA2/WPA,11,-91
78:c1:a7:06:8b:d0,ZTEH108N_68BD0,WPA,11,-92
cc:06:77:5c:9c:e0,Villacrusis 2.4,WPA2/WPA,5,-84
00:22:75:f1:aa:41,makabees,WPA2/WPA,6,-87
78:c1:a7:05:5f:9c,ZTEH108N_55F9C,WPA,9,-89
9c:6f:52:35:14:3b,bayanDSLWIFI_143B,WPA2,11,-71
b0:b2:dc:75:35:74,PLDTMyDSL,WPA2/WPA,11,-92
88:d2:74:86:b1:f7,Lumagbas Catering,WPA2/WPA,11,-89
9c:6f:52:1c:92:f7,nephiaphoebe1124,WPA,1,-87
2c:30:33:4e:21:62,NG24,WPA2,6,-87
00:13:33:c0:c4:39,PLDTHOMEDSL,WPA2/WPA,11,-91
90:61:0c:2e:f3:27,PLDTHOMEDSL62247,WPA2/WPA,1,-84
6c:3b:6b:9c:8e:dd,NORMAN WIFI 4 RENT,OPN,1,-92
cc:06:77:e2:55:20,PLDTHOMEFIBR25520,WPA2/WPA,6,-93
e8:40:f2:2d:86:71,AcunaRES,WPA,1,-86
50:09:59:db:39:ea,SKYbroadband39E7,WPA2/WPA,6,-89
88:3f:d3:06:4c:28,Secret Garden,WPA2/WPA,9,-89
34:ba:9a:56:66:99,Risa Perez,WPA2,10,-88
bc:96:80:d9:8a:be,PLDTMyDSL,WPA2/WPA,11,-79
80:29:94:67:6c:6d,SKYbroadband6C6A,WPA2/WPA,1,-84
00:13:33:fd:77:ff,PLDTHOMEDSLKING,WPA2/WPA,1,-84
00:13:33:ed:26:f5,PLDTHOMEDSL,WPA2/WPA,2,-83
18:de:d7:34:12:d4,BF38HOMES,WPA2/WPA,3,-90
94:46:96:16:f9:0d,PLDTHOMEDSLS7S70,WPA2/WPA,5,-89
00:23:69:f6:49:84,TotallyNotWifi,WPA2/WPA,6,-87
2c:dd:95:f4:be:96,PLDTHOMEDSL_WIFI,WPA2/WPA,6,-90
e0:69:95:27:89:aa,a70ed8,WPA,6,-95
30:b5:c2:66:41:9e,Romiranda Net,WPA2/WPA,7,-88
90:61:0c:40:c1:c0,PLDTHOMEDSL49600,WPA2/WPA,8,-86
00:13:33:e6:49:fb,PLDTHOMEDSL,WPA2/WPA,11,-81
f4:9e:ef:d2:29:e8,PLDTHOMEDSL_:),WPA2/WPA,10,-85
d4:6e:0e:b1:c7:39,nsg_1st,WPA2/WPA,11,-87
c0:25:e9:5d:ce:a0,Telstra_SMC BellTel,WPA2/WPA,11,-87
fc:8b:97:eb:5f:91,PLDTMyDSL,WPA2/WPA,11,-89
90:61:0c:16:dc:12,PLDTMyDSL,WPA2/WPA,11,-91
94:46:96:0e:57:76,PLDTHOMEDSL,WPA2/WPA,1,-81
90:61:0c:34:ff:d7,45CAL4u,WPA2/WPA,1,-88
90:61:0c:25:da:cf,PLDTHOMEDSL56015,WPA2/WPA,1,-88
c0:4a:00:4a:43:0e,JIR Salazar 2,WPA2/WPA,2,-89
c4:e9:84:fd:16:da,JIR Salazar 1,WPA2,3,-91
94:a7:b7:26:58:02,JIR Office,WPA2/WPA,4,-84
34:ce:00:1e:39:b2,JIR Office_plus,WPA2/WPA,4,-89
14:cc:20:eb:99:76,TP-LINK_nsg builders inc,WPA2/WPA,5,-86
88:3f:d3:05:82:3c,HUAWEI-836d,WPA2/WPA,6,-84
00:21:29:7b:57:9b,Salita,WEP,6,-89
5c:f2:86:2a:fc:b0,Globe_LTE MIFI_FCB0,WPA2/WPA,8,-90
98:de:d0:cc:52:44,BrgyZamora9,WPA2,11,-88
00:13:33:e9:a3:17,PLDTHOMEDSL,WPA2/WPA,11,-88
90:61:0c:35:50:3b,PLDTHOMEDSL20539,WPA2/WPA,1,-80
60:45:cb:cd:f6:00,little zebra,WPA2,2,-87
36:69:87:89:30:50,Lilybell_Victoria,WPA2,13,-91
d8:d8:66:00:df:47,BROADBAND,WPA2,3,-92
