{"success":true,"totalResults":1315,"search_after":51958126,"first":1,"last":100,"resultCount":100,"results":[{"trilat":14.646094319999999555648173554800450801849365234375,"trilong":121.0622100799999998343992047011852264404296875,"ssid":"bayanDSLWIFI_0B77","qos":1,"transid":"20170715-00000","firsttime":"2017-07-09T14:00:00.000Z","lasttime":"2017-07-29T13:00:00.000Z","lastupdt":"2017-07-29T13:00:00.000Z","housenumber":"","road":"V. Francisco","city":"","region":"","country":"PH","netid":"E0:8E:3C:20:0B:77","name":null,"type":"infra","comment":null,"wep":"2","channel":10,"bcninterval":0,"freenet":"?","dhcp":"?","paynet":"?","userfound":false,"encryption":"wpa2"},{"trilat":14.6502475699999994418476489954628050327301025390625,"trilong":121.0633850100000046268178266473114490509033203125,"ssid":"bayanDSLWIFI_1283","qos":0,"transid":"20170507-00000","firsttime":"2017-04-10T17:00:00.000Z","lasttime":"2017-05-07T05:00:00.000Z","lastupdt":"2017-05-07T05:00:00.000Z","housenumber":null,"road":null,"city":null,"region":null,"country":null,"netid":"E0:8E:3C:20:12:83","name":null,"type":"infra","comment":null,"wep":"2","channel":1,"bcninterval":0,"freenet":"?","dhcp":"?","paynet":"?","userfound":false,"encryption":"wpa2"},{"trilat":14.64627933999999953584847389720380306243896484375,"trilong":121.0625610400000056188218877650797367095947265625,"ssid":"Nephilim","qos":3,"transid":"20170715-00000","firsttime":"2017-06-23T08:00:00.000Z","lasttime":"2017-07-29T13:00:00.000Z","lastupdt":"2017-07-29T13:00:00.000Z","housenumber":"","road":"Salvador","city":"","region":"","country":"PH","netid":"E0:8E:3C:20:14:47","name":null,"type":"infra","comment":null,"wep":"2","channel":1,"bcninterval":0,"freenet":"?","dhcp":"?","paynet":"?","userfound":false,"encryption":"wpa2"},{"trilat":14.646779060000000072250259108841419219970703125,"trilong":121.060829159999997273189364932477474212646484375,"ssid":"Jay Sebastian","qos":0,"transid":"20170303-00000","firsttime":"2017-03-03T20:00:00.000Z","lasttime":"2017-03-03T07:00:00.000Z","lastupdt":"2017-03-03T07:00:00.000Z","housenumber":null,"road":null,"city":null,"region":null,"country":null,"netid":"E0:8E:3C:21:38:B7","name":null,"type":"infra","comment":null,"wep":"2","channel":1,"bcninterval":0,"freenet":"?","dhcp":"?","paynet":"?","userfound":false,"encryption":"wpa2"},{"trilat":14.6460962299999994939980751951225101947784423828125,"trilong":121.0601730300000014040051610209047794342041015625,"ssid":"bayanDSLWIFI_45FF","qos":2,"transid":"20170609-00000","firsttime":"2017-06-03T18:00:00.000Z","lasttime":"2017-07-29T13:00:00.000Z","lastupdt":"2017-07-29T13:00:00.000Z","housenumber":"","road":"Maginhawa","city":"","region":"","country":"PH","netid":"E0:8E:3C:21:45:FF","name":null,"type":"infra","comment":null,"wep":"2","channel":11,"bcninterval":0,"freenet":"?","dhcp":"?","paynet":"?","userfound":false,"encryption":"wpa2"},{"trilat":14.649229999999999307647158275358378887176513671875,"trilong":121.06306458000000247920979745686054229736328125,"ssid":"bayanDSLWIFI_4E8F","qos":0,"transid":"20170507-00000","firsttime":"2017-04-20T20:00:00.000Z","lasttime":"2017-05-07T05:00:00.000Z","lastupdt":"2017-05-07T05:00:00.000Z","housenumber":null,"road":null,"city":null,"region":null,"country":null,"netid":"E0:8E:3C:21:4E:8F","name":null,"type":"infra","comment":null,"wep":"2","channel":1,"bcninterval":0,"freenet":"?","dhcp":"?","paynet":"?","userfound":false,"encryption":"wpa2"},{"trilat":14.649674420000000196750988834537565708160400390625,"trilong":121.0644378700000061144237406551837921142578125,"ssid":"Loading...","qos":0,"transid":"20170507-00000","firsttime":"2017-04-20T20:00:00.000Z","lasttime":"2017-05-07T05:00:00.000Z","lastupdt":"2017-05-07T05:00:00.000Z","housenumber":null,"road":null,"city":null,"region":null,"country":null,"netid":"E0:8E:3C:1A:5E:4F","name":null,"type":"infra","comment":null,"wep":"2","channel":1,"bcninterval":0,"freenet":"?","dhcp":"?","paynet":"?","userfound":false,"encryption":"wpa2"},{"trilat":14.6491565700000005989522833260707557201385498046875,"trilong":121.0575790399999931423735688440501689910888671875,"ssid":"bayanDSLWIFI_6F37","qos":0,"transid":"20170609-00000","firsttime":"2017-06-03T18:00:00.000Z","lasttime":"2017-06-09T05:00:00.000Z","lastupdt":"2017-06-09T05:00:00.000Z","housenumber":null,"road":null,"city":null,"region":null,"country":null,"netid":"E0:8E:3C:1A:6F:37","name":null,"type":"infra","comment":null,"wep":"2","channel":1,"bcninterval":0,"freenet":"?","dhcp":"?","paynet":"?","userfound":false,"encryption":"wpa2"},{"trilat":14.6496686900000003817012839135713875293731689453125,"trilong":121.0622940100000022312087821774184703826904296875,"ssid":"juan","qos":0,"transid":"20161213-00000","firsttime":"2001-01-01T08:00:00.000Z","lasttime":"2017-02-22T15:00:00.000Z","lastupdt":"2017-02-22T15:00:00.000Z","housenumber":null,"road":null,"city":null,"region":null,"country":null,"netid":"E0:8E:3C:1A:D1:4F","name":null,"type":"infra","comment":null,"wep":"2","channel":1,"bcninterval":0,"freenet":"?","dhcp":"?","paynet":"?","userfound":false,"encryption":"wpa2"},{"trilat":14.6476154300000001029502527671866118907928466796875,"trilong":121.0642776499999939687768346630036830902099609375,"ssid":"Francisco","qos":6,"transid":"20160907-00000","firsttime":"2016-09-03T21:00:00.000Z","lasttime":"2017-09-21T05:00:00.000Z","lastupdt":"2017-09-21T05:00:00.000Z","housenumber":"","road":"Carlos P. Garcia Avenue","city":"Quezon City","region":"","country":"PH","netid":"E0:8E:3C:1A:D7:1F","name":null,"type":"infra","comment":null,"wep":"2","channel":1,"bcninterval":0,"freenet":"?","dhcp":"?","paynet":"?","userfound":false,"encryption":"wpa2"},{"trilat":14.648060799999999659348759450949728488922119140625,"trilong":121.064010620000004792018444277346134185791015625,"ssid":"bayanDSLWIFI_E607","qos":6,"transid":"20160907-00000","firsttime":"2016-08-11T18:00:00.000Z","lasttime":"2017-10-28T06:00:00.000Z","lastupdt":"2017-10-28T06:00:00.000Z","housenumber":"","road":"Delos Reyes","city":"Quezon City","region":"","country":"PH","netid":"E0:8E:3C:1A:E6:07","name":null,"type":"infra","comment":null,"wep":"2","channel":1,"bcninterval":0,"freenet":"?","dhcp":"?","paynet":"?","userfound":false,"encryption":"wpa2"},{"trilat":14.6470565799999992151469996315427124500274658203125,"trilong":121.06232452000000421321601606905460357666015625,"ssid":"Bon Appetit","qos":6,"transid":"20160907-00000","firsttime":"2016-09-03T21:00:00.000Z","lasttime":"2017-10-26T06:00:00.000Z","lastupdt":"2017-10-26T06:00:00.000Z","housenumber":"","road":"Emilio Jacinto","city":"Quezon City","region":"","country":"PH","netid":"E0:8E:3C:1A:F6:63","name":null,"type":"infra","comment":null,"wep":"2","channel":1,"bcninterval":0,"freenet":"?","dhcp":"?","paynet":"?","userfound":false,"encryption":"wpa2"},{"trilat":14.650173190000000289501258521340787410736083984375,"trilong":121.0631027200000033872129279188811779022216796875,"ssid":"delapaz","qos":1,"transid":"20130317-00000","firsttime":"2013-03-17T21:00:00.000Z","lasttime":"2017-05-07T05:00:00.000Z","lastupdt":"2017-05-07T05:00:00.000Z","housenumber":null,"road":null,"city":null,"region":"Metro Manila","country":"PH","netid":"D8:5D:4C:DE:A0:18","name":null,"type":"infra","comment":null,"wep":"2","channel":6,"bcninterval":0,"freenet":"?","dhcp":"?","paynet":"?","userfound":false,"encryption":"wpa2"},{"trilat":14.64766597999999930834746919572353363037109375,"trilong":121.064186100000000578802428208291530609130859375,"ssid":"PLDTHOMEDSLH9H40","qos":5,"transid":"20170309-00000","firsttime":"2017-03-09T18:00:00.000Z","lasttime":"2017-09-21T05:00:00.000Z","lastupdt":"2017-09-21T05:00:00.000Z","housenumber":"","road":"Carlos P. Garcia Avenue","city":"Quezon City","region":"","country":"PH","netid":"94:46:96:18:07:21","name":null,"type":"infra","comment":null,"wep":"2","channel":5,"bcninterval":0,"freenet":"?","dhcp":"?","paynet":"?","userfound":false,"encryption":"wpa2"},{"trilat":14.6459074000000004645016815629787743091583251953125,"trilong":121.0622787500000043792169890366494655609130859375,"ssid":"PLDTHOMEDSLJNJS0","qos":1,"transid":"20170715-00000","firsttime":"2017-07-09T14:00:00.000Z","lasttime":"2017-07-29T13:00:00.000Z","lastupdt":"2017-07-29T13:00:00.000Z","housenumber":"","road":"V. Francisco","city":"","region":"","country":"PH","netid":"94:46:96:1D:43:AE","name":null,"type":"infra","comment":null,"wep":"2","channel":5,"bcninterval":0,"freenet":"?","dhcp":"?","paynet":"?","userfound":false,"encryption":"wpa2"},{"trilat":14.646292689999999225847204797901213169097900390625,"trilong":121.0628662099999957035834086127579212188720703125,"ssid":"sleepingchild","qos":3,"transid":"20170715-00000","firsttime":"2017-06-23T08:00:00.000Z","lasttime":"2017-10-26T06:00:00.000Z","lastupdt":"2017-10-26T06:00:00.000Z","housenumber":"","road":"Salvador","city":"","region":"","country":"PH","netid":"94:46:96:1E:18:B0","name":null,"type":"infra","comment":null,"wep":"2","channel":11,"bcninterval":0,"freenet":"?","dhcp":"?","paynet":"?","userfound":false,"encryption":"wpa2"},{"trilat":14.6501846300000000411500877817161381244659423828125,"trilong":121.0630798300000066092252382077276706695556640625,"ssid":"PLDTHOMEDSL6H6D0","qos":0,"transid":"20170507-00000","firsttime":"2017-04-10T17:00:00.000Z","lasttime":"2017-05-07T05:00:00.000Z","lastupdt":"2017-05-07T05:00:00.000Z","housenumber":null,"road":null,"city":null,"region":null,"country":null,"netid":"94:46:96:1E:F2:58","name":null,"type":"infra","comment":null,"wep":"2","channel":5,"bcninterval":0,"freenet":"?","dhcp":"?","paynet":"?","userfound":false,"encryption":"wpa2"},{"trilat":14.647082329999999927849785308353602886199951171875,"trilong":121.063781739999996034384821541607379913330078125,"ssid":"PLDTHOMEDSLD6DB0","qos":0,"transid":"20170921-00000","firsttime":"2017-09-21T20:00:00.000Z","lasttime":"2017-09-21T05:00:00.000Z","lastupdt":"2017-09-21T05:00:00.000Z","housenumber":"","road":"B. Baluyot","city":"","region":"","country":"PH","netid":"94:46:96:1F:94:6A","name":null,"type":"infra","comment":null,"wep":"2","channel":9,"bcninterval":0,"freenet":"?","dhcp":"?","paynet":"?","userfound":false,"encryption":"wpa2"},{"trilat":14.649891849999999493547875317744910717010498046875,"trilong":121.05746460000000297441147267818450927734375,"ssid":"PLDTHOMEDSLPPPP0","qos":0,"transid":"20170609-00000","firsttime":"2017-06-03T18:00:00.000Z","lasttime":"2017-06-09T05:00:00.000Z","lastupdt":"2017-06-09T05:00:00.000Z","housenumber":null,"road":null,"city":null,"region":null,"country":null,"netid":"94:46:96:20:B5:2F","name":null,"type":"infra","comment":null,"wep":"2","channel":2,"bcninterval":0,"freenet":"?","dhcp":"?","paynet":"?","userfound":false,"encryption":"wpa2"},{"trilat":14.6502151499999992978473528637550771236419677734375,"trilong":121.0574111899999962815854814834892749786376953125,"ssid":"HomeNetworkOK","qos":0,"transid":"20170609-00000","firsttime":"2017-06-03T18:00:00.000Z","lasttime":"2017-06-09T05:00:00.000Z","lastupdt":"2017-06-09T05:00:00.000Z","housenumber":null,"road":null,"city":null,"region":null,"country":null,"netid":"94:46:96:13:AD:77","name":null,"type":"infra","comment":null,"wep":"2","channel":1,"bcninterval":0,"freenet":"?","dhcp":"?","paynet":"?","userfound":false,"encryption":"wpa2"},{"trilat":14.6488475799999999793499227962456643581390380859375,"trilong":121.05751037999999653038685210049152374267578125,"ssid":"PLDTHOMEDSLMZMZ0","qos":0,"transid":"20170609-00000","firsttime":"2017-06-03T18:00:00.000Z","lasttime":"2017-06-09T05:00:00.000Z","lastupdt":"2017-06-09T05:00:00.000Z","housenumber":null,"road":null,"city":null,"region":null,"country":null,"netid":"94:46:96:14:B7:58","name":null,"type":"infra","comment":null,"wep":"2","channel":9,"bcninterval":0,"freenet":"?","dhcp":"?","paynet":"?","userfound":false,"encryption":"wpa2"},{"trilat":14.646048549999999721649146522395312786102294921875,"trilong":121.0526885999999961995854391716420650482177734375,"ssid":"VIRUS","qos":0,"transid":"20171016-00000","firsttime":"2017-10-17T10:00:00.000Z","lasttime":"2017-10-17T04:00:00.000Z","lastupdt":"2017-10-17T04:00:00.000Z","housenumber":"","road":"Makatarungan","city":"Quezon City","region":"","country":"PH","netid":"90:61:0C:2C:82:76","name":null,"type":"infra","comment":null,"wep":"2","channel":11,"bcninterval":0,"freenet":"?","dhcp":"?","paynet":"?","userfound":false,"encryption":"wpa2"},{"trilat":14.6511774100000007337030183407478034496307373046875,"trilong":121.0571746800000028088106773793697357177734375,"ssid":"PLDTHOMEDSL58015","qos":0,"transid":"20170609-00000","firsttime":"2017-06-03T18:00:00.000Z","lasttime":"2017-06-09T05:00:00.000Z","lastupdt":"2017-06-09T05:00:00.000Z","housenumber":null,"road":null,"city":null,"region":null,"country":null,"netid":"90:61:0C:2C:E2:9F","name":null,"type":"infra","comment":null,"wep":"2","channel":2,"bcninterval":0,"freenet":"?","dhcp":"?","paynet":"?","userfound":false,"encryption":"wpa2"},{"trilat":14.6471652999999992772472978685982525348663330078125,"trilong":121.05776978000000099200406111776828765869140625,"ssid":"NSC","qos":1,"transid":"20170609-00000","firsttime":"2017-06-03T18:00:00.000Z","lasttime":"2017-07-29T13:00:00.000Z","lastupdt":"2017-07-29T13:00:00.000Z","housenumber":"77","road":"Maginhawa","city":"","region":"","country":"PH","netid":"90:61:0C:2D:DE:F4","name":null,"type":"infra","comment":null,"wep":"2","channel":11,"bcninterval":0,"freenet":"?","dhcp":"?","paynet":"?","userfound":false,"encryption":"wpa2"},{"trilat":14.64716815999999965924871503375470638275146484375,"trilong":121.0575790399999931423735688440501689910888671875,"ssid":"PLDTHOMEDSL42809","qos":0,"transid":"20170609-00000","firsttime":"2017-06-03T18:00:00.000Z","lasttime":"2017-06-09T05:00:00.000Z","lastupdt":"2017-06-09T05:00:00.000Z","housenumber":null,"road":null,"city":null,"region":null,"country":null,"netid":"90:61:0C:2E:A7:39","name":null,"type":"infra","comment":null,"wep":"2","channel":1,"bcninterval":0,"freenet":"?","dhcp":"?","paynet":"?","userfound":false,"encryption":"wpa2"},{"trilat":14.6458616300000006305026545305736362934112548828125,"trilong":121.0629959099999979343920131213963031768798828125,"ssid":"PLDTHOMEDSL45936","qos":0,"transid":"20170715-00000","firsttime":"2017-07-09T14:00:00.000Z","lasttime":"2017-07-15T01:00:00.000Z","lastupdt":"2017-07-15T01:00:00.000Z","housenumber":"","road":"Salvador","city":"","region":"","country":"PH","netid":"90:61:0C:2E:B3:70","name":null,"type":"infra","comment":null,"wep":"2","channel":1,"bcninterval":0,"freenet":"?","dhcp":"?","paynet":"?","userfound":false,"encryption":"wpa2"},{"trilat":14.646085740000000186000761459581553936004638671875,"trilong":121.0602111799999960339846438728272914886474609375,"ssid":"Monmon","qos":2,"transid":"20170609-00000","firsttime":"2017-06-03T18:00:00.000Z","lasttime":"2017-07-29T13:00:00.000Z","lastupdt":"2017-07-29T13:00:00.000Z","housenumber":"","road":"Maginhawa","city":"","region":"","country":"PH","netid":"DC:09:4C:14:29:CF","name":null,"type":"infra","comment":null,"wep":"2","channel":11,"bcninterval":0,"freenet":"?","dhcp":"?","paynet":"?","userfound":false,"encryption":"wpa2"},{"trilat":14.6468181600000004749517756863497197628021240234375,"trilong":121.0599136400000048752190195955336093902587890625,"ssid":"Globe_Guest_Wifi","qos":0,"transid":"20170303-00000","firsttime":"2017-03-03T20:00:00.000Z","lasttime":"2017-03-03T07:00:00.000Z","lastupdt":"2017-03-03T07:00:00.000Z","housenumber":null,"road":null,"city":null,"region":null,"country":null,"netid":"DC:09:4C:BF:BC:5A","name":null,"type":"infra","comment":null,"wep":"2","channel":5,"bcninterval":0,"freenet":"?","dhcp":"?","paynet":"?","userfound":false,"encryption":"wpa2"},{"trilat":14.646048549999999721649146522395312786102294921875,"trilong":121.0526885999999961995854391716420650482177734375,"ssid":"FHGWF-KAL","qos":0,"transid":"20171016-00000","firsttime":"2017-10-17T10:00:00.000Z","lasttime":"2017-10-17T04:00:00.000Z","lastupdt":"2017-10-17T04:00:00.000Z","housenumber":"","road":"Makatarungan","city":"Quezon City","region":"","country":"PH","netid":"88:DC:96:18:8A:CC","name":null,"type":"infra","comment":null,"wep":"2","channel":1,"bcninterval":0,"freenet":"?","dhcp":"?","paynet":"?","userfound":false,"encryption":"wpa2"},{"trilat":14.6469621700000001141006578109227120876312255859375,"trilong":121.061538699999999835199560038745403289794921875,"ssid":"Hola","qos":4,"transid":"20150120-00000","firsttime":"2015-01-13T18:00:00.000Z","lasttime":"2017-03-03T07:00:00.000Z","lastupdt":"2017-03-03T07:00:00.000Z","housenumber":null,"road":null,"city":null,"region":null,"country":null,"netid":"9E:A9:E4:D0:C9:D9","name":null,"type":"infra","comment":null,"wep":"2","channel":6,"bcninterval":0,"freenet":"?","dhcp":"?","paynet":"?","userfound":false,"encryption":"wpa2"},{"trilat":14.6515169099999997825989339617080986499786376953125,"trilong":121.06093597000000272601027972996234893798828125,"ssid":"May Wifi Ako Mainggit Ka","qos":1,"transid":"20151015-00000","firsttime":"2015-09-23T18:00:00.000Z","lasttime":"2017-01-16T20:00:00.000Z","lastupdt":"2017-01-16T20:00:00.000Z","housenumber":null,"road":null,"city":null,"region":null,"country":null,"netid":"9E:A9:E4:D4:BD:8F","name":null,"type":"infra","comment":null,"wep":"2","channel":6,"bcninterval":0,"freenet":"?","dhcp":"?","paynet":"?","userfound":false,"encryption":"wpa2"},{"trilat":14.6463136699999996181986716692335903644561767578125,"trilong":121.062767030000003387613105587661266326904296875,"ssid":"DIRECT-G7-BRAVIA","qos":5,"transid":"20140805-00000","firsttime":"2014-08-05T21:00:00.000Z","lasttime":"2017-03-03T07:00:00.000Z","lastupdt":"2017-03-03T07:00:00.000Z","housenumber":null,"road":null,"city":null,"region":null,"country":null,"netid":"9E:D2:1E:BD:67:5C","name":null,"type":"infra","comment":null,"wep":"2","channel":1,"bcninterval":0,"freenet":"?","dhcp":"?","paynet":"?","userfound":false,"encryption":"wpa2"},{"trilat":14.6463365599999999489000401808880269527435302734375,"trilong":121.0628433199999989255957189016044139862060546875,"ssid":"bayanDSLWIFI_A667","qos":1,"transid":"20171015-00000","firsttime":"2017-10-15T23:00:00.000Z","lasttime":"2017-10-26T06:00:00.000Z","lastupdt":"2017-10-26T06:00:00.000Z","housenumber":"","road":"Salvador","city":"","region":"","country":"PH","netid":"88:D2:74:86:A6:67","name":null,"type":"infra","comment":null,"wep":"2","channel":8,"bcninterval":0,"freenet":"?","dhcp":"?","paynet":"?","userfound":false,"encryption":"wpa2"},{"trilat":14.6497459400000007434528015437535941600799560546875,"trilong":121.0594024699999948779804981313645839691162109375,"ssid":"bayanDSLWIFI_A916","qos":0,"transid":"20171026-00000","firsttime":"2017-10-26T20:00:00.000Z","lasttime":"2017-10-26T06:00:00.000Z","lastupdt":"2017-10-26T06:00:00.000Z","housenumber":"","road":"Carlos P. Garcia Avenue","city":"Quezon City","region":"","country":"PH","netid":"88:D2:74:86:A9:16","name":null,"type":"infra","comment":null,"wep":"2","channel":1,"bcninterval":0,"freenet":"?","dhcp":"?","paynet":"?","userfound":false,"encryption":"wpa2"},{"trilat":14.649361609999999700448825024068355560302734375,"trilong":121.0575561499999963643858791328966617584228515625,"ssid":"dlink","qos":0,"transid":"20170609-00000","firsttime":"2017-06-03T18:00:00.000Z","lasttime":"2017-06-09T05:00:00.000Z","lastupdt":"2017-06-09T05:00:00.000Z","housenumber":null,"road":null,"city":null,"region":null,"country":null,"netid":"78:54:2E:5A:75:C8","name":null,"type":"infra","comment":null,"wep":"2","channel":11,"bcninterval":0,"freenet":"?","dhcp":"?","paynet":"?","userfound":false,"encryption":"wpa2"},{"trilat":14.646728519999999917899913270957767963409423828125,"trilong":121.0579299900000052048198995180428028106689453125,"ssid":"BQ3i-ZmFpdGg","qos":0,"transid":"20170609-00000","firsttime":"2017-06-03T18:00:00.000Z","lasttime":"2017-06-09T05:00:00.000Z","lastupdt":"2017-06-09T05:00:00.000Z","housenumber":null,"road":null,"city":null,"region":null,"country":null,"netid":"88:AD:D2:BA:8B:E8","name":null,"type":"infra","comment":null,"wep":"?","channel":6,"bcninterval":0,"freenet":"?","dhcp":"?","paynet":"?","userfound":false,"encryption":"unknown"},{"trilat":14.6469163899999994526979207876138389110565185546875,"trilong":121.06135559000000512241967953741550445556640625,"ssid":"WIFIZONE","qos":6,"transid":"20140805-00000","firsttime":"2014-08-05T18:00:00.000Z","lasttime":"2017-01-29T10:00:00.000Z","lastupdt":"2017-01-29T10:00:00.000Z","housenumber":null,"road":null,"city":null,"region":null,"country":null,"netid":"E4:77:23:A5:CF:CC","name":null,"type":"infra","comment":null,"wep":"2","channel":6,"bcninterval":0,"freenet":"?","dhcp":"?","paynet":"?","userfound":false,"encryption":"wpa2"},{"trilat":14.650634769999999917899913270957767963409423828125,"trilong":121.057342529999999669598764739930629730224609375,"ssid":"SKYbroadband883E","qos":0,"transid":"20170609-00000","firsttime":"2017-06-03T18:00:00.000Z","lasttime":"2017-06-09T05:00:00.000Z","lastupdt":"2017-06-09T05:00:00.000Z","housenumber":null,"road":null,"city":null,"region":null,"country":null,"netid":"80:29:94:67:88:41","name":null,"type":"infra","comment":null,"wep":"2","channel":11,"bcninterval":0,"freenet":"?","dhcp":"?","paynet":"?","userfound":false,"encryption":"wpa2"},{"trilat":14.6500520699999992046969055081717669963836669921875,"trilong":121.0593185400000066920256358571350574493408203125,"ssid":"SKYbroadbandBACA","qos":2,"transid":"20160417-00000","firsttime":"2016-04-17T14:00:00.000Z","lasttime":"2017-03-11T06:00:00.000Z","lastupdt":"2017-03-11T06:00:00.000Z","housenumber":null,"road":null,"city":null,"region":null,"country":null,"netid":"80:29:94:67:BA:CD","name":null,"type":"infra","comment":null,"wep":"2","channel":1,"bcninterval":0,"freenet":"?","dhcp":"?","paynet":"?","userfound":false,"encryption":"wpa2"},{"trilat":14.6478700600000006915024641784839332103729248046875,"trilong":121.0622100799999998343992047011852264404296875,"ssid":"DIRECT-QVJAMESmsRK","qos":0,"transid":"20170129-00000","firsttime":"2017-01-23T20:00:00.000Z","lasttime":"2017-01-29T10:00:00.000Z","lastupdt":"2017-01-29T10:00:00.000Z","housenumber":null,"road":null,"city":null,"region":null,"country":null,"netid":"DE:53:60:72:DC:6F","name":null,"type":"infra","comment":null,"wep":"2","channel":9,"bcninterval":0,"freenet":"?","dhcp":"?","paynet":"?","userfound":false,"encryption":"wpa2"},{"trilat":14.6471433599999993901974448817782104015350341796875,"trilong":121.0613098099999973555895849131047725677490234375,"ssid":"RONNIE","qos":0,"transid":"20171026-00000","firsttime":"2017-10-26T20:00:00.000Z","lasttime":"2017-10-26T06:00:00.000Z","lastupdt":"2017-10-26T06:00:00.000Z","housenumber":"60","road":"Magiting","city":"","region":"","country":"PH","netid":"98:E7:F5:90:29:EA","name":null,"type":"infra","comment":null,"wep":"2","channel":8,"bcninterval":0,"freenet":"?","dhcp":"?","paynet":"?","userfound":false,"encryption":"wpa2"},{"trilat":14.6466808299999993181472746073268353939056396484375,"trilong":121.0583725000000043792169890366494655609130859375,"ssid":"SKYbroadband7B2C_EXT","qos":1,"transid":"20170609-00000","firsttime":"2017-06-03T18:00:00.000Z","lasttime":"2017-07-29T13:00:00.000Z","lastupdt":"2017-07-29T13:00:00.000Z","housenumber":"85","road":"Maginhawa","city":"","region":"","country":"PH","netid":"A4:2B:B0:C1:4E:B5","name":null,"type":"infra","comment":null,"wep":"2","channel":11,"bcninterval":0,"freenet":"?","dhcp":"?","paynet":"?","userfound":false,"encryption":"wpa2"},{"trilat":14.647644039999999421297616208903491497039794921875,"trilong":121.0636673000000058664227253757417201995849609375,"ssid":"Obtaining IP address","qos":0,"transid":"20170326-00000","firsttime":"2017-03-26T20:00:00.000Z","lasttime":"2017-03-26T07:00:00.000Z","lastupdt":"2017-03-26T07:00:00.000Z","housenumber":null,"road":null,"city":null,"region":null,"country":null,"netid":"9A:0C:A5:BB:14:62","name":null,"type":"infra","comment":null,"wep":"2","channel":10,"bcninterval":0,"freenet":"?","dhcp":"?","paynet":"?","userfound":false,"encryption":"wpa2"},{"trilat":14.647398949999999473448042408563196659088134765625,"trilong":121.0626907299999999167994246818125247955322265625,"ssid":"HUAWEI-2B79","qos":5,"transid":"20161126-00000","firsttime":"2016-11-26T20:00:00.000Z","lasttime":"2017-04-04T04:00:00.000Z","lastupdt":"2017-04-04T04:00:00.000Z","housenumber":null,"road":null,"city":null,"region":null,"country":null,"netid":"DC:D9:16:3F:2B:79","name":null,"type":"infra","comment":null,"wep":"2","channel":4,"bcninterval":0,"freenet":"?","dhcp":"?","paynet":"?","userfound":false,"encryption":"wpa2"},{"trilat":14.6491880400000002993010639329440891742706298828125,"trilong":121.0622863800000033052128856070339679718017578125,"ssid":"PJKIM","qos":1,"transid":"20170129-00000","firsttime":"2017-01-23T19:00:00.000Z","lasttime":"2017-03-22T04:00:00.000Z","lastupdt":"2017-05-07T05:00:00.000Z","housenumber":null,"road":null,"city":null,"region":null,"country":null,"netid":"DC:EE:06:8D:FB:5F","name":null,"type":"infra","comment":null,"wep":"2","channel":9,"bcninterval":0,"freenet":"?","dhcp":"?","paynet":"?","userfound":false,"encryption":"wpa2"},{"trilat":14.6476392700000008773031368036754429340362548828125,"trilong":121.0636978099999936375752440653741359710693359375,"ssid":"CherryBlossoms","qos":1,"transid":"20170507-00000","firsttime":"2017-04-25T12:00:00.000Z","lasttime":"2017-07-15T01:00:00.000Z","lastupdt":"2017-07-15T01:00:00.000Z","housenumber":"","road":"B. Baluyot","city":"Quezon City","region":"","country":"PH","netid":"DC:EE:06:95:49:1F","name":null,"type":"infra","comment":null,"wep":"2","channel":11,"bcninterval":0,"freenet":"?","dhcp":"?","paynet":"?","userfound":false,"encryption":"wpa2"},{"trilat":14.646779060000000072250259108841419219970703125,"trilong":121.05834960999999339037458412349224090576171875,"ssid":"staph me","qos":1,"transid":"20170609-00000","firsttime":"2017-06-03T18:00:00.000Z","lasttime":"2017-07-29T13:00:00.000Z","lastupdt":"2017-07-29T13:00:00.000Z","housenumber":"83","road":"Maginhawa","city":"","region":"","country":"PH","netid":"DC:EE:06:C0:1E:1C","name":null,"type":"infra","comment":null,"wep":"2","channel":7,"bcninterval":0,"freenet":"?","dhcp":"?","paynet":"?","userfound":false,"encryption":"wpa2"},{"trilat":14.6465511300000006400523488991893827915191650390625,"trilong":121.058410640000005287220119498670101165771484375,"ssid":"wifiqtoh","qos":0,"transid":"20170609-00000","firsttime":"2017-06-03T18:00:00.000Z","lasttime":"2017-06-09T05:00:00.000Z","lastupdt":"2017-06-09T05:00:00.000Z","housenumber":null,"road":null,"city":null,"region":null,"country":null,"netid":"DC:EE:06:CF:7D:5C","name":null,"type":"infra","comment":null,"wep":"2","channel":8,"bcninterval":0,"freenet":"?","dhcp":"?","paynet":"?","userfound":false,"encryption":"wpa2"},{"trilat":14.64750384999999965884853736497461795806884765625,"trilong":121.0622940100000022312087821774184703826904296875,"ssid":"Do Not Connect","qos":0,"transid":"20170313-00000","firsttime":"2017-03-13T21:00:00.000Z","lasttime":"2017-03-13T07:00:00.000Z","lastupdt":"2017-03-13T07:00:00.000Z","housenumber":null,"road":null,"city":null,"region":null,"country":null,"netid":"DC:EE:06:CF:A3:C4","name":null,"type":"infra","comment":null,"wep":"2","channel":1,"bcninterval":0,"freenet":"?","dhcp":"?","paynet":"?","userfound":false,"encryption":"wpa2"},{"trilat":14.6486530300000001858506948337890207767486572265625,"trilong":121.0563201899999938859764370135962963104248046875,"ssid":"Smart_Bro_C07308","qos":2,"transid":"20161206-00000","firsttime":"2016-12-06T11:00:00.000Z","lasttime":"2017-01-11T21:00:00.000Z","lastupdt":"2017-01-11T21:00:00.000Z","housenumber":null,"road":null,"city":null,"region":null,"country":null,"netid":"DC:EE:06:C0:73:08","name":null,"type":"infra","comment":null,"wep":"Y","channel":1,"bcninterval":0,"freenet":"?","dhcp":"?","paynet":"?","userfound":false,"encryption":"wep"},{"trilat":14.6462688399999994004474501707591116428375244140625,"trilong":121.0596923800000013216049410402774810791015625,"ssid":"wifidental","qos":0,"transid":"20170715-00000","firsttime":"2017-07-15T16:00:00.000Z","lasttime":"2017-07-15T01:00:00.000Z","lastupdt":"2017-07-15T01:00:00.000Z","housenumber":"","road":"Maginhawa","city":"","region":"","country":"PH","netid":"84:9F:B5:3E:81:8C","name":null,"type":"infra","comment":null,"wep":"2","channel":2,"bcninterval":0,"freenet":"?","dhcp":"?","paynet":"?","userfound":false,"encryption":"wpa2"},{"trilat":14.6460561800000004240018824930302798748016357421875,"trilong":121.060264590000002726810635067522525787353515625,"ssid":null,"qos":2,"transid":"20170609-00000","firsttime":"2017-06-03T18:00:00.000Z","lasttime":"2017-07-29T13:00:00.000Z","lastupdt":"2017-07-29T13:00:00.000Z","housenumber":"","road":"Maginhawa","city":"","region":"","country":"PH","netid":"AC:86:74:4A:09:53","name":null,"type":"infra","comment":null,"wep":"2","channel":5,"bcninterval":0,"freenet":"?","dhcp":"?","paynet":"?","userfound":false,"encryption":"wpa2"},{"trilat":14.646466260000000403351805289275944232940673828125,"trilong":121.0586776699999944639785098843276500701904296875,"ssid":"TBT","qos":1,"transid":"20160604-00000","firsttime":"2016-05-27T19:00:00.000Z","lasttime":"2017-06-09T05:00:00.000Z","lastupdt":"2017-06-09T05:00:00.000Z","housenumber":null,"road":null,"city":null,"region":null,"country":null,"netid":"D2:5B:A8:9B:6C:06","name":null,"type":"infra","comment":null,"wep":"2","channel":10,"bcninterval":0,"freenet":"?","dhcp":"?","paynet":"?","userfound":false,"encryption":"wpa2"},{"trilat":14.647336010000000072750481194816529750823974609375,"trilong":121.0625305199999957039835862815380096435546875,"ssid":"baby scarlett","qos":0,"transid":"20170311-00000","firsttime":"2017-03-11T20:00:00.000Z","lasttime":"2017-03-11T06:00:00.000Z","lastupdt":"2017-03-11T06:00:00.000Z","housenumber":null,"road":null,"city":null,"region":null,"country":null,"netid":"D2:5B:A8:F5:07:9C","name":null,"type":"infra","comment":null,"wep":"2","channel":1,"bcninterval":0,"freenet":"?","dhcp":"?","paynet":"?","userfound":false,"encryption":"wpa2"},{"trilat":14.65137385999999963814843795262277126312255859375,"trilong":121.0557174700000047096182242967188358306884765625,"ssid":"Carpe diem ","qos":0,"transid":"20170129-00000","firsttime":"2001-01-01T08:00:00.000Z","lasttime":"2017-01-29T10:00:00.000Z","lastupdt":"2017-03-05T18:00:00.000Z","housenumber":null,"road":null,"city":null,"region":null,"country":null,"netid":"D0:5B:A8:E3:12:4B","name":null,"type":"infra","comment":null,"wep":"2","channel":1,"bcninterval":0,"freenet":"?","dhcp":"?","paynet":"?","userfound":false,"encryption":"wpa2"},{"trilat":14.65044879999999949404809740372002124786376953125,"trilong":121.05738067999999429957824759185314178466796875,"ssid":"PLDTHOMEDSL.GIZA","qos":0,"transid":"20170609-00000","firsttime":"2017-06-03T18:00:00.000Z","lasttime":"2017-06-09T05:00:00.000Z","lastupdt":"2017-06-09T05:00:00.000Z","housenumber":null,"road":null,"city":null,"region":null,"country":null,"netid":"94:46:96:16:11:00","name":null,"type":"infra","comment":null,"wep":"2","channel":5,"bcninterval":0,"freenet":"?","dhcp":"?","paynet":"?","userfound":false,"encryption":"wpa2"},{"trilat":14.6491098399999994938980307779274880886077880859375,"trilong":121.0642242400000014868055586703121662139892578125,"ssid":"PLDTHOMEDSL","qos":0,"transid":"20170507-00000","firsttime":"2017-04-20T20:00:00.000Z","lasttime":"2017-05-07T05:00:00.000Z","lastupdt":"2017-05-07T05:00:00.000Z","housenumber":null,"road":null,"city":null,"region":null,"country":null,"netid":"94:46:96:0E:E5:AB","name":null,"type":"infra","comment":null,"wep":"2","channel":11,"bcninterval":0,"freenet":"?","dhcp":"?","paynet":"?","userfound":false,"encryption":"wpa2"},{"trilat":14.6465368300000005064021024736575782299041748046875,"trilong":121.058555600000005370020517148077487945556640625,"ssid":"PLDTHOMEDSL7M7R0","qos":2,"transid":"20170303-00000","firsttime":"2017-03-03T19:00:00.000Z","lasttime":"2017-07-29T13:00:00.000Z","lastupdt":"2017-07-29T13:00:00.000Z","housenumber":"88","road":"Maginhawa","city":"","region":"","country":"PH","netid":"94:46:96:17:00:3D","name":null,"type":"infra","comment":null,"wep":"2","channel":4,"bcninterval":0,"freenet":"?","dhcp":"?","paynet":"?","userfound":false,"encryption":"wpa2"},{"trilat":14.6507291800000007953030944918282330036163330078125,"trilong":121.057327270000001817606971599161624908447265625,"ssid":"PLDTHOMEDSLH0HM0","qos":0,"transid":"20170609-00000","firsttime":"2017-06-03T18:00:00.000Z","lasttime":"2017-06-09T05:00:00.000Z","lastupdt":"2017-06-09T05:00:00.000Z","housenumber":null,"road":null,"city":null,"region":null,"country":null,"netid":"94:46:96:17:0F:C4","name":null,"type":"infra","comment":null,"wep":"2","channel":2,"bcninterval":0,"freenet":"?","dhcp":"?","paynet":"?","userfound":false,"encryption":"wpa2"},{"trilat":14.645927430000000413201632909476757049560546875,"trilong":121.0629653900000022304084268398582935333251953125,"ssid":"PLDTHOMEDSLN0NW0","qos":1,"transid":"20170715-00000","firsttime":"2017-07-09T14:00:00.000Z","lasttime":"2017-10-26T06:00:00.000Z","lastupdt":"2017-10-26T06:00:00.000Z","housenumber":"","road":"Salvador","city":"","region":"","country":"PH","netid":"94:46:96:1C:E2:C9","name":null,"type":"infra","comment":null,"wep":"2","channel":5,"bcninterval":0,"freenet":"?","dhcp":"?","paynet":"?","userfound":false,"encryption":"wpa2"},{"trilat":14.646719929999999720848791184835135936737060546875,"trilong":121.0621337900000042964165913872420787811279296875,"ssid":"PLDTHOMEDSLW3WH0","qos":5,"transid":"20170507-00000","firsttime":"2017-04-20T20:00:00.000Z","lasttime":"2017-07-15T01:00:00.000Z","lastupdt":"2017-07-15T01:00:00.000Z","housenumber":"","road":"V. Francisco","city":"","region":"","country":"PH","netid":"94:46:96:1E:9B:87","name":null,"type":"infra","comment":null,"wep":"2","channel":1,"bcninterval":0,"freenet":"?","dhcp":"?","paynet":"?","userfound":false,"encryption":"wpa2"},{"trilat":14.6474733399999994531981428735889494419097900390625,"trilong":121.06406402999999727398972027003765106201171875,"ssid":"PLDTHOMEDSL2Y2Y0","qos":1,"transid":"20170507-00000","firsttime":"2017-04-25T12:00:00.000Z","lasttime":"2017-09-21T05:00:00.000Z","lastupdt":"2017-09-21T05:00:00.000Z","housenumber":"","road":"B. Baluyot","city":"","region":"","country":"PH","netid":"94:46:96:1E:F1:2C","name":null,"type":"infra","comment":null,"wep":"2","channel":7,"bcninterval":0,"freenet":"?","dhcp":"?","paynet":"?","userfound":false,"encryption":"wpa2"},{"trilat":14.6472311000000008363031156477518379688262939453125,"trilong":121.062492370000001074004103429615497589111328125,"ssid":"PLDTHOMEDSLDHDN0","qos":0,"transid":"20171028-00000","firsttime":"2017-10-27T08:00:00.000Z","lasttime":"2017-10-28T06:00:00.000Z","lastupdt":"2017-10-28T06:00:00.000Z","housenumber":"","road":"Emilio Jacinto","city":"Quezon City","region":"","country":"PH","netid":"94:46:96:1F:B8:E1","name":null,"type":"infra","comment":null,"wep":"2","channel":11,"bcninterval":0,"freenet":"?","dhcp":"?","paynet":"?","userfound":false,"encryption":"wpa2"},{"trilat":14.645859720000000692152752890251576900482177734375,"trilong":121.0630264299999936383755994029343128204345703125,"ssid":"TrinomaFreeWifi","qos":0,"transid":"20170715-00000","firsttime":"2017-07-09T14:00:00.000Z","lasttime":"2017-07-15T01:00:00.000Z","lastupdt":"2017-07-15T01:00:00.000Z","housenumber":"","road":"Salvador","city":"","region":"","country":"PH","netid":"94:46:96:20:28:B7","name":null,"type":"infra","comment":null,"wep":"2","channel":5,"bcninterval":0,"freenet":"?","dhcp":"?","paynet":"?","userfound":false,"encryption":"wpa2"},{"trilat":14.64727783000000016500052879564464092254638671875,"trilong":121.062492370000001074004103429615497589111328125,"ssid":"PLDTHOMEDSLLBLU0","qos":0,"transid":"20170729-00000","firsttime":"2017-07-28T10:00:00.000Z","lasttime":"2017-07-29T13:00:00.000Z","lastupdt":"2017-07-29T13:00:00.000Z","housenumber":"","road":"Emilio Jacinto","city":"Quezon City","region":"","country":"PH","netid":"94:46:96:20:6A:43","name":null,"type":"infra","comment":null,"wep":"2","channel":7,"bcninterval":0,"freenet":"?","dhcp":"?","paynet":"?","userfound":false,"encryption":"wpa2"},{"trilat":14.6469154400000007854032446630299091339111328125,"trilong":121.059974670000002561209839768707752227783203125,"ssid":"DIRECT-F8-HP DeskJet 5820 series","qos":0,"transid":"20170303-00000","firsttime":"2017-03-03T19:00:00.000Z","lasttime":"2017-03-03T07:00:00.000Z","lastupdt":"2017-03-03T07:00:00.000Z","housenumber":null,"road":null,"city":null,"region":null,"country":null,"netid":"70:5A:0F:58:C6:F9","name":null,"type":"infra","comment":null,"wep":"2","channel":8,"bcninterval":0,"freenet":"?","dhcp":"?","paynet":"?","userfound":false,"encryption":"wpa2"},{"trilat":14.64734935999999976274921209551393985748291015625,"trilong":121.0577087399999953731821733526885509490966796875,"ssid":"SKYbroadband5726","qos":1,"transid":"20160907-00000","firsttime":"2016-09-03T21:00:00.000Z","lasttime":"2017-07-29T13:00:00.000Z","lastupdt":"2017-07-29T13:00:00.000Z","housenumber":"77","road":"Maginhawa","city":"","region":"","country":"PH","netid":"70:5A:9E:DA:57:29","name":null,"type":"infra","comment":null,"wep":"2","channel":1,"bcninterval":0,"freenet":"?","dhcp":"?","paynet":"?","userfound":false,"encryption":"wpa2"},{"trilat":14.646755219999999297897375072352588176727294921875,"trilong":121.062667849999996860788087360560894012451171875,"ssid":"Calma family","qos":4,"transid":"20170303-00000","firsttime":"2017-03-03T20:00:00.000Z","lasttime":"2017-10-26T06:00:00.000Z","lastupdt":"2017-10-26T06:00:00.000Z","housenumber":"","road":"Salvador","city":"","region":"","country":"PH","netid":"E0:8E:3C:1B:65:B7","name":null,"type":"infra","comment":null,"wep":"2","channel":1,"bcninterval":0,"freenet":"?","dhcp":"?","paynet":"?","userfound":false,"encryption":"wpa2"},{"trilat":14.6503467599999996906490196124650537967681884765625,"trilong":121.062767030000003387613105587661266326904296875,"ssid":"Smart Bro_B4B48C","qos":1,"transid":"20170507-00000","firsttime":"2017-04-08T15:00:00.000Z","lasttime":"2017-05-07T05:00:00.000Z","lastupdt":"2017-05-07T05:00:00.000Z","housenumber":null,"road":null,"city":null,"region":null,"country":null,"netid":"AA:A6:68:B4:B4:8C","name":null,"type":"infra","comment":null,"wep":"2","channel":11,"bcninterval":0,"freenet":"?","dhcp":"?","paynet":"?","userfound":false,"encryption":"wpa2"},{"trilat":14.6472072600000000619502316112630069255828857421875,"trilong":121.0625305199999957039835862815380096435546875,"ssid":"ACTRC2017","qos":0,"transid":"20171028-00000","firsttime":"2017-10-27T08:00:00.000Z","lasttime":"2017-10-28T06:00:00.000Z","lastupdt":"2017-10-28T06:00:00.000Z","housenumber":"","road":"Emilio Jacinto","city":"Quezon City","region":"","country":"PH","netid":"AA:A6:68:21:E0:D8","name":null,"type":"infra","comment":null,"wep":"2","channel":1,"bcninterval":0,"freenet":"?","dhcp":"?","paynet":"?","userfound":false,"encryption":"wpa2"},{"trilat":14.647527690000000433201421401463449001312255859375,"trilong":121.062316890000005287220119498670101165771484375,"ssid":"Smart Bro_68B3CC","qos":0,"transid":"20170313-00000","firsttime":"2017-03-13T21:00:00.000Z","lasttime":"2017-03-13T07:00:00.000Z","lastupdt":"2017-03-13T07:00:00.000Z","housenumber":null,"road":null,"city":null,"region":null,"country":null,"netid":"AA:A6:68:68:B3:CC","name":null,"type":"infra","comment":null,"wep":"2","channel":1,"bcninterval":0,"freenet":"?","dhcp":"?","paynet":"?","userfound":false,"encryption":"wpa2"},{"trilat":14.646262169999999969149939715862274169921875,"trilong":121.0628891000000066924258135259151458740234375,"ssid":"NO INTERNET ACCESS","qos":0,"transid":"20170715-00000","firsttime":"2017-07-09T14:00:00.000Z","lasttime":"2017-07-15T01:00:00.000Z","lastupdt":"2017-07-15T01:00:00.000Z","housenumber":"","road":"Salvador","city":"","region":"","country":"PH","netid":"AA:A6:68:23:A9:D6","name":null,"type":"infra","comment":null,"wep":"2","channel":6,"bcninterval":0,"freenet":"?","dhcp":"?","paynet":"?","userfound":false,"encryption":"wpa2"},{"trilat":14.6471204799999998868997863610275089740753173828125,"trilong":121.06377410999999710838892497122287750244140625,"ssid":"bayanDSLWIFI_024C","qos":0,"transid":"20170921-00000","firsttime":"2017-09-21T20:00:00.000Z","lasttime":"2017-09-21T05:00:00.000Z","lastupdt":"2017-09-21T05:00:00.000Z","housenumber":"","road":"B. Baluyot","city":"","region":"","country":"PH","netid":"9C:6F:52:35:02:4C","name":null,"type":"infra","comment":null,"wep":"2","channel":2,"bcninterval":0,"freenet":"?","dhcp":"?","paynet":"?","userfound":false,"encryption":"wpa2"},{"trilat":14.6476945900000004030516720376908779144287109375,"trilong":121.064056399999998347993823699653148651123046875,"ssid":"sun bro","qos":0,"transid":"20170129-00000","firsttime":"2017-01-23T20:00:00.000Z","lasttime":"2017-01-29T10:00:00.000Z","lastupdt":"2017-01-29T10:00:00.000Z","housenumber":null,"road":null,"city":null,"region":null,"country":null,"netid":"AA:A6:68:28:91:C7","name":null,"type":"infra","comment":null,"wep":"2","channel":11,"bcninterval":0,"freenet":"?","dhcp":"?","paynet":"?","userfound":false,"encryption":"wpa2"},{"trilat":14.647681240000000713052941136993467807769775390625,"trilong":121.0641021699999981819928507320582866668701171875,"ssid":"HUAWEI-E5330-686A","qos":5,"transid":"20160626-00000","firsttime":"2016-06-26T21:00:00.000Z","lasttime":"2017-09-21T05:00:00.000Z","lastupdt":"2017-09-21T05:00:00.000Z","housenumber":"","road":"B. Baluyot","city":"","region":"","country":"PH","netid":"80:13:82:A6:68:6A","name":null,"type":"infra","comment":null,"wep":"2","channel":11,"bcninterval":0,"freenet":"?","dhcp":"?","paynet":"?","userfound":false,"encryption":"wpa2"},{"trilat":14.6476392700000008773031368036754429340362548828125,"trilong":121.0636978099999936375752440653741359710693359375,"ssid":"WIFI MOTO","qos":3,"transid":"20161206-00000","firsttime":"2016-11-29T19:00:00.000Z","lasttime":"2017-05-07T05:00:00.000Z","lastupdt":"2017-05-07T05:00:00.000Z","housenumber":null,"road":null,"city":null,"region":null,"country":null,"netid":"80:13:82:55:7D:CA","name":null,"type":"infra","comment":null,"wep":"2","channel":9,"bcninterval":0,"freenet":"?","dhcp":"?","paynet":"?","userfound":false,"encryption":"wpa2"},{"trilat":14.646784780000000836253093439154326915740966796875,"trilong":121.0582046499999933075741864740848541259765625,"ssid":"dlink-2C7E","qos":0,"transid":"20170729-00000","firsttime":"2017-07-16T19:00:00.000Z","lasttime":"2017-07-29T13:00:00.000Z","lastupdt":"2017-07-29T13:00:00.000Z","housenumber":"81","road":"Maginhawa","city":"","region":"","country":"PH","netid":"B0:C5:54:2E:2C:7E","name":null,"type":"infra","comment":null,"wep":"?","channel":11,"bcninterval":0,"freenet":"?","dhcp":"?","paynet":"?","userfound":false,"encryption":"unknown"},{"trilat":14.6473798800000007958033165778033435344696044921875,"trilong":121.060165409999996199985616840422153472900390625,"ssid":"Oxyjen","qos":0,"transid":"20170609-00000","firsttime":"2017-05-26T09:00:00.000Z","lasttime":"2017-06-09T05:00:00.000Z","lastupdt":"2017-06-09T05:00:00.000Z","housenumber":null,"road":null,"city":null,"region":null,"country":null,"netid":"A2:32:99:C4:71:84","name":null,"type":"infra","comment":null,"wep":"2","channel":11,"bcninterval":0,"freenet":"?","dhcp":"?","paynet":"?","userfound":false,"encryption":"wpa2"},{"trilat":14.6474571200000003301511242170818150043487548828125,"trilong":121.0629959099999979343920131213963031768798828125,"ssid":"drop_it_like_its_hotspot","qos":5,"transid":"20150726-00000","firsttime":"2015-07-25T23:00:00.000Z","lasttime":"2017-04-04T04:00:00.000Z","lastupdt":"2017-04-04T04:00:00.000Z","housenumber":null,"road":null,"city":null,"region":null,"country":null,"netid":"9C:C1:72:FA:CA:D7","name":null,"type":"infra","comment":null,"wep":"2","channel":11,"bcninterval":0,"freenet":"?","dhcp":"?","paynet":"Y","userfound":false,"encryption":"wpa2"},{"trilat":14.6461286499999996379983713268302381038665771484375,"trilong":121.0605163599999940515772323124110698699951171875,"ssid":"s7EDGIE","qos":0,"transid":"20170729-00000","firsttime":"2017-07-16T19:00:00.000Z","lasttime":"2017-07-29T13:00:00.000Z","lastupdt":"2017-07-29T13:00:00.000Z","housenumber":"","road":"Maginhawa","city":"","region":"","country":"PH","netid":"AE:5F:3E:FD:7D:E0","name":null,"type":"infra","comment":null,"wep":"2","channel":10,"bcninterval":0,"freenet":"?","dhcp":"?","paynet":"?","userfound":false,"encryption":"wpa2"},{"trilat":14.6462707499999993387973518110811710357666015625,"trilong":121.05967712000000346961314789950847625732421875,"ssid":"iPhone","qos":0,"transid":"20170715-00000","firsttime":"2017-07-15T16:00:00.000Z","lasttime":"2017-07-15T01:00:00.000Z","lastupdt":"2017-07-15T01:00:00.000Z","housenumber":"","road":"Maginhawa","city":"","region":"","country":"PH","netid":"AE:61:EA:ED:67:EF","name":null,"type":"infra","comment":null,"wep":"2","channel":1,"bcninterval":0,"freenet":"?","dhcp":"?","paynet":"?","userfound":false,"encryption":"wpa2"},{"trilat":14.647635460000000051650204113684594631195068359375,"trilong":121.0570754999999962819856591522693634033203125,"ssid":"Router1","qos":2,"transid":"20150808-00000","firsttime":"2015-08-07T22:00:00.000Z","lasttime":"2017-04-04T04:00:00.000Z","lastupdt":"2017-04-04T04:00:00.000Z","housenumber":null,"road":null,"city":null,"region":null,"country":null,"netid":"94:10:3E:99:98:00","name":null,"type":"infra","comment":null,"wep":"2","channel":11,"bcninterval":0,"freenet":"?","dhcp":"?","paynet":"?","userfound":false,"encryption":"wpa2"},{"trilat":14.647083280000000371501300833187997341156005859375,"trilong":121.062767030000003387613105587661266326904296875,"ssid":"B315_DC8F7","qos":1,"transid":"20170609-00000","firsttime":"2017-05-26T10:00:00.000Z","lasttime":"2017-07-15T01:00:00.000Z","lastupdt":"2017-07-15T01:00:00.000Z","housenumber":"","road":"Emilio Jacinto","city":"Quezon City","region":"","country":"PH","netid":"8C:EB:C6:CD:C8:F7","name":null,"type":"infra","comment":null,"wep":"2","channel":8,"bcninterval":0,"freenet":"?","dhcp":"?","paynet":"?","userfound":false,"encryption":"wpa2"},{"trilat":14.646421430000000185600583790801465511322021484375,"trilong":121.0524978600000025608096620999276638031005859375,"ssid":"HP-Print-5D-Deskjet 4640 series","qos":0,"transid":"20171016-00000","firsttime":"2017-10-17T10:00:00.000Z","lasttime":"2017-10-17T04:00:00.000Z","lastupdt":"2017-10-17T04:00:00.000Z","housenumber":"","road":"Mayaman","city":"Quezon City","region":"","country":"PH","netid":"8C:DC:D4:68:7B:5D","name":null,"type":"infra","comment":null,"wep":"?","channel":1,"bcninterval":0,"freenet":"?","dhcp":"?","paynet":"?","userfound":false,"encryption":"unknown"},{"trilat":14.64694214000000016540070646442472934722900390625,"trilong":121.0615997299999975211903802119195461273193359375,"ssid":"art3mis","qos":5,"transid":"20150726-00000","firsttime":"2015-07-11T18:00:00.000Z","lasttime":"2017-07-15T01:00:00.000Z","lastupdt":"2017-07-15T01:00:00.000Z","housenumber":"","road":"B. Baluyot","city":"Quezon City","region":"","country":"PH","netid":"AA:A6:68:7C:AF:D1","name":null,"type":"infra","comment":null,"wep":"2","channel":7,"bcninterval":0,"freenet":"?","dhcp":"?","paynet":"?","userfound":false,"encryption":"wpa2"},{"trilat":14.649882319999999680248947697691619396209716796875,"trilong":121.057472230000001900407369248569011688232421875,"ssid":"Linksys_Javellana","qos":0,"transid":"20170609-00000","firsttime":"2017-06-03T18:00:00.000Z","lasttime":"2017-06-09T05:00:00.000Z","lastupdt":"2017-06-09T05:00:00.000Z","housenumber":null,"road":null,"city":null,"region":null,"country":null,"netid":"C8:D7:19:B6:F3:2A","name":null,"type":"infra","comment":null,"wep":"2","channel":6,"bcninterval":0,"freenet":"?","dhcp":"?","paynet":"?","userfound":false,"encryption":"wpa2"},{"trilat":14.6475105299999999175497578107751905918121337890625,"trilong":121.0641250599999949599805404432117938995361328125,"ssid":"PLDTMyDSL_JandB","qos":6,"transid":"20131216-00000","firsttime":"2013-12-16T17:00:00.000Z","lasttime":"2017-03-24T04:00:00.000Z","lastupdt":"2017-03-24T04:00:00.000Z","housenumber":null,"road":null,"city":null,"region":"Metro Manila","country":"PH","netid":"90:61:0C:12:97:F3","name":null,"type":"infra","comment":null,"wep":"2","channel":11,"bcninterval":0,"freenet":"?","dhcp":"?","paynet":"?","userfound":false,"encryption":"wpa2"},{"trilat":14.64620876000000038175130612216889858245849609375,"trilong":121.0621566800000010744042810983955860137939453125,"ssid":"PLDTMyDSL","qos":5,"transid":"20130722-00000","firsttime":"2013-07-23T00:00:00.000Z","lasttime":"2017-07-15T01:00:00.000Z","lastupdt":"2017-07-15T01:00:00.000Z","housenumber":"","road":"V. Francisco","city":"","region":"","country":"PH","netid":"90:61:0C:10:50:B2","name":null,"type":"infra","comment":null,"wep":"2","channel":11,"bcninterval":0,"freenet":"?","dhcp":"?","paynet":"?","userfound":false,"encryption":"wpa2"},{"trilat":14.6476564400000004440016709850169718265533447265625,"trilong":121.0641784700000016528065316379070281982421875,"ssid":"PLDTHOMEDSL03197","qos":2,"transid":"20170921-00000","firsttime":"2017-09-21T20:00:00.000Z","lasttime":"2017-10-28T06:00:00.000Z","lastupdt":"2017-10-28T06:00:00.000Z","housenumber":"","road":"Carlos P. Garcia Avenue","city":"Quezon City","region":"","country":"PH","netid":"90:61:0C:36:0C:7D","name":null,"type":"infra","comment":null,"wep":"2","channel":11,"bcninterval":0,"freenet":"?","dhcp":"?","paynet":"?","userfound":false,"encryption":"wpa2"},{"trilat":14.6467771500000001339003574685193598270416259765625,"trilong":121.058036799999996446786099113523960113525390625,"ssid":"Nuat Thai 80 Maginhawa","qos":4,"transid":"20160907-00000","firsttime":"2016-09-03T21:00:00.000Z","lasttime":"2017-07-29T13:00:00.000Z","lastupdt":"2017-07-29T13:00:00.000Z","housenumber":"","road":"Maginhawa","city":"","region":"","country":"PH","netid":"90:61:0C:2D:88:5B","name":null,"type":"infra","comment":null,"wep":"2","channel":11,"bcninterval":0,"freenet":"?","dhcp":"?","paynet":"?","userfound":false,"encryption":"wpa2"},{"trilat":14.64700603000000000974978320300579071044921875,"trilong":121.0579223600000062788240029476583003997802734375,"ssid":"tom&jerry","qos":3,"transid":"20170303-00000","firsttime":"2017-03-03T19:00:00.000Z","lasttime":"2017-07-29T13:00:00.000Z","lastupdt":"2017-07-29T13:00:00.000Z","housenumber":"78","road":"Maginhawa","city":"","region":"","country":"PH","netid":"90:61:0C:2D:D3:09","name":null,"type":"infra","comment":null,"wep":"2","channel":11,"bcninterval":0,"freenet":"?","dhcp":"?","paynet":"?","userfound":false,"encryption":"wpa2"},{"trilat":14.6468849199999997523491401807405054569244384765625,"trilong":121.061553959999997687191353179514408111572265625,"ssid":null,"qos":0,"transid":"20170715-00000","firsttime":"2017-07-15T16:00:00.000Z","lasttime":"2017-07-15T01:00:00.000Z","lastupdt":"2017-07-15T01:00:00.000Z","housenumber":"","road":"B. Baluyot","city":"Quezon City","region":"","country":"PH","netid":"90:61:0C:2E:02:F4","name":null,"type":"infra","comment":null,"wep":"2","channel":1,"bcninterval":0,"freenet":"?","dhcp":"?","paynet":"?","userfound":false,"encryption":"wpa2"},{"trilat":14.649202349999999483998180949129164218902587890625,"trilong":121.0575561499999963643858791328966617584228515625,"ssid":"PLDTMyDSL_Cuico","qos":0,"transid":"20170609-00000","firsttime":"2017-06-03T18:00:00.000Z","lasttime":"2017-06-09T05:00:00.000Z","lastupdt":"2017-06-09T05:00:00.000Z","housenumber":null,"road":null,"city":null,"region":null,"country":null,"netid":"90:61:0C:16:5B:4D","name":null,"type":"infra","comment":null,"wep":"2","channel":11,"bcninterval":0,"freenet":"?","dhcp":"?","paynet":"?","userfound":false,"encryption":"wpa2"},{"trilat":14.649040219999999834499249118380248546600341796875,"trilong":121.0575714099999942163776722736656665802001953125,"ssid":"PLDTMyDSLtrstan","qos":0,"transid":"20170609-00000","firsttime":"2017-06-03T18:00:00.000Z","lasttime":"2017-06-09T05:00:00.000Z","lastupdt":"2017-06-09T05:00:00.000Z","housenumber":null,"road":null,"city":null,"region":null,"country":null,"netid":"90:61:0C:16:C9:A0","name":null,"type":"infra","comment":null,"wep":"2","channel":11,"bcninterval":0,"freenet":"?","dhcp":"?","paynet":"?","userfound":false,"encryption":"wpa2"},{"trilat":14.64580059000000034075128496624529361724853515625,"trilong":121.0608978300000018180071492679417133331298828125,"ssid":"Marco","qos":1,"transid":"20170715-00000","firsttime":"2017-07-15T16:00:00.000Z","lasttime":"2017-07-29T13:00:00.000Z","lastupdt":"2017-07-29T13:00:00.000Z","housenumber":"","road":"Masinsinan","city":"","region":"","country":"PH","netid":"90:61:0C:2A:47:AF","name":null,"type":"infra","comment":null,"wep":"2","channel":11,"bcninterval":0,"freenet":"?","dhcp":"?","paynet":"?","userfound":false,"encryption":"wpa2"},{"trilat":14.6468172100000000313002601615153253078460693359375,"trilong":121.0599136400000048752190195955336093902587890625,"ssid":"PLDTHOMEDSL54612","qos":4,"transid":"20160907-00000","firsttime":"2016-09-03T21:00:00.000Z","lasttime":"2017-07-29T13:00:00.000Z","lastupdt":"2017-07-29T13:00:00.000Z","housenumber":"","road":"Magiting","city":"","region":"","country":"PH","netid":"90:61:0C:2C:D5:54","name":null,"type":"infra","comment":null,"wep":"2","channel":6,"bcninterval":0,"freenet":"?","dhcp":"?","paynet":"?","userfound":false,"encryption":"wpa2"},{"trilat":14.64957904999999982464942149817943572998046875,"trilong":121.06254577999999355597537942230701446533203125,"ssid":"PLDTHOMEDSL58014","qos":2,"transid":"20161207-00000","firsttime":"2016-12-07T18:00:00.000Z","lasttime":"2017-05-07T05:00:00.000Z","lastupdt":"2017-05-07T05:00:00.000Z","housenumber":null,"road":null,"city":null,"region":null,"country":null,"netid":"90:61:0C:2C:E2:9E","name":null,"type":"infra","comment":null,"wep":"2","channel":9,"bcninterval":0,"freenet":"?","dhcp":"?","paynet":"?","userfound":false,"encryption":"wpa2"},{"trilat":14.6475210199999992255470715463161468505859375,"trilong":121.0632629400000013220051187090575695037841796875,"ssid":"Mikka Loraine ??","qos":0,"transid":"20170326-00000","firsttime":"2017-03-26T20:00:00.000Z","lasttime":"2017-03-26T07:00:00.000Z","lastupdt":"2017-03-26T07:00:00.000Z","housenumber":null,"road":null,"city":null,"region":null,"country":null,"netid":"AA:E8:7F:0E:BE:30","name":null,"type":"infra","comment":null,"wep":"2","channel":6,"bcninterval":0,"freenet":"?","dhcp":"?","paynet":"?","userfound":false,"encryption":"wpa2"},{"trilat":14.6476068500000007333028406719677150249481201171875,"trilong":121.0638275099999958683838485740125179290771484375,"ssid":"TanLoveYeng","qos":5,"transid":"20150726-00000","firsttime":"2015-07-25T23:00:00.000Z","lasttime":"2017-09-21T05:00:00.000Z","lastupdt":"2017-09-21T05:00:00.000Z","housenumber":"","road":"B. Baluyot","city":"","region":"","country":"PH","netid":"AA:A6:68:B5:03:E1","name":null,"type":"infra","comment":null,"wep":"2","channel":6,"bcninterval":0,"freenet":"?","dhcp":"?","paynet":"?","userfound":false,"encryption":"wpa2"},{"trilat":14.6476154300000001029502527671866118907928466796875,"trilong":121.0635604900000004136018105782568454742431640625,"ssid":"Mokang","qos":0,"transid":"20170326-00000","firsttime":"2017-03-26T20:00:00.000Z","lasttime":"2017-03-26T07:00:00.000Z","lastupdt":"2017-03-26T07:00:00.000Z","housenumber":null,"road":null,"city":null,"region":null,"country":null,"netid":"AA:A6:68:B9:6F:8F","name":null,"type":"infra","comment":null,"wep":"2","channel":1,"bcninterval":0,"freenet":"?","dhcp":"?","paynet":"?","userfound":false,"encryption":"wpa2"}]}