{"success":true,"totalResults":1315,"search_after":33231602,"first":1,"last":100,"resultCount":100,"results":[{"trilat":14.65129375000000067075234255753457546234130859375,"trilong":121.05902863000000024840119294822216033935546875,"ssid":"FAD-2G","qos":0,"transid":"20170311-00000","firsttime":"2017-03-10T19:00:00.000Z","lasttime":"2017-03-11T06:00:00.000Z","lastupdt":"2017-03-11T06:00:00.000Z","housenumber":null,"road":null,"city":null,"region":null,"country":null,"netid":"0A:A6:F7:94:73:B0","name":null,"type":"infra","comment":null,"wep":"2","channel":1,"bcninterval":0,"freenet":"?","dhcp":"?","paynet":"?","userfound":false,"encryption":"wpa2"},{"trilat":14.65130996999999979379936121404170989990234375,"trilong":121.05902863000000024840119294822216033935546875,"ssid":"VMEPD-2G","qos":0,"transid":"20170609-00000","firsttime":"2017-05-26T09:00:00.000Z","lasttime":"2017-06-09T05:00:00.000Z","lastupdt":"2017-06-09T05:00:00.000Z","housenumber":null,"road":null,"city":null,"region":null,"country":null,"netid":"0A:A6:F7:C1:73:E6","name":null,"type":"infra","comment":null,"wep":"2","channel":6,"bcninterval":0,"freenet":"?","dhcp":"?","paynet":"?","userfound":false,"encryption":"wpa2"},{"trilat":14.647118569999999948549884720705449581146240234375,"trilong":121.0606460599999962823858368210494518280029296875,"ssid":"My Asus","qos":0,"transid":"20170507-00000","firsttime":"2017-04-25T12:00:00.000Z","lasttime":"2017-05-07T05:00:00.000Z","lastupdt":"2017-05-07T05:00:00.000Z","housenumber":null,"road":null,"city":null,"region":null,"country":null,"netid":"14:DD:A9:B9:AC:0C","name":null,"type":"infra","comment":null,"wep":"2","channel":6,"bcninterval":0,"freenet":"?","dhcp":"?","paynet":"?","userfound":false,"encryption":"wpa2"},{"trilat":14.6506452599999992258972270064987242221832275390625,"trilong":121.0644378700000061144237406551837921142578125,"ssid":"OCSICNARF","qos":0,"transid":"20160502-00000","firsttime":"2001-01-01T08:00:00.000Z","lasttime":"2017-05-07T05:00:00.000Z","lastupdt":"2017-05-07T05:00:00.000Z","housenumber":null,"road":null,"city":null,"region":null,"country":null,"netid":"0C:96:BF:43:C6:EF","name":null,"type":"infra","comment":null,"wep":"2","channel":6,"bcninterval":0,"freenet":"?","dhcp":"?","paynet":"?","userfound":false,"encryption":"wpa2"},{"trilat":14.647210120000000443951648776419460773468017578125,"trilong":121.063796999999993886376614682376384735107421875,"ssid":"15-EVOLUTION PREPAID HOT SPOT","qos":0,"transid":"20170921-00000","firsttime":"2017-09-21T20:00:00.000Z","lasttime":"2017-09-21T05:00:00.000Z","lastupdt":"2017-09-21T05:00:00.000Z","housenumber":"","road":"B. Baluyot","city":"","region":"","country":"PH","netid":"2A:17:12:00:0A:27","name":null,"type":"infra","comment":null,"wep":"?","channel":13,"bcninterval":0,"freenet":"?","dhcp":"?","paynet":"?","userfound":false,"encryption":"unknown"},{"trilat":14.647654530000000505651769344694912433624267578125,"trilong":121.0643463100000047916182666085660457611083984375,"ssid":"PLDTHOMEDSL_JVD001","qos":6,"transid":"20161117-00000","firsttime":"2016-11-17T23:00:00.000Z","lasttime":"2017-06-09T05:00:00.000Z","lastupdt":"2017-06-09T05:00:00.000Z","housenumber":null,"road":null,"city":null,"region":null,"country":null,"netid":"1C:74:0D:17:64:C0","name":null,"type":"infra","comment":null,"wep":"2","channel":5,"bcninterval":0,"freenet":"?","dhcp":"?","paynet":"?","userfound":false,"encryption":"wpa2"},{"trilat":14.6490354499999995141479303129017353057861328125,"trilong":121.0575714099999942163776722736656665802001953125,"ssid":"PLDTHOMEDSL0UN1C","qos":0,"transid":"20170609-00000","firsttime":"2017-06-03T18:00:00.000Z","lasttime":"2017-06-09T05:00:00.000Z","lastupdt":"2017-06-09T05:00:00.000Z","housenumber":null,"road":null,"city":null,"region":null,"country":null,"netid":"1C:74:0D:17:C9:74","name":null,"type":"infra","comment":null,"wep":"2","channel":2,"bcninterval":0,"freenet":"?","dhcp":"?","paynet":"?","userfound":false,"encryption":"wpa2"},{"trilat":14.6463689800000000929003363125957548618316650390625,"trilong":121.05902863000000024840119294822216033935546875,"ssid":"PLDTHOMEDSL29VC1","qos":0,"transid":"20170609-00000","firsttime":"2017-06-03T18:00:00.000Z","lasttime":"2017-06-09T05:00:00.000Z","lastupdt":"2017-06-09T05:00:00.000Z","housenumber":null,"road":null,"city":null,"region":null,"country":null,"netid":"1C:74:0D:17:C9:A0","name":null,"type":"infra","comment":null,"wep":"2","channel":10,"bcninterval":0,"freenet":"?","dhcp":"?","paynet":"?","userfound":false,"encryption":"wpa2"},{"trilat":14.6472492200000008466531653539277613162994384765625,"trilong":121.0638046300000070232272264547646045684814453125,"ssid":"14-EVOLUTION PREPAID HOT SPOT","qos":0,"transid":"20170921-00000","firsttime":"2017-09-21T20:00:00.000Z","lasttime":"2017-09-21T05:00:00.000Z","lastupdt":"2017-09-21T05:00:00.000Z","housenumber":"","road":"B. Baluyot","city":"","region":"","country":"PH","netid":"1A:17:12:00:0A:27","name":null,"type":"infra","comment":null,"wep":"?","channel":13,"bcninterval":0,"freenet":"?","dhcp":"?","paynet":"?","userfound":false,"encryption":"unknown"},{"trilat":14.6473770099999995863981894217431545257568359375,"trilong":121.057357789999997521590557880699634552001953125,"ssid":"B2yq-bWljaGVsbGUubGFiaXRhZw","qos":0,"transid":"20170303-00000","firsttime":"2017-03-03T20:00:00.000Z","lasttime":"2017-03-03T04:00:00.000Z","lastupdt":"2017-03-03T04:00:00.000Z","housenumber":null,"road":null,"city":null,"region":null,"country":null,"netid":"1C:87:2C:99:BA:DF","name":null,"type":"infra","comment":null,"wep":"?","channel":6,"bcninterval":0,"freenet":"?","dhcp":"?","paynet":"?","userfound":false,"encryption":"unknown"},{"trilat":14.6469631200000005577521733357571065425872802734375,"trilong":121.052169800000001487205736339092254638671875,"ssid":"TP-LINK_DFDE","qos":0,"transid":"20171016-00000","firsttime":"2017-10-17T10:00:00.000Z","lasttime":"2017-10-17T04:00:00.000Z","lastupdt":"2017-10-17T04:00:00.000Z","housenumber":"","road":"Kalayaan","city":"Quezon City","region":"","country":"PH","netid":"18:A6:F7:D1:DF:DE","name":null,"type":"infra","comment":null,"wep":"2","channel":6,"bcninterval":0,"freenet":"?","dhcp":"?","paynet":"?","userfound":false,"encryption":"wpa2"},{"trilat":14.646990779999999432448021252639591693878173828125,"trilong":121.0630798300000066092252382077276706695556640625,"ssid":"Morning Joggers","qos":0,"transid":"20170303-00000","firsttime":"2017-03-03T20:00:00.000Z","lasttime":"2017-03-03T07:00:00.000Z","lastupdt":"2017-03-03T07:00:00.000Z","housenumber":null,"road":null,"city":null,"region":null,"country":null,"netid":"18:A6:F7:45:7F:13","name":null,"type":"infra","comment":null,"wep":"2","channel":9,"bcninterval":0,"freenet":"?","dhcp":"?","paynet":"?","userfound":false,"encryption":"wpa2"},{"trilat":14.647807119999999514448063564486801624298095703125,"trilong":121.05706023999999842999386601150035858154296875,"ssid":"Heikki","qos":2,"transid":"20150120-00000","firsttime":"2015-01-11T19:00:00.000Z","lasttime":"2017-06-09T05:00:00.000Z","lastupdt":"2017-06-09T05:00:00.000Z","housenumber":null,"road":null,"city":null,"region":null,"country":null,"netid":"1C:BD:B9:B2:0E:84","name":null,"type":"infra","comment":null,"wep":"2","channel":11,"bcninterval":0,"freenet":"?","dhcp":"?","paynet":"?","userfound":false,"encryption":"wpa2"},{"trilat":14.6476287799999997929489836678840219974517822265625,"trilong":121.0645675699999941343776299618184566497802734375,"ssid":"MEIZU M5","qos":0,"transid":"20170404-00000","firsttime":"2017-04-04T19:00:00.000Z","lasttime":"2017-04-04T04:00:00.000Z","lastupdt":"2017-04-04T04:00:00.000Z","housenumber":null,"road":null,"city":null,"region":null,"country":null,"netid":"1E:CD:E5:66:C5:88","name":null,"type":"infra","comment":null,"wep":"?","channel":6,"bcninterval":0,"freenet":"?","dhcp":"?","paynet":"?","userfound":false,"encryption":"unknown"},{"trilat":14.6460599899999994732979757827706634998321533203125,"trilong":121.0615920999999985951944836415350437164306640625,"ssid":"963c41","qos":3,"transid":"20150812-00000","firsttime":"2015-08-12T17:00:00.000Z","lasttime":"2017-07-15T01:00:00.000Z","lastupdt":"2017-07-15T01:00:00.000Z","housenumber":"","road":"Masinsinan","city":"","region":"","country":"PH","netid":"20:25:64:C6:89:A5","name":null,"type":"infra","comment":null,"wep":"2","channel":11,"bcninterval":0,"freenet":"?","dhcp":"?","paynet":"?","userfound":false,"encryption":"wpa2"},{"trilat":14.6459436400000004852017809753306210041046142578125,"trilong":121.0603408799999982647932483814656734466552734375,"ssid":"DRG","qos":0,"transid":"20170609-00000","firsttime":"2017-06-03T18:00:00.000Z","lasttime":"2017-06-09T05:00:00.000Z","lastupdt":"2017-06-09T05:00:00.000Z","housenumber":null,"road":null,"city":null,"region":null,"country":null,"netid":"32:10:E4:88:F6:7A","name":null,"type":"infra","comment":null,"wep":"2","channel":11,"bcninterval":0,"freenet":"?","dhcp":"?","paynet":"?","userfound":false,"encryption":"wpa2"},{"trilat":14.6482677500000004755520421895198523998260498046875,"trilong":121.057022090000003800014383159577846527099609375,"ssid":"arkitek 5.0","qos":1,"transid":"20170609-00000","firsttime":"2017-06-03T18:00:00.000Z","lasttime":"2017-07-29T13:00:00.000Z","lastupdt":"2017-07-29T13:00:00.000Z","housenumber":"59","road":"Maginhawa","city":"","region":"","country":"PH","netid":"20:AA:4B:86:DD:DA","name":null,"type":"infra","comment":null,"wep":"2","channel":36,"bcninterval":0,"freenet":"?","dhcp":"?","paynet":"?","userfound":false,"encryption":"wpa2"},{"trilat":14.649483679999999452547854161821305751800537109375,"trilong":121.06083678999999619918526150286197662353515625,"ssid":"Personal","qos":1,"transid":"20161126-00000","firsttime":"2016-11-26T19:00:00.000Z","lasttime":"2017-03-07T18:00:00.000Z","lastupdt":"2017-03-07T18:00:00.000Z","housenumber":null,"road":null,"city":null,"region":null,"country":null,"netid":"24:00:BA:25:49:CB","name":null,"type":"infra","comment":null,"wep":"2","channel":1,"bcninterval":0,"freenet":"?","dhcp":"?","paynet":"?","userfound":false,"encryption":"wpa2"},{"trilat":14.6473331499999996907490640296600759029388427734375,"trilong":121.0629653900000022304084268398582935333251953125,"ssid":"Chunie","qos":0,"transid":"20170112-00000","firsttime":"2017-01-12T19:00:00.000Z","lasttime":"2017-01-12T04:00:00.000Z","lastupdt":"2017-01-12T04:00:00.000Z","housenumber":null,"road":null,"city":null,"region":null,"country":null,"netid":"14:DD:A9:AC:BD:AF","name":null,"type":"infra","comment":null,"wep":"2","channel":6,"bcninterval":0,"freenet":"?","dhcp":"?","paynet":"?","userfound":false,"encryption":"wpa2"},{"trilat":14.6459636700000004339017323218286037445068359375,"trilong":121.060234070000007022827048785984516143798828125,"ssid":"AndroidA","qos":0,"transid":"20170609-00000","firsttime":"2017-06-03T18:00:00.000Z","lasttime":"2017-06-09T05:00:00.000Z","lastupdt":"2017-06-09T05:00:00.000Z","housenumber":null,"road":null,"city":null,"region":null,"country":null,"netid":"34:BE:00:5F:D0:A4","name":null,"type":"infra","comment":null,"wep":"2","channel":6,"bcninterval":0,"freenet":"?","dhcp":"?","paynet":"?","userfound":false,"encryption":"wpa2"},{"trilat":14.65130996999999979379936121404170989990234375,"trilong":121.05902863000000024840119294822216033935546875,"ssid":"GDAPD-2G","qos":0,"transid":"20170609-00000","firsttime":"2017-05-26T09:00:00.000Z","lasttime":"2017-06-09T05:00:00.000Z","lastupdt":"2017-06-09T05:00:00.000Z","housenumber":null,"road":null,"city":null,"region":null,"country":null,"netid":"18:A6:F7:DF:73:E2","name":null,"type":"infra","comment":null,"wep":"2","channel":6,"bcninterval":0,"freenet":"?","dhcp":"?","paynet":"?","userfound":false,"encryption":"wpa2"},{"trilat":14.6473112099999998036992110428400337696075439453125,"trilong":121.0638580300000057832221500575542449951171875,"ssid":"2-EVOLUTION PREPAID HOT SPOT","qos":0,"transid":"20170921-00000","firsttime":"2017-09-21T20:00:00.000Z","lasttime":"2017-09-21T05:00:00.000Z","lastupdt":"2017-09-21T05:00:00.000Z","housenumber":"","road":"B. Baluyot","city":"","region":"","country":"PH","netid":"1A:17:12:00:0C:07","name":null,"type":"infra","comment":null,"wep":"?","channel":13,"bcninterval":0,"freenet":"?","dhcp":"?","paynet":"?","userfound":false,"encryption":"unknown"},{"trilat":14.64668941000000046415152610279619693756103515625,"trilong":121.0591812100000055352211347781121730804443359375,"ssid":"smart wireless","qos":1,"transid":"20150916-00000","firsttime":"2015-09-04T19:00:00.000Z","lasttime":"2017-04-04T04:00:00.000Z","lastupdt":"2017-04-04T04:00:00.000Z","housenumber":null,"road":null,"city":null,"region":null,"country":null,"netid":"28:9A:FA:47:44:F8","name":null,"type":"infra","comment":null,"wep":"2","channel":3,"bcninterval":0,"freenet":"?","dhcp":"?","paynet":"?","userfound":false,"encryption":"wpa2"},{"trilat":14.6473770099999995863981894217431545257568359375,"trilong":121.057357789999997521590557880699634552001953125,"ssid":"ZTE-MF65M-1A13","qos":0,"transid":"20170303-00000","firsttime":"2017-03-03T20:00:00.000Z","lasttime":"2017-03-03T07:00:00.000Z","lastupdt":"2017-03-03T07:00:00.000Z","housenumber":null,"road":null,"city":null,"region":null,"country":null,"netid":"36:69:87:C0:1A:13","name":null,"type":"infra","comment":null,"wep":"2","channel":13,"bcninterval":0,"freenet":"?","dhcp":"?","paynet":"?","userfound":false,"encryption":"wpa2"},{"trilat":14.6476497699999992363473211298696696758270263671875,"trilong":121.063911439999998265193426050245761871337890625,"ssid":"lars wifi","qos":0,"transid":"20170115-00000","firsttime":"2017-01-15T20:00:00.000Z","lasttime":"2017-01-15T07:00:00.000Z","lastupdt":"2017-01-15T07:00:00.000Z","housenumber":null,"road":null,"city":null,"region":null,"country":null,"netid":"36:69:87:5E:D0:18","name":null,"type":"infra","comment":null,"wep":"2","channel":6,"bcninterval":0,"freenet":"?","dhcp":"?","paynet":"?","userfound":false,"encryption":"wpa2"},{"trilat":14.6468429600000007440030458383262157440185546875,"trilong":121.059844970000000330401235260069370269775390625,"ssid":"Smart Bro_721DA3","qos":0,"transid":"20170715-00000","firsttime":"2017-07-15T16:00:00.000Z","lasttime":"2017-07-15T01:00:00.000Z","lastupdt":"2017-07-15T01:00:00.000Z","housenumber":"","road":"Magiting","city":"","region":"","country":"PH","netid":"36:69:87:72:1D:A3","name":null,"type":"infra","comment":null,"wep":"2","channel":1,"bcninterval":0,"freenet":"?","dhcp":"?","paynet":"?","userfound":false,"encryption":"wpa2"},{"trilat":14.6490478500000005368519850890152156352996826171875,"trilong":121.0624694800000042960164137184619903564453125,"ssid":"Smart Bro_9E04B9","qos":0,"transid":"20170324-00000","firsttime":"2017-03-24T19:00:00.000Z","lasttime":"2017-03-24T04:00:00.000Z","lastupdt":"2017-03-24T04:00:00.000Z","housenumber":null,"road":null,"city":null,"region":null,"country":null,"netid":"36:69:87:9E:04:B9","name":null,"type":"infra","comment":null,"wep":"2","channel":1,"bcninterval":0,"freenet":"?","dhcp":"?","paynet":"?","userfound":false,"encryption":"wpa2"},{"trilat":14.64594555000000042355168261565268039703369140625,"trilong":121.0603027300000036348137655295431613922119140625,"ssid":"bayanDSLWIFI_DF25","qos":0,"transid":"20170609-00000","firsttime":"2017-06-03T18:00:00.000Z","lasttime":"2017-06-09T05:00:00.000Z","lastupdt":"2017-06-09T05:00:00.000Z","housenumber":null,"road":null,"city":null,"region":null,"country":null,"netid":"28:FF:3E:3D:DF:25","name":null,"type":"infra","comment":null,"wep":"2","channel":1,"bcninterval":0,"freenet":"?","dhcp":"?","paynet":"?","userfound":false,"encryption":"wpa2"},{"trilat":14.65099335000000024820110411383211612701416015625,"trilong":121.0622787500000043792169890366494655609130859375,"ssid":"DI KA PINAPAKONNECT MAGBAYAD KA!","qos":6,"transid":"20160227-00000","firsttime":"2016-02-27T19:00:00.000Z","lasttime":"2017-04-04T04:00:00.000Z","lastupdt":"2017-05-07T05:00:00.000Z","housenumber":null,"road":null,"city":null,"region":null,"country":null,"netid":"38:D8:2F:2B:FE:F4","name":null,"type":"infra","comment":null,"wep":"2","channel":1,"bcninterval":0,"freenet":"?","dhcp":"?","paynet":"?","userfound":false,"encryption":"wpa2"},{"trilat":14.6495142000000004856019586441107094287872314453125,"trilong":121.0626297000000022308086045086383819580078125,"ssid":"bayanDSLWiFi_45CC","qos":0,"transid":"20170507-00000","firsttime":"2017-04-20T20:00:00.000Z","lasttime":"2017-05-07T05:00:00.000Z","lastupdt":"2017-05-07T05:00:00.000Z","housenumber":null,"road":null,"city":null,"region":null,"country":null,"netid":"14:60:80:99:45:CC","name":null,"type":"infra","comment":null,"wep":"2","channel":2,"bcninterval":0,"freenet":"?","dhcp":"?","paynet":"?","userfound":false,"encryption":"wpa2"},{"trilat":14.648378369999999648598532075993716716766357421875,"trilong":121.062248229999994464378687553107738494873046875,"ssid":"island-1AB5E0","qos":0,"transid":"20170321-00000","firsttime":"2017-03-22T11:00:00.000Z","lasttime":"2017-03-21T21:00:00.000Z","lastupdt":"2017-03-21T21:00:00.000Z","housenumber":null,"road":null,"city":null,"region":null,"country":null,"netid":"2C:5D:93:5A:B5:E7","name":null,"type":"infra","comment":null,"wep":"2","channel":36,"bcninterval":0,"freenet":"?","dhcp":"?","paynet":"?","userfound":false,"encryption":"wpa2"},{"trilat":14.6497850399999993697974787210114300251007080078125,"trilong":121.06222533999999768639099784195423126220703125,"ssid":"JR","qos":5,"transid":"20150216-00000","firsttime":"2001-01-01T08:00:00.000Z","lasttime":"2017-05-07T05:00:00.000Z","lastupdt":"2017-05-07T05:00:00.000Z","housenumber":null,"road":null,"city":null,"region":null,"country":null,"netid":"38:F8:89:47:C7:E9","name":null,"type":"infra","comment":null,"wep":"2","channel":5,"bcninterval":0,"freenet":"?","dhcp":"?","paynet":"?","userfound":false,"encryption":"wpa2"},{"trilat":14.646203039999999617748471791855990886688232421875,"trilong":121.059814450000004626417648978531360626220703125,"ssid":"bads","qos":0,"transid":"20170609-00000","firsttime":"2017-06-03T18:00:00.000Z","lasttime":"2017-06-09T05:00:00.000Z","lastupdt":"2017-06-09T05:00:00.000Z","housenumber":null,"road":null,"city":null,"region":null,"country":null,"netid":"30:39:26:27:1D:83","name":null,"type":"infra","comment":null,"wep":"2","channel":11,"bcninterval":0,"freenet":"?","dhcp":"?","paynet":"?","userfound":false,"encryption":"wpa2"},{"trilat":14.64727687999999972134901327081024646759033203125,"trilong":121.0638046300000070232272264547646045684814453125,"ssid":"3-EVOLUTION PREPAID HOT SPOT","qos":0,"transid":"20170921-00000","firsttime":"2017-09-21T20:00:00.000Z","lasttime":"2017-09-21T05:00:00.000Z","lastupdt":"2017-09-21T05:00:00.000Z","housenumber":"","road":"B. Baluyot","city":"","region":"","country":"PH","netid":"2A:17:12:00:0C:07","name":null,"type":"infra","comment":null,"wep":"?","channel":13,"bcninterval":0,"freenet":"?","dhcp":"?","paynet":"?","userfound":false,"encryption":"unknown"},{"trilat":14.6484756499999999590500010526739060878753662109375,"trilong":121.0623092700000000832005753181874752044677734375,"ssid":"DILNET-WIFI","qos":4,"transid":"20161129-00000","firsttime":"2016-11-27T19:00:00.000Z","lasttime":"2017-01-29T10:00:00.000Z","lastupdt":"2017-01-29T10:00:00.000Z","housenumber":null,"road":null,"city":null,"region":null,"country":null,"netid":"2C:5D:93:1A:B5:98","name":null,"type":"infra","comment":null,"wep":"?","channel":4,"bcninterval":0,"freenet":"?","dhcp":"?","paynet":"?","userfound":false,"encryption":"unknown"},{"trilat":14.6483535800000002069509719149209558963775634765625,"trilong":121.062347410000000991203705780208110809326171875,"ssid":"DILNET-WIFI","qos":5,"transid":"20160321-00000","firsttime":"2016-03-21T19:00:00.000Z","lasttime":"2017-05-07T05:00:00.000Z","lastupdt":"2017-05-07T05:00:00.000Z","housenumber":null,"road":null,"city":null,"region":null,"country":null,"netid":"2C:5D:93:1A:B6:08","name":null,"type":"infra","comment":null,"wep":"?","channel":6,"bcninterval":0,"freenet":"?","dhcp":"?","paynet":"?","userfound":false,"encryption":"unknown"},{"trilat":14.647675509999999121646396815776824951171875,"trilong":121.06458281999999826439307071268558502197265625,"ssid":"HUAWEI-E5330-310B","qos":2,"transid":"20170129-00000","firsttime":"2017-01-23T20:00:00.000Z","lasttime":"2017-05-07T05:00:00.000Z","lastupdt":"2017-05-07T05:00:00.000Z","housenumber":null,"road":null,"city":null,"region":null,"country":null,"netid":"24:1F:A0:5D:31:0B","name":null,"type":"infra","comment":null,"wep":"2","channel":6,"bcninterval":0,"freenet":"?","dhcp":"?","paynet":"?","userfound":false,"encryption":"wpa2"},{"trilat":14.64838218999999952529833535663783550262451171875,"trilong":121.05957793999999694278812967240810394287109375,"ssid":"Courage","qos":0,"transid":"20170507-00000","firsttime":"2017-05-06T19:00:00.000Z","lasttime":"2017-05-07T05:00:00.000Z","lastupdt":"2017-05-07T05:00:00.000Z","housenumber":null,"road":null,"city":null,"region":null,"country":null,"netid":"30:F3:1D:03:02:9D","name":null,"type":"infra","comment":null,"wep":"2","channel":11,"bcninterval":0,"freenet":"?","dhcp":"?","paynet":"?","userfound":false,"encryption":"wpa2"},{"trilat":14.647562029999999566598489764146506786346435546875,"trilong":121.0635376000000036356141208671033382415771484375,"ssid":"DILNET-WIFI","qos":6,"transid":"20160227-00000","firsttime":"2016-02-27T19:00:00.000Z","lasttime":"2017-05-07T05:00:00.000Z","lastupdt":"2017-05-07T05:00:00.000Z","housenumber":null,"road":null,"city":null,"region":null,"country":null,"netid":"2C:5D:93:1A:B5:88","name":null,"type":"infra","comment":null,"wep":"?","channel":3,"bcninterval":0,"freenet":"?","dhcp":"?","paynet":"?","userfound":false,"encryption":"unknown"},{"trilat":14.647211070000000887603164301253855228424072265625,"trilong":121.0574264499999941335772746242582798004150390625,"ssid":"miragestarboy","qos":0,"transid":"20170303-00000","firsttime":"2017-03-03T20:00:00.000Z","lasttime":"2017-03-03T07:00:00.000Z","lastupdt":"2017-03-03T07:00:00.000Z","housenumber":null,"road":null,"city":null,"region":null,"country":null,"netid":"20:A6:80:4B:8C:F9","name":null,"type":"infra","comment":null,"wep":"2","channel":8,"bcninterval":0,"freenet":"?","dhcp":"?","paynet":"?","userfound":false,"encryption":"wpa2"},{"trilat":14.6460514100000001036505636875517666339874267578125,"trilong":121.0605239899999929775731288827955722808837890625,"ssid":"mione","qos":0,"transid":"20170729-00000","firsttime":"2017-07-16T19:00:00.000Z","lasttime":"2017-07-29T13:00:00.000Z","lastupdt":"2017-07-29T13:00:00.000Z","housenumber":"","road":"Maginhawa","city":"","region":"","country":"PH","netid":"22:A9:0E:80:C5:AD","name":null,"type":"infra","comment":null,"wep":"2","channel":5,"bcninterval":0,"freenet":"?","dhcp":"?","paynet":"?","userfound":false,"encryption":"wpa2"},{"trilat":14.6475515400000002586011760286055505275726318359375,"trilong":121.057388309999993225574144162237644195556640625,"ssid":"PLDTMyDSLBizJitters","qos":2,"transid":"20170303-00000","firsttime":"2017-03-03T20:00:00.000Z","lasttime":"2017-07-29T13:00:00.000Z","lastupdt":"2017-07-29T13:00:00.000Z","housenumber":"","road":"Maginhawa","city":"","region":"","country":"PH","netid":"1E:74:0D:02:44:18","name":null,"type":"infra","comment":null,"wep":"2","channel":1,"bcninterval":0,"freenet":"?","dhcp":"?","paynet":"?","userfound":false,"encryption":"wpa2"},{"trilat":14.6477394099999997933991835452616214752197265625,"trilong":121.057312010000003965615178458392620086669921875,"ssid":"Andico_ Jairus?s iPhone","qos":0,"transid":"20170729-00000","firsttime":"2017-07-16T19:00:00.000Z","lasttime":"2017-07-29T13:00:00.000Z","lastupdt":"2017-07-29T13:00:00.000Z","housenumber":"67","road":"Maginhawa","city":"","region":"","country":"PH","netid":"BA:09:8A:6F:81:1C","name":null,"type":"infra","comment":null,"wep":"2","channel":1,"bcninterval":0,"freenet":"?","dhcp":"?","paynet":"?","userfound":false,"encryption":"wpa2"},{"trilat":14.6461009999999998143493940006010234355926513671875,"trilong":121.0601959199999981819928507320582866668701171875,"ssid":"We're All Mad Here","qos":1,"transid":"20170715-00000","firsttime":"2017-07-15T16:00:00.000Z","lasttime":"2017-07-29T13:00:00.000Z","lastupdt":"2017-07-29T13:00:00.000Z","housenumber":"","road":"Maginhawa","city":"","region":"","country":"PH","netid":"B4:75:0E:D3:D1:0C","name":null,"type":"infra","comment":null,"wep":"2","channel":1,"bcninterval":0,"freenet":"?","dhcp":"?","paynet":"?","userfound":false,"encryption":"wpa2"},{"trilat":14.6470861400000007535027179983444511890411376953125,"trilong":121.0610275300000040488157537765800952911376953125,"ssid":"OPPO A37f","qos":0,"transid":"20171026-00000","firsttime":"2017-10-26T20:00:00.000Z","lasttime":"2017-10-26T06:00:00.000Z","lastupdt":"2017-10-26T06:00:00.000Z","housenumber":"60","road":"Magiting","city":"","region":"","country":"PH","netid":"4C:1A:3D:22:DF:9C","name":null,"type":"infra","comment":null,"wep":"?","channel":6,"bcninterval":0,"freenet":"?","dhcp":"?","paynet":"?","userfound":false,"encryption":"unknown"},{"trilat":14.6463384600000008362030712305568158626556396484375,"trilong":121.062767030000003387613105587661266326904296875,"ssid":"Dao","qos":0,"transid":"20170715-00000","firsttime":"2017-06-23T08:00:00.000Z","lasttime":"2017-07-15T01:00:00.000Z","lastupdt":"2017-07-15T01:00:00.000Z","housenumber":"","road":"Salvador","city":"","region":"","country":"PH","netid":"20:08:ED:65:AC:C5","name":null,"type":"infra","comment":null,"wep":"2","channel":3,"bcninterval":0,"freenet":"?","dhcp":"?","paynet":"?","userfound":false,"encryption":"wpa2"},{"trilat":14.6471948600000008156030162353999912738800048828125,"trilong":121.055099490000003470413503237068653106689453125,"ssid":"979384","qos":5,"transid":"20141230-00000","firsttime":"2014-11-19T18:00:00.000Z","lasttime":"2017-07-29T13:00:00.000Z","lastupdt":"2017-07-29T13:00:00.000Z","housenumber":"","road":"Mahinhin","city":"Quezon City","region":"","country":"PH","netid":"20:25:64:CB:84:7E","name":null,"type":"infra","comment":null,"wep":"2","channel":1,"bcninterval":0,"freenet":"?","dhcp":"?","paynet":"?","userfound":false,"encryption":"wpa2"},{"trilat":14.6462325999999993797473507584072649478912353515625,"trilong":121.06232452000000421321601606905460357666015625,"ssid":"BaseOne","qos":3,"transid":"20170715-00000","firsttime":"2017-06-23T08:00:00.000Z","lasttime":"2017-07-29T13:00:00.000Z","lastupdt":"2017-07-29T13:00:00.000Z","housenumber":"","road":"V. Francisco","city":"","region":"","country":"PH","netid":"4C:5E:0C:A2:0C:3B","name":null,"type":"infra","comment":null,"wep":"2","channel":1,"bcninterval":0,"freenet":"?","dhcp":"?","paynet":"?","userfound":false,"encryption":"wpa2"},{"trilat":14.647835730000000609152266406454145908355712890625,"trilong":121.0572509800000062796243582852184772491455078125,"ssid":"AWESOME.RIBS","qos":0,"transid":"20170729-00000","firsttime":"2017-07-16T19:00:00.000Z","lasttime":"2017-07-29T13:00:00.000Z","lastupdt":"2017-07-29T13:00:00.000Z","housenumber":"67","road":"Maginhawa","city":"","region":"","country":"PH","netid":"1C:B7:2C:79:F8:88","name":null,"type":"infra","comment":null,"wep":"2","channel":6,"bcninterval":0,"freenet":"?","dhcp":"?","paynet":"?","userfound":false,"encryption":"wpa2"},{"trilat":14.6458654399999996797987478203140199184417724609375,"trilong":121.0641174299999960339846438728272914886474609375,"ssid":"UP Law Student and Guest","qos":6,"transid":"20161117-00000","firsttime":"2016-11-17T22:00:00.000Z","lasttime":"2017-08-06T22:00:00.000Z","lastupdt":"2017-08-06T22:00:00.000Z","housenumber":"","road":"Lt. J. Francisco","city":"","region":"","country":"PH","netid":"B4:5D:50:72:61:20","name":null,"type":"infra","comment":null,"wep":"?","channel":1,"bcninterval":0,"freenet":"?","dhcp":"?","paynet":"?","userfound":false,"encryption":"unknown"},{"trilat":14.6476030300000008566030373913235962390899658203125,"trilong":121.0645751999999930603735265322029590606689453125,"ssid":"SUN Wi-Fi","qos":6,"transid":"20130206-00000","firsttime":"2013-02-07T07:00:00.000Z","lasttime":"2017-03-16T08:00:00.000Z","lastupdt":"2017-03-16T08:00:00.000Z","housenumber":null,"road":null,"city":null,"region":"Metro Manila","country":"PH","netid":"20:2B:C1:C7:34:CE","name":null,"type":"infra","comment":null,"wep":"Y","channel":6,"bcninterval":0,"freenet":"?","dhcp":"?","paynet":"?","userfound":false,"encryption":"wep"},{"trilat":14.6476573900000008876531865098513662815093994140625,"trilong":121.0644836400000059484227676875889301300048828125,"ssid":"Smart Bro_F816D2","qos":0,"transid":"20170313-00000","firsttime":"2017-03-13T21:00:00.000Z","lasttime":"2017-03-13T07:00:00.000Z","lastupdt":"2017-03-13T07:00:00.000Z","housenumber":null,"road":null,"city":null,"region":null,"country":null,"netid":"36:69:87:F8:16:D2","name":null,"type":"infra","comment":null,"wep":"2","channel":11,"bcninterval":0,"freenet":"?","dhcp":"?","paynet":"?","userfound":false,"encryption":"wpa2"},{"trilat":14.6471023599999998765497366548515856266021728515625,"trilong":121.0577545200000031400122679769992828369140625,"ssid":"Smart Bro_71EA6A","qos":0,"transid":"20170303-00000","firsttime":"2017-03-03T19:00:00.000Z","lasttime":"2017-03-03T04:00:00.000Z","lastupdt":"2017-03-03T04:00:00.000Z","housenumber":null,"road":null,"city":null,"region":null,"country":null,"netid":"36:69:87:71:EA:6A","name":null,"type":"infra","comment":null,"wep":"Y","channel":11,"bcninterval":0,"freenet":"?","dhcp":"?","paynet":"?","userfound":false,"encryption":"wep"},{"trilat":14.648741720000000299251041724346578121185302734375,"trilong":121.0626983599999988427953212521970272064208984375,"ssid":"wifi_ng_ina","qos":0,"transid":"20170507-00000","firsttime":"2017-04-20T20:00:00.000Z","lasttime":"2017-05-07T05:00:00.000Z","lastupdt":"2017-05-07T05:00:00.000Z","housenumber":null,"road":null,"city":null,"region":null,"country":null,"netid":"36:69:87:AC:09:C4","name":null,"type":"infra","comment":null,"wep":"2","channel":1,"bcninterval":0,"freenet":"?","dhcp":"?","paynet":"?","userfound":false,"encryption":"wpa2"},{"trilat":14.649512290000000547252057003788650035858154296875,"trilong":121.0575561499999963643858791328966617584228515625,"ssid":"ZTE-MF65M-71EC","qos":0,"transid":"20170129-00000","firsttime":"2001-01-01T08:00:00.000Z","lasttime":"2017-01-29T10:00:00.000Z","lastupdt":"2017-01-29T10:00:00.000Z","housenumber":null,"road":null,"city":null,"region":null,"country":null,"netid":"36:69:87:B2:71:EC","name":null,"type":"infra","comment":null,"wep":"2","channel":1,"bcninterval":0,"freenet":"?","dhcp":"?","paynet":"?","userfound":false,"encryption":"wpa2"},{"trilat":14.646394730000000805603121989406645298004150390625,"trilong":121.0627059899999977687912178225815296173095703125,"ssid":"ZTE-MF65M-86A3","qos":0,"transid":"20170715-00000","firsttime":"2017-06-23T08:00:00.000Z","lasttime":"2017-07-15T01:00:00.000Z","lastupdt":"2017-07-15T01:00:00.000Z","housenumber":"","road":"Salvador","city":"","region":"","country":"PH","netid":"36:69:87:C0:86:A3","name":null,"type":"infra","comment":null,"wep":"2","channel":6,"bcninterval":0,"freenet":"?","dhcp":"?","paynet":"?","userfound":false,"encryption":"wpa2"},{"trilat":14.647344589999999442397893290035426616668701171875,"trilong":121.0575485199999974383899825625121593475341796875,"ssid":"aUnonimOus","qos":0,"transid":"20170729-00000","firsttime":"2017-07-16T19:00:00.000Z","lasttime":"2017-07-29T13:00:00.000Z","lastupdt":"2017-07-29T13:00:00.000Z","housenumber":"75","road":"Maginhawa","city":"","region":"","country":"PH","netid":"36:DE:34:08:95:59","name":null,"type":"infra","comment":null,"wep":"2","channel":5,"bcninterval":0,"freenet":"?","dhcp":"?","paynet":"?","userfound":false,"encryption":"wpa2"},{"trilat":14.6461324699999995146981746074743568897247314453125,"trilong":121.0628433199999989255957189016044139862060546875,"ssid":"boogle2.0","qos":2,"transid":"20170715-00000","firsttime":"2017-07-09T14:00:00.000Z","lasttime":"2017-10-26T06:00:00.000Z","lastupdt":"2017-10-26T06:00:00.000Z","housenumber":"","road":"Salvador","city":"","region":"","country":"PH","netid":"C0:C1:C0:E7:97:61","name":null,"type":"infra","comment":null,"wep":"2","channel":6,"bcninterval":0,"freenet":"?","dhcp":"?","paynet":"?","userfound":false,"encryption":"wpa2"},{"trilat":14.6468133900000001546004568808712065219879150390625,"trilong":121.061004639999993059973348863422870635986328125,"ssid":"PSCSEND_2","qos":6,"transid":"20130207-00000","firsttime":"2001-01-01T07:00:00.000Z","lasttime":"2017-05-07T05:00:00.000Z","lastupdt":"2017-05-07T05:00:00.000Z","housenumber":null,"road":null,"city":null,"region":"Metro Manila","country":"PH","netid":"C0:C1:C0:E7:CD:05","name":null,"type":"infra","comment":null,"wep":"2","channel":11,"bcninterval":0,"freenet":"?","dhcp":"?","paynet":"?","userfound":false,"encryption":"wpa2"},{"trilat":14.6468267399999998445991877815686166286468505859375,"trilong":121.0583038299999998343992047011852264404296875,"ssid":"HUAWEI-E5330-4B10","qos":0,"transid":"20170404-00000","firsttime":"2017-03-31T19:00:00.000Z","lasttime":"2017-04-04T04:00:00.000Z","lastupdt":"2017-04-04T04:00:00.000Z","housenumber":null,"road":null,"city":null,"region":null,"country":null,"netid":"58:7F:66:F8:4B:10","name":null,"type":"infra","comment":null,"wep":"2","channel":3,"bcninterval":0,"freenet":"?","dhcp":"?","paynet":"?","userfound":false,"encryption":"wpa2"},{"trilat":14.6496686900000003817012839135713875293731689453125,"trilong":121.0622940100000022312087821774184703826904296875,"ssid":"A1601","qos":0,"transid":"20170222-00000","firsttime":"2017-02-14T19:00:00.000Z","lasttime":"2017-02-22T15:00:00.000Z","lastupdt":"2017-02-22T15:00:00.000Z","housenumber":null,"road":null,"city":null,"region":null,"country":null,"netid":"C2:9F:05:FF:85:F7","name":null,"type":"infra","comment":null,"wep":"2","channel":2,"bcninterval":0,"freenet":"?","dhcp":"?","paynet":"?","userfound":false,"encryption":"wpa2"},{"trilat":14.6458892800000004541516318568028509616851806640625,"trilong":121.0622634900000065272251958958804607391357421875,"ssid":"HUAWEI-E5330-6F5A","qos":0,"transid":"20170715-00000","firsttime":"2017-06-23T08:00:00.000Z","lasttime":"2017-07-15T01:00:00.000Z","lastupdt":"2017-07-15T01:00:00.000Z","housenumber":"","road":"V. Francisco","city":"","region":"","country":"PH","netid":"58:7F:66:79:6F:5A","name":null,"type":"infra","comment":null,"wep":"2","channel":1,"bcninterval":0,"freenet":"?","dhcp":"?","paynet":"?","userfound":false,"encryption":"wpa2"},{"trilat":14.6475830099999999589499566354788839817047119140625,"trilong":121.0604934699999972735895426012575626373291015625,"ssid":"Sean Patrick","qos":2,"transid":"20160417-00000","firsttime":"2016-04-17T15:00:00.000Z","lasttime":"2017-01-11T21:00:00.000Z","lastupdt":"2017-01-11T21:00:00.000Z","housenumber":null,"road":null,"city":null,"region":null,"country":null,"netid":"50:9F:27:0C:4B:19","name":null,"type":"infra","comment":null,"wep":"2","channel":1,"bcninterval":0,"freenet":"?","dhcp":"?","paynet":"?","userfound":false,"encryption":"wpa2"},{"trilat":14.6484575299999999486999513464979827404022216796875,"trilong":121.0571212800000040488157537765800952911376953125,"ssid":"Leckinno1","qos":1,"transid":"20170609-00000","firsttime":"2017-06-03T18:00:00.000Z","lasttime":"2017-07-29T13:00:00.000Z","lastupdt":"2017-07-29T13:00:00.000Z","housenumber":"57","road":"Maginhawa","city":"","region":"","country":"PH","netid":"48:00:33:62:31:0D","name":null,"type":"infra","comment":null,"wep":"2","channel":1,"bcninterval":0,"freenet":"?","dhcp":"?","paynet":"?","userfound":false,"encryption":"wpa2"},{"trilat":14.6473035800000008777033144724555313587188720703125,"trilong":121.057456970000004048415576107800006866455078125,"ssid":"Faculty@diwa","qos":4,"transid":"20160227-00000","firsttime":"2016-02-13T21:00:00.000Z","lasttime":"2017-04-04T04:00:00.000Z","lastupdt":"2017-04-04T04:00:00.000Z","housenumber":null,"road":null,"city":null,"region":null,"country":null,"netid":"2A:A4:3C:7D:AF:58","name":null,"type":"infra","comment":null,"wep":"2","channel":6,"bcninterval":0,"freenet":"?","dhcp":"?","paynet":"?","userfound":false,"encryption":"wpa2"},{"trilat":14.648207660000000629452188150025904178619384765625,"trilong":121.0577239999999932251739664934575557708740234375,"ssid":"Philip note3","qos":1,"transid":"20170112-00000","firsttime":"2017-01-12T18:00:00.000Z","lasttime":"2017-03-01T22:00:00.000Z","lastupdt":"2017-03-01T22:00:00.000Z","housenumber":null,"road":null,"city":null,"region":null,"country":null,"netid":"48:5A:3F:03:D0:82","name":null,"type":"infra","comment":null,"wep":"2","channel":11,"bcninterval":0,"freenet":"?","dhcp":"?","paynet":"?","userfound":false,"encryption":"wpa2"},{"trilat":14.647593499999999266947270371019840240478515625,"trilong":121.0642166100000025608096620999276638031005859375,"ssid":"GUERRERO","qos":0,"transid":"20170921-00000","firsttime":"2017-09-21T20:00:00.000Z","lasttime":"2017-09-21T05:00:00.000Z","lastupdt":"2017-09-21T05:00:00.000Z","housenumber":"","road":"Carlos P. Garcia Avenue","city":"Quezon City","region":"","country":"PH","netid":"28:FF:3E:3D:DB:B8","name":null,"type":"infra","comment":null,"wep":"2","channel":5,"bcninterval":0,"freenet":"?","dhcp":"?","paynet":"?","userfound":false,"encryption":"wpa2"},{"trilat":14.6477098500000000314003045787103474140167236328125,"trilong":121.0644226099999940515772323124110698699951171875,"ssid":"bayanDSLWIFI_EAE6","qos":2,"transid":"20170921-00000","firsttime":"2017-09-21T20:00:00.000Z","lasttime":"2017-10-28T06:00:00.000Z","lastupdt":"2017-10-28T06:00:00.000Z","housenumber":"","road":"Carlos P. Garcia Avenue","city":"Quezon City","region":"","country":"PH","netid":"28:FF:3E:3D:EA:E6","name":null,"type":"infra","comment":null,"wep":"2","channel":1,"bcninterval":0,"freenet":"?","dhcp":"?","paynet":"?","userfound":false,"encryption":"wpa2"},{"trilat":14.6468219800000003516515789669938385486602783203125,"trilong":121.0621108999999933075741864740848541259765625,"ssid":"bayanDSLWIFI","qos":0,"transid":"20170715-00000","firsttime":"2017-07-15T16:00:00.000Z","lasttime":"2017-07-15T01:00:00.000Z","lastupdt":"2017-07-15T01:00:00.000Z","housenumber":"","road":"B. Baluyot","city":"Quezon City","region":"","country":"PH","netid":"28:FF:3E:3D:ED:06","name":null,"type":"infra","comment":null,"wep":"2","channel":1,"bcninterval":0,"freenet":"?","dhcp":"?","paynet":"?","userfound":false,"encryption":"wpa2"},{"trilat":14.646945949999999214696799754165112972259521484375,"trilong":121.0626983599999988427953212521970272064208984375,"ssid":"Starcraft II: Legacy of the Void","qos":5,"transid":"20160227-00000","firsttime":"2016-01-29T18:00:00.000Z","lasttime":"2017-10-26T06:00:00.000Z","lastupdt":"2017-10-26T06:00:00.000Z","housenumber":"","road":"Emilio Jacinto","city":"Quezon City","region":"","country":"PH","netid":"24:05:0F:19:85:B4","name":null,"type":"infra","comment":null,"wep":"2","channel":10,"bcninterval":0,"freenet":"?","dhcp":"?","paynet":"?","userfound":false,"encryption":"wpa2"},{"trilat":14.6500225099999994426980265416204929351806640625,"trilong":121.0576934799999975211903802119195461273193359375,"ssid":"Marvasia","qos":0,"transid":"20170312-00000","firsttime":"2001-01-01T08:00:00.000Z","lasttime":"2017-03-12T10:00:00.000Z","lastupdt":"2017-03-12T10:00:00.000Z","housenumber":null,"road":null,"city":null,"region":null,"country":null,"netid":"24:DF:6A:E6:AA:7E","name":null,"type":"infra","comment":null,"wep":"2","channel":6,"bcninterval":0,"freenet":"?","dhcp":"?","paynet":"?","userfound":false,"encryption":"wpa2"},{"trilat":14.64767742000000083635313785634934902191162109375,"trilong":121.064056399999998347993823699653148651123046875,"ssid":"HUAWEI-9F40","qos":0,"transid":"20170312-00000","firsttime":"2017-03-12T20:00:00.000Z","lasttime":"2017-03-12T10:00:00.000Z","lastupdt":"2017-03-12T10:00:00.000Z","housenumber":null,"road":null,"city":null,"region":null,"country":null,"netid":"24:DF:6A:B1:9F:40","name":null,"type":"infra","comment":null,"wep":"2","channel":9,"bcninterval":0,"freenet":"?","dhcp":"?","paynet":"?","userfound":false,"encryption":"wpa2"},{"trilat":14.6470861400000007535027179983444511890411376953125,"trilong":121.0620498699999956215833663009107112884521484375,"ssid":"HUAWEI-9FE4","qos":0,"transid":"20170404-00000","firsttime":"2017-03-31T19:00:00.000Z","lasttime":"2017-04-04T04:00:00.000Z","lastupdt":"2017-04-04T04:00:00.000Z","housenumber":null,"road":null,"city":null,"region":null,"country":null,"netid":"24:DF:6A:B1:9F:E4","name":null,"type":"infra","comment":null,"wep":"2","channel":10,"bcninterval":0,"freenet":"?","dhcp":"?","paynet":"?","userfound":false,"encryption":"wpa2"},{"trilat":14.6469936399999998144494384177960455417633056640625,"trilong":121.052146910000004709218046627938747406005859375,"ssid":"GHGDI-guest","qos":0,"transid":"20171016-00000","firsttime":"2017-10-17T10:00:00.000Z","lasttime":"2017-10-17T04:00:00.000Z","lastupdt":"2017-10-17T04:00:00.000Z","housenumber":"","road":"Kalayaan","city":"Quezon City","region":"","country":"PH","netid":"54:B8:0A:37:FE:EB","name":null,"type":"infra","comment":null,"wep":"2","channel":6,"bcninterval":0,"freenet":"?","dhcp":"?","paynet":"?","userfound":false,"encryption":"wpa2"},{"trilat":14.649791719999999628498699166812002658843994140625,"trilong":121.057487489999999752399162389338016510009765625,"ssid":"Dlink-Extension","qos":0,"transid":"20170609-00000","firsttime":"2017-06-03T18:00:00.000Z","lasttime":"2017-06-09T05:00:00.000Z","lastupdt":"2017-06-09T05:00:00.000Z","housenumber":null,"road":null,"city":null,"region":null,"country":null,"netid":"54:B8:0A:70:1D:2A","name":null,"type":"infra","comment":null,"wep":"2","channel":6,"bcninterval":0,"freenet":"?","dhcp":"?","paynet":"?","userfound":false,"encryption":"wpa2"},{"trilat":14.65046786999999994804966263473033905029296875,"trilong":121.057365419999996447586454451084136962890625,"ssid":"20","qos":0,"transid":"20170609-00000","firsttime":"2017-06-03T18:00:00.000Z","lasttime":"2017-06-09T05:00:00.000Z","lastupdt":"2017-06-09T05:00:00.000Z","housenumber":null,"road":null,"city":null,"region":null,"country":null,"netid":"B8:55:10:AE:7E:C4","name":null,"type":"infra","comment":null,"wep":"W","channel":11,"bcninterval":0,"freenet":"?","dhcp":"?","paynet":"?","userfound":false,"encryption":"wpa"},{"trilat":14.647907260000000206900949706323444843292236328125,"trilong":121.0541687000000052876202971674501895904541015625,"ssid":"ASP student lounge","qos":0,"transid":"20150726-00000","firsttime":"2015-02-24T13:00:00.000Z","lasttime":"2016-05-09T03:00:00.000Z","lastupdt":"2017-05-07T05:00:00.000Z","housenumber":null,"road":null,"city":null,"region":null,"country":null,"netid":"B8:55:10:98:9E:30","name":null,"type":"infra","comment":null,"wep":"2","channel":11,"bcninterval":0,"freenet":"?","dhcp":"?","paynet":"?","userfound":false,"encryption":"wpa2"},{"trilat":14.6484708799999996386986822471953928470611572265625,"trilong":121.056938169999995125181158073246479034423828125,"ssid":"R10","qos":0,"transid":"20170609-00000","firsttime":"2017-06-03T18:00:00.000Z","lasttime":"2017-06-09T05:00:00.000Z","lastupdt":"2017-06-09T05:00:00.000Z","housenumber":null,"road":null,"city":null,"region":null,"country":null,"netid":"40:45:DA:64:C9:6E","name":null,"type":"infra","comment":null,"wep":"2","channel":6,"bcninterval":0,"freenet":"?","dhcp":"?","paynet":"?","userfound":false,"encryption":"wpa2"},{"trilat":14.646746639999999928249962977133691310882568359375,"trilong":121.0596923800000013216049410402774810791015625,"ssid":"Rarest Pepe","qos":2,"transid":"20170303-00000","firsttime":"2017-03-03T19:00:00.000Z","lasttime":"2017-07-29T13:00:00.000Z","lastupdt":"2017-07-29T13:00:00.000Z","housenumber":"","road":"Magiting","city":"","region":"","country":"PH","netid":"50:09:59:83:80:35","name":null,"type":"infra","comment":null,"wep":"2","channel":11,"bcninterval":0,"freenet":"?","dhcp":"?","paynet":"?","userfound":false,"encryption":"wpa2"},{"trilat":14.647072789999999287147147697396576404571533203125,"trilong":121.063766479999998182393028400838375091552734375,"ssid":"PT&T Fiber","qos":0,"transid":"20170921-00000","firsttime":"2017-09-21T20:00:00.000Z","lasttime":"2017-09-22T19:00:00.000Z","lastupdt":"2017-09-22T19:00:00.000Z","housenumber":"","road":"B. Baluyot","city":"","region":"","country":"PH","netid":"C0:7E:40:73:21:48","name":null,"type":"infra","comment":null,"wep":"2","channel":11,"bcninterval":0,"freenet":"?","dhcp":"?","paynet":"?","userfound":false,"encryption":"wpa2"},{"trilat":14.6476783800000003310515239718370139598846435546875,"trilong":121.064140320000007022827048785984516143798828125,"ssid":"AndroidAP","qos":0,"transid":"20170321-00000","firsttime":"2017-03-22T11:00:00.000Z","lasttime":"2017-03-21T21:00:00.000Z","lastupdt":"2017-03-21T21:00:00.000Z","housenumber":null,"road":null,"city":null,"region":null,"country":null,"netid":"44:78:3E:F8:75:E7","name":null,"type":"infra","comment":null,"wep":"2","channel":6,"bcninterval":0,"freenet":"?","dhcp":"?","paynet":"?","userfound":false,"encryption":"wpa2"},{"trilat":14.6481819200000007441531124641187489032745361328125,"trilong":121.0597686800000047924186219461262226104736328125,"ssid":"BMtg-Q29sZW5nUXRRdPCfkpXwn5KY","qos":0,"transid":"20170311-00000","firsttime":"2017-03-10T19:00:00.000Z","lasttime":"2017-03-11T06:00:00.000Z","lastupdt":"2017-03-11T06:00:00.000Z","housenumber":null,"road":null,"city":null,"region":null,"country":null,"netid":"58:63:56:9C:7E:AA","name":null,"type":"infra","comment":null,"wep":"?","channel":6,"bcninterval":0,"freenet":"?","dhcp":"?","paynet":"?","userfound":false,"encryption":"unknown"},{"trilat":14.6466045400000002274509824928827583789825439453125,"trilong":121.0523681600000003300010575912892818450927734375,"ssid":"R_network","qos":0,"transid":"20171016-00000","firsttime":"2017-10-17T10:00:00.000Z","lasttime":"2017-10-17T04:00:00.000Z","lastupdt":"2017-10-17T04:00:00.000Z","housenumber":"","road":"Kalayaan","city":"Quezon City","region":"","country":"PH","netid":"58:6D:8F:A5:DC:88","name":null,"type":"infra","comment":null,"wep":"2","channel":36,"bcninterval":0,"freenet":"?","dhcp":"?","paynet":"?","userfound":false,"encryption":"wpa2"},{"trilat":14.6462421400000000204499883693642914295196533203125,"trilong":121.06238555999999562118318863213062286376953125,"ssid":"20BEE","qos":3,"transid":"20170715-00000","firsttime":"2017-06-23T08:00:00.000Z","lasttime":"2017-07-29T13:00:00.000Z","lastupdt":"2017-07-29T13:00:00.000Z","housenumber":"","road":"V. Francisco","city":"","region":"","country":"PH","netid":"4E:5E:0C:A2:0C:3B","name":null,"type":"infra","comment":null,"wep":"2","channel":1,"bcninterval":0,"freenet":"?","dhcp":"?","paynet":"?","userfound":false,"encryption":"wpa2"},{"trilat":14.6503057499999993495976013946346938610076904296875,"trilong":121.061103819999999586798367090523242950439453125,"ssid":"Amorseco","qos":1,"transid":"20140224-00000","firsttime":"2014-02-24T19:00:00.000Z","lasttime":"2017-03-16T08:00:00.000Z","lastupdt":"2017-03-16T08:00:00.000Z","housenumber":null,"road":null,"city":null,"region":null,"country":null,"netid":"34:CD:BE:92:66:75","name":null,"type":"infra","comment":null,"wep":"2","channel":6,"bcninterval":0,"freenet":"?","dhcp":"?","paynet":"?","userfound":false,"encryption":"wpa2"},{"trilat":14.6500205999999995043481249012984335422515869140625,"trilong":121.064170840000002726810635067522525787353515625,"ssid":"jasonerick-guest","qos":1,"transid":"20170507-00000","firsttime":"2017-04-10T17:00:00.000Z","lasttime":"2017-05-07T05:00:00.000Z","lastupdt":"2017-05-07T05:00:00.000Z","housenumber":null,"road":null,"city":null,"region":null,"country":null,"netid":"C8:B3:73:2B:8E:5F","name":null,"type":"infra","comment":null,"wep":"?","channel":1,"bcninterval":0,"freenet":"?","dhcp":"?","paynet":"?","userfound":false,"encryption":"unknown"},{"trilat":14.647344589999999442397893290035426616668701171875,"trilong":121.0575561499999963643858791328966617584228515625,"ssid":"Smart_Bro_507FF7","qos":0,"transid":"20170729-00000","firsttime":"2017-07-16T19:00:00.000Z","lasttime":"2017-07-29T13:00:00.000Z","lastupdt":"2017-07-29T13:00:00.000Z","housenumber":"77","road":"Maginhawa","city":"","region":"","country":"PH","netid":"34:BA:9A:50:7F:F7","name":null,"type":"infra","comment":null,"wep":"2","channel":7,"bcninterval":0,"freenet":"?","dhcp":"?","paynet":"?","userfound":false,"encryption":"wpa2"},{"trilat":14.6460437799999994012978277169167995452880859375,"trilong":121.0603179900000014868055586703121662139892578125,"ssid":"Andoks","qos":0,"transid":"20170715-00000","firsttime":"2017-07-15T16:00:00.000Z","lasttime":"2017-07-15T01:00:00.000Z","lastupdt":"2017-07-15T01:00:00.000Z","housenumber":"","road":"Maginhawa","city":"","region":"","country":"PH","netid":"34:BA:9A:50:5F:94","name":null,"type":"infra","comment":null,"wep":"2","channel":9,"bcninterval":0,"freenet":"?","dhcp":"?","paynet":"?","userfound":false,"encryption":"wpa2"},{"trilat":14.6476640699999993699975675554014742374420166015625,"trilong":121.0645751999999930603735265322029590606689453125,"ssid":"BGUL-am9obnZpbmNlbnQucmFzYWxh","qos":0,"transid":"20170313-00000","firsttime":"2017-03-13T21:00:00.000Z","lasttime":"2017-03-13T07:00:00.000Z","lastupdt":"2017-03-13T07:00:00.000Z","housenumber":null,"road":null,"city":null,"region":null,"country":null,"netid":"34:8A:7B:EA:65:4C","name":null,"type":"infra","comment":null,"wep":"?","channel":6,"bcninterval":0,"freenet":"?","dhcp":"?","paynet":"?","userfound":false,"encryption":"unknown"},{"trilat":14.64685154000000011365045793354511260986328125,"trilong":121.0579910299999966127870720811188220977783203125,"ssid":"dlink","qos":5,"transid":"20140508-00000","firsttime":"2014-05-01T21:00:00.000Z","lasttime":"2017-07-29T13:00:00.000Z","lastupdt":"2017-07-29T13:00:00.000Z","housenumber":"79","road":"Maginhawa","city":"","region":"","country":"PH","netid":"C8:D3:A3:1B:8F:40","name":null,"type":"infra","comment":null,"wep":"2","channel":6,"bcninterval":0,"freenet":"?","dhcp":"?","paynet":"?","userfound":false,"encryption":"wpa2"},{"trilat":14.6464080800000004956018528901040554046630859375,"trilong":121.059280400000005784022505395114421844482421875,"ssid":"HUAWEI-FA07","qos":0,"transid":"20170729-00000","firsttime":"2017-07-16T19:00:00.000Z","lasttime":"2017-07-29T13:00:00.000Z","lastupdt":"2017-07-29T13:00:00.000Z","housenumber":"","road":"Magiting","city":"","region":"","country":"PH","netid":"48:DB:50:B2:FA:07","name":null,"type":"infra","comment":null,"wep":"2","channel":6,"bcninterval":0,"freenet":"?","dhcp":"?","paynet":"?","userfound":false,"encryption":"wpa2"},{"trilat":14.6468296099999992776474755373783409595489501953125,"trilong":121.0601120000000037180143408477306365966796875,"ssid":"PLDTHOMEDSL2DAC6","qos":0,"transid":"20170715-00000","firsttime":"2017-07-15T16:00:00.000Z","lasttime":"2017-07-15T01:00:00.000Z","lastupdt":"2017-07-15T01:00:00.000Z","housenumber":"60","road":"Magiting","city":"","region":"","country":"PH","netid":"4C:81:20:92:DA:C6","name":null,"type":"infra","comment":null,"wep":"2","channel":11,"bcninterval":0,"freenet":"?","dhcp":"?","paynet":"?","userfound":false,"encryption":"wpa2"},{"trilat":14.6462783800000000411500877817161381244659423828125,"trilong":121.05967712000000346961314789950847625732421875,"ssid":"FatPipe@BosCoffee","qos":2,"transid":"20170609-00000","firsttime":"2017-06-03T18:00:00.000Z","lasttime":"2017-07-29T13:00:00.000Z","lastupdt":"2017-07-29T13:00:00.000Z","housenumber":"","road":"Maginhawa","city":"","region":"","country":"PH","netid":"30:B5:C2:B5:33:12","name":null,"type":"infra","comment":null,"wep":"?","channel":6,"bcninterval":0,"freenet":"?","dhcp":"?","paynet":"?","userfound":false,"encryption":"unknown"},{"trilat":14.6468181600000004749517756863497197628021240234375,"trilong":121.059745789999993803576217032968997955322265625,"ssid":"DIRECT-3C-HP DeskJet 3830 series","qos":2,"transid":"20170303-00000","firsttime":"2017-03-03T20:00:00.000Z","lasttime":"2017-07-15T01:00:00.000Z","lastupdt":"2017-07-15T01:00:00.000Z","housenumber":"","road":"Magiting","city":"","region":"","country":"PH","netid":"30:E1:71:9C:36:3D","name":null,"type":"infra","comment":null,"wep":"2","channel":11,"bcninterval":0,"freenet":"?","dhcp":"?","paynet":"?","userfound":false,"encryption":"wpa2"},{"trilat":14.64874554000000017595084500499069690704345703125,"trilong":121.05438232000000198240741156041622161865234375,"ssid":"DILNET-ATLETA1","qos":5,"transid":"20140508-00000","firsttime":"2014-05-05T10:00:00.000Z","lasttime":"2017-03-26T07:00:00.000Z","lastupdt":"2017-03-26T07:00:00.000Z","housenumber":null,"road":null,"city":null,"region":null,"country":null,"netid":"C8:D7:19:F1:D7:52","name":null,"type":"infra","comment":null,"wep":"N","channel":6,"bcninterval":0,"freenet":"?","dhcp":"?","paynet":"?","userfound":false,"encryption":"none"},{"trilat":14.648772239999999555948306806385517120361328125,"trilong":121.0569686900000050400194595567882061004638671875,"ssid":"PLDTMyDSLvirus","qos":5,"transid":"20130419-00000","firsttime":"2013-04-18T21:00:00.000Z","lasttime":"2017-06-09T05:00:00.000Z","lastupdt":"2017-06-09T05:00:00.000Z","housenumber":null,"road":null,"city":null,"region":"Metro Manila","country":"PH","netid":"B0:B2:DC:AA:C8:8C","name":null,"type":"infra","comment":null,"wep":"2","channel":11,"bcninterval":0,"freenet":"?","dhcp":"?","paynet":"?","userfound":false,"encryption":"wpa2"},{"trilat":14.6465511300000006400523488991893827915191650390625,"trilong":121.05889892999999801759258843958377838134765625,"ssid":"PLDTHOMEFIBRe9090","qos":2,"transid":"20170609-00000","firsttime":"2017-06-03T18:00:00.000Z","lasttime":"2017-07-29T13:00:00.000Z","lastupdt":"2017-07-29T13:00:00.000Z","housenumber":"","road":"Maginhawa","city":"","region":"","country":"PH","netid":"BC:C0:0F:1E:90:90","name":null,"type":"infra","comment":null,"wep":"2","channel":11,"bcninterval":0,"freenet":"?","dhcp":"?","paynet":"?","userfound":false,"encryption":"wpa2"},{"trilat":14.6472854600000008673532647662796080112457275390625,"trilong":121.062522889999996777987689711153507232666015625,"ssid":"Globe Pocket","qos":0,"transid":"20170320-00000","firsttime":"2017-03-21T11:00:00.000Z","lasttime":"2017-03-20T22:00:00.000Z","lastupdt":"2017-03-20T22:00:00.000Z","housenumber":null,"road":null,"city":null,"region":null,"country":null,"netid":"BC:75:74:B6:0E:5B","name":null,"type":"infra","comment":null,"wep":"2","channel":10,"bcninterval":0,"freenet":"?","dhcp":"?","paynet":"?","userfound":false,"encryption":"wpa2"},{"trilat":14.6507358599999992776474755373783409595489501953125,"trilong":121.06153107000000090920366346836090087890625,"ssid":"Kurt","qos":0,"transid":"20170715-00000","firsttime":"2001-01-01T08:00:00.000Z","lasttime":"2017-07-15T01:00:00.000Z","lastupdt":"2017-07-15T01:00:00.000Z","housenumber":"","road":"Emilio Jacinto","city":"Quezon City","region":"","country":"PH","netid":"3A:D5:47:5B:6C:B4","name":null,"type":"infra","comment":null,"wep":"2","channel":11,"bcninterval":0,"freenet":"?","dhcp":"?","paynet":"?","userfound":false,"encryption":"wpa2"},{"trilat":14.64886283999999960769855533726513385772705078125,"trilong":121.059555050000000164800439961254596710205078125,"ssid":"BgCo-R1RTNTM2MA","qos":0,"transid":"20171026-00000","firsttime":"2017-10-26T20:00:00.000Z","lasttime":"2017-10-26T06:00:00.000Z","lastupdt":"2017-10-26T06:00:00.000Z","housenumber":"15","road":"Maayusin","city":"","region":"","country":"PH","netid":"38:EC:E4:CC:27:C6","name":null,"type":"infra","comment":null,"wep":"?","channel":6,"bcninterval":0,"freenet":"?","dhcp":"?","paynet":"?","userfound":false,"encryption":"unknown"}]}