{"success":true,"totalResults":2103,"search_after":82920087,"first":1,"last":100,"resultCount":100,"results":[{"trilat":14.64499378000000007205017027445137500762939453125,"trilong":121.0610504200000008268034434877336025238037109375,"ssid":"Tsim Sha Tsui","qos":0,"transid":"20170729-00000","firsttime":"2017-07-16T19:00:00.000Z","lasttime":"2017-07-29T13:00:00.000Z","lastupdt":"2017-07-29T13:00:00.000Z","housenumber":"","road":"Maginhawa","city":"","region":"","country":"PH","netid":"4C:81:20:92:06:02","name":null,"type":"infra","comment":null,"wep":"2","channel":11,"bcninterval":0,"freenet":"?","dhcp":"?","paynet":"?","userfound":false,"encryption":"wpa2"},{"trilat":14.6464147600000007543030733359046280384063720703125,"trilong":121.0592498799999958691842039115726947784423828125,"ssid":"Mitsubishi Wireless TV 478","qos":0,"transid":"20170729-00000","firsttime":"2017-07-16T19:00:00.000Z","lasttime":"2017-07-29T13:00:00.000Z","lastupdt":"2017-07-29T13:00:00.000Z","housenumber":"","road":"Magiting","city":"","region":"","country":"PH","netid":"7C:C7:09:C6:48:AE","name":null,"type":"infra","comment":null,"wep":"?","channel":36,"bcninterval":0,"freenet":"?","dhcp":"?","paynet":"?","userfound":false,"encryption":"unknown"},{"trilat":14.64613437999999945304807624779641628265380859375,"trilong":121.05972289999999702558852732181549072265625,"ssid":"MRS Wi-Fi Network","qos":1,"transid":"20150216-00000","firsttime":"2015-02-09T17:00:00.000Z","lasttime":"2015-08-12T07:00:00.000Z","lastupdt":"2015-08-12T07:00:00.000Z","housenumber":null,"road":null,"city":null,"region":null,"country":null,"netid":"00:F7:6F:CC:85:E2","name":null,"type":"infra","comment":null,"wep":"2","channel":11,"bcninterval":0,"freenet":"?","dhcp":"?","paynet":"?","userfound":false,"encryption":"wpa2"},{"trilat":14.642715450000000743102646083571016788482666015625,"trilong":121.05773926000000528802047483623027801513671875,"ssid":"6S+MAN","qos":0,"transid":"20161206-00000","firsttime":"2016-12-04T20:00:00.000Z","lasttime":"2016-12-06T07:00:00.000Z","lastupdt":"2016-12-06T07:00:00.000Z","housenumber":null,"road":null,"city":null,"region":null,"country":null,"netid":"7E:01:91:D0:63:3F","name":null,"type":"infra","comment":null,"wep":"2","channel":1,"bcninterval":0,"freenet":"?","dhcp":"?","paynet":"?","userfound":false,"encryption":"wpa2"},{"trilat":14.646456719999999762649167678318917751312255859375,"trilong":121.058555600000005370020517148077487945556640625,"ssid":"... ","qos":0,"transid":"20160907-00000","firsttime":"2016-09-03T21:00:00.000Z","lasttime":"2016-09-07T19:00:00.000Z","lastupdt":"2016-09-07T19:00:00.000Z","housenumber":null,"road":null,"city":null,"region":null,"country":null,"netid":"52:9F:27:BA:91:97","name":null,"type":"infra","comment":null,"wep":"2","channel":1,"bcninterval":0,"freenet":"?","dhcp":"?","paynet":"?","userfound":false,"encryption":"wpa2"},{"trilat":14.64583683000000036145138437859714031219482421875,"trilong":121.060974119999997355989762581884860992431640625,"ssid":"MIKOY","qos":0,"transid":"20130621-00000","firsttime":"2013-06-14T21:00:00.000Z","lasttime":"2013-06-21T06:00:00.000Z","lastupdt":"2013-06-21T04:00:00.000Z","housenumber":null,"road":null,"city":null,"region":"Metro Manila","country":"PH","netid":"7E:FA:DF:72:52:E2","name":null,"type":"infra","comment":null,"wep":"2","channel":1,"bcninterval":0,"freenet":"?","dhcp":"?","paynet":"?","userfound":false,"encryption":"wpa2"},{"trilat":14.6465234800000008164033715729601681232452392578125,"trilong":121.05876922999999578678398393094539642333984375,"ssid":"Minna?s iPhone","qos":0,"transid":"20141230-00000","firsttime":"2014-12-01T22:00:00.000Z","lasttime":"2014-12-30T04:00:00.000Z","lastupdt":"2015-07-26T00:00:00.000Z","housenumber":null,"road":null,"city":null,"region":null,"country":null,"netid":"7E:FA:DF:74:8C:0F","name":null,"type":"infra","comment":null,"wep":"2","channel":1,"bcninterval":0,"freenet":"?","dhcp":"?","paynet":"?","userfound":false,"encryption":"wpa2"},{"trilat":14.646806720000000723302946425974369049072265625,"trilong":121.060035709999993969177012331783771514892578125,"ssid":"Twinky-PC","qos":0,"transid":"20160604-00000","firsttime":"2016-05-27T19:00:00.000Z","lasttime":"2016-06-04T16:00:00.000Z","lastupdt":"2016-12-11T19:00:00.000Z","housenumber":null,"road":null,"city":null,"region":null,"country":null,"netid":"50:CC:F8:90:BD:92","name":null,"type":"infra","comment":null,"wep":"W","channel":6,"bcninterval":0,"freenet":"?","dhcp":"?","paynet":"Y","userfound":false,"encryption":"wpa"},{"trilat":14.647127149999999318197296815924346446990966796875,"trilong":121.058052059999994298777892254292964935302734375,"ssid":"Androidj7","qos":0,"transid":"20170729-00000","firsttime":"2017-07-16T19:00:00.000Z","lasttime":"2017-07-29T13:00:00.000Z","lastupdt":"2017-07-29T13:00:00.000Z","housenumber":"78","road":"Maginhawa","city":"","region":"","country":"PH","netid":"50:F0:D3:5B:9A:98","name":null,"type":"infra","comment":null,"wep":"2","channel":6,"bcninterval":0,"freenet":"?","dhcp":"?","paynet":"?","userfound":false,"encryption":"wpa2"},{"trilat":14.6467819200000004542516762739978730678558349609375,"trilong":121.061264039999997521590557880699634552001953125,"ssid":"paolo","qos":0,"transid":"20130810-00000","firsttime":"2013-08-07T21:00:00.000Z","lasttime":"2013-08-10T02:00:00.000Z","lastupdt":"2013-08-10T00:00:00.000Z","housenumber":null,"road":null,"city":null,"region":"Metro Manila","country":"PH","netid":"02:23:15:00:18:12","name":null,"type":"ad-hoc","comment":null,"wep":"Y","channel":11,"bcninterval":0,"freenet":"?","dhcp":"?","paynet":"?","userfound":false,"encryption":"wep"},{"trilat":14.645237919999999576248228549957275390625,"trilong":121.0606079100000016524063539691269397735595703125,"ssid":"covimyx","qos":0,"transid":"20140817-00000","firsttime":"2014-08-16T19:00:00.000Z","lasttime":"2014-08-17T06:00:00.000Z","lastupdt":"2015-07-26T00:00:00.000Z","housenumber":null,"road":null,"city":null,"region":null,"country":null,"netid":"50:9F:27:08:82:A8","name":null,"type":"infra","comment":null,"wep":"2","channel":6,"bcninterval":0,"freenet":"?","dhcp":"?","paynet":"?","userfound":false,"encryption":"wpa2"},{"trilat":14.646556849999999627698343829251825809478759765625,"trilong":121.0590362500000054524207371287047863006591796875,"ssid":"HUAWEI-E5220-4a9e","qos":0,"transid":"20150216-00000","firsttime":"2015-02-10T21:00:00.000Z","lasttime":"2015-02-16T06:00:00.000Z","lastupdt":"2015-07-26T00:00:00.000Z","housenumber":null,"road":null,"city":null,"region":null,"country":null,"netid":"50:9F:27:31:4A:9E","name":null,"type":"infra","comment":null,"wep":"2","channel":6,"bcninterval":0,"freenet":"?","dhcp":"?","paynet":"?","userfound":false,"encryption":"wpa2"},{"trilat":14.6467170699999993388473740196786820888519287109375,"trilong":121.058441160000000991203705780208110809326171875,"ssid":"sugarcane","qos":0,"transid":"20170729-00000","firsttime":"2017-07-16T19:00:00.000Z","lasttime":"2017-07-29T13:00:00.000Z","lastupdt":"2017-07-29T13:00:00.000Z","housenumber":"85","road":"Maginhawa","city":"","region":"","country":"PH","netid":"50:9F:27:0D:FC:2A","name":null,"type":"infra","comment":null,"wep":"2","channel":11,"bcninterval":0,"freenet":"?","dhcp":"?","paynet":"?","userfound":false,"encryption":"wpa2"},{"trilat":14.646412850000000815953171695582568645477294921875,"trilong":121.0591888400000044612170313484966754913330078125,"ssid":"PCA - Tattoo","qos":0,"transid":"20131110-00000","firsttime":"2013-11-09T19:00:00.000Z","lasttime":"2013-11-10T08:00:00.000Z","lastupdt":"2013-11-10T06:00:00.000Z","housenumber":null,"road":null,"city":null,"region":"Metro Manila","country":"PH","netid":"50:9F:27:4C:CC:18","name":null,"type":"infra","comment":null,"wep":"2","channel":11,"bcninterval":0,"freenet":"?","dhcp":"?","paynet":"?","userfound":false,"encryption":"wpa2"},{"trilat":14.6456651699999991222966855275444686412811279296875,"trilong":121.0592651399999937211759970523416996002197265625,"ssid":"Bato","qos":0,"transid":"20150726-00000","firsttime":"2015-02-25T20:00:00.000Z","lasttime":"2015-07-26T00:00:00.000Z","lastupdt":"2015-07-26T00:00:00.000Z","housenumber":null,"road":null,"city":null,"region":null,"country":null,"netid":"70:72:3C:CF:8B:F4","name":null,"type":"infra","comment":null,"wep":"2","channel":11,"bcninterval":0,"freenet":"?","dhcp":"?","paynet":"?","userfound":false,"encryption":"wpa2"},{"trilat":14.6468362800000004853018253925256431102752685546875,"trilong":121.0606307999999984303940436802804470062255859375,"ssid":"agn_ngr","qos":0,"transid":"20150808-00000","firsttime":"2015-08-07T22:00:00.000Z","lasttime":"2015-08-08T09:00:00.000Z","lastupdt":"2015-08-08T09:00:00.000Z","housenumber":null,"road":null,"city":null,"region":null,"country":null,"netid":"70:72:3C:92:C7:E9","name":null,"type":"infra","comment":null,"wep":"2","channel":2,"bcninterval":0,"freenet":"?","dhcp":"?","paynet":"?","userfound":false,"encryption":"wpa2"},{"trilat":14.6453628499999997103486748528666794300079345703125,"trilong":121.060989379999995207981555722653865814208984375,"ssid":"Dealvia","qos":0,"transid":"20150726-00000","firsttime":"2015-02-25T20:00:00.000Z","lasttime":"2015-07-26T00:00:00.000Z","lastupdt":"2015-07-26T00:00:00.000Z","housenumber":null,"road":null,"city":null,"region":null,"country":null,"netid":"70:72:3C:92:E4:FB","name":null,"type":"infra","comment":null,"wep":"2","channel":10,"bcninterval":0,"freenet":"?","dhcp":"?","paynet":"?","userfound":false,"encryption":"wpa2"},{"trilat":14.6466712999999995048483469872735440731048583984375,"trilong":121.0581359899999966955874697305262088775634765625,"ssid":"Noi","qos":0,"transid":"20160907-00000","firsttime":"2016-09-03T21:00:00.000Z","lasttime":"2016-09-07T19:00:00.000Z","lastupdt":"2016-09-07T19:00:00.000Z","housenumber":null,"road":null,"city":null,"region":null,"country":null,"netid":"72:7A:55:D3:78:A4","name":null,"type":"infra","comment":null,"wep":"2","channel":1,"bcninterval":0,"freenet":"?","dhcp":"?","paynet":"?","userfound":false,"encryption":"wpa2"},{"trilat":14.6467132600000002895512807299382984638214111328125,"trilong":121.059974670000002561209839768707752227783203125,"ssid":"EscaMD","qos":0,"transid":"20140508-00000","firsttime":"2014-05-01T21:00:00.000Z","lasttime":"2014-05-09T05:00:00.000Z","lastupdt":"2015-07-26T00:00:00.000Z","housenumber":null,"road":null,"city":null,"region":null,"country":null,"netid":"5C:F8:A1:D1:32:04","name":null,"type":"infra","comment":null,"wep":"2","channel":11,"bcninterval":0,"freenet":"?","dhcp":"?","paynet":"?","userfound":false,"encryption":"wpa2"},{"trilat":14.64190291999999971039869706146419048309326171875,"trilong":121.0611953699999929767727735452353954315185546875,"ssid":"Globe_LTE MIFI_2C3A","qos":0,"transid":"20170929-00000","firsttime":"2017-09-30T08:00:00.000Z","lasttime":"2017-09-29T18:00:00.000Z","lastupdt":"2017-09-29T18:00:00.000Z","housenumber":"","road":"Maginhawa","city":"","region":"","country":"PH","netid":"5C:F2:86:2E:2C:3A","name":null,"type":"infra","comment":null,"wep":"2","channel":7,"bcninterval":0,"freenet":"?","dhcp":"?","paynet":"?","userfound":false,"encryption":"wpa2"},{"trilat":14.6465358699999992353468769579194486141204833984375,"trilong":121.0587921099999988427953212521970272064208984375,"ssid":"CCTV","qos":0,"transid":"20170729-00000","firsttime":"2017-07-16T19:00:00.000Z","lasttime":"2017-07-29T13:00:00.000Z","lastupdt":"2017-07-29T13:00:00.000Z","housenumber":"","road":"Maginhawa","city":"","region":"","country":"PH","netid":"5C:F2:86:21:96:EA","name":null,"type":"infra","comment":null,"wep":"2","channel":7,"bcninterval":0,"freenet":"?","dhcp":"?","paynet":"?","userfound":false,"encryption":"wpa2"},{"trilat":14.646620750000000299451130558736622333526611328125,"trilong":121.05844878999999991719960235059261322021484375,"ssid":"RDA110","qos":1,"transid":"20170303-00000","firsttime":"2017-03-03T19:00:00.000Z","lasttime":"2017-07-29T13:00:00.000Z","lastupdt":"2017-07-29T13:00:00.000Z","housenumber":"86","road":"Maginhawa","city":"","region":"","country":"PH","netid":"5C:F2:86:21:A2:37","name":null,"type":"infra","comment":null,"wep":"2","channel":7,"bcninterval":0,"freenet":"?","dhcp":"?","paynet":"?","userfound":false,"encryption":"wpa2"},{"trilat":14.6468496300000001753005562932230532169342041015625,"trilong":121.0607681299999995871985447593033313751220703125,"ssid":"RSMARTWIFI","qos":0,"transid":"20170715-00000","firsttime":"2017-07-15T16:00:00.000Z","lasttime":"2017-07-15T01:00:00.000Z","lastupdt":"2017-07-15T01:00:00.000Z","housenumber":"60","road":"Magiting","city":"","region":"","country":"PH","netid":"5C:F2:86:25:5C:DB","name":null,"type":"infra","comment":null,"wep":"2","channel":8,"bcninterval":0,"freenet":"?","dhcp":"?","paynet":"?","userfound":false,"encryption":"wpa2"},{"trilat":14.645277979999999473648131242953240871429443359375,"trilong":121.060974119999997355989762581884860992431640625,"ssid":"AidzOfBassSincopado","qos":0,"transid":"20170729-00000","firsttime":"2017-07-16T19:00:00.000Z","lasttime":"2017-07-29T13:00:00.000Z","lastupdt":"2017-07-29T13:00:00.000Z","housenumber":"","road":"Maginhawa","city":"","region":"","country":"PH","netid":"5C:F2:86:25:7F:00","name":null,"type":"infra","comment":null,"wep":"2","channel":9,"bcninterval":0,"freenet":"?","dhcp":"?","paynet":"?","userfound":false,"encryption":"wpa2"},{"trilat":14.6457910499999997000486473552882671356201171875,"trilong":121.0608902000000028920112526975572109222412109375,"ssid":"Tope","qos":0,"transid":"20170715-00000","firsttime":"2017-07-15T16:00:00.000Z","lasttime":"2017-07-15T01:00:00.000Z","lastupdt":"2017-07-15T01:00:00.000Z","housenumber":"","road":"Masinsinan","city":"","region":"","country":"PH","netid":"5C:F2:86:25:8D:AA","name":null,"type":"infra","comment":null,"wep":"2","channel":7,"bcninterval":0,"freenet":"?","dhcp":"?","paynet":"?","userfound":false,"encryption":"wpa2"},{"trilat":14.6462898300000006202026270329952239990234375,"trilong":121.059822080000003552413545548915863037109375,"ssid":"Shayne","qos":0,"transid":"20170729-00000","firsttime":"2017-07-16T19:00:00.000Z","lasttime":"2017-07-29T13:00:00.000Z","lastupdt":"2017-07-29T13:00:00.000Z","housenumber":"","road":"Maginhawa","city":"","region":"","country":"PH","netid":"5C:F2:86:25:B3:81","name":null,"type":"infra","comment":null,"wep":"2","channel":8,"bcninterval":0,"freenet":"?","dhcp":"?","paynet":"?","userfound":false,"encryption":"wpa2"},{"trilat":14.6467027699999992051971275941468775272369384765625,"trilong":121.0583572400000065272251958958804607391357421875,"ssid":"Globe_LTE MIFI_A44A","qos":0,"transid":"20170729-00000","firsttime":"2017-07-16T19:00:00.000Z","lasttime":"2017-07-29T13:00:00.000Z","lastupdt":"2017-07-29T13:00:00.000Z","housenumber":"85","road":"Maginhawa","city":"","region":"","country":"PH","netid":"5C:F2:86:26:A4:4A","name":null,"type":"infra","comment":null,"wep":"2","channel":7,"bcninterval":0,"freenet":"?","dhcp":"?","paynet":"?","userfound":false,"encryption":"wpa2"},{"trilat":14.646747590000000371901478501968085765838623046875,"trilong":121.0595245399999981827932060696184635162353515625,"ssid":"Globe_LTE MIFI_EDAA","qos":0,"transid":"20170303-00000","firsttime":"2017-03-03T19:00:00.000Z","lasttime":"2017-03-03T07:00:00.000Z","lastupdt":"2017-03-03T07:00:00.000Z","housenumber":null,"road":null,"city":null,"region":null,"country":null,"netid":"5C:F2:86:27:ED:AA","name":null,"type":"infra","comment":null,"wep":"2","channel":8,"bcninterval":0,"freenet":"?","dhcp":"?","paynet":"?","userfound":false,"encryption":"wpa2"},{"trilat":14.6433200800000005159517968422733247280120849609375,"trilong":121.057876590000006444824975915253162384033203125,"ssid":"dd-wrt","qos":1,"transid":"20130309-00000","firsttime":"2013-03-09T20:00:00.000Z","lasttime":"2013-03-11T16:00:00.000Z","lastupdt":"2013-03-11T14:00:00.000Z","housenumber":null,"road":null,"city":null,"region":"Metro Manila","country":"PH","netid":"00:86:11:0A:1C:46","name":null,"type":"infra","comment":null,"wep":"W","channel":6,"bcninterval":0,"freenet":"?","dhcp":"?","paynet":"?","userfound":false,"encryption":"wpa"},{"trilat":14.646646499999999235797076835297048091888427734375,"trilong":121.0591735800000066092252382077276706695556640625,"ssid":"Project LEDA","qos":0,"transid":"20150216-00000","firsttime":"2015-02-10T21:00:00.000Z","lasttime":"2015-02-16T06:00:00.000Z","lastupdt":"2015-07-26T00:00:00.000Z","housenumber":null,"road":null,"city":null,"region":null,"country":null,"netid":"60:E7:01:23:46:04","name":null,"type":"infra","comment":null,"wep":"2","channel":1,"bcninterval":0,"freenet":"?","dhcp":"?","paynet":"?","userfound":false,"encryption":"wpa2"},{"trilat":14.6459436400000004852017809753306210041046142578125,"trilong":121.0610199000000051228198572061955928802490234375,"ssid":"BaHA-Tys4LjMxekFuZHJvaWQ","qos":0,"transid":"20150812-00000","firsttime":"2015-08-12T21:00:00.000Z","lasttime":"2015-08-12T07:00:00.000Z","lastupdt":"2015-08-12T07:00:00.000Z","housenumber":null,"road":null,"city":null,"region":null,"country":null,"netid":"46:91:DB:7B:47:31","name":null,"type":"infra","comment":null,"wep":"Y","channel":1,"bcninterval":0,"freenet":"?","dhcp":"?","paynet":"?","userfound":false,"encryption":"wep"},{"trilat":14.6459331499999994008476278395392000675201416015625,"trilong":121.0605621299999938855762593448162078857421875,"ssid":"PLDTMyDSLBiz5G34670","qos":1,"transid":"20170715-00000","firsttime":"2017-07-15T16:00:00.000Z","lasttime":"2017-07-29T13:00:00.000Z","lastupdt":"2017-07-29T13:00:00.000Z","housenumber":"","road":"Maginhawa","city":"","region":"","country":"PH","netid":"5C:6A:80:1A:25:C7","name":null,"type":"infra","comment":null,"wep":"2","channel":52,"bcninterval":0,"freenet":"?","dhcp":"?","paynet":"?","userfound":false,"encryption":"wpa2"},{"trilat":14.6462831500000003615014065871946513652801513671875,"trilong":121.0596389800000025616100174374878406524658203125,"ssid":"ContinuingMandamus","qos":0,"transid":"20170715-00000","firsttime":"2017-07-15T16:00:00.000Z","lasttime":"2017-07-15T01:00:00.000Z","lastupdt":"2017-07-15T01:00:00.000Z","housenumber":"","road":"Maginhawa","city":"","region":"","country":"PH","netid":"0C:BD:51:F3:44:7D","name":null,"type":"infra","comment":null,"wep":"2","channel":11,"bcninterval":0,"freenet":"?","dhcp":"?","paynet":"?","userfound":false,"encryption":"wpa2"},{"trilat":14.64665126999999955614839564077556133270263671875,"trilong":121.0583877600000022312087821774184703826904296875,"ssid":"ISOFIRM","qos":0,"transid":"20140805-00000","firsttime":"2014-08-05T19:00:00.000Z","lasttime":"2014-08-05T06:00:00.000Z","lastupdt":"2015-07-26T00:00:00.000Z","housenumber":null,"road":null,"city":null,"region":null,"country":null,"netid":"0C:BD:51:FB:5E:9A","name":null,"type":"infra","comment":null,"wep":"2","channel":11,"bcninterval":0,"freenet":"?","dhcp":"?","paynet":"?","userfound":false,"encryption":"wpa2"},{"trilat":14.6460151700000000829504642751999199390411376953125,"trilong":121.06106567000000495681888423860073089599609375,"ssid":"HUAWEI-E5220-c603","qos":0,"transid":"20160227-00000","firsttime":"2016-02-27T20:00:00.000Z","lasttime":"2016-02-27T07:00:00.000Z","lastupdt":"2016-02-27T07:00:00.000Z","housenumber":null,"road":null,"city":null,"region":null,"country":null,"netid":"0C:96:BF:43:C6:03","name":null,"type":"infra","comment":null,"wep":"2","channel":11,"bcninterval":0,"freenet":"?","dhcp":"?","paynet":"?","userfound":false,"encryption":"wpa2"},{"trilat":14.6460924099999996172982719144783914089202880859375,"trilong":121.0604934699999972735895426012575626373291015625,"ssid":"SKYMAGINHAWA","qos":1,"transid":"20170715-00000","firsttime":"2017-07-15T16:00:00.000Z","lasttime":"2017-07-29T13:00:00.000Z","lastupdt":"2017-07-29T13:00:00.000Z","housenumber":"","road":"Maginhawa","city":"","region":"","country":"PH","netid":"48:00:33:62:97:E9","name":null,"type":"infra","comment":null,"wep":"2","channel":11,"bcninterval":0,"freenet":"?","dhcp":"?","paynet":"?","userfound":false,"encryption":"wpa2"},{"trilat":14.6468172100000000313002601615153253078460693359375,"trilong":121.060249330000004874818841926753520965576171875,"ssid":"Bk56-bWFydmluZGVtaWwxMjg","qos":0,"transid":"20170404-00000","firsttime":"2017-03-31T19:00:00.000Z","lasttime":"2017-04-04T04:00:00.000Z","lastupdt":"2017-04-04T04:00:00.000Z","housenumber":null,"road":null,"city":null,"region":null,"country":null,"netid":"0C:B3:19:4B:D6:E3","name":null,"type":"infra","comment":null,"wep":"?","channel":11,"bcninterval":0,"freenet":"?","dhcp":"?","paynet":"?","userfound":false,"encryption":"unknown"},{"trilat":14.64285373999999961824869387783110141754150390625,"trilong":121.0593719499999991739969118498265743255615234375,"ssid":"JOMER-LAPTOP_Network","qos":0,"transid":"20161206-00000","firsttime":"2016-12-04T20:00:00.000Z","lasttime":"2016-12-06T07:00:00.000Z","lastupdt":"2016-12-06T07:00:00.000Z","housenumber":null,"road":null,"city":null,"region":null,"country":null,"netid":"90:F6:52:65:8F:66","name":null,"type":"infra","comment":null,"wep":"2","channel":4,"bcninterval":0,"freenet":"?","dhcp":"?","paynet":"?","userfound":false,"encryption":"wpa2"},{"trilat":14.6458148999999995254484019824303686618804931640625,"trilong":121.060958859999999503997969441115856170654296875,"ssid":"i6plus2","qos":0,"transid":"20150812-00000","firsttime":"2015-08-12T17:00:00.000Z","lasttime":"2015-08-12T07:00:00.000Z","lastupdt":"2015-08-12T07:00:00.000Z","housenumber":null,"road":null,"city":null,"region":null,"country":null,"netid":"BE:4C:C4:DD:C5:4A","name":null,"type":"infra","comment":null,"wep":"2","channel":1,"bcninterval":0,"freenet":"?","dhcp":"?","paynet":"?","userfound":false,"encryption":"wpa2"},{"trilat":14.6421814000000001243506630999036133289337158203125,"trilong":121.0611648600000052056202548556029796600341796875,"ssid":"Jeck","qos":0,"transid":"20170929-00000","firsttime":"2017-09-30T08:00:00.000Z","lasttime":"2017-09-29T18:00:00.000Z","lastupdt":"2017-09-29T18:00:00.000Z","housenumber":"","road":"Maginhawa","city":"","region":"","country":"PH","netid":"BE:54:36:54:A9:E7","name":null,"type":"infra","comment":null,"wep":"2","channel":1,"bcninterval":0,"freenet":"?","dhcp":"?","paynet":"?","userfound":false,"encryption":"wpa2"},{"trilat":14.6468896900000000727004589862190186977386474609375,"trilong":121.0596923800000013216049410402774810791015625,"ssid":"eidi08","qos":0,"transid":"20130429-00000","firsttime":"2013-04-27T20:00:00.000Z","lasttime":"2013-04-29T11:00:00.000Z","lastupdt":"2013-04-29T09:00:00.000Z","housenumber":null,"road":null,"city":null,"region":"Metro Manila","country":"PH","netid":"5C:0A:5B:54:77:61","name":null,"type":"infra","comment":null,"wep":"2","channel":6,"bcninterval":0,"freenet":"?","dhcp":"?","paynet":"?","userfound":false,"encryption":"wpa2"},{"trilat":14.6465768799999995763982951757498085498809814453125,"trilong":121.0582275400000042964165913872420787811279296875,"ssid":"AndroidAP","qos":0,"transid":"20160907-00000","firsttime":"2016-09-03T21:00:00.000Z","lasttime":"2016-09-07T19:00:00.000Z","lastupdt":"2016-09-07T19:00:00.000Z","housenumber":null,"road":null,"city":null,"region":null,"country":null,"netid":"68:05:71:57:B4:06","name":null,"type":"infra","comment":null,"wep":"2","channel":6,"bcninterval":0,"freenet":"?","dhcp":"?","paynet":"?","userfound":false,"encryption":"wpa2"},{"trilat":14.646779060000000072250259108841419219970703125,"trilong":121.0574111899999962815854814834892749786376953125,"ssid":"4G LITE","qos":2,"transid":"20130309-00000","firsttime":"2013-03-09T20:00:00.000Z","lasttime":"2013-08-22T00:00:00.000Z","lastupdt":"2013-08-21T23:00:00.000Z","housenumber":null,"road":null,"city":null,"region":"Metro Manila","country":"PH","netid":"0C:37:DC:10:01:30","name":null,"type":"infra","comment":null,"wep":"2","channel":11,"bcninterval":0,"freenet":"?","dhcp":"?","paynet":"?","userfound":false,"encryption":"wpa2"},{"trilat":14.6459302900000007952030500746332108974456787109375,"trilong":121.0610351600000029748116503469645977020263671875,"ssid":"MyPhone Wi-Fi hotspot","qos":0,"transid":"20160227-00000","firsttime":"2016-02-27T20:00:00.000Z","lasttime":"2016-02-27T07:00:00.000Z","lastupdt":"2016-02-27T07:00:00.000Z","housenumber":null,"road":null,"city":null,"region":null,"country":null,"netid":"BE:D1:D3:8C:6F:AE","name":null,"type":"infra","comment":null,"wep":"2","channel":6,"bcninterval":0,"freenet":"?","dhcp":"?","paynet":"Y","userfound":false,"encryption":"wpa2"},{"trilat":14.6453628499999997103486748528666794300079345703125,"trilong":121.060989379999995207981555722653865814208984375,"ssid":"MYKGLOBE_SU","qos":0,"transid":"20150726-00000","firsttime":"2015-02-25T20:00:00.000Z","lasttime":"2015-07-26T00:00:00.000Z","lastupdt":"2015-07-26T00:00:00.000Z","housenumber":null,"road":null,"city":null,"region":null,"country":null,"netid":"08:FD:0E:79:3C:1B","name":null,"type":"infra","comment":null,"wep":"2","channel":6,"bcninterval":0,"freenet":"?","dhcp":"?","paynet":"?","userfound":false,"encryption":"wpa2"},{"trilat":14.6472196599999993082974469871260225772857666015625,"trilong":121.0608749400000050400194595567882061004638671875,"ssid":"AndroidAP","qos":0,"transid":"20170222-00000","firsttime":"2017-02-14T18:00:00.000Z","lasttime":"2017-02-22T15:00:00.000Z","lastupdt":"2017-02-22T15:00:00.000Z","housenumber":null,"road":null,"city":null,"region":null,"country":null,"netid":"08:EC:A9:25:A7:5A","name":null,"type":"infra","comment":null,"wep":"2","channel":6,"bcninterval":0,"freenet":"?","dhcp":"?","paynet":"?","userfound":false,"encryption":"wpa2"},{"trilat":14.6464633899999991939466781332157552242279052734375,"trilong":121.061073300000003882814780808985233306884765625,"ssid":"Strawberry Cakes","qos":1,"transid":"20140922-00000","firsttime":"2014-09-22T20:00:00.000Z","lasttime":"2014-10-13T17:00:00.000Z","lastupdt":"2015-07-26T00:00:00.000Z","housenumber":null,"road":null,"city":null,"region":null,"country":null,"netid":"60:21:C0:AD:E1:28","name":null,"type":"infra","comment":null,"wep":"2","channel":6,"bcninterval":0,"freenet":"?","dhcp":"?","paynet":"?","userfound":false,"encryption":"wpa2"},{"trilat":14.646728519999999917899913270957767963409423828125,"trilong":121.0579299900000052048198995180428028106689453125,"ssid":"The Wander  Space","qos":0,"transid":"20170609-00000","firsttime":"2017-06-03T18:00:00.000Z","lasttime":"2017-06-09T05:00:00.000Z","lastupdt":"2017-06-09T05:00:00.000Z","housenumber":null,"road":null,"city":null,"region":null,"country":null,"netid":"60:31:97:DC:E7:F0","name":null,"type":"infra","comment":null,"wep":"2","channel":7,"bcninterval":0,"freenet":"?","dhcp":"?","paynet":"?","userfound":false,"encryption":"wpa2"},{"trilat":14.646783830000000392601577914319932460784912109375,"trilong":121.058181759999996529586496762931346893310546875,"ssid":"PLDTMyDSLBiz::ToTheNines","qos":4,"transid":"20160907-00000","firsttime":"2016-09-03T21:00:00.000Z","lasttime":"2017-07-29T13:00:00.000Z","lastupdt":"2017-07-29T13:00:00.000Z","housenumber":"81","road":"Maginhawa","city":"","region":"","country":"PH","netid":"60:31:97:13:BC:FB","name":null,"type":"infra","comment":null,"wep":"2","channel":4,"bcninterval":0,"freenet":"?","dhcp":"?","paynet":"?","userfound":false,"encryption":"wpa2"},{"trilat":14.6469249700000005987021722830832004547119140625,"trilong":121.057907099999994215977494604885578155517578125,"ssid":"Patrick","qos":0,"transid":"20130429-00000","firsttime":"2013-04-27T20:00:00.000Z","lasttime":"2013-04-29T11:00:00.000Z","lastupdt":"2013-04-29T09:00:00.000Z","housenumber":null,"road":null,"city":null,"region":"Metro Manila","country":"PH","netid":"60:21:C0:4B:87:4D","name":null,"type":"infra","comment":null,"wep":"2","channel":11,"bcninterval":0,"freenet":"?","dhcp":"?","paynet":"?","userfound":false,"encryption":"wpa2"},{"trilat":14.6457033200000008577035259804688394069671630859375,"trilong":121.060958859999999503997969441115856170654296875,"ssid":"SMART-BRO-34228","qos":0,"transid":"20150812-00000","firsttime":"2015-08-12T17:00:00.000Z","lasttime":"2015-08-12T07:00:00.000Z","lastupdt":"2015-08-12T07:00:00.000Z","housenumber":null,"road":null,"city":null,"region":null,"country":null,"netid":"5E:F9:6A:B3:42:29","name":null,"type":"infra","comment":null,"wep":"W","channel":6,"bcninterval":0,"freenet":"?","dhcp":"?","paynet":"?","userfound":false,"encryption":"wpa"},{"trilat":14.6445245699999997412987795541994273662567138671875,"trilong":121.0610809300000028088106773793697357177734375,"ssid":null,"qos":0,"transid":"20170729-00000","firsttime":"2017-07-16T19:00:00.000Z","lasttime":"2017-07-29T13:00:00.000Z","lastupdt":"2017-07-29T13:00:00.000Z","housenumber":"","road":"P. Francisco","city":"","region":"","country":"PH","netid":"0A:47:C9:46:96:23","name":null,"type":"infra","comment":null,"wep":"2","channel":11,"bcninterval":0,"freenet":"?","dhcp":"?","paynet":"?","userfound":false,"encryption":"wpa2"},{"trilat":14.6466131199999995970983945881016552448272705078125,"trilong":121.0587921099999988427953212521970272064208984375,"ssid":"Gina_Router","qos":0,"transid":"20140817-00000","firsttime":"2014-08-14T23:00:00.000Z","lasttime":"2014-08-17T06:00:00.000Z","lastupdt":"2015-07-26T00:00:00.000Z","housenumber":null,"road":null,"city":null,"region":null,"country":null,"netid":"4C:CB:F5:2A:F4:8A","name":null,"type":"infra","comment":null,"wep":"2","channel":8,"bcninterval":0,"freenet":"?","dhcp":"?","paynet":"?","userfound":false,"encryption":"wpa2"},{"trilat":14.64352511999999961744833854027092456817626953125,"trilong":121.0607528700000017352067516185343265533447265625,"ssid":"F&D","qos":4,"transid":"20150120-00000","firsttime":"2015-01-19T18:00:00.000Z","lasttime":"2015-07-31T21:00:00.000Z","lastupdt":"2015-08-12T07:00:00.000Z","housenumber":null,"road":null,"city":null,"region":null,"country":null,"netid":"4C:E6:76:34:9D:10","name":null,"type":"infra","comment":null,"wep":"2","channel":11,"bcninterval":0,"freenet":"?","dhcp":"?","paynet":"?","userfound":false,"encryption":"wpa2"},{"trilat":14.64285564000000050555172492749989032745361328125,"trilong":121.0597534200000069404268288053572177886962890625,"ssid":"roxas-G-TKIP","qos":0,"transid":"20130309-00000","firsttime":"2013-03-09T20:00:00.000Z","lasttime":"2013-03-11T16:00:00.000Z","lastupdt":"2013-03-11T14:00:00.000Z","housenumber":null,"road":null,"city":null,"region":"Metro Manila","country":"PH","netid":"4C:E6:76:34:EC:60","name":null,"type":"infra","comment":null,"wep":"W","channel":6,"bcninterval":0,"freenet":"?","dhcp":"?","paynet":"?","userfound":false,"encryption":"wpa"},{"trilat":14.64285373999999961824869387783110141754150390625,"trilong":121.0597534200000069404268288053572177886962890625,"ssid":"roxas-G-AES","qos":0,"transid":"20130309-00000","firsttime":"2013-03-09T20:00:00.000Z","lasttime":"2013-03-11T16:00:00.000Z","lastupdt":"2013-03-11T14:00:00.000Z","housenumber":null,"road":null,"city":null,"region":"Metro Manila","country":"PH","netid":"4C:E6:76:34:EC:61","name":null,"type":"infra","comment":null,"wep":"W","channel":6,"bcninterval":0,"freenet":"?","dhcp":"?","paynet":"?","userfound":false,"encryption":"wpa"},{"trilat":14.64285373999999961824869387783110141754150390625,"trilong":121.0597534200000069404268288053572177886962890625,"ssid":"roxas-G-WEP","qos":0,"transid":"20130309-00000","firsttime":"2013-03-09T20:00:00.000Z","lasttime":"2013-03-11T16:00:00.000Z","lastupdt":"2013-03-11T14:00:00.000Z","housenumber":null,"road":null,"city":null,"region":"Metro Manila","country":"PH","netid":"4C:E6:76:34:EC:62","name":null,"type":"infra","comment":null,"wep":"Y","channel":6,"bcninterval":0,"freenet":"?","dhcp":"?","paynet":"?","userfound":false,"encryption":"wep"},{"trilat":14.6465520900000001347507350146770477294921875,"trilong":121.059890749999993886376614682376384735107421875,"ssid":"yet","qos":0,"transid":"20150216-00000","firsttime":"2015-02-11T17:00:00.000Z","lasttime":"2015-02-16T06:00:00.000Z","lastupdt":"2015-07-26T00:00:00.000Z","housenumber":null,"road":null,"city":null,"region":null,"country":null,"netid":"0E:12:62:85:56:6C","name":null,"type":"infra","comment":null,"wep":"2","channel":13,"bcninterval":0,"freenet":"?","dhcp":"?","paynet":"?","userfound":false,"encryption":"wpa2"},{"trilat":14.64606380000000029895090847276151180267333984375,"trilong":121.0612411500000007436028681695461273193359375,"ssid":"Sun Wi-Fi_8127EB","qos":0,"transid":"20160227-00000","firsttime":"2016-02-27T20:00:00.000Z","lasttime":"2016-02-27T07:00:00.000Z","lastupdt":"2016-02-27T07:00:00.000Z","housenumber":null,"road":null,"city":null,"region":null,"country":null,"netid":"0E:12:62:81:27:EB","name":null,"type":"infra","comment":null,"wep":"2","channel":12,"bcninterval":0,"freenet":"?","dhcp":"?","paynet":"?","userfound":false,"encryption":"wpa2"},{"trilat":14.6468143499999996492988429963588714599609375,"trilong":121.060974119999997355989762581884860992431640625,"ssid":"PLDTHOMEDSL7Y7Y0","qos":2,"transid":"20170404-00000","firsttime":"2017-03-31T19:00:00.000Z","lasttime":"2017-10-26T06:00:00.000Z","lastupdt":"2017-10-26T06:00:00.000Z","housenumber":"60","road":"Magiting","city":"","region":"","country":"PH","netid":"94:46:96:18:F3:11","name":null,"type":"infra","comment":null,"wep":"2","channel":5,"bcninterval":0,"freenet":"?","dhcp":"?","paynet":"?","userfound":false,"encryption":"wpa2"},{"trilat":14.646371840000000474901753477752208709716796875,"trilong":121.0596923800000013216049410402774810791015625,"ssid":"hejri2017","qos":0,"transid":"20170729-00000","firsttime":"2017-07-16T19:00:00.000Z","lasttime":"2017-07-29T13:00:00.000Z","lastupdt":"2017-07-29T13:00:00.000Z","housenumber":"","road":"Maginhawa","city":"","region":"","country":"PH","netid":"94:46:96:15:25:15","name":null,"type":"infra","comment":null,"wep":"2","channel":1,"bcninterval":0,"freenet":"?","dhcp":"?","paynet":"?","userfound":false,"encryption":"wpa2"},{"trilat":14.6453533199999998970497472328133881092071533203125,"trilong":121.0578002900000029740112950094044208526611328125,"ssid":"adda13","qos":5,"transid":"20150726-00000","firsttime":"2015-02-27T18:00:00.000Z","lasttime":"2017-07-15T01:00:00.000Z","lastupdt":"2017-07-15T01:00:00.000Z","housenumber":"","road":"Mahiyain","city":"","region":"","country":"PH","netid":"60:02:92:4D:88:1F","name":null,"type":"infra","comment":null,"wep":"2","channel":11,"bcninterval":0,"freenet":"?","dhcp":"?","paynet":"?","userfound":false,"encryption":"wpa2"},{"trilat":14.646195410000000691752575221471488475799560546875,"trilong":121.05870819000000437881681136786937713623046875,"ssid":"AndroidAP","qos":0,"transid":"20140805-00000","firsttime":"2014-08-05T20:00:00.000Z","lasttime":"2014-08-05T06:00:00.000Z","lastupdt":"2015-07-26T00:00:00.000Z","housenumber":null,"road":null,"city":null,"region":null,"country":null,"netid":"60:21:C0:71:B3:45","name":null,"type":"infra","comment":null,"wep":"2","channel":6,"bcninterval":0,"freenet":"?","dhcp":"?","paynet":"?","userfound":false,"encryption":"wpa2"},{"trilat":14.6466178899999999174497133935801684856414794921875,"trilong":121.0591964700000033872129279188811779022216796875,"ssid":"PLDTMyDSLBizNorthWingMNL","qos":0,"transid":"20160907-00000","firsttime":"2016-09-03T21:00:00.000Z","lasttime":"2016-09-07T19:00:00.000Z","lastupdt":"2016-09-07T19:00:00.000Z","housenumber":null,"road":null,"city":null,"region":null,"country":null,"netid":"60:31:97:13:7A:FB","name":null,"type":"infra","comment":null,"wep":"2","channel":12,"bcninterval":0,"freenet":"?","dhcp":"?","paynet":"?","userfound":false,"encryption":"wpa2"},{"trilat":14.6467676200000003206014298484660685062408447265625,"trilong":121.0602035499999971079887473024427890777587890625,"ssid":"Japanese","qos":1,"transid":"20150216-00000","firsttime":"2015-02-09T17:00:00.000Z","lasttime":"2015-02-16T06:00:00.000Z","lastupdt":"2015-07-26T00:00:00.000Z","housenumber":null,"road":null,"city":null,"region":null,"country":null,"netid":"60:21:C0:4B:D3:03","name":null,"type":"infra","comment":null,"wep":"2","channel":6,"bcninterval":0,"freenet":"?","dhcp":"?","paynet":"?","userfound":false,"encryption":"wpa2"},{"trilat":14.645740509999999545698301517404615879058837890625,"trilong":121.0607986499999952911821310408413410186767578125,"ssid":"CanullasWifi","qos":0,"transid":"20170729-00000","firsttime":"2017-07-16T19:00:00.000Z","lasttime":"2017-07-29T13:00:00.000Z","lastupdt":"2017-07-29T13:00:00.000Z","housenumber":"","road":"Masinsinan","city":"","region":"","country":"PH","netid":"5C:F2:86:23:C8:B2","name":null,"type":"infra","comment":null,"wep":"2","channel":11,"bcninterval":0,"freenet":"?","dhcp":"?","paynet":"?","userfound":false,"encryption":"wpa2"},{"trilat":14.644272799999999534747985308058559894561767578125,"trilong":121.0611648600000052056202548556029796600341796875,"ssid":"anti_social_kiwi","qos":0,"transid":"20170729-00000","firsttime":"2017-07-16T19:00:00.000Z","lasttime":"2017-07-29T13:00:00.000Z","lastupdt":"2017-07-29T13:00:00.000Z","housenumber":"","road":"P. Francisco","city":"","region":"","country":"PH","netid":"5C:F2:86:23:FE:94","name":null,"type":"infra","comment":null,"wep":"2","channel":7,"bcninterval":0,"freenet":"?","dhcp":"?","paynet":"?","userfound":false,"encryption":"wpa2"},{"trilat":14.64270972999999997909981175325810909271240234375,"trilong":121.0576629600000018172067939303815364837646484375,"ssid":"souldierboy","qos":0,"transid":"20161206-00000","firsttime":"2016-12-04T20:00:00.000Z","lasttime":"2016-12-06T07:00:00.000Z","lastupdt":"2016-12-06T07:00:00.000Z","housenumber":null,"road":null,"city":null,"region":null,"country":null,"netid":"5C:F2:86:24:F3:FE","name":null,"type":"infra","comment":null,"wep":"2","channel":7,"bcninterval":0,"freenet":"?","dhcp":"?","paynet":"?","userfound":false,"encryption":"wpa2"},{"trilat":14.6471529000000000309000824927352368831634521484375,"trilong":121.0577239999999932251739664934575557708740234375,"ssid":"Jhin","qos":0,"transid":"20170729-00000","firsttime":"2017-07-16T19:00:00.000Z","lasttime":"2017-07-29T13:00:00.000Z","lastupdt":"2017-07-29T13:00:00.000Z","housenumber":"77","road":"Maginhawa","city":"","region":"","country":"PH","netid":"94:A7:B7:26:71:05","name":null,"type":"infra","comment":null,"wep":"2","channel":2,"bcninterval":0,"freenet":"?","dhcp":"?","paynet":"?","userfound":false,"encryption":"wpa2"},{"trilat":14.6464147600000007543030733359046280384063720703125,"trilong":121.0600433299999991731965565122663974761962890625,"ssid":"Quicklean Maginhawa","qos":5,"transid":"20150216-00000","firsttime":"2015-02-09T17:00:00.000Z","lasttime":"2016-02-27T07:00:00.000Z","lastupdt":"2016-02-27T07:00:00.000Z","housenumber":null,"road":null,"city":null,"region":null,"country":null,"netid":"EC:8A:4C:94:C4:A1","name":null,"type":"infra","comment":null,"wep":"2","channel":2,"bcninterval":0,"freenet":"?","dhcp":"?","paynet":"?","userfound":false,"encryption":"wpa2"},{"trilat":14.646067620000000175650711753405630588531494140625,"trilong":121.0603790299999928947727312333881855010986328125,"ssid":"55tinta","qos":0,"transid":"20170729-00000","firsttime":"2017-07-16T19:00:00.000Z","lasttime":"2017-07-29T13:00:00.000Z","lastupdt":"2017-07-29T13:00:00.000Z","housenumber":"","road":"Maginhawa","city":"","region":"","country":"PH","netid":"94:A7:B7:3C:F9:7C","name":null,"type":"infra","comment":null,"wep":"2","channel":1,"bcninterval":0,"freenet":"?","dhcp":"?","paynet":"?","userfound":false,"encryption":"wpa2"},{"trilat":14.645375250000000733052729628980159759521484375,"trilong":121.06093597000000272601027972996234893798828125,"ssid":"Connectify-me","qos":0,"transid":"20130402-00000","firsttime":"2013-04-02T19:00:00.000Z","lasttime":"2013-04-02T11:00:00.000Z","lastupdt":"2013-04-02T09:00:00.000Z","housenumber":null,"road":null,"city":null,"region":"Metro Manila","country":"PH","netid":"94:39:E5:DC:41:A9","name":null,"type":"infra","comment":null,"wep":"2","channel":11,"bcninterval":0,"freenet":"?","dhcp":"?","paynet":"?","userfound":false,"encryption":"wpa2"},{"trilat":14.6467046700000000925001586438156664371490478515625,"trilong":121.059425349999997933991835452616214752197265625,"ssid":"HUAWEI-E5330-DDEB","qos":0,"transid":"20150120-00000","firsttime":"2015-01-11T20:00:00.000Z","lasttime":"2015-01-21T20:00:00.000Z","lastupdt":"2015-07-26T00:00:00.000Z","housenumber":null,"road":null,"city":null,"region":null,"country":null,"netid":"68:A0:F6:0A:DD:EB","name":null,"type":"infra","comment":null,"wep":"2","channel":1,"bcninterval":0,"freenet":"?","dhcp":"?","paynet":"?","userfound":false,"encryption":"wpa2"},{"trilat":14.64647101999999989629941410385072231292724609375,"trilong":121.0603637699999950427809380926191806793212890625,"ssid":"SM Not Free Wifi","qos":1,"transid":"20150731-00000","firsttime":"2015-07-28T12:00:00.000Z","lasttime":"2015-08-12T07:00:00.000Z","lastupdt":"2015-08-12T07:00:00.000Z","housenumber":null,"road":null,"city":null,"region":null,"country":null,"netid":"68:A0:F6:9A:2B:B5","name":null,"type":"infra","comment":null,"wep":"2","channel":1,"bcninterval":0,"freenet":"Y","dhcp":"?","paynet":"?","userfound":false,"encryption":"wpa2"},{"trilat":14.6460380600000004136518327868543565273284912109375,"trilong":121.060928340000003800014383159577846527099609375,"ssid":"HUAWEI-E5330-4ADE","qos":0,"transid":"20150726-00000","firsttime":"2015-02-25T20:00:00.000Z","lasttime":"2015-07-26T00:00:00.000Z","lastupdt":"2015-07-26T00:00:00.000Z","housenumber":null,"road":null,"city":null,"region":null,"country":null,"netid":"68:A0:F6:7B:4A:DE","name":null,"type":"infra","comment":null,"wep":"2","channel":5,"bcninterval":0,"freenet":"?","dhcp":"?","paynet":"?","userfound":false,"encryption":"wpa2"},{"trilat":14.64723206000000033100150176323950290679931640625,"trilong":121.060684199999997190388967283070087432861328125,"ssid":"USED","qos":0,"transid":"20170222-00000","firsttime":"2017-02-14T18:00:00.000Z","lasttime":"2017-02-22T15:00:00.000Z","lastupdt":"2017-02-22T15:00:00.000Z","housenumber":null,"road":null,"city":null,"region":null,"country":null,"netid":"60:83:34:CA:14:93","name":null,"type":"infra","comment":null,"wep":"2","channel":8,"bcninterval":0,"freenet":"?","dhcp":"?","paynet":"?","userfound":false,"encryption":"wpa2"},{"trilat":14.6471567199999999075998857733793556690216064453125,"trilong":121.0603179900000014868055586703121662139892578125,"ssid":"shelay_wifi","qos":1,"transid":"20160417-00000","firsttime":"2016-04-17T14:00:00.000Z","lasttime":"2017-07-15T01:00:00.000Z","lastupdt":"2017-07-15T01:00:00.000Z","housenumber":"60","road":"Magiting","city":"","region":"","country":"PH","netid":"EE:1D:7F:97:8A:E3","name":null,"type":"infra","comment":null,"wep":"2","channel":1,"bcninterval":0,"freenet":"?","dhcp":"?","paynet":"?","userfound":false,"encryption":"wpa2"},{"trilat":14.6465530400000005784022505395114421844482421875,"trilong":121.0588073699999966947871143929660320281982421875,"ssid":"Acne","qos":0,"transid":"20150916-00000","firsttime":"2015-09-04T19:00:00.000Z","lasttime":"2015-09-16T09:00:00.000Z","lastupdt":"2015-09-16T09:00:00.000Z","housenumber":null,"road":null,"city":null,"region":null,"country":null,"netid":"EE:1D:7F:A1:4A:03","name":null,"type":"infra","comment":null,"wep":"2","channel":1,"bcninterval":0,"freenet":"?","dhcp":"?","paynet":"?","userfound":false,"encryption":"wpa2"},{"trilat":14.6468715700000000623504092800430953502655029296875,"trilong":121.0578536999999954559825710020959377288818359375,"ssid":"Smart Connect","qos":0,"transid":"20160604-00000","firsttime":"2016-05-27T19:00:00.000Z","lasttime":"2016-06-04T16:00:00.000Z","lastupdt":"2016-06-04T16:00:00.000Z","housenumber":null,"road":null,"city":null,"region":null,"country":null,"netid":"EE:1D:7F:BA:24:A5","name":null,"type":"infra","comment":null,"wep":"2","channel":6,"bcninterval":0,"freenet":"?","dhcp":"?","paynet":"?","userfound":false,"encryption":"wpa2"},{"trilat":14.646257399999999648798620910383760929107666015625,"trilong":121.059745789999993803576217032968997955322265625,"ssid":"King Albert","qos":0,"transid":"20170715-00000","firsttime":"2017-07-15T16:00:00.000Z","lasttime":"2017-07-15T01:00:00.000Z","lastupdt":"2017-07-15T01:00:00.000Z","housenumber":"","road":"Maginhawa","city":"","region":"","country":"PH","netid":"EE:1D:7F:BA:36:2D","name":null,"type":"infra","comment":null,"wep":"2","channel":1,"bcninterval":0,"freenet":"?","dhcp":"?","paynet":"?","userfound":false,"encryption":"wpa2"},{"trilat":14.641057010000000815352905192412436008453369140625,"trilong":121.05954742000000123880454339087009429931640625,"ssid":"OLEA-guest","qos":1,"transid":"20131030-00000","firsttime":"2013-10-21T17:00:00.000Z","lasttime":"2013-11-30T01:00:00.000Z","lastupdt":"2013-11-29T23:00:00.000Z","housenumber":null,"road":null,"city":null,"region":"Metro Manila","country":"PH","netid":"58:6D:8F:87:D3:78","name":null,"type":"infra","comment":null,"wep":"N","channel":11,"bcninterval":0,"freenet":"?","dhcp":"?","paynet":"?","userfound":false,"encryption":"none"},{"trilat":14.646585460000000722402546671219170093536376953125,"trilong":121.05857849000000214800820685923099517822265625,"ssid":"MsACC","qos":0,"transid":"20150726-00000","firsttime":"2015-07-25T23:00:00.000Z","lasttime":"2015-07-26T00:00:00.000Z","lastupdt":"2015-07-26T00:00:00.000Z","housenumber":null,"road":null,"city":null,"region":null,"country":null,"netid":"6A:74:6E:8E:A7:E6","name":null,"type":"infra","comment":null,"wep":"2","channel":1,"bcninterval":0,"freenet":"?","dhcp":"?","paynet":"?","userfound":false,"encryption":"wpa2"},{"trilat":14.6448564500000006916025085956789553165435791015625,"trilong":121.0610199000000051228198572061955928802490234375,"ssid":"laresioph","qos":1,"transid":"20161206-00000","firsttime":"2016-12-04T20:00:00.000Z","lasttime":"2017-07-29T13:00:00.000Z","lastupdt":"2017-07-29T13:00:00.000Z","housenumber":"","road":"Maginhawa","city":"","region":"","country":"PH","netid":"D0:03:4B:D7:9C:E8","name":null,"type":"infra","comment":null,"wep":"2","channel":11,"bcninterval":0,"freenet":"?","dhcp":"?","paynet":"?","userfound":false,"encryption":"wpa2"},{"trilat":14.646902080000000268000803771428763866424560546875,"trilong":121.061103819999999586798367090523242950439453125,"ssid":"katryn","qos":0,"transid":"20150726-00000","firsttime":"2015-04-27T15:00:00.000Z","lasttime":"2015-07-26T00:00:00.000Z","lastupdt":"2015-07-26T00:00:00.000Z","housenumber":null,"road":null,"city":null,"region":null,"country":null,"netid":"F0:79:59:B0:3D:60","name":null,"type":"infra","comment":null,"wep":"2","channel":6,"bcninterval":0,"freenet":"?","dhcp":"?","paynet":"?","userfound":false,"encryption":"wpa2"},{"trilat":14.64653397000000012440068530850112438201904296875,"trilong":121.0593338000000045440174289979040622711181640625,"ssid":"FUVeryMuch","qos":0,"transid":"20130721-00000","firsttime":"2013-07-21T19:00:00.000Z","lasttime":"2013-07-21T08:00:00.000Z","lastupdt":"2013-07-21T06:00:00.000Z","housenumber":null,"road":null,"city":null,"region":"Metro Manila","country":"PH","netid":"F0:5A:09:9E:38:D8","name":null,"type":"infra","comment":null,"wep":"2","channel":11,"bcninterval":0,"freenet":"?","dhcp":"?","paynet":"?","userfound":false,"encryption":"wpa2"},{"trilat":14.646656990000000320151229971088469028472900390625,"trilong":121.0583801300000033052128856070339679718017578125,"ssid":"Iris","qos":0,"transid":"20150808-00000","firsttime":"2015-08-07T22:00:00.000Z","lasttime":"2015-08-08T09:00:00.000Z","lastupdt":"2015-08-08T09:00:00.000Z","housenumber":null,"road":null,"city":null,"region":null,"country":null,"netid":"8C:77:16:AC:BE:D1","name":null,"type":"infra","comment":null,"wep":"2","channel":6,"bcninterval":0,"freenet":"?","dhcp":"?","paynet":"?","userfound":false,"encryption":"wpa2"},{"trilat":14.646484380000000413701854995451867580413818359375,"trilong":121.05912781000000677522621117532253265380859375,"ssid":"GLOBE_A203B8","qos":0,"transid":"20170619-00000","firsttime":"2017-06-15T15:00:00.000Z","lasttime":"2017-07-29T13:00:00.000Z","lastupdt":"2017-07-29T13:00:00.000Z","housenumber":"","road":"Magiting","city":"","region":"","country":"PH","netid":"8C:79:67:A2:03:B8","name":null,"type":"infra","comment":null,"wep":"2","channel":3,"bcninterval":0,"freenet":"?","dhcp":"?","paynet":"?","userfound":false,"encryption":"wpa2"},{"trilat":14.646774289999999751898940303362905979156494140625,"trilong":121.0594329799999968599877320230007171630859375,"ssid":"Dcaves","qos":1,"transid":"20170303-00000","firsttime":"2017-03-03T19:00:00.000Z","lasttime":"2017-04-04T04:00:00.000Z","lastupdt":"2017-04-04T04:00:00.000Z","housenumber":null,"road":null,"city":null,"region":null,"country":null,"netid":"8C:79:67:52:AB:8F","name":null,"type":"infra","comment":null,"wep":"2","channel":6,"bcninterval":0,"freenet":"?","dhcp":"?","paynet":"?","userfound":false,"encryption":"wpa2"},{"trilat":14.6467390099999992258972270064987242221832275390625,"trilong":121.0592346199999980171924107708036899566650390625,"ssid":"FIND7","qos":0,"transid":"20150726-00000","firsttime":"2015-07-25T23:00:00.000Z","lasttime":"2015-07-26T00:00:00.000Z","lastupdt":"2015-07-26T00:00:00.000Z","housenumber":null,"road":null,"city":null,"region":null,"country":null,"netid":"8C:0E:E3:10:F0:77","name":null,"type":"infra","comment":null,"wep":"2","channel":6,"bcninterval":0,"freenet":"?","dhcp":"?","paynet":"?","userfound":false,"encryption":"wpa2"},{"trilat":14.6463451399999993185474522761069238185882568359375,"trilong":121.0591888400000044612170313484966754913330078125,"ssid":"FIND7","qos":0,"transid":"20170609-00000","firsttime":"2017-06-03T18:00:00.000Z","lasttime":"2017-06-09T05:00:00.000Z","lastupdt":"2017-06-09T05:00:00.000Z","housenumber":null,"road":null,"city":null,"region":null,"country":null,"netid":"8C:0E:E3:11:01:F6","name":null,"type":"infra","comment":null,"wep":"2","channel":6,"bcninterval":0,"freenet":"?","dhcp":"?","paynet":"?","userfound":false,"encryption":"wpa2"},{"trilat":14.646294590000000113150235847570002079010009765625,"trilong":121.05988311999999496038071811199188232421875,"ssid":"HUAWEI-E5220-24c9","qos":0,"transid":"20170729-00000","firsttime":"2017-07-16T19:00:00.000Z","lasttime":"2017-07-29T13:00:00.000Z","lastupdt":"2017-07-29T13:00:00.000Z","housenumber":"","road":"Maginhawa","city":"","region":"","country":"PH","netid":"D4:6E:5C:1B:24:C9","name":null,"type":"infra","comment":null,"wep":"2","channel":11,"bcninterval":0,"freenet":"?","dhcp":"?","paynet":"?","userfound":false,"encryption":"wpa2"},{"trilat":14.6468086199999998342491380753926932811737060546875,"trilong":121.0610199000000051228198572061955928802490234375,"ssid":"Beau Alambra Estepa","qos":0,"transid":"20150726-00000","firsttime":"2015-07-11T18:00:00.000Z","lasttime":"2015-07-26T00:00:00.000Z","lastupdt":"2015-07-26T00:00:00.000Z","housenumber":null,"road":null,"city":null,"region":null,"country":null,"netid":"D4:6E:5C:1B:7F:FE","name":null,"type":"infra","comment":null,"wep":"2","channel":6,"bcninterval":0,"freenet":"?","dhcp":"?","paynet":"?","userfound":false,"encryption":"wpa2"},{"trilat":14.6452999100000003096511136391200125217437744140625,"trilong":121.0599517800000057832221500575542449951171875,"ssid":"Revenger","qos":5,"transid":"20140422-00000","firsttime":"2014-04-22T20:00:00.000Z","lasttime":"2015-08-12T07:00:00.000Z","lastupdt":"2015-08-12T07:00:00.000Z","housenumber":null,"road":null,"city":null,"region":null,"country":null,"netid":"D4:6E:5C:1B:91:28","name":null,"type":"infra","comment":null,"wep":"2","channel":1,"bcninterval":0,"freenet":"?","dhcp":"?","paynet":"?","userfound":false,"encryption":"wpa2"},{"trilat":14.646519659999999163346728892065584659576416015625,"trilong":121.0589141800000021476080291904509067535400390625,"ssid":"pb","qos":0,"transid":"20170729-00000","firsttime":"2017-07-16T19:00:00.000Z","lasttime":"2017-07-29T13:00:00.000Z","lastupdt":"2017-07-29T13:00:00.000Z","housenumber":"","road":"Maginhawa","city":"","region":"","country":"PH","netid":"8C:34:FD:CA:22:45","name":null,"type":"infra","comment":null,"wep":"2","channel":3,"bcninterval":0,"freenet":"?","dhcp":"?","paynet":"?","userfound":false,"encryption":"wpa2"},{"trilat":14.6454935099999996594988260767422616481781005859375,"trilong":121.0608673100000061140235629864037036895751953125,"ssid":"B4j3-bGpsZWU","qos":0,"transid":"20170609-00000","firsttime":"2017-06-03T18:00:00.000Z","lasttime":"2017-06-09T05:00:00.000Z","lastupdt":"2017-06-09T05:00:00.000Z","housenumber":null,"road":null,"city":null,"region":null,"country":null,"netid":"D2:B3:3F:76:0D:74","name":null,"type":"infra","comment":null,"wep":"W","channel":1,"bcninterval":0,"freenet":"?","dhcp":"?","paynet":"?","userfound":false,"encryption":"wpa"},{"trilat":14.6449508700000006200525604072026908397674560546875,"trilong":121.060859679999992977172951214015483856201171875,"ssid":"budoy","qos":1,"transid":"20131001-00000","firsttime":"2013-09-27T21:00:00.000Z","lasttime":"2013-11-10T08:00:00.000Z","lastupdt":"2013-11-10T06:00:00.000Z","housenumber":null,"road":null,"city":null,"region":"Metro Manila","country":"PH","netid":"D2:B3:3F:DC:7E:79","name":null,"type":"infra","comment":null,"wep":"2","channel":4,"bcninterval":0,"freenet":"?","dhcp":"?","paynet":"?","userfound":false,"encryption":"wpa2"},{"trilat":14.6449956900000000104000719147734344005584716796875,"trilong":121.0572738599999951247809804044663906097412109375,"ssid":"PLDTMyDSL","qos":0,"transid":"20130309-00000","firsttime":"2013-03-09T20:00:00.000Z","lasttime":"2013-03-11T16:00:00.000Z","lastupdt":"2013-03-11T14:00:00.000Z","housenumber":null,"road":null,"city":null,"region":"Metro Manila","country":"PH","netid":"4C:AC:0A:88:96:FB","name":null,"type":"infra","comment":null,"wep":"2","channel":11,"bcninterval":0,"freenet":"?","dhcp":"?","paynet":"?","userfound":false,"encryption":"wpa2"},{"trilat":14.6465101200000002990009306813590228557586669921875,"trilong":121.0608902000000028920112526975572109222412109375,"ssid":"globe","qos":0,"transid":"20130408-00000","firsttime":"2013-04-06T20:00:00.000Z","lasttime":"2013-04-08T10:00:00.000Z","lastupdt":"2013-04-08T08:00:00.000Z","housenumber":null,"road":null,"city":null,"region":"Metro Manila","country":"PH","netid":"88:53:D4:D2:0B:20","name":null,"type":"infra","comment":null,"wep":"W","channel":1,"bcninterval":0,"freenet":"?","dhcp":"?","paynet":"?","userfound":false,"encryption":"wpa"},{"trilat":14.6412038800000008365032044821418821811676025390625,"trilong":121.06054688000000396641553379595279693603515625,"ssid":"HG521_D30634","qos":0,"transid":"20130414-00000","firsttime":"2013-04-14T14:00:00.000Z","lasttime":"2013-04-14T06:00:00.000Z","lastupdt":"2013-04-14T04:00:00.000Z","housenumber":null,"road":null,"city":null,"region":"Metro Manila","country":"PH","netid":"88:53:D4:D3:06:3C","name":null,"type":"infra","comment":null,"wep":"W","channel":3,"bcninterval":0,"freenet":"?","dhcp":"?","paynet":"?","userfound":false,"encryption":"wpa"},{"trilat":14.6463518100000005262018021312542259693145751953125,"trilong":121.05738067999999429957824759185314178466796875,"ssid":"MS-Bing","qos":1,"transid":"20130309-00000","firsttime":"2013-03-09T20:00:00.000Z","lasttime":"2016-02-27T07:00:00.000Z","lastupdt":"2016-02-27T07:00:00.000Z","housenumber":null,"road":null,"city":null,"region":"Metro Manila","country":"PH","netid":"88:53:D4:E7:EA:86","name":null,"type":"infra","comment":null,"wep":"2","channel":1,"bcninterval":0,"freenet":"?","dhcp":"?","paynet":"?","userfound":false,"encryption":"wpa2"}]}