Common,168
BSSID,SSID,Wigle-Encryption,RPi-Encryption,Wigle-Channel,RPi-Channel,Wigle Avg RSSI,RPi Avg RSSI
74:ea:3a:df:99:36,CIED WiFi,[WPA-PSK-CCMP+TKIP][WPA2-PSK-CCMP+TKIP-preauth][ESS],WPA2/WPA,11,11,-84,-86
a0:8c:fd:98:48:bf,DIRECT-69-HP DeskJet 3630 series,[WPA2-PSK-CCMP][ESS],WPA2,6,6,-86,-83
c0:56:27:83:28:00,PSU,[WEP][ESS],WEP,1,1,-86,-80
00:23:69:2c:65:2d,ALUGLOBE,[WEP][ESS],WEP,6,6,-88,-90
80:57:19:67:a6:db,Bcdr-RkU,[ESS],OPN,6,6,-86,-84
00:21:29:7b:5c:54,BalaiTalakayan,[WPA-PSK-TKIP][WPS][ESS],WPA,6,6,-85,-85
04:02:1f:4e:57:3e,B315_E573E,[WPA2-PSK-CCMP][ESS],WPA2,11,11,-85,-82
50:04:b8:ee:ce:f1,HUAWEI-CEF1,[WPA2-PSK-CCMP][ESS],WPA2,1,1,-82,-82
14:91:82:14:e4:12,IsidroGlobe,[WPA-PSK-CCMP+TKIP][WPA2-PSK-CCMP+TKIP][WPS][ESS],WPA2/WPA,1,1,-76,-87
54:b8:0a:36:61:68,Central,[WPA-PSK-CCMP+TKIP][WPA2-PSK-CCMP+TKIP][WPS][ESS],WPA2/WPA,11,11,-84,-82
00:13:33:ed:40:b8,PLDTHOMEDSLjbtvelandria,[WPA-PSK-CCMP+TKIP][WPA2-PSK-CCMP+TKIP][ESS],WPA2/WPA,1,1,-87,-89
00:13:33:ea:82:fa,PLDTHOMEDSL,[WPA-PSK-CCMP+TKIP][WPA2-PSK-CCMP+TKIP][ESS],WPA2/WPA,11,11,-88,-86
94:46:96:1d:48:72,PLDTHOMEDSL4J4E0,[WPA-PSK-CCMP+TKIP][WPA2-PSK-CCMP+TKIP][ESS],WPA2/WPA,5,5,-78,-74
5e:f4:ab:36:7c:a0,PLDTMyDSLBiz,[WPA-PSK-CCMP+TKIP][WPA2-PSK-CCMP+TKIP][ESS],WPA2/WPA,11,11,-76,-86
90:61:0c:39:d2:6e,PLDTHOMEDSL53870,[WPA-PSK-CCMP+TKIP][WPA2-PSK-CCMP+TKIP][ESS],WPA2/WPA,11,11,-84,-77
2c:44:fd:be:96:fd,HP-Print-FD-Deskjet 2540 series,[WPA2-PSK-CCMP][ESS],WPA2,6,6,-85,-83
f0:98:38:3d:eb:48,HUAWEI,[WPA-PSK-CCMP+TKIP][WPA2-PSK-CCMP+TKIP][ESS],WPA2/WPA,4,4,-83,-82
9c:d6:43:4b:26:df,PigPen,[WPA-PSK-CCMP+TKIP][WPA2-PSK-CCMP+TKIP][WPS][ESS],WPA2/WPA,2,2,-71,-75
90:61:0c:2d:d3:0b,PROLINK_H5004NK_DD30B,[WPA2-PSK-CCMP][WPS][ESS],WPA2,11,11,-84,-87
a0:ab:1b:96:58:e1,Stingray-G,[WPA-PSK-CCMP+TKIP][WPA2-PSK-CCMP+TKIP][ESS],WPA2/WPA,1,1,-80,-86
a0:ab:1b:96:58:e0,Cumm4Me,[WPA-PSK-CCMP+TKIP][WPA2-PSK-CCMP+TKIP][WPS][ESS],WPA2/WPA,1,1,-80,-84
d0:b2:c4:56:a3:0f,SKYbroadbandA30C,[WPA-PSK-CCMP+TKIP][WPA2-PSK-CCMP+TKIP][ESS],WPA2/WPA,11,11,-86,-87
00:13:33:e5:f9:e2,PLDTHOMEDSLironman,[WPA-PSK-CCMP+TKIP][WPA2-PSK-CCMP+TKIP][ESS],WPA2/WPA,11,11,-87,-86
90:61:0c:1f:66:ba,PLDTHOMEDSL,[WPA-PSK-CCMP+TKIP][WPA2-PSK-CCMP+TKIP][WPS][ESS],WPA2/WPA,11,11,-80,-83
78:c1:a7:05:24:a4,JnYglobe,[WPA-PSK-CCMP+TKIP][ESS],WPA,6,6,-89,-87
00:13:33:d3:4a:ff,PLDTHOMEDSL,[WPA-PSK-CCMP+TKIP][WPA2-PSK-CCMP+TKIP][ESS],WPA2/WPA,11,11,-76,-81
90:61:0c:1f:66:5a,PLDTHOMEDSL,[WPA-PSK-CCMP+TKIP][WPA2-PSK-CCMP+TKIP][WPS][ESS],WPA2/WPA,11,11,-79,-85
80:29:94:68:33:d5,SKYbroadband33D2,[WPA-PSK-CCMP+TKIP][WPA2-PSK-CCMP+TKIP][ESS],WPA2/WPA,1,1,-89,-79
fc:b4:e6:4a:ca:db,SKYbroadband1860,[WPA-PSK-CCMP+TKIP][WPA2-PSK-CCMP+TKIP][WPS][ESS],WPA2/WPA,1,1,-83,-84
00:13:33:c6:69:4c,PLDTHOMEDSL,[WPA-PSK-CCMP+TKIP][WPA2-PSK-CCMP+TKIP][ESS],WPA2/WPA,11,11,-84,-85
94:fb:b2:59:aa:60,PLDTHOMEDSL,[WPA-PSK-CCMP+TKIP][WPA2-PSK-CCMP+TKIP][WPS][ESS],WPA2/WPA,11,11,-77,-85
00:13:33:e7:96:ad,PLDTHOMEDSL,[WPA-PSK-CCMP+TKIP][WPA2-PSK-CCMP+TKIP][ESS],WPA2/WPA,11,11,-75,-83
14:b7:f8:0b:8d:9f,Tantoco AirPort Extreme,[WPA-PSK-CCMP+TKIP][WPA2-PSK-CCMP+TKIP][ESS],WPA2/WPA,6,6,-88,-88
c8:d3:a3:6f:65:84,dvt555,[WPA-PSK-CCMP+TKIP][WPA2-PSK-CCMP+TKIP][WPS][ESS],WPA2/WPA,1,1,-88,-86
98:de:d0:be:64:29,TP-LINK_6429,[WPA2-PSK-CCMP][WPS][ESS],WPA2,2,2,-83,-78
e8:de:27:9a:b3:d8,NAFS,[WPS][ESS],OPN,11,11,-78,-84
5a:e3:47:f8:8c:b1,LDC_SAP_LENOVO-PC,[WPA2-PSK-CCMP][ESS],WPA2,11,11,-77,-83
48:00:33:62:3a:75,SKYbroadband3A72,[WPA-PSK-CCMP+TKIP][WPA2-PSK-CCMP+TKIP][ESS],WPA2/WPA,1,1,-74,-79
48:00:33:62:30:f1,SKYbroadband30EE,[WPA-PSK-CCMP+TKIP][WPA2-PSK-CCMP+TKIP][ESS],WPA2/WPA,1,1,-78,-82
cc:5d:4e:ac:d7:08,PLDTMyDSL19,[WPA-PSK-CCMP+TKIP][WPA2-PSK-CCMP+TKIP][ESS],WPA2/WPA,11,11,-79,-88
4c:81:20:f3:29:bb,PLDTHOMEDSL329BB,[WPA-PSK-CCMP+TKIP][WPA2-PSK-CCMP+TKIP][WPS][ESS],WPA2/WPA,6,6,-84,-88
a4:2b:b0:f8:9e:87,PLDTHOMEDSL_AF5Y_EXT,[WPA-PSK-CCMP+TKIP][WPA2-PSK-CCMP+TKIP][WPS][ESS],WPA2/WPA,1,1,-86,-87
00:13:33:f5:c1:54,PLDTHOMEDSL_AF5Y,[WPA-PSK-CCMP+TKIP][WPA2-PSK-CCMP+TKIP][ESS],WPA2/WPA,1,1,-80,-85
00:1f:fb:ac:7e:9d,HomeBro_ULTERA,[WPA2-PSK-CCMP][WPS][ESS],WPA2,11,11,-79,-82
94:46:96:1c:f6:15,E,[WPA-PSK-CCMP+TKIP][WPA2-PSK-CCMP+TKIP][ESS],WPA2/WPA,1,1,-88,-90
50:c7:bf:7b:19:d4,TP-LINK MALINIS,[WPA-PSK-CCMP][WPA2-PSK-CCMP][WPS][ESS],WPA2/WPA,11,11,-86,-88
80:29:94:68:33:81,SKYbroadband337E,[WPA-PSK-CCMP+TKIP][WPA2-PSK-CCMP+TKIP][ESS],WPA2/WPA,11,11,-86,-85
80:29:94:68:33:f5,SKYbroadband33F2,[WPA-PSK-CCMP+TKIP][WPA2-PSK-CCMP+TKIP][ESS],WPA2/WPA,1,1,-81,-86
08:95:2a:89:3c:6a,SKYbroadband4321,[WPA-PSK-CCMP+TKIP][WPA2-PSK-CCMP+TKIP][WPS][ESS],WPA2/WPA,1,1,-71,-88
00:13:33:ce:c7:b8,PLDTHOMEDSL,[WPA-PSK-CCMP+TKIP][WPA2-PSK-CCMP+TKIP][ESS],WPA2/WPA,11,11,-81,-83
f8:d1:11:83:78:44,Virus Detected,[WPA-PSK-CCMP+TKIP][WPA2-PSK-CCMP+TKIP][WPS][ESS],WPA2/WPA,1,1,-87,-88
c8:d7:19:1b:14:26,2017_Trojan_Virus!@&*%,[WPA-PSK-CCMP+TKIP][WPA2-PSK-CCMP+TKIP][WPS][ESS],WPA2/WPA,2,2,-82,-82
50:09:59:85:b9:e5,SKYbroadbandB9E2,[WPA-PSK-CCMP+TKIP][WPA2-PSK-CCMP+TKIP][ESS],WPA2/WPA,1,1,-88,-87
88:3f:d3:2d:db:70,GPF-Globe,[WPA-PSK-CCMP+TKIP][WPA2-PSK-CCMP+TKIP][ESS],WPA2/WPA,5,5,-81,-85
00:18:f8:a4:31:fb,GPF,[WPA-PSK-TKIP][ESS],WPA,11,11,-81,-89
58:70:c6:f7:42:4d,YICarCam_F7424D,[WPA2-PSK-CCMP][WPS][ESS],WPA2,5,5,-70,-70
aa:6b:6e:49:95:18,Happy Birthday,[WPA2-PSK-CCMP][ESS],WPA2,1,1,-75,-84
50:09:59:83:82:81,(Alporha and Rodriguez_ 2016),[WPA-PSK-CCMP+TKIP][WPA2-PSK-CCMP+TKIP][ESS], 2016),6,WPA2/WPA,-84,0.534271872562
48:00:33:62:32:59,SKYbroadband3256,[WPA-PSK-CCMP+TKIP][WPA2-PSK-CCMP+TKIP][ESS],WPA2/WPA,11,11,-80,-85
48:00:33:f3:09:3d,SKYbroadband093A,[WPA-PSK-CCMP+TKIP][WPA2-PSK-CCMP+TKIP][ESS],WPA2/WPA,1,1,-81,-88
94:46:96:17:0f:d3,PLDTHOMEDSL0H0H0,[WPA-PSK-CCMP+TKIP][WPA2-PSK-CCMP+TKIP][ESS],WPA2/WPA,1,1,-88,-85
18:de:d7:34:79:6c,HUAWEI-kc87,[WPA-PSK-CCMP+TKIP][WPA2-PSK-CCMP+TKIP][ESS],WPA2/WPA,2,2,-86,-83
f4:e3:fb:e5:49:fc,XRZ-850,[WPA-PSK-CCMP+TKIP][WPA2-PSK-CCMP+TKIP][ESS],WPA2/WPA,7,7,-75,-76
00:1f:fb:ba:d2:8b,LynKoCus6-07,[WPA2-PSK-CCMP][WPS][ESS],WPA2,11,11,-85,-90
64:70:02:92:b9:94,UNITY_SUBORDINATE,[WPA2-PSK-CCMP][WPS][ESS],WPA2,6,6,-88,-93
20:25:64:cb:84:7e,979384,[WPA-PSK-CCMP+TKIP][WPA2-PSK-CCMP+TKIP][WPS][ESS],WPA2/WPA,11,11,-84,-87
9c:a3:a9:09:07:f9,IPCF3680910265870,[ESS],OPN,1,1,-72,-76
48:00:33:62:8a:79,SKYbroadband8A76,[WPA-PSK-CCMP+TKIP][WPA2-PSK-CCMP+TKIP][ESS],WPA2/WPA,1,1,-82,-85
14:b7:f8:0b:41:fb,SKYbroadband41F8,[WPA-PSK-CCMP+TKIP][WPA2-PSK-CCMP+TKIP][ESS],WPA2/WPA,6,6,-78,-87
48:00:33:62:31:0d,SKYbroadband310A,[WPA-PSK-CCMP+TKIP][WPA2-PSK-CCMP+TKIP][ESS],WPA2/WPA,11,11,-86,-84
f8:32:e4:b2:07:70,HOLYFAMILY,[WPA2-PSK-CCMP][WPS][ESS],WPA2,6,6,-80,-80
f6:9f:c2:57:be:90,Aralinks_Hub2,[WPA-PSK-CCMP][WPA2-PSK-CCMP][ESS],WPA2/WPA,1,1,-86,-80
b6:4e:26:4c:12:53,TFMGT Office_Guest,[WPA-PSK-CCMP+TKIP][WPA2-PSK-CCMP+TKIP][ESS],WPA2/WPA,2,2,-81,-82
88:d2:74:86:c4:cb,bayanDSLWIFI_C4CB,[WPA-PSK-CCMP+TKIP][WPA2-PSK-CCMP+TKIP][WPS][ESS],WPA2/WPA,11,11,-73,-81
ba:4e:26:4c:12:53,,[WPA2-PSK-CCMP][ESS],WPA2,2,2,-79,-84
e4:7d:eb:03:22:2c,Aircast_Wifi_44,[WPA2-PSK-CCMP+TKIP][ESS],WPA2,10,10,-82,-87
e0:8e:3c:2d:fa:d5,bayanDSLWIFI_FAD5,[WPA-PSK-CCMP+TKIP][WPA2-PSK-CCMP+TKIP][ESS],WPA2/WPA,1,1,-85,-79
70:5a:9e:84:02:80,MariaClare,[WPA-PSK-CCMP+TKIP][WPA2-PSK-CCMP+TKIP][ESS],WPA2/WPA,11,11,-85,-85
14:b7:f8:0b:38:33,Chibutt,[WPA-PSK-CCMP+TKIP][WPA2-PSK-CCMP+TKIP][ESS],WPA2/WPA,1,1,-85,-85
e0:8e:3c:21:45:ff,bayanDSLWIFI_45FF,[WPA-PSK-CCMP+TKIP][WPA2-PSK-CCMP+TKIP][ESS],WPA2/WPA,11,11,-82,-83
3c:a6:16:a3:e7:79,vivo 1718,[WPA2-PSK-CCMP][ESS],WPA2,6,6,-78,-83
ac:86:74:4a:09:53,,[WPA-PSK-CCMP+TKIP][WPA2-PSK-CCMP+TKIP][ESS],WPA2/WPA,5,5,-80,-78
e4:6f:13:68:9a:b4,Moonleaf Maginhawa,[WPA-PSK-CCMP+TKIP][WPA2-PSK-CCMP+TKIP][WPS][ESS],WPA2/WPA,1,1,-78,-86
00:13:33:e1:c9:15,PLDTHOMEDSL,[WPA-PSK-CCMP+TKIP][WPA2-PSK-CCMP+TKIP][ESS],WPA2/WPA,11,11,-81,-85
ac:86:74:4a:09:52,CloudTrax,[ESS],OPN,5,5,-77,-78
38:d8:2f:22:3d:48,bayanDSLWiFi_3D48,[WPA-PSK-CCMP+TKIP][WPA2-PSK-CCMP+TKIP][WPS][ESS],WPA2/WPA,1,1,-72,-75
cc:1a:fa:97:cf:b8,bayanDSL,[WPA-PSK-CCMP+TKIP][ESS],WPA,10,10,-77,-75
cc:06:77:6f:30:40,SAIGON PHO1,[WPA-PSK-TKIP][WPA2-PSK-CCMP][ESS],WPA2/WPA,7,7,-77,-74
9c:6f:52:34:ff:b6,Zentea,[WPA-PSK-CCMP+TKIP][WPA2-PSK-CCMP+TKIP][WPS][ESS],WPA2/WPA,1,1,-82,-77
9c:6f:52:34:ff:b9,,[WPA-PSK-CCMP+TKIP][WPA2-PSK-CCMP+TKIP][ESS],WPA2/WPA,1,1,-83,-78
fa:8f:ca:50:af:9a,,[ESS],OPN,11,11,-77,-80
cc:06:77:60:3e:98,PLDTHOMEFIBR03e98,[WPA-PSK-TKIP][WPA2-PSK-CCMP][ESS],WPA2/WPA,1,1,-86,-80
5c:6a:80:1a:25:c6,Snow Creme,[WPA-PSK-CCMP+TKIP][WPA2-PSK-CCMP+TKIP][WPS][ESS],WPA2/WPA,6,6,-72,-83
00:13:33:dc:91:af,PLDTHOMEDSLDAL1,[WPA-PSK-CCMP+TKIP][WPA2-PSK-CCMP+TKIP][ESS],WPA2/WPA,11,11,-73,-81
98:e7:f5:94:4a:ca,HUAWEI-E5330-4ACA,[WPA2-PSK-CCMP][ESS],WPA2,2,2,-69,-73
cc:06:77:e1:1f:90,PLDTHOMEFIBR11f90,[WPA-PSK-TKIP][WPA2-PSK-CCMP][ESS],WPA2/WPA,5,5,-81,-83
00:e0:20:3b:00:75,Extension 3,[WPA-PSK-CCMP][WPS][ESS],WPA,6,6,-86,-89
18:a6:f7:8e:ef:ac,PSCSEND-Conference,[WPA-PSK-CCMP+TKIP][WPA2-PSK-CCMP+TKIP][WPS][ESS],WPA2/WPA,1,1,-72,-83
e0:8e:3c:21:f2:cb,bayanDSLWIFI_F2CB,[WPA-PSK-CCMP+TKIP][WPA2-PSK-CCMP+TKIP][ESS],WPA2/WPA,1,1,-77,-87
0e:41:58:00:9f:ef,Wireless-N ext 1,[WPA-PSK-CCMP][ESS],WPA,6,6,-89,-89
cc:06:77:63:37:90,Estivlings,[WPA-PSK-TKIP][WPA2-PSK-CCMP][ESS],WPA2/WPA,4,4,-82,-82
e8:cd:2d:7f:11:4d,glyph,[WPA-PSK-CCMP+TKIP][WPA2-PSK-CCMP+TKIP][WPS][ESS],WPA2/WPA,8,8,-77,-79
90:61:0c:2e:02:f3,PLDTHOMEDSL00755,[WPA-PSK-CCMP+TKIP][WPA2-PSK-CCMP+TKIP][WPS][ESS],WPA2/WPA,11,11,-84,-83
90:61:0c:2e:02:f4,,[WPA-PSK-CCMP+TKIP][WPA2-PSK-CCMP+TKIP][ESS],WPA2/WPA,11,11,-85,-84
00:13:33:f4:2a:f7,,[WPA-PSK-CCMP+TKIP][WPA2-PSK-CCMP+TKIP][ESS],WPA2/WPA,6,6,-76,-80
c0:9f:05:2f:10:83,JajaBelga,[WPA2-PSK-CCMP][ESS],WPA2,6,6,-84,-88
00:13:33:f4:2a:f6,PLDTHOMEDSL,[WPA-PSK-CCMP+TKIP][WPA2-PSK-CCMP+TKIP][ESS],WPA2/WPA,6,6,-77,-80
94:46:96:1e:9b:87,PLDTHOMEDSLW3WH0,[WPA-PSK-CCMP+TKIP][WPA2-PSK-CCMP+TKIP][ESS],WPA2/WPA,2,2,-74,-71
00:13:33:fa:e4:77,,[WPA-PSK-CCMP+TKIP][WPA2-PSK-CCMP+TKIP][ESS],WPA2/WPA,1,1,-83,-81
1c:74:0d:1a:d8:a0,LITOS,[WPA-PSK-CCMP+TKIP][WPA2-PSK-CCMP+TKIP][ESS],WPA2/WPA,9,9,-71,-78
e0:8e:3c:2f:67:01,bayanDSLWIFI_6701,[WPA-PSK-CCMP+TKIP][WPA2-PSK-CCMP+TKIP][ESS],WPA2/WPA,1,1,-81,-78
40:cb:a8:90:46:e2,Broadband@work,[WPA-PSK-CCMP+TKIP][WPA2-PSK-CCMP+TKIP][WPS][ESS],WPA2/WPA,11,11,-77,-76
00:13:33:e1:98:5f,PLDTHOMEDSLsanji,[WPA-PSK-CCMP+TKIP][WPA2-PSK-CCMP+TKIP][ESS],WPA2/WPA,11,11,-83,-82
88:d2:74:86:b6:5a,BirthdayMoBa?,[WPA-PSK-CCMP+TKIP][WPA2-PSK-CCMP+TKIP][WPS][ESS],WPA2/WPA,5,5,-70,-75
60:31:97:33:82:60,Saturn_Boss,[WPA-PSK-CCMP+TKIP][WPA2-PSK-CCMP+TKIP][ESS],WPA2/WPA,7,7,-82,-85
e0:8e:3c:1a:f6:63,bayanDSLWIFI_F663,[WPA-PSK-CCMP+TKIP][WPA2-PSK-CCMP+TKIP][ESS],WPA2/WPA,1,1,-74,-81
00:13:33:fc:69:69,PLDTHOMEDSLGRABTAPSI,[WPA2-PSK-CCMP][ESS],WPA2,11,11,-73,-75
84:db:ac:1e:f2:12,xaira,[WPA2-PSK-CCMP][ESS],WPA2,3,3,-74,-71
c0:56:27:31:25:49,Saturn,[WPA2-PSK-CCMP][WPS][ESS],WPA2,11,11,-88,-89
e8:94:f6:e1:ba:30,Extension,[WPA2-PSK-CCMP][ESS],WPA2,6,6,-85,-88
90:61:0c:35:8c:13,PLDTHOMEDSL35859,[WPA-PSK-CCMP+TKIP][WPA2-PSK-CCMP+TKIP][WPS][ESS],WPA2/WPA,1,1,-65,-74
00:27:15:58:36:e1,B8NT-4p2k8J+YjUJoZTA48J+YjeKdpA,[ESS],OPN,6,6,-67,-82
1a:17:23:00:04:77,EVOHOTSPOT 7,[ESS],OPN,6,6,-67,-65
94:46:96:0e:28:69,PLDTHOMEDSLanamaria,[WPA-PSK-CCMP+TKIP][WPA2-PSK-CCMP+TKIP][ESS],WPA2/WPA,2,2,-76,-75
00:23:69:26:de:f7,maja,[WPA-PSK-CCMP+TKIP][WPA2-PSK-CCMP+TKIP][WPS][ESS],WPA2/WPA,5,5,-78,-85
94:fe:22:b1:b6:14,WEST PHILIPPINE SEA,[WPA-PSK-CCMP+TKIP][WPA2-PSK-CCMP+TKIP][ESS],WPA2/WPA,10,10,-78,-79
00:13:33:fd:b7:fb,PLDTHOMEDSLLUCERO,[WPA-PSK-CCMP+TKIP][WPA2-PSK-CCMP+TKIP][ESS],WPA2/WPA,11,11,-89,-83
28:ff:3e:3d:e8:19,bayanDSLWIFI_E819,[WPA-PSK-CCMP+TKIP][WPA2-PSK-CCMP+TKIP][WPS][ESS],WPA2/WPA,1,1,-69,-78
94:46:96:1f:01:3f,EVOLUTION-5--,[WPA-PSK-CCMP+TKIP][WPA2-PSK-CCMP+TKIP][ESS],WPA2/WPA,10,10,-74,-71
94:46:96:1f:b8:e1,PLDTHOMEDSLDHDN0,[WPA-PSK-CCMP+TKIP][WPA2-PSK-CCMP+TKIP][ESS],WPA2/WPA,11,11,-88,-88
00:13:33:f2:83:f7,PLDTHOMEDSLPrivate,[WPA-PSK-CCMP+TKIP][WPA2-PSK-CCMP+TKIP][ESS],WPA2/WPA,6,6,-85,-83
2a:17:23:00:04:77,EVOHOTSPOT 8,[ESS],OPN,6,6,-64,-65
90:61:0c:3a:33:db,PLDTHOMEDSL13275,[WPA-PSK-CCMP+TKIP][WPA2-PSK-CCMP+TKIP][ESS],WPA2/WPA,1,1,-77,-85
94:46:96:19:6c:10,PLDTHOMEDSL_CRES,[WPA-PSK-CCMP+TKIP][WPA2-PSK-CCMP+TKIP][ESS],WPA2/WPA,4,4,-74,-73
0a:17:23:00:04:77,EVOHOTSPOT 6,[ESS],OPN,6,6,-64,-67
e0:8e:3c:1b:3e:83,amihan,[WPA-PSK-CCMP+TKIP][WPA2-PSK-CCMP+TKIP][ESS],WPA2/WPA,2,2,-74,-78
08:17:23:00:04:77,EVOHOTSPOT 5,[ESS],OPN,6,6,-54,-66
08:17:23:00:04:8f,EVOHOTSPOT 1,[ESS],OPN,1,1,-56,-64
2a:17:23:00:04:8f,EVOHOTSPOT 4,[ESS],OPN,1,1,-56,-60
1a:17:23:00:04:8f,EVOHOTSPOT 3,[ESS],OPN,1,1,-56,-63
0a:17:23:00:04:8f,EVOHOTSPOT 2,[ESS],OPN,1,1,-58,-65
74:cc:39:bc:bc:a3,EDONG-EVOLUTION,[ESS],OPN,10,10,-87,-88
fc:8b:97:38:ea:bb,PLDTMyDSL,[WPA2-PSK-CCMP][WPS][ESS],WPA2,11,11,-76,-82
fc:8b:97:38:ea:bf,,[WPA-PSK-CCMP+TKIP][WPA2-PSK-CCMP+TKIP][ESS],WPA2/WPA,11,11,-76,-82
5c:6a:80:25:f4:98,PLDTMYDSL,[WPA-PSK-CCMP+TKIP][WPA2-PSK-CCMP+TKIP][ESS],WPA2/WPA,5,5,-73,-77
94:0e:6b:65:d6:aa,B310_5D6AA,[WPA-PSK-CCMP+TKIP][WPA2-PSK-CCMP+TKIP][ESS],WPA2/WPA,1,1,-82,-84
e0:8e:3c:1a:cf:43,bayanDSLWIFI_CF43,[WPA-PSK-CCMP+TKIP][WPA2-PSK-CCMP+TKIP][ESS],WPA2/WPA,1,1,-83,-82
e0:8e:3c:1a:ca:2f,bayanDSLWIFI_CA2F,[WPA-PSK-CCMP+TKIP][WPA2-PSK-CCMP+TKIP][ESS],WPA2/WPA,1,1,-85,-87
e0:8e:3c:20:10:0b,bayanDSLWIFI_100B,[WPA-PSK-CCMP+TKIP][WPA2-PSK-CCMP+TKIP][ESS],WPA2/WPA,1,1,-82,-83
94:a7:b7:3c:ee:9b,Virus,[WPA-PSK-CCMP+TKIP][WPA2-PSK-CCMP+TKIP][WPS][ESS],WPA2/WPA,11,11,-69,-81
6c:3b:6b:4c:3f:d9,pgp personal,[WPA2-PSK-CCMP][WPS][ESS],WPA2,1,1,-72,-82
90:61:0c:19:b5:a9,,[WPA-PSK-CCMP+TKIP][WPA2-PSK-CCMP+TKIP][ESS],WPA2/WPA,11,11,-68,-72
c0:7e:40:73:1f:e4,PT&T Fiber,[WPA-PSK-CCMP][WPA2-PSK-CCMP][WPS][ESS],WPA2/WPA,11,11,-78,-75
e0:8e:3c:1a:e6:07,bayanDSLWIFI_E607,[WPA-PSK-CCMP+TKIP][WPA2-PSK-CCMP+TKIP][ESS],WPA2/WPA,10,10,-73,-73
e6:8d:8c:55:5e:73,Panthera Hotspot,[ESS],OPN,1,1,-72,-84
28:ff:3e:3d:ea:e6,bayanDSLWIFI_EAE6,[WPA-PSK-CCMP+TKIP][WPA2-PSK-CCMP+TKIP][WPS][ESS],WPA2/WPA,10,10,-74,-68
e0:8e:3c:1a:d7:1f,Francisco,[WPA2-PSK-CCMP+TKIP][ESS],WPA2,1,1,-81,-81
6c:19:8f:0c:ff:9e,autotrade.com.ph,[WPA-PSK-CCMP+TKIP][WPA2-PSK-CCMP+TKIP][WPS][ESS],WPA2/WPA,5,5,-89,-84
1a:17:23:00:02:85,EVOHOTSPOT 31,[ESS],OPN,6,6,-90,-89
0c:96:bf:79:42:87,Broadband@work,[WPA-PSK-CCMP+TKIP][WPA2-PSK-CCMP+TKIP][WPS][ESS],WPA2/WPA,11,11,-73,-76
e0:8e:3c:1b:3f:5f,bayanDSLWIFI_3F5F,[WPA-PSK-CCMP+TKIP][WPA2-PSK-CCMP+TKIP][ESS],WPA2/WPA,1,1,-73,-72
1a:17:23:00:01:4d,EVOHOTSPOT 35,[ESS],OPN,6,6,-79,-85
90:61:0c:16:a8:02,PLDTMyDSL,[WPA-PSK-CCMP][WPA2-PSK-CCMP][ESS],WPA2/WPA,11,11,-81,-81
90:61:0c:36:0c:7d,PLDTHOMEDSL03197,[WPA-PSK-CCMP+TKIP][WPA2-PSK-CCMP+TKIP][WPS][ESS],WPA2/WPA,11,11,-63,-72
8c:eb:c6:ee:8d:e2,SODOPtradinginc,[WPA-PSK-CCMP+TKIP][WPA2-PSK-CCMP+TKIP][ESS],WPA2/WPA,5,5,-76,-76
9c:a9:e4:9a:ee:35,Althea Joy,[WPA-PSK-CCMP+TKIP][WPA2-PSK-CCMP+TKIP][WPS][ESS],WPA2/WPA,11,11,-85,-85
88:d2:74:86:ac:0b,bayanDSLWIFI_AC0B,[WPA-PSK-CCMP+TKIP][WPA2-PSK-CCMP+TKIP][WPS][ESS],WPA2/WPA,1,1,-88,-87
90:61:0c:3a:a9:18,PLDTHOMEDSL_JandB,[WPA-PSK-CCMP+TKIP][WPA2-PSK-CCMP+TKIP][ESS],WPA2/WPA,1,1,-79,-71
 
WiGLE Unique,116
BSSID,SSID,Wigle-Encryption,Wigle-Channel,Wigle Avg RSSI
00:13:33:d6:39:fe,PLDTHOMEDSLKJFC,[WPA-PSK-CCMP+TKIP][WPA2-PSK-CCMP+TKIP][ESS],2,-83
24:09:95:43:1a:21,HUAWEI-E5330-1A21,[WPA2-PSK-CCMP][ESS],5,-85
32:14:4a:ef:a9:8b,MMDA_MESH190,[IBSS],56,-84
f0:55:41:01:81:0c,WiFi_OBDII,[ESS],1,-87
98:e7:f5:5f:47:d2,sgmpaker,[WPA2-PSK-CCMP][ESS],2,-86
ae:5f:3e:23:81:91,AndroidAP,[WPA2-PSK-CCMP][ESS],11,-86
32:14:4a:ef:a9:93,MMDA_MESH190,[IBSS],40,-88
5c:6a:80:a3:70:6f,OGM2017,[WPA-PSK-CCMP+TKIP][WPA2-PSK-CCMP+TKIP][ESS],9,-86
50:c7:bf:d8:62:57,NHA-WiFi-Guest,[WPA-PSK-CCMP+TKIP][WPA2-PSK-CCMP+TKIP][ESS],3,-88
d4:6e:0e:a2:53:b3,OGM-WR1,[WPA-PSK-CCMP][WPA2-PSK-CCMP][WPS][ESS],11,-89
50:c7:bf:d8:60:9a,NHA-WiFi-Guest,[WPA-PSK-CCMP+TKIP][WPA2-PSK-CCMP+TKIP][ESS],3,-89
9c:a9:e4:9a:fc:ee,Sun Wi-Fi_9AFCED,[WPA-PSK-CCMP+TKIP][WPA2-PSK-CCMP+TKIP][WPS][ESS],6,-85
51502_30232_210438652,Globe,HSPA;ph,0,-93
38:a2:8c:7c:e8:31,Mitsubishi Wireless TV 199,[ESS],36,-86
f0:98:38:9f:fd:28,HUAWEI-yJc8,[WPA-PSK-CCMP+TKIP][WPA2-PSK-CCMP+TKIP][ESS],8,-88
88:3f:d3:05:e7:d0,HUAWEI-6443,[WPA-PSK-CCMP+TKIP][WPA2-PSK-CCMP+TKIP][ESS],11,-86
51502_30232_210451840,Globe,HSPA;ph,0,-90
88:d2:74:a8:fe:54,Cradle of Learners,[WPA-PSK-CCMP+TKIP][WPS][ESS],2,-85
e4:8d:8c:fb:3d:c2,CVL_Propagation test,[ESS],60,-89
51502_30232_210447752,Globe,HSPA;ph,0,-79
54:b8:0a:36:61:6a,Central,[WPA-PSK-CCMP+TKIP][WPA2-PSK-CCMP+TKIP][ESS],36,-90
88:3f:d3:06:29:38,HUAWEI-Bn7b,[WPA-PSK-CCMP+TKIP][WPA2-PSK-CCMP+TKIP][ESS],7,-87
c4:12:f5:75:e3:8a,bilan,[WPA-PSK-CCMP+TKIP][WPA2-PSK-CCMP+TKIP][WPS][ESS],3,-79
00:1f:fb:ac:64:8b,Macaraeg,[WPA2-PSK-CCMP][WPS][ESS],10,-87
1c:af:f7:17:a3:d2,abad,[WPA-PSK-CCMP+TKIP][WPA2-PSK-CCMP+TKIP][WPS][ESS],11,-85
00:13:33:e5:fb:d6,PLDTHOMEDSL,[WPA-PSK-CCMP+TKIP][WPA2-PSK-CCMP+TKIP][ESS],11,-87
78:c1:a7:05:c5:5c,LUCAS INTERNET,[WPA-PSK-CCMP+TKIP][ESS],2,-75
b4:75:0e:10:fc:88,bayanDSLWIFI_D187,[WPA-PSK-CCMP+TKIP][WPA2-PSK-CCMP+TKIP][WPS][ESS],9,-88
51502_30232_210447751,Globe,HSPA;ph,0,-91
4c:81:20:f3:93:6f,malupadilla,[WPA-PSK-CCMP+TKIP][WPA2-PSK-CCMP+TKIP][WPS][ESS],5,-84
a0:ab:1b:96:58:e4,Cumm4Me,[WPA-PSK-CCMP+TKIP][WPA2-PSK-CCMP+TKIP][WPS][ESS],149,-86
a0:ab:1b:96:58:e5,Stingray-G,[WPA-PSK-CCMP+TKIP][WPA2-PSK-CCMP+TKIP][ESS],149,-87
e0:8e:3c:21:f9:d3,bayandsl,[WPA-PSK-CCMP+TKIP][WPA2-PSK-CCMP+TKIP][ESS],1,-84
51502_30232_210477113,Globe,HSPA;ph,0,-91
a0:ab:1b:96:58:e3,Stingray-G,[WPA-PSK-CCMP+TKIP][WPA2-PSK-CCMP+TKIP][ESS],36,-81
a0:ab:1b:96:58:e2,Cumm4Me,[WPA-PSK-CCMP+TKIP][WPA2-PSK-CCMP+TKIP][ESS],36,-81
90:61:0c:2e:b3:11,PLDTHOMEDSLchurchill,[WPA-PSK-CCMP+TKIP][WPA2-PSK-CCMP+TKIP][WPS][ESS],1,-89
08:95:2a:5b:4b:f4,SKYbroadband3003,[WPA-PSK-CCMP+TKIP][WPA2-PSK-CCMP+TKIP][WPS][ESS],6,-88
20:aa:4b:e7:30:7b,ELEANOR/ROUTER,[WPA2-PSK-CCMP][WPS][ESS],3,-86
f0:98:38:72:ba:c8,EPA MAIN-HUAWEI,[WPA-PSK-CCMP+TKIP][WPA2-PSK-CCMP+TKIP][ESS],1,-88
88:d2:74:86:ac:19,bayanDSLWIFI_AC19,[WPA-PSK-CCMP+TKIP][WPA2-PSK-CCMP+TKIP][WPS][ESS],2,-78
00:26:75:79:d0:73,VK0110,[WPA-PSK-CCMP+TKIP][ESS],2,-83
2c:4d:54:d9:fd:68,Dunby,[WPA2-PSK-CCMP][WPS][ESS],3,-74
ee:1d:7f:a1:3d:ca,Kabogsss,[WPA-PSK-CCMP+TKIP][WPA2-PSK-CCMP+TKIP][WPS][ESS],13,-81
28:ff:3e:3d:e7:00,bayanDSLWIFI_E700,[WPA-PSK-CCMP+TKIP][WPA2-PSK-CCMP+TKIP][WPS][ESS],7,-86
2c:4d:54:d9:fd:6c,Dunby_5G,[WPA2-PSK-CCMP][WPS][ESS],149,-84
98:de:d0:be:64:28,TP-LINK_6429_5G,[WPA2-PSK-CCMP][WPS][ESS],36,-86
00:26:75:f7:20:e4,benz,[WPA-PSK-CCMP+TKIP][ESS],10,-86
fa:8f:ca:51:06:86,,[ESS],9,-83
48:7b:6b:f0:72:f8,ACEJ FAM,[WPA-PSK-CCMP+TKIP][WPA2-PSK-CCMP+TKIP][ESS],9,-78
48:db:50:d0:09:cd,HUAWEI-E5330-09CD,[WPA2-PSK-CCMP][ESS],4,-87
51502_30232_210464820,Globe,HSPA;ph,0,-95
c8:d3:a3:15:b2:98,KOALA,[WPA-PSK-CCMP+TKIP][WPA2-PSK-CCMP+TKIP][WPS][ESS],13,-84
18:d6:c7:23:95:0f,admin,[WPA-PSK-CCMP][WPA2-PSK-CCMP][WPS][ESS],149,-87
c8:d7:19:1b:14:27,2017_Trojan_Virus!@&*%,[WPA-PSK-CCMP+TKIP][WPA2-PSK-CCMP+TKIP][WPS][ESS],48,-86
51502_30232_210464817,Globe,HSPA;ph,0,-95
bc:c0:0f:bf:79:80,PLDTHOMEFIBRf7980,[WPA-PSK-CCMP+TKIP][WPA2-PSK-CCMP+TKIP][ESS],9,-87
48:f8:b3:a9:6d:bc,HFSPrivate,[WPA-PSK-CCMP+TKIP][WPA2-PSK-CCMP+TKIP][ESS],8,-88
28:92:4a:14:9f:84,HOLYFAMILY,[WPA-PSK-TKIP][WPA2-PSK-CCMP][ESS],13,-87
1c:b7:2c:79:f8:8c,AWESOME.RIBS_5G,[WPA2-PSK-CCMP][WPS][ESS],36,-90
cc:06:77:6f:30:44,SAIGON PHO2,[WPA-PSK-TKIP][WPA2-PSK-CCMP][ESS],36,-66
b6:4e:26:4c:0f:de,TFMGT Office_Guest,[WPA-PSK-CCMP+TKIP][WPA2-PSK-CCMP+TKIP][ESS],48,-83
ba:4e:26:4c:0e:e4,,[WPA2-PSK-CCMP][ESS],48,-84
b0:4e:26:4c:12:54,TFMGT Office,[WPA-PSK-CCMP+TKIP][WPA2-PSK-CCMP+TKIP][ESS],48,-84
b0:4e:26:4c:0f:de,TFMGT Office,[WPA-PSK-CCMP+TKIP][WPA2-PSK-CCMP+TKIP][ESS],48,-85
b6:4e:26:4c:12:54,TFMGT Office_Guest,[WPA-PSK-CCMP+TKIP][WPA2-PSK-CCMP+TKIP][ESS],48,-85
cc:06:77:70:3f:34,PLDTHOMEFIBR5G03f30,[WPA-PSK-TKIP][WPA2-PSK-CCMP][ESS],40,-87
b6:4e:26:4c:0e:e4,TFMGT Office_Guest,[WPA-PSK-CCMP+TKIP][WPA2-PSK-CCMP+TKIP][ESS],48,-87
cc:06:77:6e:cd:90,PLDTHOMEFIBRecd90,[WPA-PSK-TKIP][WPA2-PSK-CCMP][ESS],4,-80
bc:c0:0f:7b:c2:08,FIBERHOME_bc208,[WPA-PSK-CCMP][WPA2-PSK-CCMP][ESS],3,-80
bc:c0:0f:1f:c1:b8,PLDTHOMEFIBRfc1b8,[WPA-PSK-CCMP+TKIP][WPA2-PSK-CCMP+TKIP][ESS],8,-85
cc:06:77:6e:cf:08,PLDTHOMEFIBRecf08,[WPA-PSK-TKIP][WPA2-PSK-CCMP][ESS],9,-87
51502_30232_210454609,Globe,HSPA;ph,0,-87
b0:4e:26:4c:0e:e4,TFMGT Office,[WPA-PSK-CCMP+TKIP][WPA2-PSK-CCMP+TKIP][ESS],48,-87
e0:8e:3c:16:58:8d,cosme,[WPA-PSK-TKIP][WPA2-PSK-TKIP][WPS][ESS],10,-81
ba:4e:26:4c:12:54,,[WPA2-PSK-CCMP][ESS],48,-89
cc:06:77:6e:cd:94,PLDTHOMEFIBR5Gecd90,[WPA-PSK-TKIP][WPA2-PSK-CCMP][ESS],36,-89
b6:4e:26:4c:0f:dd,TFMGT Office_Guest,[WPA-PSK-CCMP+TKIP][WPA2-PSK-CCMP+TKIP][ESS],2,-86
f0:98:38:f9:14:28,Fiber200,[WPA-PSK-CCMP+TKIP][WPA2-PSK-CCMP+TKIP][ESS],3,-74
b0:4e:26:4c:12:53,TFMGT Office,[WPA-PSK-CCMP+TKIP][WPA2-PSK-CCMP+TKIP][ESS],2,-84
dc:09:4c:14:29:cf,Monmon,[WPA-PSK-CCMP+TKIP][WPA2-PSK-CCMP+TKIP][ESS],8,-85
cc:06:77:60:3e:9c,PLDTHOMEFIBR5G03e98,[WPA-PSK-TKIP][WPA2-PSK-CCMP][ESS],36,-82
c0:56:27:90:c5:57,LAWPD,[WPA-PSK-TKIP][WPA2-PSK-CCMP][WPS][ESS],10,-80
bc:c0:0f:cb:0d:8c,PLDTHOMEFIBR5Gb0d88,[WPA-PSK-TKIP][WPA2-PSK-CCMP][ESS],36,-87
cc:06:77:e1:1f:94,PLDTHOMEFIBR5G11f90,[WPA-PSK-TKIP][WPA2-PSK-CCMP][ESS],40,-81
b6:4e:26:4c:0e:e3,TFMGT Office_Guest,[WPA-PSK-CCMP+TKIP][WPA2-PSK-CCMP+TKIP][ESS],2,-82
ba:4e:26:4c:0e:e3,,[WPA2-PSK-CCMP][ESS],2,-88
f0:98:38:72:db:98,ZGMKTGCORP,[WPA-PSK-CCMP+TKIP][WPA2-PSK-CCMP+TKIP][ESS],4,-88
b0:4e:26:4c:0e:e3,TFMGT Office,[WPA-PSK-CCMP+TKIP][WPA2-PSK-CCMP+TKIP][ESS],2,-85
6c:3b:6b:ad:9e:9d,MikroTik-Dynadish-A,[WPA-EAP+PSK-CCMP][WPA2-PSK-CCMP][WPS][ESS],56,-89
51502_30232_210446713,Globe,HSPA;ph,0,-91
28:10:7b:f1:02:bc,Diliman Bible Church,[WPA-PSK-CCMP+TKIP][WPA2-PSK-CCMP+TKIP][WPS][ESS],2,-79
cc:06:77:61:f6:08,PLCPD,[WPA-PSK-TKIP][WPA2-PSK-CCMP][ESS],3,-85
cc:06:77:22:fb:60,PLDTHOMEFIBR2fb60,[WPA-PSK-TKIP][WPA2-PSK-CCMP][ESS],5,-86
5c:f2:86:25:75:0b,lester8182,[WPA-PSK-CCMP+TKIP][WPA2-PSK-CCMP+TKIP][WPS][ESS],8,-88
aa:a6:68:58:d8:01,Smart Bro_58D801,[WPA-PSK-CCMP+TKIP][WPA2-PSK-CCMP+TKIP][WPS][ESS],13,-89
cc:06:77:63:37:94,Estivlings2.0,[WPA-PSK-TKIP][WPA2-PSK-CCMP][ESS],36,-83
51502_30232_210454664,Globe,HSPA;ph,0,-94
00:13:33:ed:62:7d,PLDTHOMEDSL,[WPA-PSK-CCMP+TKIP][WPA2-PSK-CCMP+TKIP][ESS],2,-86
00:e0:20:60:71:69,Estivlings_Ext1,[WPA2-PSK-CCMP][WPS][ESS],4,-86
00:13:33:e7:6c:14,,[WPA-PSK-CCMP+TKIP][WPA2-PSK-CCMP+TKIP][ESS],8,-87
18:a6:f7:45:7f:13,Morning Joggers,[WPA-PSK-CCMP+TKIP][WPA2-PSK-CCMP+TKIP][WPS][ESS],8,-81
51502_30232_210454608,Globe,HSPA;ph,0,-97
14:60:80:99:51:7c,mendoza,[WPA-PSK-CCMP+TKIP][WPA2-PSK-CCMP+TKIP][ESS],13,-78
5c:6a:80:25:f4:99,PLDTMyDSLBiz5G47880,[WPA-PSK-CCMP+TKIP][WPA2-PSK-CCMP+TKIP][ESS],56,-81
51502_30232_210454607,Globe,HSPA;ph,0,-101
e0:8e:3c:21:ce:bf,bayanDSLWIFI_CEBF,[WPA-PSK-CCMP+TKIP][WPA2-PSK-CCMP+TKIP][ESS],3,-80
9c:6f:52:35:14:3d,bayanDSLWIFI_143D,[WPA-PSK-CCMP+TKIP][WPA2-PSK-CCMP+TKIP][WPS][ESS],4,-86
1a:17:12:00:0c:07,2-EVOLUTION PREPAID HOT SPOT,[ESS],13,-87
ec:08:6b:82:db:d8,amom,[WPA-PSK-CCMP][WPA2-PSK-CCMP][WPS][ESS],7,-88
7c:c7:09:c6:1b:43,Mitsubishi Wireless TV 059,[ESS],36,-74
6e:7c:5f:da:06:1f,iPhone,[WPA2-PSK-CCMP][ESS],1,-79
2a:17:12:00:0c:07,3-EVOLUTION PREPAID HOT SPOT,[ESS],13,-85
7c:c7:09:c6:20:7a,Mitsubishi Wireless TV 772,[ESS],36,-69
36:69:87:f8:3b:f6,Smart Bro_F83BF6,[WPS][ESS],1,-80
08:17:12:00:0c:07,0-EVOLUTION PREPAID HOT SPOT,[ESS],13,-87
 
RPi Unique,168
BSSID,SSID,RPi-Encryption,RPi-Channel,RPi Avg RSSI
d8:5d:4c:ff:6d:08,WiFi,WPA2/WPA,11,-86
00:13:33:ec:d1:f0,PLDTHOMEDSL,WPA2/WPA,1,-85
00:26:75:dd:54:cc,Tresmarias,WPA,11,-88
00:13:33:e5:fd:e8,PLDTHOMEDSL,WPA2/WPA,11,-87
e4:58:e7:5b:73:eb,jjk,WPA2,6,-97
18:d6:c7:23:95:10,admin,WPA2/WPA,6,-94
00:1f:fb:c6:15:79,HomeBro_ULTERA,WPA2,1,-90
74:cc:39:97:db:d8,G U E S S ?,WPA2/WPA,1,-91
b0:b2:dc:aa:c8:8c,PLDTMyDSLvirus,WPA2/WPA,11,-90
88:3f:d3:06:29:6c,DESKARTE,WPA2/WPA,1,-90
e0:8e:3c:21:e8:eb,HOLYFAMILY,WPA2/WPA,1,-86
88:d2:74:86:d2:40,bayanDSLWIFI_D240,WPA2/WPA,1,-83
3a:1c:23:00:4b:aa,SmartBro-004baa,OPN,1,-81
00:13:33:e1:c7:ec,,WPA2/WPA,11,-81
f6:9f:c2:b5:f1:b4,Aralinks_Faculty,WPA2/WPA,11,-89
00:13:33:e1:c7:e9,PLDTHOMEDSL,WPA2/WPA,11,-80
50:09:59:84:f1:91,SKYbroadbandF18E,WPA2/WPA,1,-88
fc:b4:e6:82:43:85,SKYbroadbandABA4,WPA2/WPA,6,-89
e0:8e:3c:18:90:f8,PoohCorner,WPA,1,-85
32:cd:a7:f4:e7:de,DIRECT-TcM2070 Series,WPA2,11,-81
4c:f9:5d:85:9a:fc,RBCTY1,WPA2/WPA,10,-89
1c:b7:2c:79:f8:88,AWESOME.RIBS,WPA2,1,-84
00:13:33:f4:27:ef,PLDTHOMEDSLBILL,WPA2/WPA,1,-83
00:13:33:e1:7d:fc,PLDTHOMEDSL,WPA2/WPA,11,-81
90:61:0c:2d:d3:09,tom&jerry,WPA2,11,-84
cc:06:77:60:54:f8,fibr1,WPA2/WPA,1,-84
78:c1:a7:24:27:66,Ragnarok1017,WPA,1,-84
d2:5b:a8:f8:d5:d9,PadrePio,WPA2/WPA,1,-86
d4:6e:0e:66:46:50,Ragnarok1017_EXT,WPA2/WPA,1,-89
86:2a:a8:eb:23:c8,Aralinks_Hub1,WPA2/WPA,1,-92
00:19:be:81:32:e2,Altai_Wifi,WPA2,6,-82
90:61:0c:16:73:f9,PLDTMyDSL,WPA2/WPA,11,-80
bc:c0:0f:7b:d7:c0,FIBERHOME_bd7c0,WPA2/WPA,10,-76
84:16:f9:35:36:c2,Pazzo Brew Bar,WPA2,11,-79
00:1d:92:10:df:e3,H9300G,WPA,1,-88
08:95:2a:89:35:37,SKYbroadbandA450,WPA2/WPA,6,-89
cc:06:77:6e:c9:98,#WIP PH 1,WPA2/WPA,11,-77
70:5a:9e:da:57:29,SKYbroadband5726,WPA2/WPA,11,-86
08:95:2a:e4:85:d8,SKYbroadband624F,WPA2/WPA,11,-88
78:c1:a7:03:9e:ec,Pebble,WPA,1,-80
94:a7:b7:26:73:a3,Ernest_bayanDSLWiFi,WPA2/WPA,1,-88
f0:98:38:07:d0:98,BLUE_EYES,WPA2/WPA,6,-91
90:61:0c:33:aa:70,PLDTHOMEDSL43632,WPA2/WPA,11,-92
00:13:33:d3:4b:09,PLDTHOMEDSL,WPA2/WPA,11,-89
e0:8e:3c:1a:88:57,METEORO,WPA2/WPA,1,-89
50:04:b8:45:1d:5c,work,WPA2/WPA,1,-91
a0:f3:c1:a4:4d:8a,Elenita,WPA2/WPA,6,-91
00:13:33:db:90:5c,PLDTHOMEDSL,WPA2/WPA,11,-87
d0:b2:c4:57:23:67,arbalest,WPA2/WPA,1,-88
1e:74:0d:02:42:c0,PLDTMyDSLBiz,WPA2/WPA,5,-87
f4:f2:6d:94:56:14,OrangeSegment1,WPA2,1,-82
36:69:87:a1:89:8f,NATOR 1O,WPA2/WPA,1,-84
90:61:0c:2d:88:5b,Nuat Thai 80 Maginhawa,WPA2,11,-82
14:b7:f8:0b:1c:37,SKYbroadband1C34,WPA2/WPA,11,-77
48:f8:b3:0f:d9:65,MotorGirl,WPA2,11,-86
c8:93:46:48:50:5b,Think_48505B,WPA2,10,-82
c8:93:46:48:4c:7f,Think_484C7F,WPA2,1,-83
c8:93:46:48:60:c6,Think_4860C6,WPA2,1,-88
00:23:b1:6d:a7:97,R-R-J-T-S,WPA2/WPA,1,-82
c8:93:46:48:70:90,Think_487090,WPA2,1,-87
cc:06:77:6e:da:80,PLDTHOMEFIBReda80,WPA2/WPA,1,-83
00:13:33:fb:46:83,PLDTHOMEDSLbellabonita,WPA2/WPA,5,-72
80:2a:a8:41:e9:d6,Wireless,WPA2,11,-91
1e:74:0d:02:3c:c8,PLDTMyDSLBizADMIN,WPA2/WPA,1,-87
5c:6a:80:a3:6f:2b,UndefeatedBarbershop,WPA2/WPA,6,-82
c8:93:46:47:ad:f2,Think_47ADF2,WPA2,6,-86
cc:06:77:21:70:80,zab,WPA2/WPA,7,-76
c8:93:46:cc:21:05,Think_CC2105,WPA2/WPA,6,-84
c8:93:46:48:4c:43,Think_484C43,WPA2,5,-73
c8:93:46:cc:21:da,Think_CC21DA,WPA2/WPA,6,-87
a4:2b:b0:d9:10:26,,WPA2/WPA,11,-91
cc:06:77:5c:bd:59,OS Dong,WPA2,10,-77
14:ab:f0:4d:9d:80,ARRIS-9D82,WPA2,6,-92
00:13:33:df:9b:b8,PLDTHOMEDSL,WPA2/WPA,11,-83
a4:2b:b0:c1:4c:87,SKYbroadband7B2C_EXT,WPA2/WPA,11,-91
ec:8c:a2:30:ff:28,#SmartWifi @StrEATMag,OPN,1,-76
00:13:33:ea:7b:21,trendzoneqc,WPA2/WPA,1,-82
f0:98:38:07:78:bc,8386CGA,WPA2/WPA,2,-80
00:13:33:ea:7b:20,PLDTHOMEDSLadmin,WPA2/WPA,1,-82
84:26:bd:50:6f:4e,MV21564809,OPN,6,-86
00:90:a9:10:89:7c,GuestWiFi,WPA2,6,-86
14:ab:f0:4c:c1:b0,,WPA2,6,-89
0c:f4:d5:15:99:28,#SmartWifi @StrEATMag,OPN,11,-81
00:90:a9:0e:55:0b,CallaoMan,WPA2,11,-81
48:00:33:a7:e7:a1,SKYbroadbandE79E,WPA2/WPA,11,-83
00:21:29:9d:a8:2f,SpanishCoins,WPA2,11,-86
34:ba:9a:55:c5:b6,,WPA2/WPA,9,-80
e0:8e:3c:19:9c:bb,Aztech5068_99CBB,WPA,2,-82
78:c1:a7:24:a1:8e,Leo,WPA,1,-91
5c:f2:86:24:4b:91,jeline,WPA2,7,-85
00:90:a9:10:89:7b,SunkenGalleon,WPA2,6,-86
ee:1d:7f:a1:32:b7,DANNAH,WPA2/WPA,6,-89
00:90:a9:10:93:eb,CalataganPot,WPA2,11,-92
90:61:0c:11:8d:26,PLDTMyDSL,WPA2/WPA,11,-90
4e:1a:3d:72:55:25,A1601,WPA2,11,-84
f0:98:38:07:ce:cc,HUAWEI-sJ8b,WPA2/WPA,10,-77
30:b5:c2:b5:33:12,FatPipe@BosCoffee,OPN,6,-82
b0:c1:9e:30:5e:25,SmartBro_305E25,WPA2/WPA,7,-82
94:46:96:1d:46:ce,PLDTHOMEDSLUJU40,WPA2/WPA,5,-75
00:13:33:e1:63:df,PLDTHOMEDSL,WPA2/WPA,11,-78
40:cb:a8:d5:65:52,Darkyamasita36,WPA2/WPA,1,-85
f0:98:38:a0:02:64,WeylandMaginhawa,WPA2/WPA,8,-81
74:cc:39:ba:cd:f0,MBOSOFFICE,WPA2/WPA,6,-86
cc:06:77:60:25:f1,NEBRIJA PLDT WIFI,WPA2,11,-90
08:10:74:61:0e:4a,daddy_shiony,WPA2/WPA,1,-82
b2:60:f1:a8:0e:f1,Janna's Iphone,WPA2,1,-87
74:cc:39:bb:51:60,PLDTHOMEFIBRb5160,WPA2/WPA,6,-89
94:a7:b7:26:4d:f6,bayanDSLWIFI_4DF6,WPA2/WPA,10,-77
74:cc:39:bb:51:38,AFMaginhawaOffice,WPA2/WPA,11,-87
f0:98:38:3e:1f:34,UITC-OFFICE,WPA2/WPA,5,-79
90:61:0c:3a:77:0d,Samgyup Maginhawa,WPA2/WPA,1,-90
34:ba:9a:4f:f4:96,,WPA2,6,-90
8e:f5:a3:1d:c2:8c,Avee41,WPA2,6,-92
00:18:4d:95:5d:b0,MRS,WPA,11,-90
9c:6f:52:34:ff:b7,Fatpipe@Moonleaf,WPA2/WPA,1,-74
94:a7:b7:3c:f9:7c,55tinta,WPA2/WPA,11,-89
88:d2:74:86:c0:a5,NAIL TREATS HAND and FOOTS SPA,WPA2/WPA,1,-88
5c:54:6d:43:5b:10,55TINTA,WPA2/WPA,1,-90
48:00:33:62:97:e9,SKYMAGINHAWA,WPA2/WPA,11,-87
34:ba:9a:57:32:13,SmartBroYani,WPA2,11,-88
00:13:33:ed:60:48,PLDTHOMEDSL,WPA2/WPA,1,-91
94:46:96:18:f4:c9,PLDTHOMEDSL7G7G0,WPA2/WPA,1,-91
00:13:33:e8:f8:31,PLDTHOMEDSL,WPA2/WPA,11,-89
00:13:33:fb:45:3d,,OPN,11,-91
00:13:33:fb:45:3b,,OPN,11,-90
00:13:33:ed:60:4c,B79e,WPA2/WPA,1,-88
90:61:0c:2c:e1:7d,PLDTHOMEDSL57725,WPA2/WPA,11,-89
90:61:0c:2a:47:af,Marco,WPA2,11,-89
5c:f2:86:2e:7f:6b,Globe_LTE MIFI_7F6B,WPA2/WPA,8,-82
00:13:33:e3:b0:3b,PLDTHOMEDSL,WPA2/WPA,11,-88
00:13:33:ea:87:f5,PLDTHOMEDSL,WPA2/WPA,11,-84
90:61:0c:2e:d5:16,PLDTHOMEDSL54550,WPA2/WPA,11,-84
00:24:01:b8:d1:9d,FRANCISCO-PC_Network,WPA2,6,-86
00:13:33:c6:d0:da,PLDTHOMEDSL,WPA2/WPA,11,-81
90:61:0c:3a:34:15,Friends,WPA2/WPA,1,-88
00:26:75:f4:b3:f1,AUCTUSNEW2,WPA2,6,-90
00:13:33:cf:5e:f8,PLDTHOMEDSL,WPA2/WPA,11,-90
e0:8e:3c:22:44:ab,bayanDSLWIFI_44AB,WPA2/WPA,11,-90
e4:77:23:a5:9a:84,RMotel Bayan,WPA2/WPA,1,-85
e0:8e:3c:22:1c:23,bayanDSLWIFI_1C23,WPA2/WPA,1,-83
e0:8e:3c:1f:e9:c3,PSCSEND-Office,WPA2/WPA,1,-88
94:46:96:18:f3:11,PLDTHOMEDSL7Y7Y0,WPA2/WPA,7,-85
00:13:33:e8:f4:df,PLDTHOMEDSLTRIDENTWOOD,WPA2/WPA,11,-87
28:ff:3e:3d:de:9d,bayanDSLWIFI_DE9D,WPA2/WPA,1,-92
00:13:33:fe:e4:aa,PLDTHOMEDSL,WPA2/WPA,11,-84
90:61:0c:41:05:05,PLDTHOMEDSL01285,WPA2/WPA,11,-86
00:13:33:c1:f2:fb,PLDTHOMEDSLRR,WPA2/WPA,11,-80
34:ce:00:1a:56:cd,Northern House_plus,WPA2/WPA,11,-82
9c:6f:52:35:1b:b5,bayanDSLWIFI_1BB5,WPA2/WPA,1,-92
00:1f:fb:c5:b9:ed,HomeBro_ULTERA,WPA2,1,-89
e0:8e:3c:2f:6c:b9,bayanDSLWIFI_6CB9,WPA2/WPA,1,-88
74:cc:39:bc:bc:a2,EDONG-EVOLUTION,OPN,10,-89
e4:77:23:a5:bd:60,basti20,WPA2/WPA,1,-90
88:d2:74:86:ac:73,bayanDSLWIFI_AC73,WPA2/WPA,6,-87
08:17:23:00:01:4d,EVOHOTSPOT 33,OPN,6,-85
2a:17:23:00:01:4d,EVOHOTSPOT 36,OPN,6,-87
2a:17:23:00:04:39,EVOHOTSPOT 16,OPN,11,-84
0a:17:23:00:04:39,EVOHOTSPOT 14,OPN,11,-87
5a:8b:f3:70:7b:30,PLDTMyDSLBiz3MobileWiFi-62EA,WPA,11,-84
2a:17:23:00:04:3f,EVOHOTSPOT 12,OPN,11,-84
0a:17:23:00:01:4d,EVOHOTSPOT 34,OPN,6,-86
08:17:23:00:02:85,EVOHOTSPOT 29,OPN,6,-90
1a:17:23:00:04:39,EVOHOTSPOT 15,OPN,11,-80
0a:17:23:00:04:3f,EVOHOTSPOT 10,OPN,11,-87
1a:17:23:00:04:3f,EVOHOTSPOT 11,OPN,11,-87
08:17:23:00:04:3f,EVOHOTSPOT 9,OPN,11,-89
08:17:23:00:04:39,EVOHOTSPOT 13,OPN,11,-86
36:69:87:e8:81:c6,Mayak ako,WPA2/WPA,6,-92
