Common,0
GPS Time,LastUpdt(WDB),MAC,SSID,Encryption,RSSI,Channel,Manufacturer,AP Type,Latitude,Longitude
 
RPi,504
GPS Time,Time,MAC,SSID,Encryption,RSSI,Channel,Manufacturer,AP Type,Latitude,Longitude
2018-05-08 16:43:01,2018-05-08 08:43:01.948956,cc:06:77:e4:43:b0,WIFI-ni-FAME-at-LUCAS,WPA2/WPA,-63,1,Fiberhom,Fiber,14.706443,121.096418
2018-05-08 16:42:54,2018-05-08 08:42:55.144756,cc:06:77:73:63:f0,the_Fist_of_Shadow2.4G,WPA2/WPA,-83,11,Fiberhom,Fiber,14.706358,121.09652
2018-05-08 16:42:57,2018-05-08 08:42:58.083227,e0:8e:3c:2f:b6:55,bayanDSLWIFI_B655,WPA2/WPA,-82,1,AztechEl,Broadband,14.706353,121.096472
2018-05-10 13:24:41,2018-05-08 13:30:38.292974,8c:eb:c6:93:2a:1b,B315_32A1B,WPA2/WPA,-63,10,HuaweiTe,Unidentified,14.706657,121.096372
2018-05-10 13:24:49,2018-05-08 13:30:47.004876,e0:8e:3c:2f:8c:5d,CRISMIKE_WIFI,WPA2/WPA,-67,1,AztechEl,Unidentified,14.706437,121.096428
2018-05-10 13:03:56,2018-05-08 13:09:53.271607,cc:06:77:e0:78:b8,Culala,WPA2/WPA,-78,11,Fiberhom,Fiber,14.706437,121.096405
2018-05-10 13:24:47,2018-05-08 13:30:44.134113,7c:8b:ca:28:14:54,ExPLDTHOMEFIBRbcc70,WPA2/WPA,-75,1,Tp-LinkT,Unidentified,14.70647,121.096393
2018-05-10 13:24:47,2018-05-08 13:30:44.983725,cc:06:77:5b:cc:70,PLDTHOMEFIBRbcc70,WPA2/WPA,-65,1,Fiberhom,Fiber,14.70647,121.096393
2018-05-10 13:24:48,2018-05-08 13:30:45.146984,48:fd:8e:b8:9c:b0,Loothauz,WPA2/WPA,-80,2,HuaweiTe,Unidentified,14.706448,121.09641
2018-05-08 16:42:43,2018-05-08 08:42:44.155953,cc:06:77:e2:7b:10,PLDTHOMEFIBR27b10,WPA2/WPA,-73,5,Fiberhom,Fiber,14.706348,121.096832
2018-05-10 13:04:14,2018-05-08 13:10:11.927246,c4:ff:1f:57:da:4c,HUAWEI-h5Ad,WPA2/WPA,-79,11,HuaweiTe,Unidentified,14.706357,121.097108
2018-05-10 13:04:15,2018-05-08 13:10:12.450547,00:13:33:ce:fc:c4,PLDTHOMEDSLnowifi,WPA2/WPA,-61,11,Baudtec,Broadband,14.70634,121.097145
2018-05-10 13:25:07,2018-05-08 13:31:04.855323,08:10:73:47:13:90,Regie,WPA2/WPA,-62,1,None,Unidentified,14.706387,121.096855
2018-05-10 13:04:11,2018-05-08 13:10:08.769995,ea:85:50:8d:21:61,EJ,WPA2,-61,6,None,Unidentified,14.706395,121.096963
2018-05-10 13:23:31,2018-05-08 13:29:28.791166,02:3f:49:19:28:54,BuJ5-8J+SgA,OPN,-73,13,None,Unidentified,14.706342,121.096918
2018-05-08 14:28:40,2018-05-08 06:28:40.327821,8c:25:05:e1:1d:a1,B315_11DA1,WPA2/WPA,-64,1,HuaweiTe,Unidentified,14.704582,121.09605
2018-05-08 14:28:29,2018-05-08 06:28:30.386649,e0:8e:3c:20:1f:c3,xNonex,WPA2/WPA,-76,10,AztechEl,Unidentified,14.704848,121.095812
2018-05-08 15:32:58,2018-05-08 07:32:58.897991,40:cb:a8:8c:b4:42,Broadband@work,WPA2/WPA,-71,11,HuaweiTe,Unidentified,14.704757,121.095883
2018-05-08 15:33:05,2018-05-08 07:33:06.285655,f0:8c:fb:80:3b:c8,xNonex,WPA2,-50,2,Fiberhom,Fiber,14.704658,121.09599
2018-05-08 15:32:55,2018-05-08 07:32:56.224674,e0:8e:3c:2d:fb:85,bayanDSLWIFI_FB85,WPA2/WPA,-74,10,AztechEl,Broadband,14.70478,121.09586
2018-05-08 15:33:08,2018-05-08 07:33:09.943180,00:13:33:d3:c5:2f,PLDTHOMEDSL,WPA2/WPA,-74,11,Baudtec,Broadband,14.70459,121.096048
2018-05-10 13:02:26,2018-05-08 13:08:23.703287,e0:8e:3c:2f:75:49,mauicarlo,WPA,-68,1,AztechEl,Unidentified,14.704673,121.095877
2018-05-10 13:02:23,2018-05-08 13:08:20.779321,b0:6e:bf:4b:08:f0,W & J Pharmacy,WPA2/WPA,-73,11,AsustekC,Unidentified,14.704627,121.095915
2018-05-09 12:02:43,2018-05-08 09:39:41.765386,d0:ff:98:ed:2c:2c,HUAWEI-2C2C,WPA2,-77,4,HuaweiTe,Unidentified,14.704572,121.096678
2018-05-09 12:02:37,2018-05-08 09:39:36.594469,6c:b7:49:01:5b:68,BEIZUNU,WPA2/WPA,-78,1,HuaweiTe,Unidentified,14.70465,121.09671
2018-05-10 13:04:58,2018-05-08 13:10:56.060361,48:fd:8e:ce:2a:44,virus2,WPA2/WPA,-60,1,HuaweiTe,Unidentified,14.704505,121.096678
2018-05-10 13:04:58,2018-05-08 13:10:55.345718,f0:8c:fb:81:79:50,PLDTHOMEFIBRM3R,WPA2/WPA,-74,13,Fiberhom,Fiber,14.704505,121.096678
2018-05-10 13:04:58,2018-05-08 13:10:55.983772,2c:26:c5:1e:b8:b4,tanaresidence,WPA,-86,1,Zte,Unidentified,14.704505,121.096678
2018-05-10 13:04:56,2018-05-08 13:10:53.703244,48:fd:8e:ce:3b:88,Power009,WPA2/WPA,-65,11,HuaweiTe,Unidentified,14.70459,121.096712
2018-05-08 15:30:12,2018-05-08 07:30:13.384434,74:cc:39:88:97:78,amribille,WPA2/WPA,-61,3,Fiberhom,Fiber,14.704072,121.096252
2018-05-09 13:24:06,2018-05-08 10:30:31.668714,50:a7:2b:f7:b9:7f,BLzL-Y2hpbGx5,OPN,-50,11,HuaweiTe,Unidentified,14.704142,121.096125
2018-05-10 13:02:11,2018-05-08 13:08:08.765081,48:fd:8e:4c:2a:98,BADILLA FAMILY,WPA2/WPA,-69,2,HuaweiTe,Unidentified,14.704273,121.096213
2018-05-10 13:02:15,2018-05-08 13:08:12.226532,e4:7d:eb:02:f5:22,P01I-F522,WPA2,-42,6,Shanghai,Unidentified,14.704407,121.096118
2018-05-10 13:02:09,2018-05-08 13:08:07.072479,94:a7:b7:26:47:60,konek ka ?? ayaw ko nga,WPA2/WPA,-73,1,Zte,Unidentified,14.704225,121.096245
2018-05-10 13:02:16,2018-05-08 13:08:13.514522,48:fd:8e:b9:8f:88,Bcastillo,WPA2/WPA,-84,6,HuaweiTe,Unidentified,14.704437,121.096097
2018-05-10 13:02:17,2018-05-08 13:08:14.181141,d0:04:92:01:a3:90,PLDTHOMEFIBR_01a390,WPA2/WPA,-73,6,Fiberhom,Fiber,14.704468,121.09607
2018-04-30 12:04:12,2018-04-24 15:40:52.436723,9c:6f:52:35:10:95,bayanDSLWIFI_1095,WPA2/WPA,-81,11,Zte,Broadband,14.704217,121.096495
2018-05-08 12:54:21,2018-04-30 06:44:23.312324,e4:77:23:a6:44:68,JeromeAnthony,WPA2/WPA,-85,2,Zte,Unidentified,14.704032,121.09659
2018-05-08 14:29:25,2018-05-08 06:29:26.014653,d0:04:92:01:47:28,PLDTHOMEFIBRHome wifi,WPA2/WPA,-47,6,Fiberhom,Fiber,14.704205,121.096383
2018-05-08 14:29:37,2018-05-08 06:29:37.812934,4c:54:99:11:2f:8e,B200W,WEP,-46,6,HuaweiTe,Unidentified,14.704205,121.096383
2018-05-08 13:42:10,2018-05-08 05:42:11.075820,c4:ff:1f:56:f3:14,HUAWEI-DRFc,WPA2/WPA,-84,10,HuaweiTe,Unidentified,14.704142,121.096417
2018-05-08 15:34:20,2018-05-08 07:34:21.831741,e0:8e:3c:20:22:53,Synesthesia,WPA2/WPA,-56,1,AztechEl,Unidentified,14.704353,121.096602
2018-05-08 15:33:33,2018-05-08 07:33:34.390243,88:d2:74:86:c3:82,MamaNeri!,WPA2/WPA,-88,10,Zte,Unidentified,14.704233,121.096547
2018-05-08 15:34:18,2018-05-08 07:34:20.025452,88:d2:74:86:bc:e9,bayanDSLWIFI_BCE9,WPA2/WPA,-82,1,Zte,Broadband,14.704353,121.096602
2018-05-09 12:01:44,2018-05-08 09:38:43.057632,38:f8:89:4d:cb:0d,JHUN,WPA2/WPA,-81,6,HuaweiTe,Unidentified,14.704335,121.096568
2018-05-09 12:02:59,2018-05-08 09:39:58.166834,d0:04:92:01:3d:a0,PLDTHOMEFIBROMIJONESPARTYNEEDS,WPA2/WPA,-59,2,Fiberhom,Fiber,14.704425,121.096595
2018-05-09 14:03:10,2018-05-08 11:09:35.888555,8c:25:05:c9:6f:f8,B315_96FF8,WPA2/WPA,-39,1,HuaweiTe,Unidentified,14.70419,121.096448
2018-05-10 13:27:44,2018-05-08 13:33:41.486549,fe:2d:5e:6a:9a:e7,Smart Bro_6A9AE7_marwel,WPA2/WPA,-43,13,None,Unidentified,14.704083,121.096412
2018-05-10 13:05:00,2018-05-08 13:10:57.762236,b8:55:10:af:04:b4,OneJoy,WPA2,-53,1,ZioncomE,Unidentified,14.704428,121.096647
2018-05-10 13:05:00,2018-05-08 13:10:57.350986,9c:6f:52:35:00:92,bayanDSLWIFI_0092,WPA2/WPA,-48,10,Zte,Broadband,14.704428,121.096647
2018-05-10 13:22:17,2018-05-08 13:28:14.880291,88:d2:74:86:b2:ad,Bayanko2,WPA2/WPA,-76,1,Zte,Unidentified,14.704135,121.09633
2018-05-10 13:26:15,2018-05-08 13:32:12.354895,e0:8e:3c:16:79:31,hestiapark,WPA2/WPA,-83,11,AztechEl,Unidentified,14.704428,121.096703
2018-05-08 14:25:50,2018-05-08 06:25:51.628737,c4:86:e9:ac:45:c9,B315_C45C9,WPA2/WPA,-56,1,HuaweiTe,Unidentified,14.703982,121.09563
2018-05-08 14:25:50,2018-05-08 06:25:51.379785,e4:77:23:a5:3e:80,Eugine,WPA2/WPA,-61,2,Zte,Unidentified,14.703982,121.09563
2018-05-08 15:30:48,2018-05-08 07:30:49.512395,9c:6f:52:35:0c:4f,bayanDSLWIFI_0C4F,WPA2/WPA,-71,1,Zte,Broadband,14.703983,121.095685
2018-05-08 15:30:48,2018-05-08 07:30:49.589476,e0:8e:3c:20:0e:53,Puppet,WPA2/WPA,-79,1,AztechEl,Unidentified,14.703983,121.095685
2018-05-09 11:45:17,2018-05-08 09:22:16.142290,94:46:96:1f:93:75,I_am_a_Virus,WPA2/WPA,-67,2,Baudtec,Unidentified,14.7036,121.09565
2018-05-09 11:42:54,2018-05-08 09:19:52.796067,00:27:15:10:6c:9e,BzDf-TmFydXRvIFNoaXBwdWRlbg,OPN,-62,6,ReboundT,Unidentified,14.703858,121.095723
2018-05-09 11:45:15,2018-05-08 09:22:14.610471,e4:77:23:a5:49:74,VIRUSVIRUSALERT,WPA2/WPA,-89,13,Zte,Unidentified,14.703725,121.09568
2018-05-08 14:25:42,2018-05-08 06:25:43.325588,88:d2:74:86:c1:0f,bayanDSLWIFI_C10F,WPA2/WPA,-44,9,Zte,Broadband,14.703857,121.09582
2018-05-08 14:25:42,2018-05-08 06:25:42.813578,d4:61:2e:17:95:58,PAKABITKANGWIFIMO,WPA2/WPA,-86,9,HuaweiTe,Unidentified,14.703857,121.09582
2018-05-08 16:10:30,2018-05-08 08:10:31.091512,b0:b2:dc:45:ef:7c,PLDTMyDSL,WPA2/WPA,-57,11,ZyxelCom,Broadband,14.703682,121.096062
2018-05-08 15:29:15,2018-05-08 07:29:16.253082,00:13:33:ff:79:4c,PLDTHOMEDSL,WPA2/WPA,-50,1,Baudtec,Broadband,14.703897,121.096112
2018-05-08 14:57:55,2018-05-08 06:57:56.448875,28:ff:3e:3d:df:01,bayanDSLWIFI_DF01,WPA2/WPA,-74,1,Zte,Broadband,14.70381,121.096048
2018-05-08 15:49:47,2018-05-08 07:49:48.458201,d0:04:92:01:50:58,xNonex,WPA2/WPA,-49,1,Fiberhom,Fiber,14.703957,121.096257
2018-05-08 15:49:46,2018-05-08 07:49:47.019232,e0:8e:3c:2f:47:15,Farrol,WPA2/WPA,-64,1,AztechEl,Unidentified,14.703957,121.096257
2018-05-09 12:34:12,2018-05-08 10:11:11.031433,cc:06:77:b4:13:a8,Anonymous-Cloud1,WPA2/WPA,-80,5,Fiberhom,Fiber,14.703965,121.096112
2018-05-09 13:46:41,2018-05-08 10:53:06.274468,00:13:33:dd:79:99,PLDTHOMEDSL,WPA2/WPA,-57,2,Baudtec,Broadband,14.703923,121.096192
2018-05-09 13:39:11,2018-05-08 10:45:35.877580,48:fd:8e:4c:2a:bc,HUAWEI-SfbA,WPA2/WPA,-80,3,HuaweiTe,Unidentified,14.703922,121.09627
2018-05-10 13:01:31,2018-05-08 13:07:28.998875,9c:6f:52:35:18:68,pangetmo,WPA2/WPA,-48,1,Zte,Unidentified,14.703823,121.096057
2018-05-10 11:56:06,2018-05-08 12:02:03.068911,bc:3f:8f:d5:19:3c,HUAWEI-xSTK,WPA2/WPA,-56,6,HuaweiTe,Unidentified,14.703935,121.096042
2018-05-10 13:47:11,2018-05-08 13:53:08.213942,cc:06:77:75:80:90,adasd,WPA2/WPA,-53,5,Fiberhom,Fiber,14.703672,121.095962
2018-05-10 13:47:11,2018-05-08 13:53:08.861890,d8:fe:e3:75:98:ae,dlink,WPA2/WPA,-83,5,D-LinkIn,Unidentified,14.703672,121.095962
2018-05-08 16:40:42,2018-05-08 08:40:43.639107,d0:13:fd:4f:83:ba,V20_1573,WPA2,-6,1,LgElectr,Unidentified,14.703992,121.09634
2018-05-08 16:47:20,2018-05-08 08:47:21.392287,34:ba:9a:54:8a:74,Smart_Bro_548A74,WPA2,-55,6,Asiatelc,Unidentified,14.703828,121.096708
2018-05-09 12:46:15,2018-05-08 10:23:14.190931,d0:04:92:01:a3:e0,PLDTHOMEFIBR_01a3e0,WPA2/WPA,-67,9,Fiberhom,Fiber,14.704005,121.096298
2018-05-09 13:45:38,2018-05-08 10:52:03.855706,88:d2:74:86:b8:16,jackwifi,WPA2/WPA,-55,9,Zte,Unidentified,14.703898,121.096583
2018-05-09 13:45:38,2018-05-08 10:52:03.698457,88:d2:74:86:b8:17,jackwifi,WPA,-54,9,Zte,Unidentified,14.703898,121.096583
2018-05-09 13:39:28,2018-05-08 10:45:54.018277,36:69:87:f2:47:a8,mira42,WPA2,-49,1,None,Unidentified,14.703615,121.096645
2018-05-09 14:19:18,2018-05-08 11:25:43.923433,f8:d1:11:8b:9a:5c,Free_Virus,WPA2,-74,6,Tp-LinkT,Unidentified,14.703762,121.09656
2018-05-09 13:59:35,2018-05-08 11:06:00.123735,9c:6f:52:35:07:6f,NULLSamantha88,WPA2/WPA,-76,11,Zte,Unidentified,14.703793,121.096585
2018-05-10 12:44:21,2018-05-08 12:50:18.983231,cc:06:77:e3:f6:50,ESPORTS,WPA2/WPA,-47,4,Fiberhom,Fiber,14.703705,121.096643
2018-05-10 12:44:29,2018-05-08 12:50:26.927480,7c:11:cb:6e:c7:82,Bahala kay0,WPA2/WPA,-68,11,HuaweiTe,Unidentified,14.7039,121.09652
2018-05-08 16:47:06,2018-05-08 08:47:07.215857,9c:6f:52:35:1b:67,bayanDSLWIFI_1B67,WPA2/WPA,-71,11,Zte,Broadband,14.703598,121.096917
2018-05-08 16:47:11,2018-05-08 08:47:12.637436,e0:8e:3c:2f:4c:39,THALIA&ATHINA,WPA2/WPA,-54,1,AztechEl,Unidentified,14.703682,121.096855
2018-05-08 16:47:14,2018-05-08 08:47:15.511450,00:26:75:ab:fa:35,bayanDSLWiFi_FA35,WPA2/WPA,-89,2,AztechEl,Broadband,14.703743,121.096807
2018-05-09 12:01:11,2018-05-08 09:38:10.021687,04:4f:4c:25:ef:09,HUAWEI-EF09,WPA2,-55,9,HuaweiTe,Unidentified,14.703592,121.096868
2018-05-09 11:58:27,2018-05-08 09:35:26.172111,cc:06:77:e1:97:c8,blessed*,WPA2/WPA,-90,11,Fiberhom,Fiber,14.703582,121.096942
2018-05-09 13:45:27,2018-05-08 10:51:52.648562,28:ff:3e:3d:df:26,Gp Payatas,WPA2/WPA,-49,1,Zte,Unidentified,14.703683,121.096785
2018-05-09 14:19:29,2018-05-08 11:25:54.273239,48:fd:8e:ce:49:58,MayPasoknaBukas,WPA2/WPA,-74,11,HuaweiTe,Unidentified,14.703635,121.096883
2018-05-09 14:19:33,2018-05-08 11:25:59.000089,fc:2d:5e:0d:c8:be,Habibi House,WPA2/WPA,-72,2,Zte,Unidentified,14.703585,121.097083
2018-05-10 13:45:44,2018-05-08 13:51:41.629619,94:a7:b7:3d:0a:27,xNonex,WPA2/WPA,-72,11,Zte,Unidentified,14.703655,121.096763
2018-05-10 12:42:19,2018-05-08 12:48:16.296347,d0:04:92:01:b9:c8,qwerty,WPA2/WPA,-56,13,Fiberhom,Fiber,14.703625,121.096765
2018-05-08 16:46:12,2018-05-08 08:46:13.126246,cc:06:77:b3:d6:40,PLDTHOMEFIBR3d640,WPA2/WPA,-77,1,Fiberhom,Fiber,14.703745,121.098005
2018-05-09 14:00:40,2018-05-08 11:07:05.324716,6c:b7:49:00:dc:9b,HUAWEI-DC9B,WPA2,-63,2,HuaweiTe,Unidentified,14.703922,121.098027
2018-05-09 14:01:41,2018-05-08 11:08:06.395407,cc:06:77:e4:22:a0,PLDTWIFIHOMEFIBR422a0,WPA2/WPA,-52,6,Fiberhom,Fiber,14.703757,121.097992
2018-05-09 14:20:12,2018-05-08 11:26:37.023977,e0:8e:3c:21:3b:e7,@FamilyW1fi,WPA2/WPA,-79,1,AztechEl,Unidentified,14.703575,121.097937
2018-05-09 14:00:37,2018-05-08 11:07:02.890915,cc:06:77:e1:8b:b8,PLDTHOMEFIBR18bb8,WPA2/WPA,-38,1,Fiberhom,Fiber,14.703877,121.098005
2018-05-09 14:00:29,2018-05-08 11:06:54.769078,9c:6f:52:35:15:3f,Wala ng wifi,WPA2/WPA,-66,10,Zte,Unidentified,14.703683,121.097928
2018-05-09 14:20:23,2018-05-08 11:26:48.750996,8c:79:67:cc:32:df,Familyonly,WPA2/WPA,-60,10,Zte,Unidentified,14.703807,121.097995
2018-05-09 14:00:39,2018-05-08 11:07:04.309432,88:d2:74:86:af:45,bayanDSLWIFI_AF45,WPA2/WPA,-77,1,Zte,Broadband,14.70391,121.098013
2018-05-09 14:00:43,2018-05-08 11:07:08.669645,cc:06:77:72:de:78,PLDTHOMEFIBR2de78,WPA2/WPA,-80,6,Fiberhom,Fiber,14.703997,121.098062
2018-05-09 14:20:12,2018-05-08 11:26:37.004564,88:d2:74:86:bf:5f,Dont Me!,WPA2/WPA,-83,2,Zte,Unidentified,14.703575,121.097937
2018-04-30 12:02:43,2018-04-24 15:39:23.044418,9c:6f:52:35:11:4e,bayanDSLWIFI_114E,WPA2/WPA,-84,1,Zte,Broadband,14.703463,121.09599
2018-05-08 14:11:07,2018-05-08 06:11:08.050047,14:60:80:99:48:6c,NatGibson08,WPA2/WPA,-92,9,Zte,Unidentified,14.703453,121.095962
2018-05-08 15:49:13,2018-05-08 07:49:14.729495,94:46:96:1f:4d:4d,JhaydenAndNhicole,WPA2/WPA,-72,209,Baudtec,Unidentified,14.703177,121.09605
2018-05-08 15:49:13,2018-05-08 07:49:14.900174,8e:57:9b:02:03:b3,DIRECT-Ck,WPA2,-87,5,None,Unidentified,14.703177,121.09605
2018-05-09 12:20:53,2018-05-08 09:57:51.692770,b0:55:08:25:29:ad,HUAWEI-29AD,WPA2,-73,10,HuaweiTe,Unidentified,14.703287,121.095958
2018-05-09 13:24:32,2018-05-08 10:30:57.215283,90:61:0c:2d:ed:4e,PLDTHOMEDSL60750,WPA2/WPA,-46,1,FidaInte,Broadband,14.7035,121.095933
2018-05-09 13:22:06,2018-05-08 10:28:30.898649,dc:09:4c:5d:03:88,HUAWEI-E5330-0388,WPA2,-86,5,HuaweiTe,Hotspot,14.703317,121.095923
2018-05-10 13:47:17,2018-05-08 13:53:14.420688,78:54:2e:f7:25:12,Jheyskie,WPA2/WPA,-61,9,D-LinkIn,Unidentified,14.703377,121.095932
2018-05-10 11:25:04,2018-05-08 11:31:01.140380,58:f9:87:24:e8:88,HUAWEI-FAVd,WPA2/WPA,-81,6,HuaweiTe,Unidentified,14.70315,121.09618
2018-05-10 11:55:33,2018-05-08 12:01:30.705450,96:53:30:55:2b:63,DIRECT-t2-BRAVIA,WPA2,-64,10,None,Not an AP,14.703138,121.095995
2018-05-10 12:12:38,2018-05-08 12:18:35.846912,8c:0d:76:b0:0f:13,NiccaNichole,WPA2/WPA,-81,7,HuaweiTe,Unidentified,14.703482,121.095957
2018-05-10 13:28:07,2018-05-08 13:34:04.595322,c8:3a:35:52:07:b8,Tenda_5207B8,WPA,-55,9,TendaTec,Unidentified,14.703317,121.095983
2018-05-08 16:46:54,2018-05-08 08:46:55.158635,ec:8a:4c:a6:a3:2c,bayanDSLWiFi_A32C,WPA2/WPA,-70,1,Zte,Broadband,14.703472,121.097182
2018-05-08 16:46:54,2018-05-08 08:46:55.502032,9c:d6:43:c9:38:f0,starleaf,WPA2/WPA,-65,2,D-LinkIn,Unidentified,14.703472,121.097182
2018-05-08 16:46:58,2018-05-08 08:46:59.516426,cc:06:77:b3:d3:d8,Chabubil,WPA2/WPA,-60,5,Fiberhom,Fiber,14.703512,121.097112
2018-05-09 14:24:30,2018-05-08 11:30:54.994221,f0:8c:fb:7f:ed:60,PLDTHOMEFIBR7fed60,WPA2/WPA,-56,8,Fiberhom,Fiber,14.70347,121.097102
2018-05-09 13:45:08,2018-05-08 10:51:33.215370,48:fd:8e:4c:2b:64,HUAWEI-tbRY,WPA2/WPA,-86,2,HuaweiTe,Unidentified,14.703508,121.097178
2018-05-09 13:45:10,2018-05-08 10:51:35.402029,94:a7:b7:26:73:5f,Bibam,WPA2/WPA,-85,3,Zte,Unidentified,14.703527,121.097122
2018-05-09 13:59:51,2018-05-08 11:06:15.902392,88:d2:74:86:b2:b8,bayanDSLWIFI_B2B8,WPA2/WPA,-89,9,Zte,Broadband,14.703568,121.096962
2018-05-09 13:59:52,2018-05-08 11:06:17.400080,cc:06:77:e2:55:38,PLDTHOMEFIBR25538,WPA2/WPA,-86,10,Fiberhom,Fiber,14.70356,121.097
2018-05-09 13:59:53,2018-05-08 11:06:18.002563,90:61:0c:34:d6:d1,pisowifi,WPA2/WPA,-79,11,FidaInte,Unidentified,14.703552,121.09704
2018-05-10 12:44:11,2018-05-08 12:50:08.347586,f8:df:a8:7b:e4:40,GLOBE_7BE440,WPA2/WPA,-61,11,Zte,Unidentified,14.703555,121.09692
2018-05-10 12:44:10,2018-05-08 12:50:07.720117,28:ff:3e:3d:df:d3,Free_WiFi,WPA2/WPA,-89,11,Zte,Unidentified,14.703543,121.096965
2018-05-08 16:46:38,2018-05-08 08:46:38.754065,cc:06:77:e2:74:58,PLDTHOMEFIBR27458,WPA2/WPA,-40,3,Fiberhom,Fiber,14.703377,121.097622
2018-05-08 16:46:40,2018-05-08 08:46:41.086477,f8:23:b2:ed:21:56,KIDA,WPA2,-81,6,HuaweiTe,Unidentified,14.703385,121.097563
2018-05-09 14:24:18,2018-05-08 11:30:43.370797,00:26:75:f4:9c:19,bayanDSLWiFi_9C19,WPA2/WPA,-53,11,AztechEl,Broadband,14.703382,121.097453
2018-05-09 14:24:22,2018-05-08 11:30:47.256540,48:fd:8e:ce:24:3c,HUAWEI-hdPD,WPA2/WPA,-63,1,HuaweiTe,Unidentified,14.703413,121.09733
2018-05-09 14:02:07,2018-05-08 11:08:32.649741,48:fd:8e:4c:2a:54,ky01angPW,WPA2/WPA,-51,10,HuaweiTe,Unidentified,14.703417,121.097468
2018-05-09 13:40:06,2018-05-08 10:46:31.396473,e0:8e:3c:2f:1d:a9,The Owner,WPA2/WPA,-64,1,AztechEl,Unidentified,14.703288,121.097617
2018-05-09 14:24:24,2018-05-08 11:30:49.911697,00:e0:20:29:d5:87,Joyzzzzzzzz,WPA2/WPA,-69,5,Tecnomen,Unidentified,14.703437,121.097263
2018-05-10 13:40:23,2018-05-08 13:46:20.262074,b8:55:10:af:3e:74,Ecniv Wifi,WPA2,-53,1,ZioncomE,Unidentified,14.703442,121.097362
2018-05-10 12:44:03,2018-05-08 12:50:00.866954,cc:06:77:72:db:c0,PLDTHOMEFIBR2dbc0,WPA2/WPA,-61,6,Fiberhom,Fiber,14.703478,121.097242
2018-05-10 13:40:28,2018-05-08 13:46:25.863411,c4:ff:1f:57:e2:ac,Verizon Fios 50,WPA2/WPA,-75,5,HuaweiTe,Unidentified,14.703423,121.097478
2018-05-08 16:46:30,2018-05-08 08:46:31.305527,a0:8d:16:f2:88:15,B315_28815,WPA2/WPA,-56,11,HuaweiTe,Unidentified,14.703383,121.097838
2018-05-08 16:46:31,2018-05-08 08:46:32.448459,e0:8e:3c:1a:5d:fb,bayanDSLWIFI_5DFB,WPA2/WPA,-69,1,AztechEl,Broadband,14.703367,121.097807
2018-05-09 13:40:16,2018-05-08 10:46:40.901604,cc:06:77:e0:a8:b8,PLDTHOMEFIBR0a8b8,WPA2/WPA,-47,10,Fiberhom,Fiber,14.703182,121.097945
2018-05-09 14:01:58,2018-05-08 11:08:24.178007,f4:e3:fb:e5:37:c3,BOTIKAT8Zone,WPA2/WPA,-43,10,HuaweiTe,Unidentified,14.703353,121.097787
2018-05-09 13:44:23,2018-05-08 10:50:48.933431,cc:06:77:e3:1c:b8,PLDTHOMEFIBR31cb8,WPA2/WPA,-58,11,Fiberhom,Fiber,14.703268,121.098117
2018-05-09 13:40:18,2018-05-08 10:46:42.967898,cc:06:77:e2:73:80,PLDTHOMEFIBR27380,WPA2/WPA,-83,9,Fiberhom,Fiber,14.70316,121.097987
2018-05-10 12:42:52,2018-05-08 12:48:49.171614,e0:8e:3c:16:6a:bd,Manuel-Salas-2,WPA2/WPA,-71,10,AztechEl,Unidentified,14.703342,121.097833
2018-05-10 13:44:52,2018-05-08 13:50:49.491523,88:d2:74:86:b9:8b,Globe bayandsl,WPA2/WPA,-44,1,Zte,Broadband,14.703248,121.09807
2018-05-10 13:44:56,2018-05-08 13:50:53.876448,d8:c7:71:2f:5f:31,HUAWEI-5F31,WPA2,-73,5,HuaweiTe,Unidentified,14.703312,121.097903
2018-04-30 12:06:04,2018-04-24 15:42:44.312569,5c:a8:6a:7b:85:69,parohinog,WPA2/WPA,-88,9,HuaweiTe,Unidentified,14.702822,121.095987
2018-05-08 13:25:12,2018-05-08 05:25:13.214121,c4:86:e9:71:1a:9c,B315_11A9C,WPA2/WPA,-65,11,HuaweiTe,Unidentified,14.703082,121.095828
2018-05-08 13:55:58,2018-05-08 05:55:59.238805,3c:78:43:31:f6:98,Quezon City Unlimited Data,WPA2/WPA,-66,10,HuaweiTe,Unidentified,14.702952,121.09598
2018-05-08 14:11:17,2018-05-08 06:11:18.390753,3c:78:43:87:cd:0c,HUAWEI-p20,WPA2/WPA,-48,2,HuaweiTe,Unidentified,14.70307,121.095968
2018-05-08 13:39:46,2018-05-08 05:39:46.617816,cc:06:77:d7:6c:88,CCFPAYATAS,WPA2/WPA,-87,3,Fiberhom,Fiber,14.703043,121.09589
2018-05-08 14:11:21,2018-05-08 06:11:22.601471,bc:3d:85:f1:18:b6,HUAWEI-18B6,WPA2,-83,5,HuaweiTe,Unidentified,14.702892,121.095975
2018-05-08 14:11:24,2018-05-08 06:11:25.298419,d0:ff:98:26:1d:36,Universe,WPA2/WPA,-91,6,HuaweiTe,Unidentified,14.702753,121.095975
2018-05-08 15:36:07,2018-05-08 07:36:07.831492,2c:dd:95:f4:27:2e,PCGAMERDIGITAL,WPA2,-60,7,TaicangT,Unidentified,14.702955,121.096055
2018-05-08 15:36:12,2018-05-08 07:36:13.336898,e0:8e:3c:2e:2b:d1,bayantelglobe,WPA2/WPA,-68,11,AztechEl,Unidentified,14.702772,121.096005
2018-05-08 15:16:44,2018-05-08 07:16:45.247232,90:61:0c:2d:e0:70,PLDTHOMEDSL57456,WPA2/WPA,-84,1,FidaInte,Broadband,14.703035,121.096053
2018-05-08 16:07:10,2018-05-08 08:07:11.348196,88:d2:74:86:ad:fc,bayanDSLWIFI_ADFC,WPA2/WPA,-88,7,Zte,Broadband,14.702958,121.095948
2018-05-09 13:21:45,2018-05-08 10:28:09.993124,8c:25:05:5e:9f:c5,B315_E9FC5,WPA2/WPA,-88,4,HuaweiTe,Unidentified,14.70288,121.095857
2018-05-09 13:21:55,2018-05-08 10:28:20.679849,5c:f2:86:2f:1e:44,Globe_LTE MIFI_1E44,WPA2/WPA,-54,9,IeeeRegi,Hotspot,14.703095,121.095868
2018-05-09 15:02:33,2018-05-08 11:45:46.952569,30:fc:68:49:c6:72,TP-LINK_C672,WPA2/WPA,-75,1,Tp-LinkT,Unidentified,14.702952,121.096018
2018-05-09 15:02:33,2018-05-08 11:45:47.122864,8c:68:c8:c0:0e:24,bayanDSLWIFI_0E24,WPA2/WPA,-83,1,None,Broadband,14.702952,121.096018
2018-05-10 12:12:45,2018-05-08 12:18:42.573523,00:13:33:cc:de:35,PLDTHOMEDSL,WPA2/WPA,-54,11,Baudtec,Broadband,14.703118,121.095903
2018-05-10 11:25:52,2018-05-08 11:31:49.307854,28:ff:3e:3d:e6:a3,bayanDSLWIFI_E6A3,WPA2/WPA,-63,2,Zte,Broadband,14.702785,121.095963
2018-05-10 12:10:33,2018-05-08 12:16:30.840990,b0:e1:7e:e3:4f:b9,JULIENNE AMBER,WPA2/WPA,-83,11,HuaweiTe,Unidentified,14.703125,121.095893
2018-05-10 12:12:51,2018-05-08 12:18:48.632955,78:62:56:13:74:f3,HUAWEI-74F3,WPA2,-82,2,HuaweiTe,Unidentified,14.702853,121.095842
2018-05-09 12:00:28,2018-05-08 09:37:26.883677,cc:06:77:e4:47:08,DoringLpgDelivery,WPA2/WPA,-45,5,Fiberhom,Fiber,14.702852,121.097803
2018-05-09 11:59:14,2018-05-08 09:36:13.220041,48:fd:8e:b9:8d:bc,Zybreian,WPA2/WPA,-70,6,HuaweiTe,Unidentified,14.702697,121.098062
2018-05-09 12:00:21,2018-05-08 09:37:20.440520,c8:3a:35:d3:67:28,Cybernetix Battleground,WPA2/WPA,-63,11,TendaTec,Unidentified,14.702702,121.098007
2018-05-09 11:59:10,2018-05-08 09:36:09.713607,e0:8e:3c:1b:bf:0b,Lopez residence,WPA2/WPA,-70,1,AztechEl,Unidentified,14.702783,121.09793
2018-05-09 11:59:15,2018-05-08 09:36:13.906744,00:1f:fb:c6:32:a1,HomeBro_ULTERA,WPA2,-87,5,GreenPac,Mobile broadband,14.702692,121.09808
2018-05-09 12:00:24,2018-05-08 09:37:23.100854,9c:6f:52:35:03:32,bayanDSLWIFI_0332,WPA2/WPA,-75,1,Zte,Broadband,14.702763,121.097905
2018-05-10 12:43:31,2018-05-08 12:49:28.479402,c8:94:bb:4b:e2:1f,B315_BE21F,WPA2/WPA,-45,9,HuaweiTe,Unidentified,14.702985,121.097823
2018-05-10 12:43:02,2018-05-08 12:48:59.575197,00:1f:fb:bb:01:89,HomeBro_ULTERA,WPA2,-55,1,GreenPac,Mobile broadband,14.703078,121.09782
2018-05-10 12:43:03,2018-05-08 12:49:00.882640,00:13:33:f5:8d:42,PLDTHOMEDSL,WPA2/WPA,-73,2,Baudtec,Broadband,14.703057,121.097823
2018-05-10 12:43:24,2018-05-08 12:49:21.253421,88:d2:74:86:d3:44,AMTAMS07,WPA2/WPA,-73,5,Zte,Unidentified,14.702873,121.097875
2018-05-09 13:43:57,2018-05-08 10:50:22.676818,cc:06:77:e3:2f:08,PLDTHOMEFIBR32f08,WPA2/WPA,-55,4,Fiberhom,Fiber,14.703092,121.0986
2018-05-09 13:43:52,2018-05-08 10:50:17.492828,00:26:75:b7:73:d8,Frank,WPA2/WPA,-63,2,AztechEl,Unidentified,14.703052,121.09874
2018-05-09 13:43:51,2018-05-08 10:50:16.233526,88:d2:74:86:bb:f9,karuha,WPA2/WPA,-75,1,Zte,Unidentified,14.703042,121.098767
2018-05-09 13:43:52,2018-05-08 10:50:17.320651,9c:6f:52:35:0c:a6,bayanDSLWIFI_0CA6,WPA2/WPA,-84,1,Zte,Broadband,14.703052,121.09874
2018-05-09 13:40:45,2018-05-08 10:47:10.110105,88:d2:74:86:c7:44,bayanDSLWIFI_C744,WPA2/WPA,-74,2,Zte,Broadband,14.702838,121.09877
2018-05-10 13:44:38,2018-05-08 13:50:35.453204,cc:06:77:e3:f3:a0,I N I T I A L - D,WPA2/WPA,-51,5,Fiberhom,Fiber,14.70307,121.098728
2018-05-10 13:40:55,2018-05-08 13:46:52.762283,e0:8e:3c:22:2b:73,No_Entry,WPA2/WPA,-54,10,AztechEl,Unidentified,14.703093,121.098613
2018-05-09 13:43:11,2018-05-08 10:49:36.842783,94:a7:b7:26:5e:7a,qbojt%1bdai,WPA2/WPA,-71,1,Zte,Unidentified,14.702723,121.099648
2018-05-09 13:42:55,2018-05-08 10:49:20.399103,38:d8:2f:22:54:f0,Tamad mo,WPA2/WPA,-63,1,Zte,Unidentified,14.7028,121.099932
2018-05-09 13:41:46,2018-05-08 10:48:11.149448,ac:e2:15:a6:9d:32,E5151-9d32,WPA2/WPA,-57,6,HuaweiTe,Unidentified,14.703033,121.099957
2018-05-09 13:41:34,2018-05-08 10:47:59.395753,cc:06:77:e3:f4:18,Gundam Fiber,WPA2/WPA,-58,11,Fiberhom,Fiber,14.702925,121.099765
2018-05-09 13:41:31,2018-05-08 10:47:56.460050,34:ba:9a:4f:e8:f0,4Js,WPA2,-71,8,Asiatelc,Unidentified,14.702862,121.099712
2018-05-09 13:41:38,2018-05-08 10:48:03.024767,48:fd:8e:4b:f1:90,HUAWEI-chichi,WPA2/WPA,-81,1,HuaweiTe,Unidentified,14.702995,121.099857
2018-05-09 13:42:53,2018-05-08 10:49:19.064004,e0:8e:3c:2e:15:89,bayanDSLWIFI_1589,WPA2/WPA,-85,1,AztechEl,Broadband,14.702845,121.09996
2018-05-10 13:43:59,2018-05-08 13:49:56.752778,48:fd:8e:b8:7f:98,HUAWEI-6dgC,WPA2/WPA,-65,5,HuaweiTe,Unidentified,14.702848,121.099788
2018-05-10 13:41:38,2018-05-08 13:47:35.703095,9c:6f:52:35:14:39,Bayantel,WPA,-72,1,Zte,Unidentified,14.70292,121.0998
2018-05-10 13:41:39,2018-05-08 13:47:36.901821,28:ff:3e:3d:eb:d1,si onyok at si agua,WPA2/WPA,-76,1,Zte,Unidentified,14.702945,121.099805
2018-05-10 13:41:37,2018-05-08 13:47:34.804659,9c:6f:52:35:14:38,bayanDSLWIFI_1438,WPA2/WPA,-72,1,Zte,Broadband,14.702898,121.099795
2018-05-10 13:41:40,2018-05-08 13:47:38.074144,e0:8e:3c:2f:3c:99,smile ka lang,WPA2/WPA,-56,1,AztechEl,Unidentified,14.702972,121.099817
2018-05-10 13:43:56,2018-05-08 13:49:53.978018,48:fd:8e:4b:f3:f4,No Connection,WPA2/WPA,-69,1,HuaweiTe,Unidentified,14.702878,121.0998
2018-05-09 13:42:41,2018-05-08 10:49:06.859028,48:fd:8e:4b:f3:38,Tito Krain,WPA2/WPA,-49,7,HuaweiTe,Unidentified,14.703072,121.100245
2018-05-09 13:42:47,2018-05-08 10:49:12.816633,cc:06:77:e2:57:60,Yanyan,WPA2/WPA,-59,10,Fiberhom,Fiber,14.702975,121.100085
2018-05-09 13:41:54,2018-05-08 10:48:19.605755,50:04:b8:94:9c:4a,HUAWEI-9C4A,WPA2,-53,11,HuaweiTe,Unidentified,14.703048,121.100075
2018-05-09 13:42:50,2018-05-08 10:49:15.508375,cc:7b:35:cf:74:54,No Signal,WPA2/WPA,-74,13,Zte,Unidentified,14.70291,121.100008
2018-05-09 13:42:31,2018-05-08 10:48:56.775413,a4:7e:39:ad:dd:84,LAQUINDANUM,WPA2/WPA,-58,13,Zte,Unidentified,14.703122,121.100352
2018-05-09 13:42:30,2018-05-08 10:48:55.386299,b8:bc:1b:34:8a:78,ayheytyou,WPA2,-75,10,HuaweiTe,Unidentified,14.703117,121.100373
2018-05-09 13:42:30,2018-05-08 10:48:55.044367,88:d2:74:86:c2:14,"Evopogi (,)",WPA2/WPA,-84,10,Zte,Unidentified,14.703117,121.100373
2018-05-09 13:41:55,2018-05-08 10:48:20.494449,a4:7e:39:ae:19:f4,bayanDSLWiFi_19F4,WPA2/WPA,-80,13,Zte,Broadband,14.703047,121.100085
2018-05-09 13:42:16,2018-05-08 10:48:41.161792,1c:15:1f:a6:c1:3e,guinto fam,WPA2/WPA,-69,1,HuaweiTe,Unidentified,14.703117,121.10029
2018-05-09 13:42:18,2018-05-08 10:48:43.451138,cc:06:77:e3:ef:60,pldthomefibr2,WPA2/WPA,-56,1,Fiberhom,Fiber,14.703117,121.100303
2018-05-09 13:42:18,2018-05-08 10:48:43.500954,e0:8e:3c:2f:14:49,jomitron,WPA2/WPA,-53,1,AztechEl,Unidentified,14.703117,121.100303
2018-05-09 13:41:57,2018-05-08 10:48:22.485217,d4:6e:0e:9e:fa:ec,send nudes,WPA2/WPA,-54,1,Tp-LinkT,Unidentified,14.703047,121.100097
2018-05-09 13:42:18,2018-05-08 10:48:43.291071,e0:8e:3c:20:1f:83,bayanDSLWIFI_1F83,WPA2/WPA,-64,1,AztechEl,Broadband,14.703117,121.100303
2018-05-09 13:42:03,2018-05-08 10:48:28.206504,18:a6:f7:ee:f2:30,kikobelle,WPA2,-89,5,Tp-LinkT,Unidentified,14.70306,121.100112
2018-05-09 13:42:23,2018-05-08 10:48:48.332035,cc:06:77:e4:16:90,Caliwag Fem,WPA2/WPA,-88,6,Fiberhom,Fiber,14.70309,121.100353
2018-05-08 13:55:40,2018-05-08 05:55:41.556095,c8:3a:35:f7:4f:09,Shoofee,WPA2,-87,10,TendaTec,Unidentified,14.7023,121.095705
2018-05-08 13:58:25,2018-05-08 05:58:26.365040,88:d2:74:86:aa:eb,tangina kayo,WPA2/WPA,-73,1,Zte,Unidentified,14.70236,121.095775
2018-05-08 14:23:45,2018-05-08 06:23:46.040796,00:13:33:d8:32:f9,PLDTHOMEDSLSUPERMAN,WPA2/WPA,-78,11,Baudtec,Broadband,14.702468,121.095725
2018-05-10 12:10:08,2018-05-08 12:16:06.065391,c4:ff:1f:55:b1:58,HUAWEI-RVGU,WPA2/WPA,-61,5,HuaweiTe,Unidentified,14.702427,121.09565
2018-05-10 13:38:24,2018-05-08 13:44:21.832718,90:61:0c:37:7a:85,DickHead,WPA2/WPA,-55,11,FidaInte,Unidentified,14.702257,121.09578
2018-04-30 12:06:11,2018-04-24 15:42:51.126297,90:61:0c:2e:f1:a6,ZZZZZZZZZZ,WPA2/WPA,-82,1,FidaInte,Unidentified,14.702507,121.09589
2018-05-08 13:13:52,2018-05-08 05:13:53.110758,90:61:0c:2c:d1:53,PLDTHOMEDSL53587,WPA2/WPA,-85,11,FidaInte,Broadband,14.702337,121.095927
2018-05-08 13:39:33,2018-05-08 05:39:34.730041,38:d8:2f:2b:fb:78,Cj wi fi,WPA2/WPA,-77,9,Zte,Unidentified,14.702402,121.095835
2018-05-08 13:55:47,2018-05-08 05:55:48.574755,88:d2:74:86:cd:93,bayanDSLWIFI_CD93,WPA2/WPA,-82,1,Zte,Broadband,14.70258,121.095843
2018-05-08 15:36:17,2018-05-08 07:36:18.627196,e0:8e:3c:2f:39:19,bayanDSLWIFI_3919,WPA2/WPA,-64,1,AztechEl,Broadband,14.702538,121.095917
2018-05-08 15:36:19,2018-05-08 07:36:20.336171,90:61:0c:2f:38:cf,TividadTorregoza,WPA2/WPA,-74,1,FidaInte,Unidentified,14.702457,121.09586
2018-05-08 16:11:06,2018-05-08 08:11:07.174536,c4:ff:1f:55:a4:d0,Kristinas,WPA2/WPA,-82,9,HuaweiTe,Unidentified,14.702232,121.09583
2018-05-09 12:21:09,2018-05-08 09:58:07.666808,36:69:87:c0:92:64,ZTE-MF65M-9264,WPA2,-84,10,None,Hotspot,14.70262,121.095833
2018-04-30 12:01:57,2018-04-24 15:38:36.701377,90:61:0c:34:ff:b3,Trojan.exe,WPA2/WPA,-67,10,FidaInte,Unidentified,14.70212,121.095677
2018-05-08 14:43:26,2018-05-08 06:43:26.787109,bc:c0:0f:1f:05:a8,WifiMoBAToMAGBAYADKA!,WPA2/WPA,-82,9,Fiberhom,Fiber,14.702178,121.095662
2018-05-08 15:54:26,2018-05-08 07:54:27.080013,90:61:0c:16:d3:4d,PLDTMyDSL_ARAO,WPA2/WPA,-60,5,FidaInte,Broadband,14.701795,121.095753
2018-05-08 15:48:21,2018-05-08 07:48:22.281648,cc:06:77:d8:a5:e0,PLDTHOMEFIBR8a5e0,WPA2/WPA,-70,9,Fiberhom,Fiber,14.701833,121.095773
2018-05-08 15:36:28,2018-05-08 07:36:29.467766,d0:04:92:01:b1:d8,PLDTHOMEFIBRMONTEJO,WPA2,-53,11,Fiberhom,Fiber,14.702097,121.095782
2018-05-08 15:48:31,2018-05-08 07:48:32.402164,b0:4e:26:58:b4:60,Pisonet.Rent,WPA2,-39,2,Tp-LinkT,Unidentified,14.701978,121.095732
2018-05-08 15:17:24,2018-05-08 07:17:25.252238,00:1a:ef:42:68:d9,Client_1,WPA2/WPA,-66,2,Loopcomm,Unidentified,14.701807,121.09577
2018-05-09 11:42:03,2018-05-08 09:19:02.196912,00:1f:fb:a4:4c:35,Anarizze,WPA2,-89,11,GreenPac,Mobile broadband,14.701868,121.095537
2018-05-09 12:35:08,2018-05-08 10:12:06.793601,b0:4e:26:58:b3:de,TP-Link_B3DE,WPA2,-70,3,Tp-LinkT,Unidentified,14.7021,121.095775
2018-05-09 12:17:52,2018-05-08 09:54:51.191574,7c:11:cb:6f:92:6b,DingdongMantes,WPA2/WPA,-57,5,HuaweiTe,Unidentified,14.701855,121.09576
2018-05-09 11:46:25,2018-05-08 09:23:24.353304,00:13:33:f0:f5:f5,PLDTHOMEDSLBlake,WPA2/WPA,-80,10,Baudtec,Broadband,14.701952,121.095493
2018-05-09 12:18:12,2018-05-08 09:55:11.385440,5c:a8:6a:d9:6d:eb,Inuman ni Ebok,WPA2,-77,3,HuaweiTe,Unidentified,14.701928,121.095782
2018-05-09 13:21:27,2018-05-08 10:27:52.402093,50:a7:2b:1b:12:6d,lee bryan,WPA2/WPA,-76,5,HuaweiTe,Unidentified,14.702052,121.095748
2018-05-10 11:54:58,2018-05-08 12:00:55.233361,94:fb:b2:46:c2:f4,PLDTMyDSL,WPA2,-83,11,Shenzhen,Broadband,14.701957,121.095693
2018-05-10 12:40:29,2018-05-08 12:46:26.098885,20:54:fa:18:08:bd,B315_808BD,WPA2/WPA,-84,1,HuaweiTe,Unidentified,14.701957,121.095705
2018-05-10 13:47:53,2018-05-08 13:53:50.279695,5c:f2:86:2f:67:04,Globe_LTE MIFI_6704,WPA2/WPA,-72,6,IeeeRegi,Hotspot,14.702082,121.095917
2018-05-10 13:47:57,2018-05-08 13:53:54.455115,8c:4c:ad:07:7e:d5,Smart_Bro,WPA2,-46,8,Evoluzn,Unidentified,14.701955,121.095927
2018-04-30 12:01:33,2018-04-24 15:38:13.324433,c8:3a:35:2a:85:f8,Tenda_2A85F8,WPA,-81,6,TendaTec,Unidentified,14.7015,121.095715
2018-04-30 12:01:34,2018-04-24 15:38:13.769527,c4:e9:84:30:00:46,NICK_WIFI,WPA2,-84,7,Tp-LinkT,Unidentified,14.701522,121.095708
2018-05-08 14:23:16,2018-05-08 06:23:16.679039,b0:4e:26:8b:ec:e2,rinple,WPA2,-56,2,Tp-LinkT,Unidentified,14.701642,121.095648
2018-05-08 16:23:25,2018-05-08 08:23:25.911824,00:13:33:cc:2f:da,PLDTHOMEDSL,WPA2/WPA,-42,10,Baudtec,Broadband,14.701673,121.095762
2018-05-08 15:48:18,2018-05-08 07:48:19.770007,88:d2:74:86:cc:ae,bayanDSLWIFI_CCAE,WPA2/WPA,-73,7,Zte,Broadband,14.701772,121.095773
2018-05-09 11:46:31,2018-05-08 09:23:29.849201,80:3f:5d:be:d9:11,HOTSPOT_1,OPN,-62,13,Winstars,Unidentified,14.701683,121.09555
2018-05-09 12:17:42,2018-05-08 09:54:40.824478,3c:78:43:87:e2:14,Thankyoulord,WPA2/WPA,-88,11,HuaweiTe,Unidentified,14.701472,121.095803
2018-05-09 12:17:42,2018-05-08 09:54:41.043022,00:13:33:d3:f3:3d,PLDTHOMEDSLGerodias,WPA2/WPA,-85,11,Baudtec,Broadband,14.701472,121.095803
2018-05-10 13:06:56,2018-05-08 13:12:53.454908,00:1a:ef:44:d0:f4,Five is Hotspot 2,OPN,-32,1,Loopcomm,Unidentified,14.70159,121.09576
2018-05-10 13:06:55,2018-05-08 13:12:52.197342,b0:4e:26:d2:df:28,TP-Link_DF28,WPA2,-51,1,Tp-LinkT,Unidentified,14.70164,121.095752
2018-05-10 13:58:16,2018-05-08 14:04:13.738269,70:4f:57:d0:ab:4e,Client_5,WPA2,-67,2,Tp-LinkT,Unidentified,14.701428,121.09567
2018-05-10 12:49:22,2018-05-08 12:55:19.718871,00:1a:ef:46:1a:91,Gerodias4J,WPA2/WPA,-81,1,Loopcomm,Unidentified,14.701677,121.095488
2018-05-10 13:19:58,2018-05-08 13:25:55.552491,48:db:50:1b:50:bb,Syntax Error,WPA2,-90,11,HuaweiTe,Unidentified,14.701508,121.095802
2018-04-30 12:06:27,2018-04-24 15:43:06.726369,70:4f:57:d0:91:80,SADDAM,WPA2,-83,12,Tp-LinkT,Unidentified,14.701733,121.095868
2018-05-08 16:23:13,2018-05-08 08:23:14.643165,6c:3b:6b:e3:be:f5,Five is Hotspot 1,OPN,-34,1,Routerbo,Unidentified,14.70152,121.095845
2018-05-09 12:44:40,2018-05-08 10:21:39.887313,c0:25:e9:9a:bd:90,TP_link Client7,WPA2,-40,7,Tp-LinkT,Unidentified,14.70133,121.095838
2018-05-09 12:31:56,2018-05-08 10:08:54.981986,00:24:01:db:b0:17,PAKABIT KA PARA MERON KA DIN,WPA,-83,1,D-Link,Unidentified,14.701345,121.095867
2018-05-09 13:21:14,2018-05-08 10:27:39.688437,48:fd:8e:b8:7e:54,HUAWEI-Gu8w,WPA2/WPA,-51,9,HuaweiTe,Unidentified,14.701572,121.095825
2018-05-09 13:21:16,2018-05-08 10:27:40.890956,e4:7d:eb:0f:d5:ae,R01_FD5AE,WPA2,-68,10,Shanghai,Unidentified,14.701625,121.095812
2018-05-10 11:26:27,2018-05-08 11:32:23.945806,fc:3f:7c:6b:50:e6,Barbaledi,WPA2/WPA,-64,11,HuaweiTe,Unidentified,14.701422,121.095907
2018-05-10 13:28:51,2018-05-08 13:34:48.333562,70:4f:57:f7:58:3c,Client_3,WPA2,-62,8,Tp-LinkT,Unidentified,14.70137,121.095848
2018-05-10 12:40:09,2018-05-08 12:46:06.680944,70:4f:57:36:7f:18,BARICAUA_WIFI,WPA2,-75,2,Tp-LinkT,Unidentified,14.701347,121.095812
2018-05-08 13:24:11,2018-05-08 05:24:11.964373,00:1f:fb:a4:f6:d7,smartcom,WPA2,-86,10,GreenPac,Mobile broadband,14.700947,121.095728
2018-05-08 13:38:58,2018-05-08 05:38:58.973222,00:13:33:e7:00:35,xNonex,WPA2/WPA,-67,11,Baudtec,Unidentified,14.70099,121.095715
2018-05-08 13:38:58,2018-05-08 05:38:59.156334,50:04:b8:7d:fa:93,PAKABIT KA PARA MERON KA DIN,WPA2,-67,11,HuaweiTe,Unidentified,14.70099,121.095715
2018-05-08 14:08:42,2018-05-08 06:08:43.470132,e8:de:27:79:67:26,TELKUNTS,WPA2,-83,5,Tp-LinkT,Unidentified,14.70094,121.095602
2018-05-08 16:39:15,2018-05-08 08:39:16.601023,74:cc:39:8b:b4:68,NOFREEWIFI,WPA2/WPA,-70,8,Fiberhom,Fiber,14.701328,121.095802
2018-05-09 11:41:42,2018-05-08 09:18:40.619797,34:ba:9a:50:8e:5d,................................,WPA2,-82,9,Asiatelc,Unidentified,14.700965,121.09558
2018-05-09 11:41:45,2018-05-08 09:18:44.612038,00:13:33:e9:55:1a,PLDTHOMEDSL(Barrientos),WPA2/WPA,-65,11,Baudtec,Broadband,14.701127,121.095633
2018-05-09 13:20:59,2018-05-08 10:27:24.700044,9e:a9:e4:d4:0e:d2,Bernalyn Bautista 0905,WPA2,-53,11,None,Unidentified,14.700997,121.095802
2018-05-10 13:00:06,2018-05-08 13:06:03.436710,00:24:01:ad:59:59,BlueApplecafe(FreeWifi),WPA2/WPA,-72,6,D-Link,Unidentified,14.701232,121.095783
2018-04-30 12:06:39,2018-04-24 15:43:18.891035,40:a5:ef:96:b9:62,Five is Hotspot 3,OPN,-35,6,Shenzhen,Unidentified,14.70125,121.096023
2018-05-08 13:28:41,2018-05-08 05:28:41.889176,5c:f2:86:2d:a0:10,Away with the fairies,WPA2,-64,11,IeeeRegi,Unidentified,14.700923,121.096098
2018-05-08 14:12:11,2018-05-08 06:12:11.802803,90:61:0c:16:ab:ca,PLDTMyDSL Blue Apple,WPA2/WPA,-65,11,FidaInte,Broadband,14.701255,121.096108
2018-05-09 13:47:57,2018-05-08 10:54:22.553153,90:61:0c:37:97:4d,NoWifiAtAll,WPA2/WPA,-58,1,FidaInte,Unidentified,14.701177,121.095955
2018-05-09 13:21:02,2018-05-08 10:27:27.302192,d0:04:92:02:8e:d0,PLDTHOMEFIBRANESCO,WPA2/WPA,-74,13,Fiberhom,Fiber,14.701108,121.0959
2018-05-10 13:28:58,2018-05-08 13:34:55.397893,00:13:33:f0:66:d5,PLDTHOMEDSLBACULO,WPA2/WPA,-72,1,Baudtec,Broadband,14.701137,121.095903
2018-05-10 11:26:45,2018-05-08 11:32:41.808086,48:fd:8e:4c:2a:10,HUAWEI-vDaK,WPA2/WPA,-89,8,HuaweiTe,Unidentified,14.7009,121.095837
2018-05-10 11:26:45,2018-05-08 11:32:42.209140,f0:8c:fb:80:5e:d8,PLDTHOMEFIBR_805ed8,WPA2/WPA,-79,9,Fiberhom,Fiber,14.7009,121.095837
2018-05-10 12:40:04,2018-05-08 12:46:01.232132,3c:78:43:87:e3:30,HUAWEI-JF9U,WPA2/WPA,-77,9,HuaweiTe,Unidentified,14.701173,121.095862
2018-04-30 12:55:21,2018-04-24 15:37:46.587854,50:68:0a:9a:43:b3,B315_A43B3,WPA2/WPA,-78,11,HuaweiTe,Unidentified,14.700622,121.095365
2018-05-08 13:24:08,2018-05-08 05:24:08.654165,74:cc:39:ca:2e:88,Decoy,WPA2/WPA,-35,6,Fiberhom,Fiber,14.700823,121.095663
2018-05-08 13:38:49,2018-05-08 05:38:49.948714,d0:04:92:01:47:a8,PLDTHOMEFIBR_0147a8,WPA2,-74,4,Fiberhom,Fiber,14.70054,121.09552
2018-05-08 13:38:50,2018-05-08 05:38:50.465982,0e:41:58:00:9d:10,PAMPAMKA,WPA2,-74,4,None,Unidentified,14.700588,121.095547
2018-05-09 11:55:56,2018-05-08 09:32:55.371190,1e:48:ce:65:31:42,BPQb-aGFyb2xkaGVqZQ,OPN,-73,11,None,Unidentified,14.700818,121.095777
2018-05-09 11:46:47,2018-05-08 09:23:46.238304,48:fd:8e:4c:2a:78,HUAWEI-uPyS,WPA2/WPA,-86,11,HuaweiTe,Unidentified,14.70057,121.095623
2018-05-09 11:55:41,2018-05-08 09:32:40.508968,cc:06:77:e2:57:a0,PLEASE DO NOT CONNECT 2.4G,WPA2,-81,1,Fiberhom,Fiber,14.70076,121.095742
2018-05-09 12:44:27,2018-05-08 10:21:25.703734,f4:0e:22:73:56:2a,BbwU-aGVqZW5pbm8,OPN,-81,11,SamsungE,Phone,14.700717,121.09573
2018-05-09 13:48:10,2018-05-08 10:54:35.601198,00:13:33:de:57:5d,PLDTHOMEDSL,WPA2/WPA,-82,11,Baudtec,Broadband,14.700628,121.09573
2018-05-09 14:58:25,2018-05-08 11:41:38.333968,00:1f:fb:b8:46:a3,BIG BOSS,WPA2,-79,1,GreenPac,Mobile broadband,14.700508,121.095628
2018-05-10 13:37:33,2018-05-08 13:43:30.208814,c0:25:e9:74:85:6e,xNonex,WPA2,-55,1,Tp-LinkT,Unidentified,14.700618,121.095668
2018-05-10 13:29:20,2018-05-08 13:35:17.369700,94:46:96:1f:af:7c,PERLINOWIFI,WPA2/WPA,-69,4,Baudtec,Unidentified,14.700717,121.095783
2018-05-10 11:26:47,2018-05-08 11:32:43.794755,d0:04:92:01:37:18,xNonex,WPA2/WPA,-74,10,Fiberhom,Fiber,14.700822,121.095787
2018-05-10 12:39:41,2018-05-08 12:45:38.656971,4c:81:20:93:49:c6,xNonex,WPA2/WPA,-68,5,TaicangT,Unidentified,14.700665,121.095707
2018-05-10 12:09:16,2018-05-08 12:15:13.046225,90:61:0c:37:60:c9,@free wifi,WPA2/WPA,-86,11,FidaInte,Unidentified,14.700842,121.095525
2018-05-10 12:39:41,2018-05-08 12:45:38.720415,92:97:f3:64:96:94,BxJi-Tk8gTkFNRQ,OPN,-90,6,None,Unidentified,14.700665,121.095707
2018-05-10 12:49:38,2018-05-08 12:55:35.672601,00:1f:fb:b8:1f:75,HomeBro_ULTERA,WPA2,-88,11,GreenPac,Mobile broadband,14.700863,121.095563
2018-05-10 13:29:10,2018-05-08 13:35:07.706889,d0:04:92:01:49:f8,PLDTHOMEFIBRmoroni,WPA2/WPA,-87,10,Fiberhom,Fiber,14.700738,121.095788
2018-05-10 13:37:37,2018-05-08 13:43:34.460340,1c:a5:32:90:60:80,PLDTHOMEDSL06080,WPA2,-89,5,Shenzhen,Broadband,14.700777,121.09575
2018-04-30 12:06:51,2018-04-24 15:43:31.557277,90:61:0c:35:47:b7,PLDTHOMEDSL18359,WPA2/WPA,-88,3,FidaInte,Broadband,14.70076,121.095927
2018-05-08 14:12:24,2018-05-08 06:12:25.610114,e4:7d:eb:10:16:0f,R01_0160F,WPA2,-85,10,Shanghai,Unidentified,14.700803,121.09598
2018-05-09 12:35:35,2018-05-08 10:12:34.423336,00:13:33:be:b0:04,PLDTHOMEDSL,WPA2/WPA,-52,11,Baudtec,Broadband,14.700822,121.095812
2018-05-09 13:25:36,2018-05-08 10:32:01.536865,00:13:33:e5:2c:4f,PLDTHOMEDSL***,WPA2/WPA,-63,6,Baudtec,Broadband,14.700772,121.096145
2018-05-09 13:25:42,2018-05-08 10:32:06.962909,d0:04:92:01:53:c8,PLDTHOMEFIBRDHELFER,WPA2/WPA,-53,12,Fiberhom,Fiber,14.700562,121.09602
2018-05-08 13:54:41,2018-05-08 05:54:42.565452,fc:3f:7c:81:69:2c,MOOMOO,WPA2/WPA,-82,10,HuaweiTe,Unidentified,14.700085,121.095313
2018-05-09 11:41:25,2018-05-08 09:18:24.542114,f4:9e:ef:d2:0b:7c,PLDTHOMEDSLNevele,WPA2,-80,11,TaicangT,Broadband,14.700268,121.095227
2018-05-08 14:12:40,2018-05-08 06:12:41.378802,48:fd:8e:4b:f3:b0,HUAWEI-kEGN,WPA2/WPA,-65,6,HuaweiTe,Unidentified,14.700167,121.095645
2018-05-08 14:08:19,2018-05-08 06:08:20.008930,94:46:96:1f:af:7d,xNonex,WPA2/WPA,-68,1,Baudtec,Unidentified,14.700262,121.095573
2018-05-08 14:08:20,2018-05-08 06:08:21.051210,d8:37:be:fc:cd:4b,PLDTHOMEDSL_VIRAL,WPA2/WPA,-68,2,Shenzhen,Broadband,14.70028,121.095593
2018-05-08 14:32:52,2018-05-08 06:32:53.568630,f0:8c:fb:81:7a:e0,GEMORTA_FAMILY,WPA2/WPA,-85,3,Fiberhom,Fiber,14.700107,121.095387
2018-05-08 14:42:06,2018-05-08 06:42:07.390632,c4:ff:1f:57:68:f4,HUAWEI-9Dgu,WPA2/WPA,-84,1,HuaweiTe,Unidentified,14.700137,121.095447
2018-05-08 14:56:13,2018-05-08 06:56:14.126675,e0:8e:3c:2f:32:f5,Nope,WPA2/WPA,-72,10,AztechEl,Unidentified,14.700122,121.095442
2018-05-08 15:47:37,2018-05-08 07:47:38.450557,60:83:34:4a:e9:8b,HUAWEI-E98B,WPA2,-55,7,HuaweiTe,Unidentified,14.70032,121.095587
2018-05-08 16:05:25,2018-05-08 08:05:26.222719,96:53:30:5d:07:30,DIRECT-00-BRAVIA,WPA2,-85,4,None,Not an AP,14.700407,121.095513
2018-05-09 12:07:02,2018-05-08 09:44:01.188954,d0:04:92:01:c6:80,PLDTHOMEFIBR_01680,WPA2/WPA,-44,13,Fiberhom,Fiber,14.700373,121.095692
2018-05-09 11:55:27,2018-05-08 09:32:25.816318,d0:04:92:01:ab:48,PLDTHOMEFIBR2529,WPA2/WPA,-64,3,Fiberhom,Fiber,14.700133,121.095408
2018-05-09 12:17:11,2018-05-08 09:54:10.439570,b0:4e:26:dc:fb:2c,Shamcey_WiFi,WPA2,-92,2,Tp-LinkT,Unidentified,14.700038,121.09547
2018-05-09 13:20:40,2018-05-08 10:27:05.695994,00:13:33:db:08:da,PLDTHOMEDSL,WPA2,-67,11,Baudtec,Broadband,14.700308,121.095473
2018-05-09 14:42:12,2018-05-08 11:25:25.356894,94:46:96:17:81:7a,PLDTHOMEDSLZIZE0,WPA2/WPA,-73,5,Baudtec,Broadband,14.700177,121.095367
2018-05-09 14:42:12,2018-05-08 11:25:25.607068,00:13:33:e6:4b:ea,PLDTHOMEDSLwavestephen,WPA2/WPA,-82,144,Baudtec,Broadband,14.700177,121.095367
2018-05-10 13:29:33,2018-05-08 13:35:30.956868,90:61:0c:39:c2:3d,Kutch_Home_DSL,WPA2/WPA,-58,11,FidaInte,Unidentified,14.700205,121.095523
2018-05-10 12:39:32,2018-05-08 12:45:29.236235,00:13:33:f2:f3:7d,PLDTHOMEDSL_CJS,WPA2/WPA,-57,1,Baudtec,Broadband,14.700345,121.095542
2018-05-10 12:59:36,2018-05-08 13:05:33.255137,94:46:96:16:f9:21,chinchinin,WPA2/WPA,-82,1,Baudtec,Unidentified,14.70009,121.095362
2018-05-08 14:33:03,2018-05-08 06:33:04.097362,00:13:33:f0:29:f4,xNonex,WPA2/WPA,-83,11,Baudtec,Unidentified,14.69976,121.095213
2018-05-08 14:47:13,2018-05-08 06:47:14.101197,b0:4e:26:db:6a:c8,TP-Link_6AC8,WPA2,-66,9,Tp-LinkT,Unidentified,14.69993,121.095295
2018-05-08 14:56:00,2018-05-08 06:56:00.928058,94:0e:6b:37:66:e5,Starferryzakki,WPA2/WPA,-86,1,HuaweiTe,Unidentified,14.69965,121.095213
2018-05-08 14:55:59,2018-05-08 06:56:00.059575,bc:c0:0f:c8:72:60,PLDTHOMEFIBR87260,WPA2/WPA,-82,1,Fiberhom,Fiber,14.699618,121.095213
2018-05-09 13:06:45,2018-05-08 10:43:44.740689,94:fb:b2:45:cd:34,xNonex,WPA2/WPA,-68,11,Shenzhen,Unidentified,14.699765,121.09518
2018-05-09 11:47:12,2018-05-08 09:24:10.673610,00:13:33:f0:29:f5,PribadongNetwork,WPA2/WPA,-84,2,Baudtec,Unidentified,14.699727,121.0953
2018-05-09 11:55:10,2018-05-08 09:32:09.248222,00:1f:fb:ad:06:49,HomeBro_ULTERA,WPA2,-83,5,GreenPac,Mobile broadband,14.69959,121.095195
2018-05-09 13:26:09,2018-05-08 10:32:34.455976,48:fd:8e:4c:2a:24,HUAWEI-5SeJ,WPA2/WPA,-69,4,HuaweiTe,Unidentified,14.699792,121.095322
2018-05-09 13:36:01,2018-05-08 10:42:25.962866,88:d2:74:86:ba:49,bayanDSLWIFI_BA49,WPA2/WPA,-85,1,Zte,Broadband,14.699813,121.094908
2018-05-09 15:03:52,2018-05-08 11:47:05.701285,90:61:0c:35:68:5c,PLDTHOMEDSL26716,WPA2/WPA,-72,1,FidaInte,Broadband,14.699965,121.095315
2018-05-10 13:07:37,2018-05-08 13:13:34.270307,a0:ab:1b:76:5b:52,HERRERA DLINK,WPA2/WPA,-84,3,D-LinkIn,Unidentified,14.699895,121.095285
2018-05-10 11:27:28,2018-05-08 11:33:25.295224,1c:8e:5c:73:7f:ab,olrac,WPA2/WPA,-86,1,HuaweiTe,Unidentified,14.699587,121.09515
2018-05-10 12:08:38,2018-05-08 12:14:35.046014,8e:79:67:98:d5:64,ZTE-MF65M-D564,WPA2,-90,11,None,Hotspot,14.69966,121.095048
2018-05-08 15:55:13,2018-05-08 07:55:14.566194,fc:8b:97:38:ef:39,PLDTMyDSL,WPA2/WPA,-89,11,Shenzhen,Broadband,14.699897,121.095347
2018-05-08 16:38:14,2018-05-08 08:38:15.627059,58:f9:87:24:8c:0c,HUAWEI-Rx6x,WPA2/WPA,-56,11,HuaweiTe,Unidentified,14.699943,121.095567
2018-05-09 13:26:05,2018-05-08 10:32:30.296754,d0:04:92:01:c8:48,PLDTHOMEFIBRnofreewifi,WPA2/WPA,-64,3,Fiberhom,Fiber,14.69989,121.095395
2018-05-09 13:26:02,2018-05-08 10:32:27.026974,d0:04:92:03:04:d0,SupelaresWifi,WPA2/WPA,-57,12,Fiberhom,Fiber,14.699972,121.095452
2018-05-08 14:07:52,2018-05-08 06:07:52.715980,00:13:33:e3:d2:14,PLDTHOMEDSLjohnnybravo,WPA2/WPA,-56,11,Baudtec,Broadband,14.699497,121.095182
2018-05-08 16:05:02,2018-05-08 08:05:03.456240,70:9f:2d:a0:44:9d,xNonex,WPA2/WPA,-80,1,Zte,Unidentified,14.69945,121.095182
2018-05-08 14:55:48,2018-05-08 06:55:48.618301,ec:8a:4c:a6:83:38,bayanDSLWiFi_8338,WPA2/WPA,-84,6,Zte,Broadband,14.6993,121.095302
2018-05-08 15:26:35,2018-05-08 07:26:36.143262,42:49:0f:4b:c3:29,DIRECT-p3-BRAVIA,WPA2,-81,11,None,Not an AP,14.699363,121.095255
2018-05-08 16:05:03,2018-05-08 08:05:03.821531,d8:55:a3:61:c9:2e,Home_Ultera,WPA2/WPA,-80,1,Zte,Unidentified,14.699482,121.095167
2018-05-08 15:26:27,2018-05-08 07:26:28.075751,6c:b7:49:01:5f:9b,mai_lee,WPA2/WPA,-87,7,HuaweiTe,Unidentified,14.699255,121.095342
2018-05-09 12:16:50,2018-05-08 09:53:49.897931,70:9f:2d:a0:44:9c,PLDTWiFi,WPA2/WPA,-80,1,Zte,Unidentified,14.699418,121.095178
2018-05-09 12:16:46,2018-05-08 09:53:45.422419,00:1f:fb:b7:d7:83,cath_kkk,WPA2,-91,11,GreenPac,Mobile broadband,14.699298,121.095313
2018-05-09 14:41:28,2018-05-08 11:24:42.017831,48:fd:8e:ce:2f:ec,CablaoStore,WPA2/WPA,-39,1,HuaweiTe,Unidentified,14.699505,121.09514
2018-05-10 12:39:08,2018-05-08 12:45:05.344240,00:24:a5:f5:52:f4,celismc_clinic,WPA,-57,57,Buffalo,Unidentified,14.699412,121.095202
2018-05-10 13:57:31,2018-05-08 14:03:28.818562,94:fb:b2:45:a1:20,PLDTMyDSLost,WPA2/WPA,-82,11,Shenzhen,Broadband,14.699387,121.095155
2018-05-10 13:07:48,2018-05-08 13:13:45.869576,fc:2d:5e:0d:ce:d1,chizcake,WPA2/WPA,-81,1,Zte,Unidentified,14.69952,121.095222
2018-05-10 13:57:28,2018-05-08 14:03:25.173223,1c:67:58:bd:9c:c9,Sanchez-Caro,WPA2,-86,8,HuaweiTe,Unidentified,14.699273,121.095277
2018-04-30 12:00:10,2018-04-24 15:36:50.440058,00:13:33:f5:8f:e5,PLDTHOMEDSL,WPA2/WPA,-60,1,Baudtec,Broadband,14.699243,121.095357
2018-04-30 12:07:45,2018-04-24 15:44:25.593297,90:61:0c:41:1d:2a,PLDTHOMEDSL07466,WPA2/WPA,-85,1,FidaInte,Broadband,14.699187,121.095737
2018-04-30 12:07:47,2018-04-24 15:44:27.152521,00:1f:fb:b1:51:67,xNonex,WPA2,-80,1,GreenPac,Mobile broadband,14.699113,121.09577
2018-05-08 14:13:09,2018-05-08 06:13:10.473790,90:61:0c:2d:e2:c6,PLDTHOMEDSL58054,WPA2/WPA,-81,1,FidaInte,Broadband,14.699363,121.09548
2018-05-08 15:37:56,2018-05-08 07:37:57.781435,1c:74:0d:16:63:70,PLDTHOMEDSL_OSKFIBRAZIL,WPA2/WPA,-87,10,ZyxelCom,Broadband,14.699278,121.09557
2018-05-08 15:18:39,2018-05-08 07:18:40.106450,00:13:33:fe:40:68,PLDTHOMEDSL,WPA2/WPA,-74,3,Baudtec,Broadband,14.699192,121.095523
2018-05-08 15:55:45,2018-05-08 07:55:46.343138,90:61:0c:35:bb:4e,PLDTHOMEDSL47950,WPA2/WPA,-62,10,FidaInte,Broadband,14.699507,121.095353
2018-05-08 15:56:03,2018-05-08 07:56:04.784496,d0:ff:98:25:e1:3b,B315_5E13B,WPA2/WPA,-86,5,HuaweiTe,Unidentified,14.6995,121.095357
2018-05-08 15:47:04,2018-05-08 07:47:05.484375,e0:8e:3c:04:b0:57,xNonex,WPA2/WPA,-86,10,AztechEl,Unidentified,14.699282,121.095428
2018-05-08 16:30:36,2018-05-08 08:30:37.722769,94:fe:22:b8:a4:1f,B315_8A41F,WPA2/WPA,-87,10,HuaweiTe,Unidentified,14.69943,121.095395
2018-05-08 16:30:36,2018-05-08 08:30:37.742793,96:fe:22:b8:a4:11,HUAWEI-B315-A41F-2,WPA2/WPA,-85,10,None,Mobile broadband,14.69943,121.095395
2018-05-08 15:18:30,2018-05-08 07:18:31.393884,96:fe:22:b8:a4:12,HUAWEI-B315-A41F-3,WPA2/WPA,-86,10,None,Mobile broadband,14.699348,121.095377
2018-05-08 15:56:17,2018-05-08 07:56:18.014685,c4:ff:1f:57:e2:78,HUAWEI-nGd8,WPA2/WPA,-87,1,HuaweiTe,Unidentified,14.699107,121.095598
2018-05-08 15:56:12,2018-05-08 07:56:13.493757,90:61:0c:35:cd:07,PLDTHOMEDSL52487,WPA2/WPA,-76,11,FidaInte,Broadband,14.69926,121.095505
2018-05-09 11:47:35,2018-05-08 09:24:34.271020,94:46:96:18:ef:ce,steadtler,WPA2/WPA,-73,5,Baudtec,Unidentified,14.69926,121.095638
2018-05-09 11:40:52,2018-05-08 09:17:50.897858,9c:6f:52:35:0f:5d,bayanDSLWIFI_0F5D,WPA2/WPA,-80,1,Zte,Broadband,14.699223,121.09536
2018-05-09 12:07:41,2018-05-08 09:44:40.064334,00:13:33:dd:f0:ec,PLDTHOMEDSL,WPA2/WPA,-71,1,Baudtec,Broadband,14.69911,121.095707
2018-05-09 12:07:30,2018-05-08 09:44:29.223530,96:53:30:a2:1e:a5,DIRECT-Yn-BRAVIA,WPA2,-65,7,None,Not an AP,14.699393,121.095445
2018-05-09 13:19:31,2018-05-08 10:25:56.792954,94:a7:b7:26:4a:42,xNonex,WPA2/WPA,-45,1,Zte,Unidentified,14.699388,121.095435
2018-05-10 12:23:50,2018-05-08 12:29:46.999532,48:fd:8e:b9:92:84,HUAWEI-6C73,WPA2/WPA,-51,10,HuaweiTe,Unidentified,14.699255,121.095405
2018-05-10 11:27:45,2018-05-08 11:33:42.702206,c4:ff:1f:57:83:5c,Convergys,WPA2/WPA,-79,2,HuaweiTe,Unidentified,14.699188,121.095485
2018-05-10 11:27:46,2018-05-08 11:33:43.430269,1e:74:0d:16:63:70,PLDTHOMEDSL_AkiraPitots,WPA2,-85,1,None,Broadband,14.699157,121.095513
2018-05-10 11:27:46,2018-05-08 11:33:43.639291,94:46:96:1f:4b:6d,PLDTHOMEDSLH3HC0,WPA2/WPA,-86,1,Baudtec,Broadband,14.699157,121.095513
2018-05-10 12:30:41,2018-05-08 12:36:38.574569,1c:74:0d:16:01:e4,xNonex,WPA2/WPA,-77,3,ZyxelCom,Unidentified,14.69917,121.0955
2018-05-09 11:54:40,2018-05-08 09:31:39.022414,90:61:0c:10:f8:e8,PLDTMyDSLMMCES,WPA2/WPA,-72,11,FidaInte,Broadband,14.698735,121.095305
2018-05-09 14:16:32,2018-05-08 11:22:57.890448,90:61:0c:0e:5f:06,PLDTMyDSL,WPA2/WPA,-49,11,FidaInte,Broadband,14.698917,121.095287
2018-05-10 12:23:36,2018-05-08 12:29:33.452287,36:57:60:ae:66:88,HomeBro_ULTERA,WPA2/WPA,-87,1,None,Mobile broadband,14.698777,121.095342
2018-05-08 13:23:06,2018-05-08 05:23:06.696221,1c:67:58:99:b7:5f,B315_9B75F,WPA2/WPA,-83,6,HuaweiTe,Unidentified,14.698892,121.095758
2018-05-08 14:33:25,2018-05-08 06:33:26.615675,34:ce:00:7f:23:fe,bon_25_converge_plus,WPA2/WPA,-74,11,XiaomiEl,Unidentified,14.698917,121.095468
2018-05-08 13:46:19,2018-05-08 05:46:20.410627,e0:8e:3c:1a:5c:c3,bayanDSLWIFI_5CC3,WPA2,-83,10,AztechEl,Broadband,14.698815,121.095678
2018-05-08 14:07:20,2018-05-08 06:07:20.712679,70:9f:2d:a1:16:64,bayanDSLWiFi_1664,WPA2/WPA,-86,1,Zte,Broadband,14.698728,121.095478
2018-05-08 14:07:17,2018-05-08 06:07:17.899463,f0:8c:fb:81:7b:c8,PLDTHOMEFIBRVHINTECH,WPA2,-84,12,Fiberhom,Fiber,14.69871,121.095485
2018-05-08 14:33:21,2018-05-08 06:33:22.602067,90:94:e4:33:fe:f8,dlink,WPA2/WPA,-85,10,D-LinkIn,Unidentified,14.699083,121.095495
2018-05-08 16:37:43,2018-05-08 08:37:43.868503,94:a7:b7:26:4a:43,xNonex,WPA,-45,11,Zte,Unidentified,14.699033,121.095475
2018-05-08 16:37:38,2018-05-08 08:37:39.290935,e4:77:23:a6:2b:64,IPMC CAAYOHAN,WPA2/WPA,-55,9,Zte,Unidentified,14.698887,121.095523
2018-05-08 16:13:47,2018-05-08 08:13:47.922873,00:13:33:e6:f9:78,PLDTHOMEDSL,WPA2/WPA,-47,11,Baudtec,Broadband,14.69869,121.095465
2018-05-08 15:56:19,2018-05-08 07:56:20.263799,f4:cb:52:b2:02:63,HUAWEI-0263,WPA2,-73,1,HuaweiTe,Unidentified,14.699035,121.095598
2018-05-08 15:46:56,2018-05-08 07:46:56.838518,d8:55:a3:61:c9:a4,AccessDenied,WPA2/WPA,-88,4,Zte,Unidentified,14.699043,121.095617
2018-05-08 16:37:32,2018-05-08 08:37:33.606701,4c:81:20:97:4b:cc,PLDTHOMEDSL74BCC,WPA2,-79,6,TaicangT,Broadband,14.698683,121.095487
2018-05-08 15:38:06,2018-05-08 07:38:07.958326,00:1a:ef:46:22:3e,CD-R_KING_11n,WPA2/WPA,-87,11,Loopcomm,Unidentified,14.698993,121.095783
2018-05-09 12:07:46,2018-05-08 09:44:45.314312,94:46:96:16:34:32,PLDTHOMEDSL7I7S0,WPA2/WPA,-89,5,Baudtec,Broadband,14.698927,121.09569
2018-05-09 12:43:28,2018-05-08 10:20:27.220656,00:1f:fb:e8:7e:29,asonleacarlos,WPA2,-83,10,GreenPac,Mobile broadband,14.698683,121.095502
2018-05-10 12:14:18,2018-05-08 12:20:15.248896,c4:ff:1f:56:65:9c,Cartagena Fiber,WPA2/WPA,-76,9,HuaweiTe,Unidentified,14.699042,121.095445
2018-05-10 12:38:48,2018-05-08 12:44:45.412198,d0:04:92:01:50:20,xNonex,WPA2/WPA,-72,9,Fiberhom,Fiber,14.698727,121.095537
2018-05-10 13:08:05,2018-05-08 13:14:02.563756,5c:a8:6a:7b:49:b4,EMOJI,WPA2,-82,11,HuaweiTe,Unidentified,14.698962,121.095535
2018-05-10 12:38:47,2018-05-08 12:44:44.650294,d0:04:92:01:a4:00,PLDTHOMEFIBR_01a400,WPA2/WPA,-84,9,Fiberhom,Fiber,14.698702,121.095512
2018-05-10 13:08:06,2018-05-08 13:14:03.892105,2c:dd:95:f4:bf:f2,PLDTHOMEDSL4BFF2,WPA2,-88,11,TaicangT,Broadband,14.698907,121.095527
2018-05-09 14:56:52,2018-05-08 11:40:05.564150,38:d8:2f:22:4b:14,Rosemarie,WPA2/WPA,-71,1,Zte,Unidentified,14.698387,121.0948
2018-05-10 12:23:05,2018-05-08 12:29:02.839623,60:31:97:34:f8:fc,TryMoNga24,WPA2/WPA,-85,7,ZyxelCom,Unidentified,14.69824,121.094802
2018-05-08 14:21:23,2018-05-08 06:21:24.348703,50:a7:2b:72:de:83,dB SYNERGY wifi,WPA2/WPA,-67,7,HuaweiTe,Unidentified,14.698187,121.09493
2018-05-08 14:14:02,2018-05-08 06:14:02.845733,e4:77:23:a5:b9:3c,bayantel,WPA2/WPA,-63,10,Zte,Unidentified,14.698198,121.09509
2018-05-08 13:53:29,2018-05-08 05:53:30.154529,00:13:33:cc:d4:71,PLDTHOMEDSL,WPA2/WPA,-52,11,Baudtec,Broadband,14.698275,121.095088
2018-05-08 14:00:33,2018-05-08 06:00:33.929209,94:53:30:72:ec:e5,SETUP,OPN,-55,11,HonHaiPr,Unidentified,14.698578,121.0953
2018-05-08 13:53:39,2018-05-08 05:53:40.279393,c4:e9:84:30:ac:94,GODBLESS15,WPA2,-80,7,Tp-LinkT,Unidentified,14.698465,121.09526
2018-05-08 14:47:55,2018-05-08 06:47:55.976440,90:61:0c:0d:9d:12,PLDTMyDSLFryst,WPA2/WPA,-40,11,FidaInte,Broadband,14.698372,121.095142
2018-05-08 14:47:53,2018-05-08 06:47:54.171037,34:4b:50:40:86:59,PLDTMyDSLRain,WPA2/WPA,-62,11,Zte,Broadband,14.698398,121.095203
2018-05-08 15:46:24,2018-05-08 07:46:25.512677,f0:8c:fb:81:7f:88,PLDTHOMEFIBR_817f88,WPA2/WPA,-83,9,Fiberhom,Fiber,14.698303,121.09513
2018-05-09 12:08:03,2018-05-08 09:45:02.236049,00:1f:fb:b2:6f:4f,HomeBro_ULTERA,WPA2,-80,2,GreenPac,Mobile broadband,14.69836,121.095302
2018-05-09 11:54:36,2018-05-08 09:31:34.840415,e8:94:f6:8d:39:0e,Globe Broadband,WPA2/WPA,-62,6,Tp-LinkT,Unidentified,14.698558,121.095202
2018-05-09 11:48:07,2018-05-08 09:25:06.029433,90:61:0c:3a:61:c5,PLDTHOMEDSL25029,WPA2/WPA,-87,1,FidaInte,Broadband,14.698225,121.095173
2018-05-09 13:35:13,2018-05-08 10:41:38.855116,28:f3:66:be:de:4a,scumbag,WPA2/WPA,-81,10,Shenzhen,Unidentified,14.698573,121.09525
2018-05-09 13:56:27,2018-05-08 11:02:52.044245,e4:77:23:a5:e0:20,Wifingbayan,WPA2/WPA,-86,12,Zte,Unidentified,14.698313,121.095135
2018-05-09 15:05:04,2018-05-08 11:48:17.477113,62:fe:1e:d5:56:32,Batchang hotspot,OPN,-76,11,None,Unidentified,14.698453,121.095063
2018-05-10 12:58:46,2018-05-08 13:04:43.756294,08:86:3b:32:1f:cc,belkin.fcc,WPA2/WPA,-72,7,BelkinIn,Unidentified,14.698283,121.095157
2018-05-10 12:50:29,2018-05-08 12:56:26.499358,34:ba:9a:50:87:dd,Smart_Bro_5087DD,WPA2,-75,8,Asiatelc,Unidentified,14.698575,121.095317
2018-05-10 13:08:27,2018-05-08 13:14:24.371526,a0:f3:c1:77:fc:e1,TP-LINK_2.4GHz_77FCE1,WPA2/WPA,-80,11,Tp-LinkT,Unidentified,14.698307,121.095148
2018-05-10 13:08:33,2018-05-08 13:14:30.106169,d0:04:92:01:46:b8,PLDTHOMEFIBR_0146b8,WPA2/WPA,-43,2,Fiberhom,Fiber,14.698227,121.095105
2018-05-10 11:28:13,2018-05-08 11:34:10.133405,00:26:75:ab:8b:f4,Lamda,WPA2/WPA,-55,4,AztechEl,Unidentified,14.698225,121.095115
2018-05-10 13:08:14,2018-05-08 13:14:11.787682,00:13:33:f3:fb:3a,xNonex,WPA2/WPA,-69,4,Baudtec,Unidentified,14.69847,121.095338
2018-05-10 12:58:43,2018-05-08 13:04:40.781039,38:d8:2f:22:70:70,jleague,WPA2/WPA,-79,5,Zte,Unidentified,14.698263,121.0951
2018-05-10 11:36:49,2018-05-08 11:42:46.834421,5c:f2:86:25:ca:0a,carlos_tabirao,WPA2/WPA,-79,9,IeeeRegi,Unidentified,14.698403,121.095305
2018-05-10 12:07:47,2018-05-08 12:13:44.325878,00:1f:fb:a1:f0:95,HomeBro_ULTERA,WPA2,-90,1,GreenPac,Mobile broadband,14.698222,121.094898
2018-05-10 12:08:00,2018-05-08 12:13:57.344128,c4:ff:1f:56:84:c8,HUAWEI-MtFG,WPA2/WPA,-87,10,HuaweiTe,Unidentified,14.698433,121.095065
2018-05-08 15:56:30,2018-05-08 07:56:31.686055,94:46:96:14:c6:b5,wifiko,WPA2/WPA,-40,10,Baudtec,Unidentified,14.698595,121.095398
2018-05-08 15:38:46,2018-05-08 07:38:48.008379,d0:04:92:01:a0:d8,xNonex,WPA2/WPA,-48,12,Fiberhom,Fiber,14.698488,121.095412
2018-05-08 15:10:33,2018-05-08 07:10:34.197487,00:1f:fb:c6:46:53,xNonex,WPA2,-85,1,GreenPac,Mobile broadband,14.698533,121.095405
2018-05-09 12:43:25,2018-05-08 10:20:24.130409,02:1a:11:fe:28:23,Biof-cGFwYXByaW50MDg,OPN,-56,6,None,Unidentified,14.69855,121.095413
2018-05-09 12:07:55,2018-05-08 09:44:54.306089,94:46:96:14:9b:60,PLDTHOMEDSLZMZD0,WPA2/WPA,-74,11,Baudtec,Broadband,14.698632,121.095515
2018-05-09 13:19:13,2018-05-08 10:25:38.715638,e0:8e:3c:22:6c:3f,KKK,WPA2/WPA,-61,1,AztechEl,Unidentified,14.69855,121.09537
2018-05-09 13:19:14,2018-05-08 10:25:39.342586,c4:ff:1f:56:e4:dc,bon_25_converge,WPA2/WPA,-68,2,HuaweiTe,Unidentified,14.698582,121.095392
2018-05-10 12:38:44,2018-05-08 12:44:41.484267,c4:ff:1f:57:d2:50,HUAWEI-hXB6,WPA2/WPA,-50,8,HuaweiTe,Unidentified,14.698602,121.09543
2018-05-09 11:40:01,2018-05-08 09:17:00.014024,08:86:3b:30:93:04,belkin.304,WPA2/WPA,-75,6,BelkinIn,Unidentified,14.697807,121.09429
2018-05-09 13:18:36,2018-05-08 10:25:01.271677,90:61:0c:39:fc:7e,PLDTHOMEDSL.Ann,WPA2/WPA,-75,1,FidaInte,Broadband,14.697947,121.094412
2018-05-09 14:56:27,2018-05-08 11:39:40.687527,00:22:6b:8e:b5:6f,linksys,WPA2/WPA,-45,13,Cisco-Li,Unidentified,14.697765,121.094042
2018-05-09 14:39:46,2018-05-08 11:22:59.131009,00:1f:fb:e6:41:99,HomeUltera_E64198,WPA2,-54,11,GreenPac,Mobile broadband,14.697987,121.094347
2018-04-30 11:59:27,2018-04-24 15:36:07.271702,00:1f:fb:b7:9e:03,HomeBro_ULTERA,WPA2,-33,11,GreenPac,Mobile broadband,14.6981,121.09479
2018-04-30 11:59:01,2018-04-24 15:35:41.098525,08:10:77:96:b2:9c,HOTSPOT_6B,OPN,-82,6,None,Unidentified,14.697948,121.094653
2018-04-30 11:59:05,2018-04-24 15:35:45.235793,bc:c0:0f:1f:02:98,PLDT@home,WPA2/WPA,-89,9,Fiberhom,Fiber,14.697965,121.094675
2018-05-08 13:22:18,2018-05-08 05:22:19.541625,f0:8c:fb:81:67:98,SPHYRONETCAFE,WPA2/WPA,-45,13,Fiberhom,Fiber,14.697815,121.094488
2018-05-08 14:21:13,2018-05-08 06:21:14.212425,0a:18:0a:6f:3d:f8,Free Public Wifi - PipoI Konek,OPN,-46,1,None,Unidentified,14.697948,121.094673
2018-05-08 14:34:01,2018-05-08 06:34:02.192180,c4:ff:1f:55:fb:48,EstradaFamily,WPA2/WPA,-53,9,HuaweiTe,Unidentified,14.698143,121.094868
2018-05-08 14:14:23,2018-05-08 06:14:24.162504,cc:06:77:5b:a5:00,Kyla,WPA2/WPA,-71,11,Fiberhom,Fiber,14.697992,121.094825
2018-05-08 14:34:08,2018-05-08 06:34:09.469351,94:46:96:1f:71:ce,xNonex,WPA2/WPA,-58,2,Baudtec,Unidentified,14.69799,121.09464
2018-05-08 14:34:08,2018-05-08 06:34:09.445425,00:13:33:f0:7a:da,PLDTHOMEDSL,WPA2/WPA,-81,1,Baudtec,Broadband,14.69799,121.09464
2018-05-08 16:31:25,2018-05-08 08:31:26.554846,c0:4a:00:d0:77:64,TP-LINK_SPHYRO,WPA2,-44,7,Tp-LinkT,Unidentified,14.69785,121.094682
2018-05-08 15:39:14,2018-05-08 07:39:15.245391,c4:ff:1f:55:ee:f4,TheLegalWifi,WPA2/WPA,-89,4,HuaweiTe,Unidentified,14.697842,121.094792
2018-05-08 16:21:26,2018-05-08 08:21:26.848793,f4:dc:f9:48:f7:75,Uber,WPA2/WPA,-54,9,HuaweiTe,Unidentified,14.697833,121.094658
2018-05-09 12:37:09,2018-05-08 10:14:08.027242,90:61:0c:37:3f:4d,ShaJayKean,WPA2/WPA,-60,11,FidaInte,Unidentified,14.697747,121.094568
2018-05-09 11:40:10,2018-05-08 09:17:08.482720,3c:78:43:87:a1:20,free wifi,WPA2/WPA,-72,11,HuaweiTe,Unidentified,14.698103,121.094648
2018-05-09 11:54:10,2018-05-08 09:31:08.938151,aa:a6:68:9b:99:61,honeypies,WPA2/WPA,-72,1,None,Unidentified,14.697952,121.094572
2018-05-09 11:54:16,2018-05-08 09:31:15.132205,aa:a6:68:68:a0:aa,Smart Bro_68A0AA,OPN,-65,6,None,Unidentified,14.698123,121.094778
2018-05-09 11:54:05,2018-05-08 09:31:04.082495,c4:ff:1f:56:75:9c,QWEQWE,WPA2/WPA,-80,11,HuaweiTe,Unidentified,14.697817,121.094422
2018-05-09 12:15:29,2018-05-08 09:52:28.405094,9c:6f:52:35:09:84,xNonex,WPA2/WPA,-77,10,Zte,Unidentified,14.697992,121.094722
2018-05-09 12:08:26,2018-05-08 09:45:25.401173,f8:01:13:82:94:12,ellavine,WPA2/WPA,-78,6,HuaweiTe,Unidentified,14.697887,121.094773
2018-05-09 12:15:50,2018-05-08 09:52:48.974417,e0:a3:ac:4f:4c:52,Sseekend,WPA2/WPA,-84,11,HuaweiTe,Unidentified,14.697987,121.094733
2018-05-09 12:15:23,2018-05-08 09:52:22.513709,08:10:77:4b:96:04,Free Connection,WPA2/WPA,-84,6,None,Unidentified,14.697995,121.094717
2018-05-09 12:15:24,2018-05-08 09:52:22.806641,08:10:77:96:b2:9a,HOTSPOT_6A,OPN,-83,6,None,Unidentified,14.697997,121.094722
2018-05-09 12:15:34,2018-05-08 09:52:32.823436,f0:8c:fb:80:7b:58,PLDTHOMEFIBRNieShaun26,WPA2/WPA,-74,11,Fiberhom,Fiber,14.697988,121.094723
2018-05-09 14:29:20,2018-05-08 11:35:45.712655,88:d2:74:86:b2:f3,bayanDSLWIFI_B2F3,WPA2/WPA,-77,10,Zte,Broadband,14.69776,121.094428
2018-05-09 13:55:55,2018-05-08 11:02:20.822432,34:ba:9a:52:81:f4,Arcillo store,WPA2/WPA,-56,4,Asiatelc,Unidentified,14.69775,121.094503
2018-05-09 13:49:38,2018-05-08 10:56:02.931013,9c:6f:52:35:19:e3,not urs,WPA2/WPA,-78,6,Zte,Unidentified,14.697937,121.094792
2018-05-09 14:29:19,2018-05-08 11:35:44.834909,00:1f:fb:b7:31:87,HomeBro_ULTERA,WPA2,-82,10,GreenPac,Mobile broadband,14.697787,121.094463
2018-05-09 13:34:40,2018-05-08 10:41:05.211932,00:1f:fb:98:da:bb,TALOTALONA,WPA2,-86,11,GreenPac,Mobile broadband,14.69786,121.09442
2018-05-09 15:05:30,2018-05-08 11:48:43.209248,00:1f:fb:b2:38:49,HomeBro_ULTERA,WPA2,-64,1,GreenPac,Mobile broadband,14.69779,121.09443
2018-05-10 12:37:58,2018-05-08 12:43:55.368095,f0:8c:fb:81:67:99,xNonex,OPN,-40,13,Fiberhom,Fiber,14.697808,121.0945
2018-05-10 13:17:55,2018-05-08 13:23:52.346142,88:d2:74:86:b7:c4,bayanDSLWIFI_B7C4,WPA2/WPA,-82,1,Zte,Broadband,14.69795,121.094862
2018-05-10 13:30:38,2018-05-08 13:36:35.990015,50:04:b8:7e:1d:fc,B315_E1DFC,WPA2/WPA,-54,5,HuaweiTe,Unidentified,14.697778,121.094627
2018-04-30 12:08:24,2018-04-24 15:45:04.741323,88:d2:74:86:bd:3a,xNonex,WPA2/WPA,-79,1,Zte,Unidentified,14.698025,121.094985
2018-05-08 13:37:18,2018-05-08 05:37:19.633835,98:de:d0:ee:0a:36,xNonex,WPA2,-45,8,Tp-LinkT,Unidentified,14.698138,121.095123
2018-05-08 13:37:28,2018-05-08 05:37:29.338238,00:26:75:f4:71:39,bayanDSLWiFi,WPA2/WPA,-56,2,AztechEl,Broadband,14.698185,121.095278
2018-05-08 14:21:21,2018-05-08 06:21:21.987601,d0:65:ca:b7:1c:61,Thea tababoy,WPA2,-63,6,HuaweiTe,Unidentified,14.698155,121.0949
2018-05-08 16:37:13,2018-05-08 08:37:14.052475,70:4f:57:f6:94:b6,TP-Link_94B6,WPA2,-64,3,Tp-LinkT,Unidentified,14.698102,121.095117
2018-05-09 11:48:10,2018-05-08 09:25:09.515392,70:4f:57:36:5c:10,JMC,WPA2,-43,1,Tp-LinkT,Unidentified,14.698172,121.095098
2018-05-10 13:30:26,2018-05-08 13:36:23.510854,90:61:0c:35:89:3d,*Things I Love Shoppe*,WPA2/WPA,-88,10,FidaInte,Unidentified,14.698083,121.095012
2018-04-30 12:08:50,2018-04-24 15:45:30.211755,5c:f2:86:2d:c1:53,Globe_LTE MIFI_C153,WPA2/WPA,-70,8,IeeeRegi,Hotspot,14.697353,121.094302
2018-05-08 13:22:09,2018-05-08 05:22:10.405789,8c:4c:ad:07:16:dd,Smart_Bro_0716DD,WPA2,-80,8,Evoluzn,Unidentified,14.69751,121.09418
2018-05-08 14:06:06,2018-05-08 06:06:06.933696,90:61:0c:41:16:27,RootBeer,WPA2/WPA,-82,1,FidaInte,Unidentified,14.697628,121.094383
2018-05-08 14:14:45,2018-05-08 06:14:46.648293,c4:ff:1f:57:d7:30,HUAWEI-e9fV,WPA2/WPA,-80,2,HuaweiTe,Unidentified,14.697605,121.094357
2018-05-08 14:34:34,2018-05-08 06:34:35.142917,c4:ff:1f:57:30:6c,wifikolang,WPA2/WPA,-72,11,HuaweiTe,Unidentified,14.697393,121.094103
2018-05-08 14:48:24,2018-05-08 06:48:25.194936,48:fd:8e:ce:39:8c,HUAWEI-K2A2,WPA2/WPA,-86,5,HuaweiTe,Unidentified,14.697682,121.094283
2018-05-08 14:48:26,2018-05-08 06:48:27.300983,94:46:96:1d:43:ea,....,WPA2/WPA,-64,7,Baudtec,Unidentified,14.697612,121.094228
2018-05-08 15:58:08,2018-05-08 07:58:09.863365,88:d2:74:86:b3:43,bayanDSLWIFI_B343,WPA2/WPA,-58,10,Zte,Broadband,14.697377,121.094187
2018-05-08 16:31:53,2018-05-08 08:31:53.789492,cc:06:77:d8:01:28,PLDTHOMEFIBR80128,WPA2/WPA,-58,10,Fiberhom,Fiber,14.697308,121.09396
2018-05-08 15:58:17,2018-05-08 07:58:18.481767,c4:ff:1f:55:f2:18,HUAWEI-59Dy,WPA2/WPA,-70,4,HuaweiTe,Unidentified,14.697342,121.094102
2018-05-09 12:23:25,2018-05-08 10:00:23.826632,00:1f:fb:b8:16:81,misha_wifi,WPA2,-78,10,GreenPac,Mobile broadband,14.697602,121.094325
2018-05-09 12:23:25,2018-05-08 10:00:24.069176,6c:3b:6b:ca:40:80,Zeno Gaming,WPA2/WPA,-85,11,Routerbo,Unidentified,14.697602,121.094325
2018-05-09 12:29:24,2018-05-08 10:06:23.393498,b0:e1:7e:08:59:f5,HUAWEI-59F5,WPA2,-76,1,HuaweiTe,Unidentified,14.69732,121.094007
2018-05-09 12:42:42,2018-05-08 10:19:41.333150,c4:ff:1f:57:ec:38,HUAWEI-2t4k,WPA2/WPA,-53,2,HuaweiTe,Unidentified,14.697402,121.094162
2018-05-09 12:42:43,2018-05-08 10:19:41.781221,50:68:0a:68:6a:71,HUAWEI-E5330-6A71,WPA2,-85,4,HuaweiTe,Hotspot,14.697427,121.094197
2018-05-09 13:18:24,2018-05-08 10:24:49.580492,74:cc:39:88:90:10,PLDTHOMEFIBR89010,WPA2/WPA,-64,8,Fiberhom,Fiber,14.697542,121.093982
2018-05-09 13:27:34,2018-05-08 10:33:59.164749,90:61:0c:12:af:c4,Bawal Kayo Dito,WPA2/WPA,-70,11,FidaInte,Unidentified,14.697477,121.094362
2018-05-09 14:29:58,2018-05-08 11:36:23.488885,8c:eb:c6:ae:77:eb,Garry,WPA2/WPA,-79,11,HuaweiTe,Unidentified,14.697637,121.0942
2018-05-09 13:50:06,2018-05-08 10:56:31.321376,00:13:33:d0:76:f2,PLDTHOMEDSLMakMak0021,WPA2/WPA,-88,11,Baudtec,Broadband,14.697312,121.094025
2018-05-09 14:29:36,2018-05-08 11:36:01.344638,bc:c0:0f:be:75:f8,xNonex,WPA2/WPA,-86,8,Fiberhom,Fiber,14.697622,121.09421
2018-05-09 15:05:49,2018-05-08 11:49:02.741207,3c:78:43:63:b2:44,HUAWEI-3C7v,WPA2/WPA,-74,2,HuaweiTe,Unidentified,14.697553,121.094127
2018-05-10 12:58:10,2018-05-08 13:04:07.597198,60:31:97:11:51:cd,PLDTMyDSLBiz51CC0,WPA2/WPA,-69,10,ZyxelCom,Broadband,14.697568,121.094303
2018-05-10 12:58:17,2018-05-08 13:04:14.358863,bc:c0:0f:20:63:68,PLDTHOMEFIBR06368,WPA2/WPA,-74,13,Fiberhom,Fiber,14.69766,121.094367
2018-05-10 11:52:10,2018-05-08 11:58:07.755707,00:1f:fb:b2:8d:89,HomeBro_ULTERA,WPA2,-70,1,GreenPac,Mobile broadband,14.697535,121.093975
2018-05-10 13:09:05,2018-05-08 13:15:02.935502,b0:55:08:2d:c4:5b,HUAWEI-C45B,WPA2,-61,1,HuaweiTe,Unidentified,14.69747,121.094257
2018-05-08 14:06:10,2018-05-08 06:06:10.933799,90:61:0c:2f:3a:ad,PLDTHOMEDSL15021,WPA2/WPA,-57,8,FidaInte,Broadband,14.697688,121.094517
2018-05-08 15:19:36,2018-05-08 07:19:37.455979,bc:3f:8f:d5:3e:8c,Slow Connection...,WPA2/WPA,-82,1,HuaweiTe,Unidentified,14.69754,121.094435
2018-05-10 11:52:35,2018-05-08 11:58:31.943486,20:54:fa:35:26:ab,Pecson,WPA2/WPA,-51,5,HuaweiTe,Unidentified,14.69767,121.09446
 
Wigle DB,21
Last Updt,Last Time,MAC,SSID,Encryption,Channel,Latitude,Longitude
2017-06-09 13:00:00,2017-06-09 13:00:00,b4:5d:50:38:68:b1,@AyalaMalls_GoWiFi,unknown,36,14.70270157,121.09915924
2017-06-09 13:00:00,2017-06-09 13:00:00,b4:5d:50:38:68:b4,@GoWiFi_Auto,unknown,36,14.70270157,121.09915924
2017-06-09 13:00:00,2017-06-09 13:00:00,b4:5d:50:38:68:b6,YTFanfest,wpa2,36,14.70270157,121.09915924
2017-06-09 13:00:00,2017-06-09 13:00:00,b4:5d:50:38:6d:73,None,unknown,255,14.70270157,121.09915924
2017-06-09 13:00:00,2017-06-09 13:00:00,b4:5d:50:38:6d:75,None,unknown,255,14.70270157,121.09915924
2017-06-09 13:00:00,2017-06-09 13:00:00,b4:5d:50:38:6d:78,YTFanfest,wpa2,255,14.70270157,121.09915924
2017-06-09 13:00:00,2017-06-09 13:00:00,b4:5d:50:38:68:b3,None,unknown,36,14.70270157,121.09915924
2017-06-09 13:00:00,2017-06-09 13:00:00,b4:5d:50:38:68:b5,None,unknown,36,14.70270157,121.09915924
2017-06-09 13:00:00,2017-06-09 13:00:00,5c:f2:86:22:67:b0,BROADWAY917,wpa2,7,14.70270157,121.09915924
2017-06-09 13:00:00,2017-06-09 13:00:00,b4:5d:50:38:68:b0,None,unknown,36,14.70270157,121.09915924
2017-06-09 13:00:00,2017-06-09 13:00:00,b4:5d:50:38:6d:77,@AyalaMalls_GoWiFi,unknown,255,14.70270157,121.09915924
2017-06-09 13:00:00,2017-06-09 13:00:00,90:61:0c:17:32:03,Bayo_Trinoma,wpa2,11,14.70270157,121.09915924
2017-06-09 13:00:00,2017-06-09 13:00:00,00:26:75:e9:a3:54,Juego_Tri,wpa,7,14.70270157,121.09915924
2017-06-09 13:00:00,2017-06-09 13:00:00,90:61:0c:1d:e1:6f,Elite Garments,wpa2,11,14.70270157,121.09915924
2017-06-09 13:00:00,2017-06-09 13:00:00,00:26:75:ea:ed:34,Figaro,wpa,4,14.70270157,121.09915924
2017-06-09 13:00:00,2017-06-09 13:00:00,b4:5d:50:38:68:b2,None,unknown,36,14.70270157,121.09915924
2017-06-09 13:00:00,2017-06-09 13:00:00,b4:5d:50:38:6d:74,@GoWiFi_Auto,unknown,255,14.70270157,121.09915924
2017-06-09 13:00:00,2017-06-09 13:00:00,b4:5d:50:38:6d:72,None,unknown,255,14.70270157,121.09915924
2017-06-09 13:00:00,2017-06-09 13:00:00,b4:5d:50:38:6d:76,None,unknown,255,14.70270157,121.09915924
2016-03-16 06:00:00,2016-03-16 06:00:00,00:13:33:ce:e2:43,PLDTHOMEDSLNALZARO,wpa2,11,14.7000761,121.09123993
2015-07-26 08:00:00,2015-02-16 14:00:00,aa:a6:68:21:a6:ab,V23XCE_01,wpa2,13,14.70133972,121.09580231
