{"success":true,"totalResults":2103,"search_after":37035788,"first":1,"last":100,"resultCount":100,"results":[{"trilat":14.64684199999999947294782032258808612823486328125,"trilong":121.060104370000004792018444277346134185791015625,"ssid":"HUAWEI-E5220-35db","qos":0,"transid":"20150808-00000","firsttime":"2015-08-07T17:00:00.000Z","lasttime":"2015-08-08T09:00:00.000Z","lastupdt":"2015-08-08T09:00:00.000Z","housenumber":null,"road":null,"city":null,"region":null,"country":null,"netid":"50:9F:27:DB:35:DB","name":null,"type":"infra","comment":null,"wep":"2","channel":6,"bcninterval":0,"freenet":"?","dhcp":"?","paynet":"?","userfound":false,"encryption":"wpa2"},{"trilat":14.6472082100000005056017471360974013805389404296875,"trilong":121.0578308099999986779948812909424304962158203125,"ssid":"HUAWEI-E5220-1480","qos":0,"transid":"20141230-00000","firsttime":"2014-12-01T22:00:00.000Z","lasttime":"2014-12-30T04:00:00.000Z","lastupdt":"2015-07-26T00:00:00.000Z","housenumber":null,"road":null,"city":null,"region":null,"country":null,"netid":"50:9F:27:D5:14:80","name":null,"type":"infra","comment":null,"wep":"2","channel":6,"bcninterval":0,"freenet":"?","dhcp":"?","paynet":"?","userfound":false,"encryption":"wpa2"},{"trilat":14.6465005900000004857020030613057315349578857421875,"trilong":121.059021000000001322405296377837657928466796875,"ssid":"OPPO A37f","qos":0,"transid":"20170729-00000","firsttime":"2017-07-16T19:00:00.000Z","lasttime":"2017-07-29T13:00:00.000Z","lastupdt":"2017-07-29T13:00:00.000Z","housenumber":"","road":"Maginhawa","city":"","region":"","country":"PH","netid":"4C:1A:3D:22:A1:49","name":null,"type":"infra","comment":null,"wep":"W","channel":6,"bcninterval":0,"freenet":"?","dhcp":"?","paynet":"?","userfound":false,"encryption":"wpa"},{"trilat":14.6470079399999999480996848433278501033782958984375,"trilong":121.0599060100000059492231230251491069793701171875,"ssid":"Pretty Fly for a Wifi","qos":0,"transid":"20140922-00000","firsttime":"2014-09-22T20:00:00.000Z","lasttime":"2014-09-22T08:00:00.000Z","lastupdt":"2015-07-26T00:00:00.000Z","housenumber":null,"road":null,"city":null,"region":null,"country":null,"netid":"3A:0F:4A:BD:AC:65","name":null,"type":"infra","comment":null,"wep":"2","channel":1,"bcninterval":0,"freenet":"?","dhcp":"?","paynet":"?","userfound":false,"encryption":"wpa2"},{"trilat":14.6468582200000003723516783793456852436065673828125,"trilong":121.0580978400000020656079868786036968231201171875,"ssid":"FHE SANTOS 530","qos":0,"transid":"20170729-00000","firsttime":"2017-07-16T19:00:00.000Z","lasttime":"2017-07-29T13:00:00.000Z","lastupdt":"2017-07-29T13:00:00.000Z","housenumber":"79","road":"Maginhawa","city":"","region":"","country":"PH","netid":"50:9F:27:94:BB:13","name":null,"type":"infra","comment":null,"wep":"2","channel":6,"bcninterval":0,"freenet":"?","dhcp":"?","paynet":"?","userfound":false,"encryption":"wpa2"},{"trilat":14.646665569999999689798642066307365894317626953125,"trilong":121.058296200000000908403308130800724029541015625,"ssid":"#WestWoodph","qos":1,"transid":"20160907-00000","firsttime":"2016-09-03T21:00:00.000Z","lasttime":"2017-04-04T04:00:00.000Z","lastupdt":"2017-04-04T04:00:00.000Z","housenumber":null,"road":null,"city":null,"region":null,"country":null,"netid":"38:D8:2F:2B:CD:30","name":null,"type":"infra","comment":null,"wep":"2","channel":6,"bcninterval":0,"freenet":"?","dhcp":"?","paynet":"?","userfound":false,"encryption":"wpa2"},{"trilat":14.6428613700000003206014298484660685062408447265625,"trilong":121.0595016500000014048055163584649562835693359375,"ssid":"bayanDSLWiFi_EBC4","qos":0,"transid":"20161206-00000","firsttime":"2016-12-04T20:00:00.000Z","lasttime":"2016-12-06T07:00:00.000Z","lastupdt":"2016-12-06T07:00:00.000Z","housenumber":null,"road":null,"city":null,"region":null,"country":null,"netid":"38:D8:2F:2B:EB:C4","name":null,"type":"infra","comment":null,"wep":"2","channel":1,"bcninterval":0,"freenet":"?","dhcp":"?","paynet":"?","userfound":false,"encryption":"wpa2"},{"trilat":14.642686839999999648398443241603672504425048828125,"trilong":121.0573959400000063624247559346258640289306640625,"ssid":"Little India","qos":0,"transid":"20161206-00000","firsttime":"2016-12-04T20:00:00.000Z","lasttime":"2016-12-06T07:00:00.000Z","lastupdt":"2016-12-06T07:00:00.000Z","housenumber":null,"road":null,"city":null,"region":null,"country":null,"netid":"38:D8:2F:22:85:EC","name":null,"type":"infra","comment":null,"wep":"2","channel":1,"bcninterval":0,"freenet":"?","dhcp":"?","paynet":"?","userfound":false,"encryption":"wpa2"},{"trilat":14.6443290699999995041480360669083893299102783203125,"trilong":121.06099700999999413397745229303836822509765625,"ssid":"bayanDSL","qos":0,"transid":"20130309-00000","firsttime":"2013-03-09T18:00:00.000Z","lasttime":"2013-03-11T16:00:00.000Z","lastupdt":"2013-03-11T14:00:00.000Z","housenumber":null,"road":null,"city":null,"region":"Metro Manila","country":"PH","netid":"4C:09:B4:A3:51:61","name":null,"type":"infra","comment":null,"wep":"W","channel":1,"bcninterval":0,"freenet":"?","dhcp":"?","paynet":"?","userfound":false,"encryption":"wpa"},{"trilat":14.644563670000000144000296131707727909088134765625,"trilong":121.0610427900000019008075469173491001129150390625,"ssid":"PLDTMyDSL1","qos":2,"transid":"20130209-00000","firsttime":"2013-02-09T20:00:00.000Z","lasttime":"2013-10-30T05:00:00.000Z","lastupdt":"2013-10-30T03:00:00.000Z","housenumber":null,"road":null,"city":null,"region":"Metro Manila","country":"PH","netid":"CC:5D:4E:94:71:C4","name":null,"type":"infra","comment":null,"wep":"2","channel":11,"bcninterval":0,"freenet":"?","dhcp":"?","paynet":"?","userfound":false,"encryption":"wpa2"},{"trilat":14.647073750000000558202373213134706020355224609375,"trilong":121.060119630000002644010237418115139007568359375,"ssid":"PLDTMyDSLnote24","qos":0,"transid":"20130222-00000","firsttime":"2001-01-01T07:00:00.000Z","lasttime":"2013-02-22T10:00:00.000Z","lastupdt":"2013-02-22T08:00:00.000Z","housenumber":null,"road":null,"city":null,"region":"Metro Manila","country":"PH","netid":"CC:5D:4E:94:88:88","name":null,"type":"infra","comment":null,"wep":"2","channel":11,"bcninterval":0,"freenet":"?","dhcp":"?","paynet":"?","userfound":false,"encryption":"wpa2"},{"trilat":14.6456518199999994322979546268470585346221923828125,"trilong":121.0572891199999929767727735452353954315185546875,"ssid":"PLDTMyDSLRSCTaylor","qos":0,"transid":"20130309-00000","firsttime":"2013-03-09T20:00:00.000Z","lasttime":"2013-03-11T16:00:00.000Z","lastupdt":"2013-03-11T14:00:00.000Z","housenumber":null,"road":null,"city":null,"region":"Metro Manila","country":"PH","netid":"CC:5D:4E:94:98:F0","name":null,"type":"infra","comment":null,"wep":"2","channel":11,"bcninterval":0,"freenet":"?","dhcp":"?","paynet":"?","userfound":false,"encryption":"wpa2"},{"trilat":14.645957949999999669898897991515696048736572265625,"trilong":121.061149599999993142773746512830257415771484375,"ssid":"chefjayhizon","qos":0,"transid":"20140817-00000","firsttime":"2014-08-16T18:00:00.000Z","lasttime":"2014-08-17T06:00:00.000Z","lastupdt":"2015-07-26T00:00:00.000Z","housenumber":null,"road":null,"city":null,"region":null,"country":null,"netid":"CC:3A:61:E2:43:E8","name":null,"type":"infra","comment":null,"wep":"2","channel":6,"bcninterval":0,"freenet":"?","dhcp":"?","paynet":"?","userfound":false,"encryption":"wpa2"},{"trilat":14.6462917299999997311488186824135482311248779296875,"trilong":121.059555050000000164800439961254596710205078125,"ssid":null,"qos":2,"transid":"20170609-00000","firsttime":"2017-06-03T18:00:00.000Z","lasttime":"2017-07-29T13:00:00.000Z","lastupdt":"2017-07-29T13:00:00.000Z","housenumber":"","road":"Maginhawa","city":"","region":"","country":"PH","netid":"4C:60:DE:D0:03:EC","name":null,"type":"infra","comment":null,"wep":"2","channel":2,"bcninterval":0,"freenet":"?","dhcp":"?","paynet":"?","userfound":false,"encryption":"wpa2"},{"trilat":14.6458463699999992257971825893037021160125732421875,"trilong":121.059844970000000330401235260069370269775390625,"ssid":"AndroidAP","qos":1,"transid":"20150120-00000","firsttime":"2015-01-10T18:00:00.000Z","lasttime":"2015-01-21T20:00:00.000Z","lastupdt":"2015-07-26T00:00:00.000Z","housenumber":null,"road":null,"city":null,"region":null,"country":null,"netid":"CC:3A:61:A0:55:93","name":null,"type":"infra","comment":null,"wep":"2","channel":6,"bcninterval":0,"freenet":"?","dhcp":"?","paynet":"?","userfound":false,"encryption":"wpa2"},{"trilat":14.6471891400000000516001819050870835781097412109375,"trilong":121.0575408899999985123940859921276569366455078125,"ssid":"fab moms","qos":0,"transid":"20130917-00000","firsttime":"2013-09-17T19:00:00.000Z","lasttime":"2013-09-17T06:00:00.000Z","lastupdt":"2013-09-17T04:00:00.000Z","housenumber":null,"road":null,"city":null,"region":"Metro Manila","country":"PH","netid":"CC:3A:61:43:FC:66","name":null,"type":"infra","comment":null,"wep":"2","channel":6,"bcninterval":0,"freenet":"?","dhcp":"?","paynet":"?","userfound":false,"encryption":"wpa2"},{"trilat":14.6466598500000007021526471362449228763580322265625,"trilong":121.0585022000000066100255935452878475189208984375,"ssid":"PNRBRUDU","qos":0,"transid":"20170729-00000","firsttime":"2017-07-16T19:00:00.000Z","lasttime":"2017-07-29T13:00:00.000Z","lastupdt":"2017-07-29T13:00:00.000Z","housenumber":"85","road":"Maginhawa","city":"","region":"","country":"PH","netid":"4C:81:20:F3:97:9B","name":null,"type":"infra","comment":null,"wep":"2","channel":5,"bcninterval":0,"freenet":"?","dhcp":"?","paynet":"?","userfound":false,"encryption":"wpa2"},{"trilat":14.645921709999999649198798579163849353790283203125,"trilong":121.057518009999995456382748670876026153564453125,"ssid":"PLDTHOMEFIBR_813648","qos":0,"transid":"20160227-00000","firsttime":"2016-02-13T21:00:00.000Z","lasttime":"2016-02-27T07:00:00.000Z","lastupdt":"2016-02-27T07:00:00.000Z","housenumber":null,"road":null,"city":null,"region":null,"country":null,"netid":"F0:8C:FB:81:36:48","name":null,"type":"infra","comment":null,"wep":"2","channel":9,"bcninterval":0,"freenet":"?","dhcp":"?","paynet":"?","userfound":false,"encryption":"wpa2"},{"trilat":14.6410617799999993593473845976404845714569091796875,"trilong":121.0576782199999996691985870711505413055419921875,"ssid":"ONOS_xperia","qos":0,"transid":"20150812-00000","firsttime":"2001-01-01T08:00:00.000Z","lasttime":"2015-08-12T07:00:00.000Z","lastupdt":"2015-08-12T07:00:00.000Z","housenumber":null,"road":null,"city":null,"region":null,"country":null,"netid":"4E:21:D0:D5:8B:96","name":null,"type":"infra","comment":null,"wep":"2","channel":1,"bcninterval":0,"freenet":"?","dhcp":"?","paynet":"?","userfound":false,"encryption":"wpa2"},{"trilat":14.644951819999999287347236531786620616912841796875,"trilong":121.061233520000001817606971599161624908447265625,"ssid":"Trebor's MacBook Pro","qos":0,"transid":"20130419-00000","firsttime":"2013-04-18T20:00:00.000Z","lasttime":"2013-04-19T08:00:00.000Z","lastupdt":"2013-04-19T06:00:00.000Z","housenumber":null,"road":null,"city":null,"region":"Metro Manila","country":"PH","netid":"4C:8D:79:D8:2D:88","name":null,"type":"infra","comment":null,"wep":"2","channel":11,"bcninterval":0,"freenet":"?","dhcp":"?","paynet":"?","userfound":false,"encryption":"wpa2"},{"trilat":14.646068570000000619302227278240025043487548828125,"trilong":121.0606689499999930603735265322029590606689453125,"ssid":"AndroidAP.","qos":1,"transid":"20150216-00000","firsttime":"2015-02-11T16:00:00.000Z","lasttime":"2015-02-16T06:00:00.000Z","lastupdt":"2015-07-26T00:00:00.000Z","housenumber":null,"road":null,"city":null,"region":null,"country":null,"netid":"C4:62:EA:86:70:9B","name":null,"type":"infra","comment":null,"wep":"2","channel":6,"bcninterval":0,"freenet":"?","dhcp":"?","paynet":"?","userfound":false,"encryption":"wpa2"},{"trilat":14.6427431099999996177984940004535019397735595703125,"trilong":121.05831908999999768639099784195423126220703125,"ssid":"LENOVO-PC_Network","qos":0,"transid":"20130309-00000","firsttime":"2013-03-09T20:00:00.000Z","lasttime":"2013-03-11T16:00:00.000Z","lastupdt":"2013-03-11T14:00:00.000Z","housenumber":null,"road":null,"city":null,"region":"Metro Manila","country":"PH","netid":"4C:E6:76:04:97:90","name":null,"type":"infra","comment":null,"wep":"2","channel":6,"bcninterval":0,"freenet":"?","dhcp":"?","paynet":"?","userfound":false,"encryption":"wpa2"},{"trilat":14.6427354800000006918025974300689995288848876953125,"trilong":121.058296200000000908403308130800724029541015625,"ssid":"4CE676049790-G-MIX","qos":0,"transid":"20130309-00000","firsttime":"2013-03-09T20:00:00.000Z","lasttime":"2013-03-11T16:00:00.000Z","lastupdt":"2013-03-11T14:00:00.000Z","housenumber":null,"road":null,"city":null,"region":"Metro Manila","country":"PH","netid":"4C:E6:76:04:97:94","name":null,"type":"infra","comment":null,"wep":"Y","channel":6,"bcninterval":0,"freenet":"?","dhcp":"?","paynet":"?","userfound":false,"encryption":"wep"},{"trilat":14.6472072600000000619502316112630069255828857421875,"trilong":121.057731630000006362024578265845775604248046875,"ssid":"HUAWEI-E5330-7039","qos":0,"transid":"20170404-00000","firsttime":"2017-03-31T19:00:00.000Z","lasttime":"2017-04-04T04:00:00.000Z","lastupdt":"2017-04-04T04:00:00.000Z","housenumber":null,"road":null,"city":null,"region":null,"country":null,"netid":"50:68:0A:68:70:39","name":null,"type":"infra","comment":null,"wep":"2","channel":3,"bcninterval":0,"freenet":"?","dhcp":"?","paynet":"?","userfound":false,"encryption":"wpa2"},{"trilat":14.6469249700000005987021722830832004547119140625,"trilong":121.05776978000000099200406111776828765869140625,"ssid":"HUAWEI-E5330-8DA3","qos":0,"transid":"20160604-00000","firsttime":"2016-05-27T19:00:00.000Z","lasttime":"2016-06-04T16:00:00.000Z","lastupdt":"2016-06-04T16:00:00.000Z","housenumber":null,"road":null,"city":null,"region":null,"country":null,"netid":"50:68:0A:BF:8D:A3","name":null,"type":"infra","comment":null,"wep":"2","channel":3,"bcninterval":0,"freenet":"?","dhcp":"?","paynet":"?","userfound":false,"encryption":"wpa2"},{"trilat":14.6464414600000001343005351372994482517242431640625,"trilong":121.05863952999999355597537942230701446533203125,"ssid":"HUAWEI-E5330-9CD7","qos":0,"transid":"20160907-00000","firsttime":"2016-09-03T21:00:00.000Z","lasttime":"2016-09-07T19:00:00.000Z","lastupdt":"2016-09-07T19:00:00.000Z","housenumber":null,"road":null,"city":null,"region":null,"country":null,"netid":"50:68:0A:A0:9C:D7","name":null,"type":"infra","comment":null,"wep":"2","channel":11,"bcninterval":0,"freenet":"?","dhcp":"?","paynet":"?","userfound":false,"encryption":"wpa2"},{"trilat":14.6461334199999999583496901323087513446807861328125,"trilong":121.0601806600000003300010575912892818450927734375,"ssid":"Cheesering","qos":0,"transid":"20170715-00000","firsttime":"2017-07-15T16:00:00.000Z","lasttime":"2017-07-15T01:00:00.000Z","lastupdt":"2017-07-15T01:00:00.000Z","housenumber":"","road":"Maginhawa","city":"","region":"","country":"PH","netid":"50:68:0A:BD:69:1E","name":null,"type":"infra","comment":null,"wep":"2","channel":9,"bcninterval":0,"freenet":"?","dhcp":"?","paynet":"?","userfound":false,"encryption":"wpa2"},{"trilat":14.6468133900000001546004568808712065219879150390625,"trilong":121.061203000000006113623385317623615264892578125,"ssid":"HUAWEI-3593","qos":0,"transid":"20170303-00000","firsttime":"2017-03-03T20:00:00.000Z","lasttime":"2017-03-03T07:00:00.000Z","lastupdt":"2017-03-03T07:00:00.000Z","housenumber":null,"road":null,"city":null,"region":null,"country":null,"netid":"F4:CB:52:B1:35:93","name":null,"type":"infra","comment":null,"wep":"2","channel":5,"bcninterval":0,"freenet":"?","dhcp":"?","paynet":"?","userfound":false,"encryption":"wpa2"},{"trilat":14.641104699999999638748704455792903900146484375,"trilong":121.0598525999999992563971318304538726806640625,"ssid":"PLDTMyDSL","qos":0,"transid":"20131130-00000","firsttime":"2013-11-30T13:00:00.000Z","lasttime":"2013-11-30T01:00:00.000Z","lastupdt":"2013-11-29T23:00:00.000Z","housenumber":null,"road":null,"city":null,"region":"Metro Manila","country":"PH","netid":"50:67:F0:83:31:C1","name":null,"type":"infra","comment":null,"wep":"Y","channel":11,"bcninterval":0,"freenet":"?","dhcp":"?","paynet":"?","userfound":false,"encryption":"wep"},{"trilat":14.64668941000000046415152610279619693756103515625,"trilong":121.0585250900000033880132832564413547515869140625,"ssid":"AndroidAP","qos":0,"transid":"20150120-00000","firsttime":"2015-01-11T20:00:00.000Z","lasttime":"2015-01-21T20:00:00.000Z","lastupdt":"2015-07-26T00:00:00.000Z","housenumber":null,"road":null,"city":null,"region":null,"country":null,"netid":"50:32:75:47:84:B8","name":null,"type":"infra","comment":null,"wep":"2","channel":6,"bcninterval":0,"freenet":"?","dhcp":"?","paynet":"?","userfound":false,"encryption":"wpa2"},{"trilat":14.6461152999999999479996404261328279972076416015625,"trilong":121.0600585899999970251883496530354022979736328125,"ssid":"Serendipity","qos":0,"transid":"20150120-00000","firsttime":"2015-01-10T18:00:00.000Z","lasttime":"2015-01-21T20:00:00.000Z","lastupdt":"2015-07-26T00:00:00.000Z","housenumber":null,"road":null,"city":null,"region":null,"country":null,"netid":"F8:01:13:80:43:B0","name":null,"type":"infra","comment":null,"wep":"2","channel":6,"bcninterval":0,"freenet":"?","dhcp":"?","paynet":"?","userfound":false,"encryption":"wpa2"},{"trilat":14.646657940000000763802745495922863483428955078125,"trilong":121.0593261700000056180215324275195598602294921875,"ssid":"naughtynachos","qos":0,"transid":"20160907-00000","firsttime":"2016-09-03T21:00:00.000Z","lasttime":"2016-09-07T19:00:00.000Z","lastupdt":"2016-09-07T19:00:00.000Z","housenumber":null,"road":null,"city":null,"region":null,"country":null,"netid":"70:5A:9E:64:5D:7E","name":null,"type":"infra","comment":null,"wep":"2","channel":1,"bcninterval":0,"freenet":"?","dhcp":"?","paynet":"?","userfound":false,"encryption":"wpa2"},{"trilat":14.6461963700000001864509613369591534137725830078125,"trilong":121.059944150000006857226253487169742584228515625,"ssid":"SKYbroadband6FF1","qos":2,"transid":"20170609-00000","firsttime":"2017-06-03T18:00:00.000Z","lasttime":"2017-07-29T13:00:00.000Z","lastupdt":"2017-07-29T13:00:00.000Z","housenumber":"","road":"Maginhawa","city":"","region":"","country":"PH","netid":"70:5A:9E:92:6F:F4","name":null,"type":"infra","comment":null,"wep":"2","channel":12,"bcninterval":0,"freenet":"?","dhcp":"?","paynet":"?","userfound":false,"encryption":"wpa2"},{"trilat":14.64687823999999949364791973493993282318115234375,"trilong":121.0609817499999962819856591522693634033203125,"ssid":"bayanDSLWiFi_1090","qos":0,"transid":"20150726-00000","firsttime":"2015-04-27T15:00:00.000Z","lasttime":"2015-07-26T00:00:00.000Z","lastupdt":"2015-07-26T00:00:00.000Z","housenumber":null,"road":null,"city":null,"region":null,"country":null,"netid":"70:9F:2D:A0:10:90","name":null,"type":"infra","comment":null,"wep":"2","channel":10,"bcninterval":0,"freenet":"?","dhcp":"?","paynet":"?","userfound":false,"encryption":"wpa2"},{"trilat":14.647200579999999803249011165462434291839599609375,"trilong":121.0579452500000030568116926588118076324462890625,"ssid":"bayanDSLWiFi_2E58","qos":1,"transid":"20150726-00000","firsttime":"2015-04-27T15:00:00.000Z","lasttime":"2015-07-26T00:00:00.000Z","lastupdt":"2015-07-26T00:00:00.000Z","housenumber":null,"road":null,"city":null,"region":null,"country":null,"netid":"70:9F:2D:A0:2E:58","name":null,"type":"infra","comment":null,"wep":"2","channel":1,"bcninterval":0,"freenet":"?","dhcp":"?","paynet":"?","userfound":false,"encryption":"wpa2"},{"trilat":14.64624500000000040245140553452074527740478515625,"trilong":121.0600128199999971911893226206302642822265625,"ssid":"grandwinner","qos":0,"transid":"20170729-00000","firsttime":"2017-07-16T19:00:00.000Z","lasttime":"2017-07-29T13:00:00.000Z","lastupdt":"2017-07-29T13:00:00.000Z","housenumber":"","road":"Maginhawa","city":"","region":"","country":"PH","netid":"5C:F2:86:21:FA:F8","name":null,"type":"infra","comment":null,"wep":"2","channel":6,"bcninterval":0,"freenet":"?","dhcp":"?","paynet":"?","userfound":false,"encryption":"wpa2"},{"trilat":14.64683437000000054695192375220358371734619140625,"trilong":121.060943600000001652006176300346851348876953125,"ssid":"VirusDetected","qos":0,"transid":"20170715-00000","firsttime":"2017-07-15T16:00:00.000Z","lasttime":"2017-07-15T01:00:00.000Z","lastupdt":"2017-07-15T01:00:00.000Z","housenumber":"60","road":"Magiting","city":"","region":"","country":"PH","netid":"5C:F2:86:22:81:02","name":null,"type":"infra","comment":null,"wep":"2","channel":8,"bcninterval":0,"freenet":"?","dhcp":"?","paynet":"?","userfound":false,"encryption":"wpa2"},{"trilat":14.6468620299999994216477716690860688686370849609375,"trilong":121.061088560000001734806573949754238128662109375,"ssid":"lizdeguia","qos":0,"transid":"20160907-00000","firsttime":"2016-09-03T21:00:00.000Z","lasttime":"2016-09-07T19:00:00.000Z","lastupdt":"2016-09-07T19:00:00.000Z","housenumber":null,"road":null,"city":null,"region":null,"country":null,"netid":"5C:F2:86:25:7C:2B","name":null,"type":"infra","comment":null,"wep":"2","channel":7,"bcninterval":0,"freenet":"?","dhcp":"?","paynet":"?","userfound":false,"encryption":"wpa2"},{"trilat":14.6466674799999996281485437066294252872467041015625,"trilong":121.0591888400000044612170313484966754913330078125,"ssid":"Robelle Lyn?s iPhone","qos":0,"transid":"20170404-00000","firsttime":"2017-03-31T19:00:00.000Z","lasttime":"2017-04-04T04:00:00.000Z","lastupdt":"2017-04-04T04:00:00.000Z","housenumber":null,"road":null,"city":null,"region":null,"country":null,"netid":"72:70:0D:BC:09:C3","name":null,"type":"infra","comment":null,"wep":"2","channel":11,"bcninterval":0,"freenet":"?","dhcp":"?","paynet":"?","userfound":false,"encryption":"wpa2"},{"trilat":14.644635199999999741748979431577026844024658203125,"trilong":121.06041718000000173560692928731441497802734375,"ssid":"Rootkit64","qos":5,"transid":"20150120-00000","firsttime":"2015-01-10T18:00:00.000Z","lasttime":"2015-07-26T00:00:00.000Z","lastupdt":"2015-07-26T00:00:00.000Z","housenumber":null,"road":null,"city":null,"region":null,"country":null,"netid":"4A:CF:5E:47:9B:7E","name":null,"type":"infra","comment":null,"wep":"2","channel":11,"bcninterval":0,"freenet":"?","dhcp":"?","paynet":"?","userfound":false,"encryption":"wpa2"},{"trilat":14.6416559199999998241992216208018362522125244140625,"trilong":121.0611953699999929767727735452353954315185546875,"ssid":"HHC140","qos":0,"transid":"20170929-00000","firsttime":"2017-09-30T08:00:00.000Z","lasttime":"2017-09-29T18:00:00.000Z","lastupdt":"2017-09-29T18:00:00.000Z","housenumber":"","road":"Maginhawa","city":"","region":"","country":"PH","netid":"74:CC:39:87:C3:60","name":null,"type":"infra","comment":null,"wep":"2","channel":1,"bcninterval":0,"freenet":"?","dhcp":"?","paynet":"?","userfound":false,"encryption":"wpa2"},{"trilat":14.6466960900000007228527465485967695713043212890625,"trilong":121.0602951000000047088178689591586589813232421875,"ssid":"Anytime Fitness Maginhawa","qos":5,"transid":"20170303-00000","firsttime":"2017-03-03T19:00:00.000Z","lasttime":"2017-07-29T13:00:00.000Z","lastupdt":"2017-07-29T13:00:00.000Z","housenumber":"60","road":"Magiting","city":"","region":"","country":"PH","netid":"74:CC:39:BB:7E:50","name":null,"type":"infra","comment":null,"wep":"2","channel":6,"bcninterval":0,"freenet":"?","dhcp":"?","paynet":"?","userfound":false,"encryption":"wpa2"},{"trilat":14.6462726599999992771472534514032304286956787109375,"trilong":121.05986785999999710838892497122287750244140625,"ssid":"PLDTHOMEFIBR0f108","qos":1,"transid":"20170715-00000","firsttime":"2017-07-15T16:00:00.000Z","lasttime":"2017-07-29T13:00:00.000Z","lastupdt":"2017-07-29T13:00:00.000Z","housenumber":"","road":"Maginhawa","city":"","region":"","country":"PH","netid":"74:CC:39:C0:F1:08","name":null,"type":"infra","comment":null,"wep":"2","channel":9,"bcninterval":0,"freenet":"?","dhcp":"?","paynet":"?","userfound":false,"encryption":"wpa2"},{"trilat":14.6465978599999999687497620470821857452392578125,"trilong":121.05834960999999339037458412349224090576171875,"ssid":"saxxy","qos":0,"transid":"20170609-00000","firsttime":"2017-06-03T18:00:00.000Z","lasttime":"2017-06-09T05:00:00.000Z","lastupdt":"2017-06-09T05:00:00.000Z","housenumber":null,"road":null,"city":null,"region":null,"country":null,"netid":"44:74:6C:C2:9C:88","name":null,"type":"infra","comment":null,"wep":"2","channel":1,"bcninterval":0,"freenet":"?","dhcp":"?","paynet":"?","userfound":false,"encryption":"wpa2"},{"trilat":14.6463871000000001032503860187716782093048095703125,"trilong":121.0608215299999983471934683620929718017578125,"ssid":"PLDTMyDSLBizKBGNT","qos":0,"transid":"20161206-00000","firsttime":"2016-12-04T20:00:00.000Z","lasttime":"2016-12-06T07:00:00.000Z","lastupdt":"2016-12-06T07:00:00.000Z","housenumber":null,"road":null,"city":null,"region":null,"country":null,"netid":"60:31:97:13:9E:BF","name":null,"type":"infra","comment":null,"wep":"2","channel":4,"bcninterval":0,"freenet":"?","dhcp":"?","paynet":"?","userfound":false,"encryption":"wpa2"},{"trilat":14.646574019999999194396878010593354701995849609375,"trilong":121.06128692999999429957824759185314178466796875,"ssid":"AndroidAP","qos":1,"transid":"20130725-00000","firsttime":"2013-07-25T22:00:00.000Z","lasttime":"2013-07-28T01:00:00.000Z","lastupdt":"2013-07-27T23:00:00.000Z","housenumber":null,"road":null,"city":null,"region":"Metro Manila","country":"PH","netid":"50:32:75:B8:DD:AE","name":null,"type":"infra","comment":null,"wep":"2","channel":6,"bcninterval":0,"freenet":"?","dhcp":"?","paynet":"?","userfound":false,"encryption":"wpa2"},{"trilat":14.6467323300000007435528459609486162662506103515625,"trilong":121.05967712000000346961314789950847625732421875,"ssid":"bayanDSL","qos":5,"transid":"20130207-00000","firsttime":"2001-01-01T07:00:00.000Z","lasttime":"2013-06-21T06:00:00.000Z","lastupdt":"2013-06-21T04:00:00.000Z","housenumber":null,"road":null,"city":null,"region":"Metro Manila","country":"PH","netid":"4C:09:B4:A6:F3:B7","name":null,"type":"infra","comment":null,"wep":"W","channel":3,"bcninterval":0,"freenet":"?","dhcp":"?","paynet":"?","userfound":false,"encryption":"wpa"},{"trilat":14.6467447299999999899000613368116319179534912109375,"trilong":121.0574035599999973555895849131047725677490234375,"ssid":"jnv","qos":5,"transid":"20130316-00000","firsttime":"2013-03-15T23:00:00.000Z","lasttime":"2013-04-24T23:00:00.000Z","lastupdt":"2013-04-24T21:00:00.000Z","housenumber":null,"road":null,"city":null,"region":"Metro Manila","country":"PH","netid":"4C:09:B4:A7:2B:2F","name":null,"type":"infra","comment":null,"wep":"W","channel":11,"bcninterval":0,"freenet":"?","dhcp":"?","paynet":"?","userfound":false,"encryption":"wpa"},{"trilat":14.6428518299999996798987922375090420246124267578125,"trilong":121.0595245399999981827932060696184635162353515625,"ssid":"Dizon Bldg","qos":0,"transid":"20130309-00000","firsttime":"2013-03-09T20:00:00.000Z","lasttime":"2013-03-11T16:00:00.000Z","lastupdt":"2013-03-11T14:00:00.000Z","housenumber":null,"road":null,"city":null,"region":"Metro Manila","country":"PH","netid":"68:7F:74:86:D3:0A","name":null,"type":"infra","comment":null,"wep":"2","channel":9,"bcninterval":0,"freenet":"?","dhcp":"?","paynet":"?","userfound":false,"encryption":"wpa2"},{"trilat":14.64391421999999920444679446518421173095703125,"trilong":121.0601959199999981819928507320582866668701171875,"ssid":"IP SCANNER","qos":2,"transid":"20160522-00000","firsttime":"2001-01-01T08:00:00.000Z","lasttime":"2016-12-11T19:00:00.000Z","lastupdt":"2016-12-11T19:00:00.000Z","housenumber":null,"road":null,"city":null,"region":null,"country":null,"netid":"48:86:E8:81:4F:FE","name":null,"type":"infra","comment":null,"wep":"W","channel":11,"bcninterval":0,"freenet":"?","dhcp":"?","paynet":"?","userfound":false,"encryption":"wpa"},{"trilat":14.6466951400000002792012310237623751163482666015625,"trilong":121.0601120000000037180143408477306365966796875,"ssid":"Adrian?s iPhone 6","qos":0,"transid":"20150216-00000","firsttime":"2015-02-10T21:00:00.000Z","lasttime":"2015-02-16T06:00:00.000Z","lastupdt":"2015-07-26T00:00:00.000Z","housenumber":null,"road":null,"city":null,"region":null,"country":null,"netid":"6A:43:7C:1A:A8:7E","name":null,"type":"infra","comment":null,"wep":"2","channel":1,"bcninterval":0,"freenet":"?","dhcp":"?","paynet":"?","userfound":false,"encryption":"wpa2"},{"trilat":14.64510250000000013415046851150691509246826171875,"trilong":121.0610199000000051228198572061955928802490234375,"ssid":"Avengers","qos":5,"transid":"20130209-00000","firsttime":"2013-02-09T20:00:00.000Z","lasttime":"2013-10-30T05:00:00.000Z","lastupdt":"2013-10-30T03:00:00.000Z","housenumber":null,"road":null,"city":null,"region":"Metro Manila","country":"PH","netid":"4C:09:B4:A2:40:F1","name":null,"type":"infra","comment":null,"wep":"W","channel":2,"bcninterval":0,"freenet":"?","dhcp":"?","paynet":"?","userfound":false,"encryption":"wpa"},{"trilat":14.64683437000000054695192375220358371734619140625,"trilong":121.0596237200000047096182242967188358306884765625,"ssid":"bayanDSL","qos":5,"transid":"20130309-00000","firsttime":"2001-01-01T08:00:00.000Z","lasttime":"2013-06-21T06:00:00.000Z","lastupdt":"2013-06-21T04:00:00.000Z","housenumber":null,"road":null,"city":null,"region":"Metro Manila","country":"PH","netid":"4C:09:B4:A6:A8:FF","name":null,"type":"infra","comment":null,"wep":"W","channel":11,"bcninterval":0,"freenet":"?","dhcp":"?","paynet":"?","userfound":false,"encryption":"wpa"},{"trilat":14.64173888999999917359673418104648590087890625,"trilong":121.0611801099999951247809804044663906097412109375,"ssid":"bayanDSL","qos":0,"transid":"20130309-00000","firsttime":"2013-03-09T18:00:00.000Z","lasttime":"2013-03-11T16:00:00.000Z","lastupdt":"2013-03-11T14:00:00.000Z","housenumber":null,"road":null,"city":null,"region":"Metro Manila","country":"PH","netid":"4C:09:B4:A6:BE:73","name":null,"type":"infra","comment":null,"wep":"W","channel":1,"bcninterval":0,"freenet":"?","dhcp":"?","paynet":"?","userfound":false,"encryption":"wpa"},{"trilat":14.646730420000000805202944320626556873321533203125,"trilong":121.061264039999997521590557880699634552001953125,"ssid":"360-Degree-Flip","qos":5,"transid":"20130207-00000","firsttime":"2001-01-01T07:00:00.000Z","lasttime":"2015-08-08T09:00:00.000Z","lastupdt":"2015-08-08T09:00:00.000Z","housenumber":null,"road":null,"city":null,"region":"Metro Manila","country":"PH","netid":"4C:09:B4:A7:13:57","name":null,"type":"infra","comment":null,"wep":"W","channel":11,"bcninterval":0,"freenet":"?","dhcp":"?","paynet":"?","userfound":false,"encryption":"wpa"},{"trilat":14.6466178899999999174497133935801684856414794921875,"trilong":121.0596313500000036356141208671033382415771484375,"ssid":"Get Your Own Wifi","qos":5,"transid":"20130719-00000","firsttime":"2013-07-19T21:00:00.000Z","lasttime":"2017-03-03T07:00:00.000Z","lastupdt":"2017-03-03T07:00:00.000Z","housenumber":null,"road":null,"city":null,"region":"Metro Manila","country":"PH","netid":"6C:8B:2F:5D:42:D8","name":null,"type":"infra","comment":null,"wep":"2","channel":6,"bcninterval":0,"freenet":"?","dhcp":"?","paynet":"?","userfound":false,"encryption":"wpa2"},{"trilat":14.64664364000000063015249907039105892181396484375,"trilong":121.06015777999999727398972027003765106201171875,"ssid":"justin","qos":0,"transid":"20130924-00000","firsttime":"2013-09-22T15:00:00.000Z","lasttime":"2013-09-24T19:00:00.000Z","lastupdt":"2013-09-24T17:00:00.000Z","housenumber":null,"road":null,"city":null,"region":"Metro Manila","country":"PH","netid":"6C:8B:2F:5E:3E:5A","name":null,"type":"infra","comment":null,"wep":"2","channel":6,"bcninterval":0,"freenet":"?","dhcp":"?","paynet":"?","userfound":false,"encryption":"wpa2"},{"trilat":14.646741869999999607898644171655178070068359375,"trilong":121.0593490600000023960092221386730670928955078125,"ssid":"Pink Monster","qos":0,"transid":"20150726-00000","firsttime":"2015-02-27T19:00:00.000Z","lasttime":"2015-07-26T00:00:00.000Z","lastupdt":"2015-07-26T00:00:00.000Z","housenumber":null,"road":null,"city":null,"region":null,"country":null,"netid":"6C:8B:2F:B8:7D:3F","name":null,"type":"infra","comment":null,"wep":"2","channel":11,"bcninterval":0,"freenet":"?","dhcp":"?","paynet":"?","userfound":false,"encryption":"wpa2"},{"trilat":14.6424570099999993288975019822828471660614013671875,"trilong":121.0599365199999937203756417147815227508544921875,"ssid":"Mal.Ware.exe","qos":0,"transid":"20131130-00000","firsttime":"2013-11-30T13:00:00.000Z","lasttime":"2013-11-30T01:00:00.000Z","lastupdt":"2013-11-29T23:00:00.000Z","housenumber":null,"road":null,"city":null,"region":"Metro Manila","country":"PH","netid":"58:6D:8F:B2:06:C3","name":null,"type":"infra","comment":null,"wep":"2","channel":11,"bcninterval":0,"freenet":"?","dhcp":"?","paynet":"?","userfound":false,"encryption":"wpa2"},{"trilat":14.646865840000000247300704359076917171478271484375,"trilong":121.0596466100000014876059140078723430633544921875,"ssid":"BuDe","qos":0,"transid":"20130831-00000","firsttime":"2013-08-31T19:00:00.000Z","lasttime":"2013-08-31T17:00:00.000Z","lastupdt":"2013-08-31T15:00:00.000Z","housenumber":null,"road":null,"city":null,"region":"Metro Manila","country":"PH","netid":"6C:8B:2F:5E:57:AA","name":null,"type":"infra","comment":null,"wep":"2","channel":11,"bcninterval":0,"freenet":"?","dhcp":"?","paynet":"?","userfound":false,"encryption":"wpa2"},{"trilat":14.646882059999999370347723015584051609039306640625,"trilong":121.059982300000001487205736339092254638671875,"ssid":"Cio_wifi","qos":4,"transid":"20130725-00000","firsttime":"2013-07-25T17:00:00.000Z","lasttime":"2013-11-13T22:00:00.000Z","lastupdt":"2013-11-13T20:00:00.000Z","housenumber":null,"road":null,"city":null,"region":"Metro Manila","country":"PH","netid":"6C:8B:2F:57:37:59","name":null,"type":"infra","comment":null,"wep":"2","channel":6,"bcninterval":0,"freenet":"?","dhcp":"?","paynet":"?","userfound":false,"encryption":"wpa2"},{"trilat":14.64661502999999953544829622842371463775634765625,"trilong":121.05972289999999702558852732181549072265625,"ssid":"d0adfe","qos":5,"transid":"20130810-00000","firsttime":"2013-08-07T21:00:00.000Z","lasttime":"2017-04-04T04:00:00.000Z","lastupdt":"2017-04-04T04:00:00.000Z","housenumber":null,"road":null,"city":null,"region":"Metro Manila","country":"PH","netid":"70:54:D2:43:13:E1","name":null,"type":"infra","comment":null,"wep":"2","channel":1,"bcninterval":0,"freenet":"?","dhcp":"?","paynet":"?","userfound":false,"encryption":"wpa2"},{"trilat":14.6450443299999992774473867029882967472076416015625,"trilong":121.060951230000000578002072870731353759765625,"ssid":"Sky Internet","qos":0,"transid":"20131130-00000","firsttime":"2013-11-30T13:00:00.000Z","lasttime":"2013-11-30T01:00:00.000Z","lastupdt":"2013-11-29T23:00:00.000Z","housenumber":null,"road":null,"city":null,"region":"Metro Manila","country":"PH","netid":"4C:72:B9:AC:2B:CB","name":null,"type":"infra","comment":null,"wep":"2","channel":1,"bcninterval":0,"freenet":"?","dhcp":"?","paynet":"?","userfound":false,"encryption":"wpa2"},{"trilat":14.6459016799999997004988472326658666133880615234375,"trilong":121.058876040000001239604898728430271148681640625,"ssid":"SkyLumi","qos":1,"transid":"20131030-00000","firsttime":"2013-10-18T21:00:00.000Z","lasttime":"2013-10-30T05:00:00.000Z","lastupdt":"2013-10-30T03:00:00.000Z","housenumber":null,"road":null,"city":null,"region":"Metro Manila","country":"PH","netid":"7C:05:07:38:D3:28","name":null,"type":"infra","comment":null,"wep":"2","channel":1,"bcninterval":0,"freenet":"?","dhcp":"?","paynet":"?","userfound":false,"encryption":"wpa2"},{"trilat":14.6442565899999994627478372422046959400177001953125,"trilong":121.061203000000006113623385317623615264892578125,"ssid":"d14020","qos":0,"transid":"20131030-00000","firsttime":"2013-10-21T17:00:00.000Z","lasttime":"2013-10-30T05:00:00.000Z","lastupdt":"2013-10-30T03:00:00.000Z","housenumber":null,"road":null,"city":null,"region":"Metro Manila","country":"PH","netid":"7C:05:07:39:15:A4","name":null,"type":"infra","comment":null,"wep":"2","channel":1,"bcninterval":0,"freenet":"?","dhcp":"?","paynet":"?","userfound":false,"encryption":"wpa2"},{"trilat":14.646656990000000320151229971088469028472900390625,"trilong":121.0583801300000033052128856070339679718017578125,"ssid":"Lorraine","qos":0,"transid":"20150808-00000","firsttime":"2015-08-07T22:00:00.000Z","lasttime":"2015-08-08T09:00:00.000Z","lastupdt":"2015-08-08T09:00:00.000Z","housenumber":null,"road":null,"city":null,"region":null,"country":null,"netid":"5C:4C:A9:AF:3C:2F","name":null,"type":"infra","comment":null,"wep":"2","channel":1,"bcninterval":0,"freenet":"?","dhcp":"?","paynet":"?","userfound":false,"encryption":"wpa2"},{"trilat":14.64680575999999945224772091023623943328857421875,"trilong":121.0597534200000069404268288053572177886962890625,"ssid":"DV1KIS","qos":3,"transid":"20130621-00000","firsttime":"2013-05-22T21:00:00.000Z","lasttime":"2013-06-21T06:00:00.000Z","lastupdt":"2013-06-21T04:00:00.000Z","housenumber":null,"road":null,"city":null,"region":"Metro Manila","country":"PH","netid":"5C:4C:A9:AF:43:CE","name":null,"type":"infra","comment":null,"wep":"2","channel":1,"bcninterval":0,"freenet":"?","dhcp":"?","paynet":"?","userfound":false,"encryption":"wpa2"},{"trilat":14.645959850000000557201929041184484958648681640625,"trilong":121.0604858399999983475936460308730602264404296875,"ssid":"PLDTMyDSLBiz34670","qos":1,"transid":"20170715-00000","firsttime":"2017-07-15T16:00:00.000Z","lasttime":"2017-07-29T13:00:00.000Z","lastupdt":"2017-07-29T13:00:00.000Z","housenumber":"","road":"Maginhawa","city":"","region":"","country":"PH","netid":"5C:6A:80:1A:25:C6","name":null,"type":"infra","comment":null,"wep":"2","channel":9,"bcninterval":0,"freenet":"?","dhcp":"?","paynet":"?","userfound":false,"encryption":"wpa2"},{"trilat":14.6467266099999999795500116306357085704803466796875,"trilong":121.0593948399999959519846015609800815582275390625,"ssid":"Hexene Jenine","qos":1,"transid":"20140805-00000","firsttime":"2014-08-05T19:00:00.000Z","lasttime":"2014-08-13T05:00:00.000Z","lastupdt":"2015-07-26T00:00:00.000Z","housenumber":null,"road":null,"city":null,"region":null,"country":null,"netid":"3E:D0:F8:CA:A6:2D","name":null,"type":"infra","comment":null,"wep":"2","channel":1,"bcninterval":0,"freenet":"?","dhcp":"?","paynet":"?","userfound":false,"encryption":"wpa2"},{"trilat":14.6467447299999999899000613368116319179534912109375,"trilong":121.0582199100000053704206948168575763702392578125,"ssid":"AndroidAP","qos":0,"transid":"20140901-00000","firsttime":"2014-08-30T15:00:00.000Z","lasttime":"2014-09-01T12:00:00.000Z","lastupdt":"2015-07-26T00:00:00.000Z","housenumber":null,"road":null,"city":null,"region":null,"country":null,"netid":"78:4B:87:5C:0A:AE","name":null,"type":"infra","comment":null,"wep":"2","channel":6,"bcninterval":0,"freenet":"?","dhcp":"?","paynet":"?","userfound":false,"encryption":"wpa2"},{"trilat":14.645985599999999493547875317744910717010498046875,"trilong":121.058845520000005535621312446892261505126953125,"ssid":"Alexandre","qos":2,"transid":"20130320-00000","firsttime":"2013-03-19T21:00:00.000Z","lasttime":"2013-10-30T05:00:00.000Z","lastupdt":"2013-10-30T03:00:00.000Z","housenumber":null,"road":null,"city":null,"region":"Metro Manila","country":"PH","netid":"74:EA:3A:B9:9E:82","name":null,"type":"infra","comment":null,"wep":"2","channel":5,"bcninterval":0,"freenet":"?","dhcp":"?","paynet":"?","userfound":false,"encryption":"wpa2"},{"trilat":14.6467800100000005159017746336758136749267578125,"trilong":121.058197019999994381578289903700351715087890625,"ssid":"XV","qos":0,"transid":"20170303-00000","firsttime":"2017-03-03T19:00:00.000Z","lasttime":"2017-03-03T04:00:00.000Z","lastupdt":"2017-03-03T04:00:00.000Z","housenumber":null,"road":null,"city":null,"region":null,"country":null,"netid":"3C:46:D8:38:FB:6E","name":null,"type":"infra","comment":null,"wep":"2","channel":1,"bcninterval":0,"freenet":"?","dhcp":"?","paynet":"?","userfound":false,"encryption":"wpa2"},{"trilat":14.6456899600000003403010850888676941394805908203125,"trilong":121.0607757599999985131944413296878337860107421875,"ssid":"MGM","qos":0,"transid":"20150120-00000","firsttime":"2015-01-10T19:00:00.000Z","lasttime":"2015-01-21T20:00:00.000Z","lastupdt":"2015-07-26T00:00:00.000Z","housenumber":null,"road":null,"city":null,"region":null,"country":null,"netid":"68:A0:F6:6D:07:8C","name":null,"type":"infra","comment":null,"wep":"2","channel":11,"bcninterval":0,"freenet":"?","dhcp":"?","paynet":"?","userfound":false,"encryption":"wpa2"},{"trilat":14.6467084899999999691999619244597852230072021484375,"trilong":121.058181759999996529586496762931346893310546875,"ssid":"Aentima","qos":0,"transid":"20140508-00000","firsttime":"2014-05-01T21:00:00.000Z","lasttime":"2014-05-09T05:00:00.000Z","lastupdt":"2015-07-26T00:00:00.000Z","housenumber":null,"road":null,"city":null,"region":null,"country":null,"netid":"6A:74:6E:89:13:32","name":null,"type":"infra","comment":null,"wep":"2","channel":6,"bcninterval":0,"freenet":"?","dhcp":"?","paynet":"?","userfound":false,"encryption":"wpa2"},{"trilat":14.6411161399999993903975337161682546138763427734375,"trilong":121.060150149999998347993823699653148651123046875,"ssid":"5dc375","qos":0,"transid":"20131130-00000","firsttime":"2013-11-30T13:00:00.000Z","lasttime":"2013-11-30T01:00:00.000Z","lastupdt":"2013-11-29T23:00:00.000Z","housenumber":null,"road":null,"city":null,"region":"Metro Manila","country":"PH","netid":"54:BE:F7:3E:31:D3","name":null,"type":"infra","comment":null,"wep":"2","channel":1,"bcninterval":0,"freenet":"?","dhcp":"?","paynet":"?","userfound":false,"encryption":"wpa2"},{"trilat":14.646628379999999225447027129121124744415283203125,"trilong":121.0584640499999977691913954913616180419921875,"ssid":"BlackBerry Mobile Hotspot 8752","qos":0,"transid":"20140508-00000","firsttime":"2014-05-01T21:00:00.000Z","lasttime":"2014-05-09T05:00:00.000Z","lastupdt":"2015-07-26T00:00:00.000Z","housenumber":null,"road":null,"city":null,"region":null,"country":null,"netid":"40:6F:2A:52:2C:71","name":null,"type":"infra","comment":null,"wep":"2","channel":11,"bcninterval":0,"freenet":"?","dhcp":"?","paynet":"Y","userfound":false,"encryption":"wpa2"},{"trilat":14.6428985600000007849530447856523096561431884765625,"trilong":121.0600433299999991731965565122663974761962890625,"ssid":"hillcrestcafe","qos":0,"transid":"20161206-00000","firsttime":"2016-12-04T20:00:00.000Z","lasttime":"2016-12-06T07:00:00.000Z","lastupdt":"2016-12-06T07:00:00.000Z","housenumber":null,"road":null,"city":null,"region":null,"country":null,"netid":"70:5A:9E:83:FC:28","name":null,"type":"infra","comment":null,"wep":"2","channel":11,"bcninterval":0,"freenet":"?","dhcp":"?","paynet":"?","userfound":false,"encryption":"wpa2"},{"trilat":14.646565439999999824749465915374457836151123046875,"trilong":121.0582504300000010744042810983955860137939453125,"ssid":"Simple and Sassy","qos":0,"transid":"20160907-00000","firsttime":"2016-09-03T21:00:00.000Z","lasttime":"2016-09-07T19:00:00.000Z","lastupdt":"2016-09-07T19:00:00.000Z","housenumber":null,"road":null,"city":null,"region":null,"country":null,"netid":"70:5A:9E:64:3C:D2","name":null,"type":"infra","comment":null,"wep":"2","channel":1,"bcninterval":0,"freenet":"?","dhcp":"?","paynet":"?","userfound":false,"encryption":"wpa2"},{"trilat":14.6460094499999993189476299448870122432708740234375,"trilong":121.061264039999997521590557880699634552001953125,"ssid":"bayanDSLWiFi_F120","qos":6,"transid":"20150726-00000","firsttime":"2015-07-11T18:00:00.000Z","lasttime":"2017-05-07T05:00:00.000Z","lastupdt":"2017-05-07T05:00:00.000Z","housenumber":null,"road":null,"city":null,"region":null,"country":null,"netid":"70:9F:2D:A0:F1:20","name":null,"type":"infra","comment":null,"wep":"2","channel":9,"bcninterval":0,"freenet":"?","dhcp":"?","paynet":"?","userfound":false,"encryption":"wpa2"},{"trilat":14.646411900000000372301656170748174190521240234375,"trilong":121.0591049199999957863838062621653079986572265625,"ssid":"Tatartski","qos":0,"transid":"20131106-00000","firsttime":"2013-11-02T18:00:00.000Z","lasttime":"2013-11-06T04:00:00.000Z","lastupdt":"2013-11-06T02:00:00.000Z","housenumber":null,"road":null,"city":null,"region":"Metro Manila","country":"PH","netid":"40:F3:08:95:16:56","name":null,"type":"infra","comment":null,"wep":"2","channel":6,"bcninterval":0,"freenet":"?","dhcp":"?","paynet":"?","userfound":false,"encryption":"wpa2"},{"trilat":14.646856310000000434001776739023625850677490234375,"trilong":121.0610275300000040488157537765800952911376953125,"ssid":"AndroidAP","qos":0,"transid":"20140817-00000","firsttime":"2014-08-14T23:00:00.000Z","lasttime":"2014-08-17T06:00:00.000Z","lastupdt":"2015-07-26T00:00:00.000Z","housenumber":null,"road":null,"city":null,"region":null,"country":null,"netid":"5C:F8:A1:B9:E3:D0","name":null,"type":"infra","comment":null,"wep":"2","channel":11,"bcninterval":0,"freenet":"?","dhcp":"?","paynet":"?","userfound":false,"encryption":"wpa2"},{"trilat":14.6464900999999994013478499255143105983734130859375,"trilong":121.0591201799999936383755994029343128204345703125,"ssid":"HUAWEI-E5330-C63F","qos":0,"transid":"20160604-00000","firsttime":"2016-05-27T19:00:00.000Z","lasttime":"2016-06-04T16:00:00.000Z","lastupdt":"2016-06-04T16:00:00.000Z","housenumber":null,"road":null,"city":null,"region":null,"country":null,"netid":"84:DB:AC:39:C6:3F","name":null,"type":"infra","comment":null,"wep":"2","channel":1,"bcninterval":0,"freenet":"?","dhcp":"?","paynet":"?","userfound":false,"encryption":"wpa2"},{"trilat":14.6468496300000001753005562932230532169342041015625,"trilong":121.0577239999999932251739664934575557708740234375,"ssid":"Searching...","qos":0,"transid":"20150216-00000","firsttime":"2015-02-10T21:00:00.000Z","lasttime":"2015-02-16T06:00:00.000Z","lastupdt":"2015-07-26T00:00:00.000Z","housenumber":null,"road":null,"city":null,"region":null,"country":null,"netid":"84:DB:AC:23:F2:E3","name":null,"type":"infra","comment":null,"wep":"2","channel":5,"bcninterval":0,"freenet":"?","dhcp":"?","paynet":"?","userfound":false,"encryption":"wpa2"},{"trilat":14.64654254999999949404809740372002124786376953125,"trilong":121.058570860000003222012310288846492767333984375,"ssid":"Globe_LTE MIFI_B4FB","qos":0,"transid":"20170303-00000","firsttime":"2017-03-03T19:00:00.000Z","lasttime":"2017-03-03T07:00:00.000Z","lastupdt":"2017-03-03T07:00:00.000Z","housenumber":null,"road":null,"city":null,"region":null,"country":null,"netid":"5C:F2:86:2D:B4:FB","name":null,"type":"infra","comment":null,"wep":"2","channel":8,"bcninterval":0,"freenet":"?","dhcp":"?","paynet":"?","userfound":false,"encryption":"wpa2"},{"trilat":14.6462478600000007844528226996771991252899169921875,"trilong":121.0597839400000026444104150868952274322509765625,"ssid":"Globe_LTE MIFI_6DEC","qos":0,"transid":"20170729-00000","firsttime":"2017-07-16T19:00:00.000Z","lasttime":"2017-07-29T13:00:00.000Z","lastupdt":"2017-07-29T13:00:00.000Z","housenumber":"","road":"Maginhawa","city":"","region":"","country":"PH","netid":"5C:F2:86:2E:6D:EC","name":null,"type":"infra","comment":null,"wep":"2","channel":7,"bcninterval":0,"freenet":"?","dhcp":"?","paynet":"?","userfound":false,"encryption":"wpa2"},{"trilat":14.6469325999999995246980688534677028656005859375,"trilong":121.0578384399999976039907778613269329071044921875,"ssid":"MobileWiFi-f5c6","qos":0,"transid":"20140508-00000","firsttime":"2014-05-01T21:00:00.000Z","lasttime":"2014-05-09T05:00:00.000Z","lastupdt":"2015-07-26T00:00:00.000Z","housenumber":null,"road":null,"city":null,"region":null,"country":null,"netid":"70:72:3C:D5:F5:C6","name":null,"type":"infra","comment":null,"wep":"N","channel":1,"bcninterval":0,"freenet":"?","dhcp":"?","paynet":"Y","userfound":false,"encryption":"none"},{"trilat":14.6468257899999994009476722567342221736907958984375,"trilong":121.059425349999997933991835452616214752197265625,"ssid":"trololol","qos":3,"transid":"20130719-00000","firsttime":"2013-07-19T21:00:00.000Z","lasttime":"2013-09-21T22:00:00.000Z","lastupdt":"2015-07-26T00:00:00.000Z","housenumber":null,"road":null,"city":null,"region":"Metro Manila","country":"PH","netid":"70:72:3C:E5:1D:22","name":null,"type":"infra","comment":null,"wep":"2","channel":6,"bcninterval":0,"freenet":"?","dhcp":"?","paynet":"?","userfound":false,"encryption":"wpa2"},{"trilat":14.645850180000000051450115279294550418853759765625,"trilong":121.06093597000000272601027972996234893798828125,"ssid":"bad trip talaga","qos":0,"transid":"20150726-00000","firsttime":"2015-02-25T20:00:00.000Z","lasttime":"2015-07-26T00:00:00.000Z","lastupdt":"2015-07-26T00:00:00.000Z","housenumber":null,"road":null,"city":null,"region":null,"country":null,"netid":"70:72:3C:FA:0E:0A","name":null,"type":"infra","comment":null,"wep":"2","channel":1,"bcninterval":0,"freenet":"?","dhcp":"?","paynet":"?","userfound":false,"encryption":"wpa2"},{"trilat":14.6465578099999991223967299447394907474517822265625,"trilong":121.058601379999998925995896570384502410888671875,"ssid":"pjongggg","qos":0,"transid":"20160907-00000","firsttime":"2016-09-03T21:00:00.000Z","lasttime":"2016-09-07T19:00:00.000Z","lastupdt":"2016-09-07T19:00:00.000Z","housenumber":null,"road":null,"city":null,"region":null,"country":null,"netid":"44:D4:E0:CF:5D:07","name":null,"type":"infra","comment":null,"wep":"2","channel":6,"bcninterval":0,"freenet":"?","dhcp":"?","paynet":"?","userfound":false,"encryption":"wpa2"},{"trilat":14.6410951600000007744029062450863420963287353515625,"trilong":121.059982300000001487205736339092254638671875,"ssid":"cee7ee","qos":0,"transid":"20131130-00000","firsttime":"2013-11-30T13:00:00.000Z","lasttime":"2013-11-30T01:00:00.000Z","lastupdt":"2013-11-29T23:00:00.000Z","housenumber":null,"road":null,"city":null,"region":"Metro Manila","country":"PH","netid":"7C:05:07:22:A8:E4","name":null,"type":"infra","comment":null,"wep":"2","channel":1,"bcninterval":0,"freenet":"?","dhcp":"?","paynet":"?","userfound":false,"encryption":"wpa2"},{"trilat":14.64628124000000042315150494687259197235107421875,"trilong":121.059745789999993803576217032968997955322265625,"ssid":"d0f269","qos":5,"transid":"20131001-00000","firsttime":"2013-09-28T13:00:00.000Z","lasttime":"2016-06-04T16:00:00.000Z","lastupdt":"2016-06-04T16:00:00.000Z","housenumber":null,"road":null,"city":null,"region":"Metro Manila","country":"PH","netid":"7C:05:07:38:E4:68","name":null,"type":"infra","comment":null,"wep":"2","channel":1,"bcninterval":0,"freenet":"?","dhcp":"?","paynet":"?","userfound":false,"encryption":"wpa2"},{"trilat":14.64594459999999997990016709081828594207763671875,"trilong":121.0603027300000036348137655295431613922119140625,"ssid":"Tinetin","qos":0,"transid":"20170609-00000","firsttime":"2017-06-03T18:00:00.000Z","lasttime":"2017-06-09T05:00:00.000Z","lastupdt":"2017-06-09T05:00:00.000Z","housenumber":null,"road":null,"city":null,"region":null,"country":null,"netid":"58:2A:F7:30:32:07","name":null,"type":"infra","comment":null,"wep":"2","channel":11,"bcninterval":0,"freenet":"?","dhcp":"?","paynet":"?","userfound":false,"encryption":"wpa2"},{"trilat":14.6443242999999991837967172614298760890960693359375,"trilong":121.061073300000003882814780808985233306884765625,"ssid":"MONT SANT","qos":5,"transid":"20130222-00000","firsttime":"2001-01-01T07:00:00.000Z","lasttime":"2013-11-30T20:00:00.000Z","lastupdt":"2013-12-09T07:00:00.000Z","housenumber":null,"road":null,"city":null,"region":"Metro Manila","country":"PH","netid":"88:53:D4:E7:17:7E","name":null,"type":"infra","comment":null,"wep":"2","channel":11,"bcninterval":0,"freenet":"?","dhcp":"?","paynet":"?","userfound":false,"encryption":"wpa2"},{"trilat":14.6469936399999998144494384177960455417633056640625,"trilong":121.06122589000000289161107502877712249755859375,"ssid":"otaner","qos":5,"transid":"20130316-00000","firsttime":"2013-03-16T00:00:00.000Z","lasttime":"2013-05-06T09:00:00.000Z","lastupdt":"2013-05-06T07:00:00.000Z","housenumber":null,"road":null,"city":null,"region":"Metro Manila","country":"PH","netid":"88:53:D4:E7:53:DE","name":null,"type":"infra","comment":null,"wep":"2","channel":1,"bcninterval":0,"freenet":"?","dhcp":"?","paynet":"?","userfound":false,"encryption":"wpa2"},{"trilat":14.64621638999999930774720269255340099334716796875,"trilong":121.0593414300000034700133255682885646820068359375,"ssid":"FLORIE","qos":5,"transid":"20140212-00000","firsttime":"2014-02-07T23:00:00.000Z","lasttime":"2015-09-16T09:00:00.000Z","lastupdt":"2015-09-16T09:00:00.000Z","housenumber":null,"road":null,"city":null,"region":null,"country":null,"netid":"48:F8:B3:45:FD:E5","name":null,"type":"infra","comment":null,"wep":"2","channel":11,"bcninterval":0,"freenet":"?","dhcp":"?","paynet":"?","userfound":false,"encryption":"wpa2"},{"trilat":14.6410074199999993282972354791127145290374755859375,"trilong":121.05928801999999677718733437359333038330078125,"ssid":"Awoboy","qos":1,"transid":"20131030-00000","firsttime":"2013-10-21T17:00:00.000Z","lasttime":"2013-10-30T05:00:00.000Z","lastupdt":"2013-10-30T03:00:00.000Z","housenumber":null,"road":null,"city":null,"region":"Metro Manila","country":"PH","netid":"48:F8:B3:13:D4:98","name":null,"type":"infra","comment":null,"wep":"2","channel":11,"bcninterval":0,"freenet":"?","dhcp":"?","paynet":"?","userfound":false,"encryption":"wpa2"},{"trilat":14.64649868000000054735210142098367214202880859375,"trilong":121.059280400000005784022505395114421844482421875,"ssid":"c61dad","qos":0,"transid":"20130426-00000","firsttime":"2001-01-01T08:00:00.000Z","lasttime":"2013-04-26T08:00:00.000Z","lastupdt":"2013-04-26T06:00:00.000Z","housenumber":null,"road":null,"city":null,"region":"Metro Manila","country":"PH","netid":"70:54:D2:8E:DB:53","name":null,"type":"infra","comment":null,"wep":"2","channel":1,"bcninterval":0,"freenet":"?","dhcp":"?","paynet":"?","userfound":false,"encryption":"wpa2"},{"trilat":14.646782879999999948950062389485538005828857421875,"trilong":121.0579299900000052048198995180428028106689453125,"ssid":"c8edf8","qos":5,"transid":"20130810-00000","firsttime":"2013-08-07T21:00:00.000Z","lasttime":"2017-07-29T13:00:00.000Z","lastupdt":"2017-07-29T13:00:00.000Z","housenumber":"82","road":"Maginhawa","city":"","region":"","country":"PH","netid":"70:54:D2:8F:20:07","name":null,"type":"infra","comment":null,"wep":"2","channel":1,"bcninterval":0,"freenet":"?","dhcp":"?","paynet":"?","userfound":false,"encryption":"wpa2"},{"trilat":14.641018869999999907349774730391800403594970703125,"trilong":121.0595092800000003308014129288494586944580078125,"ssid":"Venny Lex","qos":1,"transid":"20131030-00000","firsttime":"2013-10-21T17:00:00.000Z","lasttime":"2013-11-30T01:00:00.000Z","lastupdt":"2013-11-29T23:00:00.000Z","housenumber":null,"road":null,"city":null,"region":"Metro Manila","country":"PH","netid":"58:6D:8F:D2:76:96","name":null,"type":"infra","comment":null,"wep":"2","channel":1,"bcninterval":0,"freenet":"?","dhcp":"?","paynet":"?","userfound":false,"encryption":"wpa2"},{"trilat":14.646779060000000072250259108841419219970703125,"trilong":121.0594863900000035528137232176959514617919921875,"ssid":"Lemlunay - The Wifi Tree","qos":5,"transid":"20130621-00000","firsttime":"2013-05-09T18:00:00.000Z","lasttime":"2013-11-10T08:00:00.000Z","lastupdt":"2013-11-10T06:00:00.000Z","housenumber":null,"road":null,"city":null,"region":"Metro Manila","country":"PH","netid":"78:F5:FD:DD:43:03","name":null,"type":"infra","comment":null,"wep":"W","channel":6,"bcninterval":0,"freenet":"?","dhcp":"?","paynet":"?","userfound":false,"encryption":"wpa"}]}