{"success":true,"totalResults":2103,"search_after":18101338,"first":1,"last":100,"resultCount":100,"results":[{"trilat":14.642052650000000113550413516350090503692626953125,"trilong":121.061111449999998512794263660907745361328125,"ssid":"dlink","qos":0,"transid":"20130322-00000","firsttime":"2013-03-23T10:00:00.000Z","lasttime":"2013-03-24T04:00:00.000Z","lastupdt":"2013-03-24T02:00:00.000Z","housenumber":null,"road":null,"city":null,"region":"Metro Manila","country":"PH","netid":"00:22:B0:95:94:8B","name":null,"type":"infra","comment":null,"wep":"2","channel":6,"bcninterval":0,"freenet":"?","dhcp":"?","paynet":"?","userfound":false,"encryption":"wpa2"},{"trilat":14.643257139999999338897396228276193141937255859375,"trilong":121.061103819999999586798367090523242950439453125,"ssid":"GMO 1","qos":4,"transid":"20130309-00000","firsttime":"2013-03-09T20:00:00.000Z","lasttime":"2013-11-30T01:00:00.000Z","lastupdt":"2013-11-29T23:00:00.000Z","housenumber":null,"road":null,"city":null,"region":"Metro Manila","country":"PH","netid":"00:22:B0:43:81:CB","name":null,"type":"infra","comment":null,"wep":"W","channel":6,"bcninterval":0,"freenet":"?","dhcp":"?","paynet":"?","userfound":false,"encryption":"wpa"},{"trilat":14.6439456900000006811524144723080098628997802734375,"trilong":121.0609817499999962819856591522693634033203125,"ssid":"myBRO","qos":0,"transid":"20131030-00000","firsttime":"2013-10-21T17:00:00.000Z","lasttime":"2013-10-30T05:00:00.000Z","lastupdt":"2013-10-30T03:00:00.000Z","housenumber":null,"road":null,"city":null,"region":"Metro Manila","country":"PH","netid":"00:1F:FB:78:D3:B0","name":null,"type":"infra","comment":null,"wep":"W","channel":11,"bcninterval":0,"freenet":"?","dhcp":"?","paynet":"?","userfound":false,"encryption":"wpa"},{"trilat":14.6467075300000004745015758089721202850341796875,"trilong":121.0582199100000053704206948168575763702392578125,"ssid":"BuraotNET-G-AES","qos":5,"transid":"20130408-00000","firsttime":"2013-04-08T21:00:00.000Z","lasttime":"2017-07-29T13:00:00.000Z","lastupdt":"2017-07-29T13:00:00.000Z","housenumber":"","road":"Maginhawa","city":"","region":"","country":"PH","netid":"00:24:A5:D7:87:D3","name":null,"type":"infra","comment":null,"wep":"W","channel":9,"bcninterval":0,"freenet":"?","dhcp":"?","paynet":"?","userfound":false,"encryption":"wpa"},{"trilat":14.644283290000000619102138443849980831146240234375,"trilong":121.061233520000001817606971599161624908447265625,"ssid":"navida","qos":0,"transid":"20130414-00000","firsttime":"2013-04-14T14:00:00.000Z","lasttime":"2013-04-14T06:00:00.000Z","lastupdt":"2013-04-14T04:00:00.000Z","housenumber":null,"road":null,"city":null,"region":"Metro Manila","country":"PH","netid":"02:1A:11:FC:01:5E","name":null,"type":"infra","comment":null,"wep":"2","channel":6,"bcninterval":0,"freenet":"?","dhcp":"?","paynet":"?","userfound":false,"encryption":"wpa2"},{"trilat":14.64601803000000046495188144035637378692626953125,"trilong":121.0608902000000028920112526975572109222412109375,"ssid":"Free Public WiFi","qos":0,"transid":"20131030-00000","firsttime":"2013-10-20T14:00:00.000Z","lasttime":"2013-10-30T05:00:00.000Z","lastupdt":"2013-10-30T03:00:00.000Z","housenumber":null,"road":null,"city":null,"region":"Metro Manila","country":"PH","netid":"02:5C:DA:3B:A3:B3","name":null,"type":"ad-hoc","comment":null,"wep":"N","channel":1,"bcninterval":0,"freenet":"Y","dhcp":"?","paynet":"?","userfound":false,"encryption":"none"},{"trilat":14.646927829999999204346750047989189624786376953125,"trilong":121.059822080000003552413545548915863037109375,"ssid":"Malto Domain","qos":0,"transid":"20130316-00000","firsttime":"2013-03-16T00:00:00.000Z","lasttime":"2013-03-16T04:00:00.000Z","lastupdt":"2013-03-16T02:00:00.000Z","housenumber":null,"road":null,"city":null,"region":"Metro Manila","country":"PH","netid":"00:23:69:15:1B:75","name":null,"type":"infra","comment":null,"wep":"2","channel":1,"bcninterval":0,"freenet":"?","dhcp":"?","paynet":"?","userfound":false,"encryption":"wpa2"},{"trilat":14.6419687300000003205013854312710464000701904296875,"trilong":121.0604476900000037176141631789505481719970703125,"ssid":"Hot House","qos":0,"transid":"20130414-00000","firsttime":"2013-04-14T14:00:00.000Z","lasttime":"2013-04-14T06:00:00.000Z","lastupdt":"2013-04-14T04:00:00.000Z","housenumber":null,"road":null,"city":null,"region":"Metro Manila","country":"PH","netid":"00:23:69:13:47:05","name":null,"type":"infra","comment":null,"wep":"2","channel":1,"bcninterval":0,"freenet":"?","dhcp":"?","paynet":"?","userfound":false,"encryption":"wpa2"},{"trilat":14.6465730700000005271022018860094249248504638671875,"trilong":121.0613403299999930595731711946427822113037109375,"ssid":"WIN-IHI1111GKR3-02980","qos":2,"transid":"20130207-00000","firsttime":"2013-02-08T00:00:00.000Z","lasttime":"2013-04-24T23:00:00.000Z","lastupdt":"2013-04-24T21:00:00.000Z","housenumber":null,"road":null,"city":null,"region":"Metro Manila","country":"PH","netid":"00:23:15:37:2C:5D","name":null,"type":"infra","comment":null,"wep":"2","channel":1,"bcninterval":0,"freenet":"?","dhcp":"?","paynet":"?","userfound":false,"encryption":"wpa2"},{"trilat":14.646846769999999793299139128066599369049072265625,"trilong":121.060928340000003800014383159577846527099609375,"ssid":"ThePalace_2","qos":0,"transid":"20170715-00000","firsttime":"2017-07-15T16:00:00.000Z","lasttime":"2017-07-15T01:00:00.000Z","lastupdt":"2017-07-15T01:00:00.000Z","housenumber":"60","road":"Magiting","city":"","region":"","country":"PH","netid":"04:A1:51:D5:FB:B8","name":null,"type":"infra","comment":null,"wep":"2","channel":1,"bcninterval":0,"freenet":"?","dhcp":"?","paynet":"?","userfound":false,"encryption":"wpa2"},{"trilat":14.6415510199999996387987266643904149532318115234375,"trilong":121.05999755999999933919752947986125946044921875,"ssid":"Aztech5001_FEA33","qos":0,"transid":"20131130-00000","firsttime":"2013-11-30T13:00:00.000Z","lasttime":"2013-11-30T01:00:00.000Z","lastupdt":"2013-11-29T23:00:00.000Z","housenumber":null,"road":null,"city":null,"region":"Metro Manila","country":"PH","netid":"00:26:75:9F:EA:33","name":null,"type":"infra","comment":null,"wep":"W","channel":1,"bcninterval":0,"freenet":"?","dhcp":"?","paynet":"?","userfound":false,"encryption":"wpa"},{"trilat":14.6466665299999991844970281817950308322906494140625,"trilong":121.0574188199999952075813780538737773895263671875,"ssid":"Aztech5018_45507","qos":5,"transid":"20140805-00000","firsttime":"2014-08-05T19:00:00.000Z","lasttime":"2016-09-07T19:00:00.000Z","lastupdt":"2016-09-07T19:00:00.000Z","housenumber":null,"road":null,"city":null,"region":null,"country":null,"netid":"00:26:75:D4:55:04","name":null,"type":"infra","comment":null,"wep":"W","channel":10,"bcninterval":0,"freenet":"?","dhcp":"?","paynet":"?","userfound":false,"encryption":"wpa"},{"trilat":14.6427926999999993284973243135027587413787841796875,"trilong":121.059799190000006774425855837762355804443359375,"ssid":"dlink3A","qos":1,"transid":"20130309-00000","firsttime":"2013-03-09T20:00:00.000Z","lasttime":"2013-11-30T01:00:00.000Z","lastupdt":"2013-11-29T23:00:00.000Z","housenumber":null,"road":null,"city":null,"region":"Metro Manila","country":"PH","netid":"00:26:5A:24:65:48","name":null,"type":"infra","comment":null,"wep":"2","channel":9,"bcninterval":0,"freenet":"?","dhcp":"?","paynet":"?","userfound":false,"encryption":"wpa2"},{"trilat":14.64687823999999949364791973493993282318115234375,"trilong":121.059700010000000247600837610661983489990234375,"ssid":"Dewan","qos":0,"transid":"20160907-00000","firsttime":"2016-09-03T21:00:00.000Z","lasttime":"2016-09-07T19:00:00.000Z","lastupdt":"2016-09-07T19:00:00.000Z","housenumber":null,"road":null,"city":null,"region":null,"country":null,"netid":"00:23:B1:68:E3:4B","name":null,"type":"infra","comment":null,"wep":"2","channel":6,"bcninterval":0,"freenet":"?","dhcp":"?","paynet":"?","userfound":false,"encryption":"wpa2"},{"trilat":14.6453952800000006817526809754781424999237060546875,"trilong":121.06099700999999413397745229303836822509765625,"ssid":"Aztech5018(2)_F690F","qos":0,"transid":"20150726-00000","firsttime":"2015-04-27T15:00:00.000Z","lasttime":"2015-07-26T00:00:00.000Z","lastupdt":"2015-07-26T00:00:00.000Z","housenumber":null,"road":null,"city":null,"region":null,"country":null,"netid":"00:26:75:DF:69:0D","name":null,"type":"infra","comment":null,"wep":"W","channel":11,"bcninterval":0,"freenet":"?","dhcp":"?","paynet":"?","userfound":false,"encryption":"wpa"},{"trilat":14.6453952800000006817526809754781424999237060546875,"trilong":121.06099700999999413397745229303836822509765625,"ssid":"Aztech5018(4)_F690F","qos":0,"transid":"20150726-00000","firsttime":"2015-04-27T15:00:00.000Z","lasttime":"2015-07-26T00:00:00.000Z","lastupdt":"2015-07-26T00:00:00.000Z","housenumber":null,"road":null,"city":null,"region":null,"country":null,"netid":"00:26:75:DF:69:0F","name":null,"type":"infra","comment":null,"wep":"W","channel":11,"bcninterval":0,"freenet":"?","dhcp":"?","paynet":"?","userfound":false,"encryption":"wpa"},{"trilat":14.646810529999999772599039715714752674102783203125,"trilong":121.061111449999998512794263660907745361328125,"ssid":"AUCTUSNEW2","qos":5,"transid":"20150808-00000","firsttime":"2015-08-07T22:00:00.000Z","lasttime":"2017-10-26T06:00:00.000Z","lastupdt":"2017-10-26T06:00:00.000Z","housenumber":"60","road":"Magiting","city":"","region":"","country":"PH","netid":"00:26:75:F4:B3:F1","name":null,"type":"infra","comment":null,"wep":"2","channel":6,"bcninterval":0,"freenet":"?","dhcp":"?","paynet":"?","userfound":false,"encryption":"wpa2"},{"trilat":14.6439275700000006708023647661320865154266357421875,"trilong":121.0597610500000058664227253757417201995849609375,"ssid":"baby","qos":6,"transid":"20140422-00000","firsttime":"2014-04-01T18:00:00.000Z","lasttime":"2017-02-22T15:00:00.000Z","lastupdt":"2017-02-22T15:00:00.000Z","housenumber":null,"road":null,"city":null,"region":null,"country":null,"netid":"00:26:75:B7:23:C4","name":null,"type":"infra","comment":null,"wep":"2","channel":3,"bcninterval":0,"freenet":"?","dhcp":"?","paynet":"?","userfound":false,"encryption":"wpa2"},{"trilat":14.64584445999999928744728094898164272308349609375,"trilong":121.058776859999994712779880501329898834228515625,"ssid":"bayanDSLWiFi_3210","qos":4,"transid":"20140805-00000","firsttime":"2014-08-05T19:00:00.000Z","lasttime":"2015-08-08T09:00:00.000Z","lastupdt":"2015-08-08T09:00:00.000Z","housenumber":null,"road":null,"city":null,"region":null,"country":null,"netid":"00:26:75:B7:32:10","name":null,"type":"infra","comment":null,"wep":"2","channel":1,"bcninterval":0,"freenet":"?","dhcp":"?","paynet":"?","userfound":false,"encryption":"wpa2"},{"trilat":14.646014210000000588252078159712255001068115234375,"trilong":121.0582504300000010744042810983955860137939453125,"ssid":"bayanDSLWiFi_BE1A","qos":5,"transid":"20140817-00000","firsttime":"2014-08-14T23:00:00.000Z","lasttime":"2016-06-04T16:00:00.000Z","lastupdt":"2016-06-04T16:00:00.000Z","housenumber":null,"road":null,"city":null,"region":null,"country":null,"netid":"00:26:75:B7:BE:1A","name":null,"type":"infra","comment":null,"wep":"2","channel":10,"bcninterval":0,"freenet":"?","dhcp":"?","paynet":"?","userfound":false,"encryption":"wpa2"},{"trilat":14.646839140000000867303242557682096958160400390625,"trilong":121.0578308099999986779948812909424304962158203125,"ssid":"Purple","qos":3,"transid":"20140805-00000","firsttime":"2014-08-05T19:00:00.000Z","lasttime":"2016-06-04T16:00:00.000Z","lastupdt":"2016-06-04T16:00:00.000Z","housenumber":null,"road":null,"city":null,"region":null,"country":null,"netid":"00:26:75:AB:ED:C4","name":null,"type":"infra","comment":null,"wep":"2","channel":11,"bcninterval":0,"freenet":"?","dhcp":"?","paynet":"?","userfound":false,"encryption":"wpa2"},{"trilat":14.64643477999999987559931469149887561798095703125,"trilong":121.0590438800000043784166336990892887115478515625,"ssid":"kMisajon","qos":0,"transid":"20150726-00000","firsttime":"2014-09-06T14:00:00.000Z","lasttime":"2015-07-26T00:00:00.000Z","lastupdt":"2015-07-26T00:00:00.000Z","housenumber":null,"road":null,"city":null,"region":null,"country":null,"netid":"02:73:8D:58:97:77","name":null,"type":"infra","comment":null,"wep":"2","channel":1,"bcninterval":0,"freenet":"?","dhcp":"?","paynet":"?","userfound":false,"encryption":"wpa2"},{"trilat":14.644276619999999411447788588702678680419921875,"trilong":121.0611648600000052056202548556029796600341796875,"ssid":"gae-sales","qos":0,"transid":"20130621-00000","firsttime":"2013-06-02T19:00:00.000Z","lasttime":"2013-06-21T06:00:00.000Z","lastupdt":"2013-06-21T04:00:00.000Z","housenumber":null,"road":null,"city":null,"region":"Metro Manila","country":"PH","netid":"00:26:5A:FD:73:98","name":null,"type":"infra","comment":null,"wep":"2","channel":13,"bcninterval":0,"freenet":"?","dhcp":"?","paynet":"?","userfound":false,"encryption":"wpa2"},{"trilat":14.6460332900000000933005139813758432865142822265625,"trilong":121.0603103600000025608096620999276638031005859375,"ssid":"mis_wifi","qos":5,"transid":"20130222-00000","firsttime":"2013-02-22T22:00:00.000Z","lasttime":"2015-02-16T06:00:00.000Z","lastupdt":"2015-07-26T00:00:00.000Z","housenumber":null,"road":null,"city":null,"region":"Metro Manila","country":"PH","netid":"00:23:69:38:A2:4A","name":null,"type":"infra","comment":null,"wep":"2","channel":6,"bcninterval":0,"freenet":"?","dhcp":"?","paynet":"?","userfound":false,"encryption":"wpa2"},{"trilat":14.6427793499999996384985934128053486347198486328125,"trilong":121.0590896599999979343920131213963031768798828125,"ssid":"malingap","qos":0,"transid":"20130309-00000","firsttime":"2013-03-09T20:00:00.000Z","lasttime":"2013-03-11T16:00:00.000Z","lastupdt":"2013-03-11T14:00:00.000Z","housenumber":null,"road":null,"city":null,"region":"Metro Manila","country":"PH","netid":"00:23:69:5E:33:63","name":null,"type":"infra","comment":null,"wep":"2","channel":6,"bcninterval":0,"freenet":"?","dhcp":"?","paynet":"?","userfound":false,"encryption":"wpa2"},{"trilat":14.644173620000000113350324681960046291351318359375,"trilong":121.0591125499999947123797028325498104095458984375,"ssid":"NISMED_HOSTEL_WiFi1","qos":5,"transid":"20130208-00000","firsttime":"2013-02-08T16:00:00.000Z","lasttime":"2017-04-04T04:00:00.000Z","lastupdt":"2017-04-04T04:00:00.000Z","housenumber":null,"road":null,"city":null,"region":"Metro Manila","country":"PH","netid":"00:23:69:F6:4A:84","name":null,"type":"infra","comment":null,"wep":"2","channel":1,"bcninterval":0,"freenet":"?","dhcp":"?","paynet":"?","userfound":false,"encryption":"wpa2"},{"trilat":14.6451501799999999064993971842341125011444091796875,"trilong":121.06099700999999413397745229303836822509765625,"ssid":"stjames","qos":5,"transid":"20130209-00000","firsttime":"2013-02-10T13:00:00.000Z","lasttime":"2014-08-13T05:00:00.000Z","lastupdt":"2015-07-26T00:00:00.000Z","housenumber":null,"road":null,"city":null,"region":"Metro Manila","country":"PH","netid":"00:23:69:32:CE:7F","name":null,"type":"infra","comment":null,"wep":"W","channel":6,"bcninterval":0,"freenet":"?","dhcp":"?","paynet":"?","userfound":false,"encryption":"wpa"},{"trilat":14.6460838300000002476508598192594945430755615234375,"trilong":121.0603256200000004128014552406966686248779296875,"ssid":"All Arm","qos":5,"transid":"20130621-00000","firsttime":"2013-06-02T19:00:00.000Z","lasttime":"2015-08-12T07:00:00.000Z","lastupdt":"2015-08-12T07:00:00.000Z","housenumber":null,"road":null,"city":null,"region":"Metro Manila","country":"PH","netid":"00:25:9C:02:73:1C","name":null,"type":"infra","comment":null,"wep":"W","channel":1,"bcninterval":0,"freenet":"?","dhcp":"?","paynet":"?","userfound":false,"encryption":"wpa"},{"trilat":14.6465816499999998967496139812283217906951904296875,"trilong":121.05859375,"ssid":"Iceberg Lettuce","qos":0,"transid":"20150726-00000","firsttime":"2015-02-27T19:00:00.000Z","lasttime":"2015-07-26T00:00:00.000Z","lastupdt":"2015-07-26T00:00:00.000Z","housenumber":null,"road":null,"city":null,"region":null,"country":null,"netid":"00:25:9C:0D:20:00","name":null,"type":"infra","comment":null,"wep":"2","channel":6,"bcninterval":0,"freenet":"?","dhcp":"?","paynet":"?","userfound":false,"encryption":"wpa2"},{"trilat":14.6464109400000008776032700552605092525482177734375,"trilong":121.0592575099999947951801004819571971893310546875,"ssid":"WORM","qos":5,"transid":"20130222-00000","firsttime":"2013-02-22T22:00:00.000Z","lasttime":"2015-07-26T00:00:00.000Z","lastupdt":"2015-07-26T00:00:00.000Z","housenumber":null,"road":null,"city":null,"region":"Metro Manila","country":"PH","netid":"00:25:9C:9A:C9:9D","name":null,"type":"infra","comment":null,"wep":"2","channel":1,"bcninterval":0,"freenet":"?","dhcp":"?","paynet":"?","userfound":false,"encryption":"wpa2"},{"trilat":14.6450872400000005058018359704874455928802490234375,"trilong":121.0610351600000029748116503469645977020263671875,"ssid":"POTTS1","qos":5,"transid":"20130209-00000","firsttime":"2013-02-10T13:00:00.000Z","lasttime":"2013-12-20T05:00:00.000Z","lastupdt":"2013-12-20T03:00:00.000Z","housenumber":null,"road":null,"city":null,"region":"Metro Manila","country":"PH","netid":"00:25:9C:6A:F6:EE","name":null,"type":"infra","comment":null,"wep":"2","channel":11,"bcninterval":0,"freenet":"?","dhcp":"?","paynet":"?","userfound":false,"encryption":"wpa2"},{"trilat":14.6462736099999997207987689762376248836517333984375,"trilong":121.0607452400000028092108550481498241424560546875,"ssid":"wifinaminto","qos":5,"transid":"20130309-00000","firsttime":"2013-03-09T20:00:00.000Z","lasttime":"2015-09-16T09:00:00.000Z","lastupdt":"2015-09-16T09:00:00.000Z","housenumber":null,"road":null,"city":null,"region":"Metro Manila","country":"PH","netid":"00:25:9C:F0:CA:1C","name":null,"type":"infra","comment":null,"wep":"2","channel":9,"bcninterval":0,"freenet":"?","dhcp":"?","paynet":"?","userfound":false,"encryption":"wpa2"},{"trilat":14.646837229999999152596501517109572887420654296875,"trilong":121.0580673200000063616244005970656871795654296875,"ssid":"montallana","qos":5,"transid":"20130316-00000","firsttime":"2013-03-15T22:00:00.000Z","lasttime":"2013-04-29T11:00:00.000Z","lastupdt":"2013-04-29T09:00:00.000Z","housenumber":null,"road":null,"city":null,"region":"Metro Manila","country":"PH","netid":"00:25:9C:ED:40:8A","name":null,"type":"infra","comment":null,"wep":"W","channel":11,"bcninterval":0,"freenet":"?","dhcp":"?","paynet":"?","userfound":false,"encryption":"wpa"},{"trilat":14.6468448599999998549492374877445399761199951171875,"trilong":121.0597610500000058664227253757417201995849609375,"ssid":"Nas","qos":0,"transid":"20130317-00000","firsttime":"2013-03-17T21:00:00.000Z","lasttime":"2013-03-17T09:00:00.000Z","lastupdt":"2013-03-17T07:00:00.000Z","housenumber":null,"road":null,"city":null,"region":"Metro Manila","country":"PH","netid":"00:22:B0:44:27:41","name":null,"type":"infra","comment":null,"wep":"Y","channel":6,"bcninterval":0,"freenet":"?","dhcp":"?","paynet":"?","userfound":false,"encryption":"wep"},{"trilat":14.6452684400000006093023330322466790676116943359375,"trilong":121.060943600000001652006176300346851348876953125,"ssid":"TP-LINK_0","qos":0,"transid":"20130309-00000","firsttime":"2013-03-09T18:00:00.000Z","lasttime":"2013-03-11T16:00:00.000Z","lastupdt":"2013-03-11T14:00:00.000Z","housenumber":null,"road":null,"city":null,"region":"Metro Manila","country":"PH","netid":"00:25:86:CB:D0:C8","name":null,"type":"infra","comment":null,"wep":"2","channel":6,"bcninterval":0,"freenet":"?","dhcp":"?","paynet":"?","userfound":false,"encryption":"wpa2"},{"trilat":14.6429567299999998652992871939204633235931396484375,"trilong":121.0604934699999972735895426012575626373291015625,"ssid":"linksys","qos":0,"transid":"20130414-00000","firsttime":"2013-04-14T14:00:00.000Z","lasttime":"2013-04-14T06:00:00.000Z","lastupdt":"2013-04-14T04:00:00.000Z","housenumber":null,"road":null,"city":null,"region":"Metro Manila","country":"PH","netid":"00:25:9C:94:AB:54","name":null,"type":"infra","comment":null,"wep":"W","channel":1,"bcninterval":0,"freenet":"?","dhcp":"?","paynet":"?","userfound":false,"encryption":"wpa"},{"trilat":14.6454134000000006921027306816540658473968505859375,"trilong":121.061233520000001817606971599161624908447265625,"ssid":"WAXWORKS","qos":5,"transid":"20130209-00000","firsttime":"2013-02-09T20:00:00.000Z","lasttime":"2015-07-26T00:00:00.000Z","lastupdt":"2015-07-26T00:00:00.000Z","housenumber":null,"road":null,"city":null,"region":"Metro Manila","country":"PH","netid":"00:25:9C:98:74:05","name":null,"type":"infra","comment":null,"wep":"2","channel":1,"bcninterval":0,"freenet":"?","dhcp":"?","paynet":"?","userfound":false,"encryption":"wpa2"},{"trilat":14.6449146300000005993524609948508441448211669921875,"trilong":121.0593414300000034700133255682885646820068359375,"ssid":"san antonio","qos":5,"transid":"20151018-00000","firsttime":"2001-01-01T08:00:00.000Z","lasttime":"2016-06-26T09:00:00.000Z","lastupdt":"2016-07-07T06:00:00.000Z","housenumber":null,"road":null,"city":null,"region":null,"country":null,"netid":"04:02:1F:18:4E:5A","name":null,"type":"infra","comment":null,"wep":"2","channel":5,"bcninterval":0,"freenet":"?","dhcp":"?","paynet":"?","userfound":false,"encryption":"wpa2"},{"trilat":14.6448020900000006605523594771511852741241455078125,"trilong":121.0573349000000007436028681695461273193359375,"ssid":"Disconnected","qos":0,"transid":"20130309-00000","firsttime":"2013-03-09T20:00:00.000Z","lasttime":"2013-03-11T16:00:00.000Z","lastupdt":"2013-03-11T14:00:00.000Z","housenumber":null,"road":null,"city":null,"region":"Metro Manila","country":"PH","netid":"00:25:9C:DC:AD:18","name":null,"type":"infra","comment":null,"wep":"W","channel":9,"bcninterval":0,"freenet":"?","dhcp":"?","paynet":"?","userfound":false,"encryption":"wpa"},{"trilat":14.6449499099999993489973348914645612239837646484375,"trilong":121.0572738599999951247809804044663906097412109375,"ssid":"ATeam","qos":0,"transid":"20130309-00000","firsttime":"2013-03-09T20:00:00.000Z","lasttime":"2013-03-11T16:00:00.000Z","lastupdt":"2013-03-11T14:00:00.000Z","housenumber":null,"road":null,"city":null,"region":"Metro Manila","country":"PH","netid":"00:1E:E5:4A:55:4F","name":null,"type":"infra","comment":null,"wep":"2","channel":6,"bcninterval":0,"freenet":"?","dhcp":"?","paynet":"?","userfound":false,"encryption":"wpa2"},{"trilat":14.6459741599999997418990460573695600032806396484375,"trilong":121.06041718000000173560692928731441497802734375,"ssid":"55Tinta","qos":3,"transid":"20150120-00000","firsttime":"2015-01-10T18:00:00.000Z","lasttime":"2015-08-12T07:00:00.000Z","lastupdt":"2015-08-12T07:00:00.000Z","housenumber":null,"road":null,"city":null,"region":null,"country":null,"netid":"00:1F:1F:A4:50:D0","name":null,"type":"infra","comment":null,"wep":"Y","channel":11,"bcninterval":0,"freenet":"?","dhcp":"?","paynet":"?","userfound":false,"encryption":"wep"},{"trilat":14.64582728999999972074874676764011383056640625,"trilong":121.0607223500000060312231653369963169097900390625,"ssid":"linksys","qos":4,"transid":"20130222-00000","firsttime":"2013-02-22T22:00:00.000Z","lasttime":"2015-02-16T06:00:00.000Z","lastupdt":"2015-07-26T00:00:00.000Z","housenumber":null,"road":null,"city":null,"region":"Metro Manila","country":"PH","netid":"00:25:9C:48:93:78","name":null,"type":"infra","comment":null,"wep":"2","channel":6,"bcninterval":0,"freenet":"?","dhcp":"?","paynet":"?","userfound":false,"encryption":"wpa2"},{"trilat":14.6469583500000002374008545302785933017730712890625,"trilong":121.0596084600000068576264311559498310089111328125,"ssid":"Carlos Primero","qos":0,"transid":"20150120-00000","firsttime":"2015-01-11T19:00:00.000Z","lasttime":"2015-01-21T20:00:00.000Z","lastupdt":"2015-07-26T00:00:00.000Z","housenumber":null,"road":null,"city":null,"region":null,"country":null,"netid":"0C:37:DC:28:57:D4","name":null,"type":"infra","comment":null,"wep":"W","channel":1,"bcninterval":0,"freenet":"?","dhcp":"?","paynet":"?","userfound":false,"encryption":"wpa"},{"trilat":14.64309978000000000974978320300579071044921875,"trilong":121.0609817499999962819856591522693634033203125,"ssid":"slash","qos":0,"transid":"20130322-00000","firsttime":"2013-03-23T10:00:00.000Z","lasttime":"2013-03-24T04:00:00.000Z","lastupdt":"2013-03-24T02:00:00.000Z","housenumber":null,"road":null,"city":null,"region":"Metro Manila","country":"PH","netid":"0C:37:DC:28:8C:18","name":null,"type":"infra","comment":null,"wep":"2","channel":6,"bcninterval":0,"freenet":"?","dhcp":"?","paynet":"?","userfound":false,"encryption":"wpa2"},{"trilat":14.6467676200000003206014298484660685062408447265625,"trilong":121.0593872099999970259887049905955791473388671875,"ssid":"JIlagan","qos":0,"transid":"20130317-00000","firsttime":"2013-03-17T21:00:00.000Z","lasttime":"2013-03-17T09:00:00.000Z","lastupdt":"2013-03-17T07:00:00.000Z","housenumber":null,"road":null,"city":null,"region":"Metro Manila","country":"PH","netid":"0C:37:DC:67:C9:1E","name":null,"type":"infra","comment":null,"wep":"2","channel":6,"bcninterval":0,"freenet":"?","dhcp":"?","paynet":"?","userfound":false,"encryption":"wpa2"},{"trilat":14.6464996299999992146467775455676019191741943359375,"trilong":121.0587997399999977687912178225815296173095703125,"ssid":"fabmarj","qos":0,"transid":"20150120-00000","firsttime":"2015-01-11T19:00:00.000Z","lasttime":"2015-01-21T20:00:00.000Z","lastupdt":"2015-07-26T00:00:00.000Z","housenumber":null,"road":null,"city":null,"region":null,"country":null,"netid":"0C:37:DC:40:A7:21","name":null,"type":"infra","comment":null,"wep":"W","channel":6,"bcninterval":0,"freenet":"?","dhcp":"?","paynet":"?","userfound":false,"encryption":"wpa"},{"trilat":14.6430692699999998040993887116201221942901611328125,"trilong":121.0609054600000007440030458383262157440185546875,"ssid":"GRB Network","qos":0,"transid":"20130414-00000","firsttime":"2013-04-14T14:00:00.000Z","lasttime":"2013-04-14T06:00:00.000Z","lastupdt":"2013-04-14T04:00:00.000Z","housenumber":null,"road":null,"city":null,"region":"Metro Manila","country":"PH","netid":"00:24:36:99:B0:91","name":null,"type":"infra","comment":null,"wep":"2","channel":11,"bcninterval":0,"freenet":"?","dhcp":"?","paynet":"?","userfound":false,"encryption":"wpa2"},{"trilat":14.6419601400000001234502633451484143733978271484375,"trilong":121.0611572300000062796243582852184772491455078125,"ssid":"NOLIRSOTOCIN-PC_Network","qos":1,"transid":"20130309-00000","firsttime":"2013-03-09T18:00:00.000Z","lasttime":"2013-11-30T20:00:00.000Z","lastupdt":"2013-11-30T18:00:00.000Z","housenumber":null,"road":null,"city":null,"region":"Metro Manila","country":"PH","netid":"00:24:01:FF:31:3E","name":null,"type":"infra","comment":null,"wep":"W","channel":1,"bcninterval":0,"freenet":"?","dhcp":"?","paynet":"?","userfound":false,"encryption":"wpa"},{"trilat":14.646816250000000536601874046027660369873046875,"trilong":121.059875489999996034384821541607379913330078125,"ssid":"MeatingPoint","qos":0,"transid":"20160907-00000","firsttime":"2016-09-03T21:00:00.000Z","lasttime":"2016-09-07T19:00:00.000Z","lastupdt":"2016-09-07T19:00:00.000Z","housenumber":null,"road":null,"city":null,"region":null,"country":null,"netid":"08:57:00:1E:5B:4E","name":null,"type":"infra","comment":null,"wep":"2","channel":2,"bcninterval":0,"freenet":"?","dhcp":"?","paynet":"?","userfound":false,"encryption":"wpa2"},{"trilat":14.6469879200000008268034434877336025238037109375,"trilong":121.059829710000002478409442119300365447998046875,"ssid":"PrivateAP","qos":0,"transid":"20150120-00000","firsttime":"2015-01-10T18:00:00.000Z","lasttime":"2015-01-21T20:00:00.000Z","lastupdt":"2015-07-26T00:00:00.000Z","housenumber":null,"road":null,"city":null,"region":null,"country":null,"netid":"08:57:00:34:D2:45","name":null,"type":"infra","comment":null,"wep":"2","channel":3,"bcninterval":0,"freenet":"?","dhcp":"?","paynet":"?","userfound":false,"encryption":"wpa2"},{"trilat":14.6460380600000004136518327868543565273284912109375,"trilong":121.0603637699999950427809380926191806793212890625,"ssid":"frappuccino","qos":0,"transid":"20170715-00000","firsttime":"2017-07-15T16:00:00.000Z","lasttime":"2017-07-15T01:00:00.000Z","lastupdt":"2017-07-15T01:00:00.000Z","housenumber":"","road":"Maginhawa","city":"","region":"","country":"PH","netid":"00:23:B1:68:E7:8A","name":null,"type":"infra","comment":null,"wep":"2","channel":1,"bcninterval":0,"freenet":"?","dhcp":"?","paynet":"?","userfound":false,"encryption":"wpa2"},{"trilat":14.6428012800000004745015758089721202850341796875,"trilong":121.0593795799999980999928084202110767364501953125,"ssid":"FBI_BLUE","qos":0,"transid":"20130309-00000","firsttime":"2013-03-09T20:00:00.000Z","lasttime":"2013-03-11T16:00:00.000Z","lastupdt":"2013-03-11T14:00:00.000Z","housenumber":null,"road":null,"city":null,"region":"Metro Manila","country":"PH","netid":"00:25:9C:0D:B5:D1","name":null,"type":"infra","comment":null,"wep":"Y","channel":6,"bcninterval":0,"freenet":"?","dhcp":"?","paynet":"?","userfound":false,"encryption":"wep"},{"trilat":14.6447601299999998758494257344864308834075927734375,"trilong":121.0607299800000049572190619073808193206787109375,"ssid":"BGYTVE","qos":5,"transid":"20130207-00000","firsttime":"2013-02-07T21:00:00.000Z","lasttime":"2013-04-21T03:00:00.000Z","lastupdt":"2013-04-21T01:00:00.000Z","housenumber":null,"road":null,"city":null,"region":"Metro Manila","country":"PH","netid":"00:26:18:AA:C7:F6","name":null,"type":"infra","comment":null,"wep":"2","channel":1,"bcninterval":0,"freenet":"?","dhcp":"?","paynet":"?","userfound":false,"encryption":"wpa2"},{"trilat":14.6467504500000007539028956671245396137237548828125,"trilong":121.06012726000000157000613398849964141845703125,"ssid":"ReggieRage","qos":3,"transid":"20160227-00000","firsttime":"2016-02-27T20:00:00.000Z","lasttime":"2017-07-15T01:00:00.000Z","lastupdt":"2017-07-15T01:00:00.000Z","housenumber":"60","road":"Magiting","city":"","region":"","country":"PH","netid":"08:95:2A:5D:2F:85","name":null,"type":"infra","comment":null,"wep":"2","channel":11,"bcninterval":0,"freenet":"?","dhcp":"?","paynet":"?","userfound":false,"encryption":"wpa2"},{"trilat":14.6465454099999998760495145688764750957489013671875,"trilong":121.05870819000000437881681136786937713623046875,"ssid":"why pie","qos":0,"transid":"20150916-00000","firsttime":"2015-09-04T19:00:00.000Z","lasttime":"2015-09-16T09:00:00.000Z","lastupdt":"2015-09-16T09:00:00.000Z","housenumber":null,"road":null,"city":null,"region":null,"country":null,"netid":"00:23:B1:6D:74:9C","name":null,"type":"infra","comment":null,"wep":"2","channel":13,"bcninterval":0,"freenet":"?","dhcp":"?","paynet":"?","userfound":false,"encryption":"wpa2"},{"trilat":14.6466121699999991534468790632672607898712158203125,"trilong":121.05941771999999900799593888223171234130859375,"ssid":"BIN","qos":0,"transid":"20131030-00000","firsttime":"2013-10-18T21:00:00.000Z","lasttime":"2013-10-30T05:00:00.000Z","lastupdt":"2013-10-30T03:00:00.000Z","housenumber":null,"road":null,"city":null,"region":"Metro Manila","country":"PH","netid":"26:86:C7:64:94:73","name":null,"type":"ad-hoc","comment":null,"wep":"2","channel":11,"bcninterval":0,"freenet":"?","dhcp":"?","paynet":"?","userfound":false,"encryption":"wpa2"},{"trilat":14.644416809999999173896867432631552219390869140625,"trilong":121.057456970000004048415576107800006866455078125,"ssid":"ebojnet","qos":0,"transid":"20130309-00000","firsttime":"2013-03-09T20:00:00.000Z","lasttime":"2013-03-11T16:00:00.000Z","lastupdt":"2013-03-11T14:00:00.000Z","housenumber":null,"road":null,"city":null,"region":"Metro Manila","country":"PH","netid":"00:1F:1F:E1:36:94","name":null,"type":"infra","comment":null,"wep":"Y","channel":11,"bcninterval":0,"freenet":"?","dhcp":"?","paynet":"?","userfound":false,"encryption":"wep"},{"trilat":14.6466350599999994841482475749216973781585693359375,"trilong":121.059700010000000247600837610661983489990234375,"ssid":"panuncialman","qos":5,"transid":"20130207-00000","firsttime":"2013-02-07T22:00:00.000Z","lasttime":"2015-07-26T00:00:00.000Z","lastupdt":"2015-07-26T00:00:00.000Z","housenumber":null,"road":null,"city":null,"region":"Metro Manila","country":"PH","netid":"00:24:01:FF:34:68","name":null,"type":"infra","comment":null,"wep":"2","channel":11,"bcninterval":0,"freenet":"?","dhcp":"?","paynet":"?","userfound":false,"encryption":"wpa2"},{"trilat":14.646816250000000536601874046027660369873046875,"trilong":121.0589523299999967775875120423734188079833984375,"ssid":"rickyneph","qos":0,"transid":"20130815-00000","firsttime":"2013-08-12T21:00:00.000Z","lasttime":"2013-08-15T12:00:00.000Z","lastupdt":"2013-08-15T10:00:00.000Z","housenumber":null,"road":null,"city":null,"region":"Metro Manila","country":"PH","netid":"24:DB:AC:AB:DA:73","name":null,"type":"infra","comment":null,"wep":"2","channel":6,"bcninterval":0,"freenet":"?","dhcp":"?","paynet":"?","userfound":false,"encryption":"wpa2"},{"trilat":14.646946910000000485752025269903242588043212890625,"trilong":121.05776978000000099200406111776828765869140625,"ssid":"One","qos":0,"transid":"20130810-00000","firsttime":"2013-08-07T21:00:00.000Z","lasttime":"2013-08-10T02:00:00.000Z","lastupdt":"2013-08-10T00:00:00.000Z","housenumber":null,"road":null,"city":null,"region":"Metro Manila","country":"PH","netid":"0C:37:DC:0F:A5:D8","name":null,"type":"infra","comment":null,"wep":"2","channel":11,"bcninterval":0,"freenet":"?","dhcp":"?","paynet":"?","userfound":false,"encryption":"wpa2"},{"trilat":14.64433097999999944249793770723044872283935546875,"trilong":121.0610809300000028088106773793697357177734375,"ssid":"Mark","qos":0,"transid":"20130322-00000","firsttime":"2013-03-23T11:00:00.000Z","lasttime":"2013-03-22T22:00:00.000Z","lastupdt":"2013-03-22T20:00:00.000Z","housenumber":null,"road":null,"city":null,"region":"Metro Manila","country":"PH","netid":"0C:37:DC:0F:C4:A4","name":null,"type":"infra","comment":null,"wep":"Y","channel":1,"bcninterval":0,"freenet":"?","dhcp":"?","paynet":"?","userfound":false,"encryption":"wep"},{"trilat":14.64638901000000004160028765909373760223388671875,"trilong":121.0598983800000070232272264547646045684814453125,"ssid":"FUNSHINE","qos":1,"transid":"20130207-00000","firsttime":"2013-02-07T22:00:00.000Z","lasttime":"2013-02-07T10:00:00.000Z","lastupdt":"2013-02-07T08:00:00.000Z","housenumber":null,"road":null,"city":null,"region":"Metro Manila","country":"PH","netid":"0C:37:DC:0F:E6:DB","name":null,"type":"infra","comment":null,"wep":"Y","channel":6,"bcninterval":0,"freenet":"?","dhcp":"?","paynet":"?","userfound":false,"encryption":"wep"},{"trilat":14.64695071999999953504811855964362621307373046875,"trilong":121.0579605100000009088034857995808124542236328125,"ssid":"BILI KA WIFI MO","qos":5,"transid":"20130424-00000","firsttime":"2013-04-23T13:00:00.000Z","lasttime":"2015-07-26T00:00:00.000Z","lastupdt":"2015-07-26T00:00:00.000Z","housenumber":null,"road":null,"city":null,"region":"Metro Manila","country":"PH","netid":"0C:37:DC:10:E0:22","name":null,"type":"infra","comment":null,"wep":"2","channel":6,"bcninterval":0,"freenet":"?","dhcp":"?","paynet":"?","userfound":false,"encryption":"wpa2"},{"trilat":14.64678860000000071295289671979844570159912109375,"trilong":121.059715269999998099592630751430988311767578125,"ssid":"eedge","qos":0,"transid":"20130314-00000","firsttime":"2013-03-13T21:00:00.000Z","lasttime":"2013-03-14T18:00:00.000Z","lastupdt":"2013-12-20T03:00:00.000Z","housenumber":null,"road":null,"city":null,"region":"Metro Manila","country":"PH","netid":"0C:37:DC:C6:BE:B9","name":null,"type":"infra","comment":null,"wep":"2","channel":1,"bcninterval":0,"freenet":"?","dhcp":"?","paynet":"?","userfound":false,"encryption":"wpa2"},{"trilat":14.6442680400000000418003764934837818145751953125,"trilong":121.06128692999999429957824759185314178466796875,"ssid":"MAJJIG 2k12","qos":5,"transid":"20130209-00000","firsttime":"2013-02-09T20:00:00.000Z","lasttime":"2013-04-19T08:00:00.000Z","lastupdt":"2013-04-19T06:00:00.000Z","housenumber":null,"road":null,"city":null,"region":"Metro Manila","country":"PH","netid":"00:23:CD:DA:01:42","name":null,"type":"infra","comment":null,"wep":"Y","channel":2,"bcninterval":0,"freenet":"?","dhcp":"?","paynet":"?","userfound":false,"encryption":"wep"},{"trilat":14.6457786599999995047483025700785219669342041015625,"trilong":121.0609130899999996699989424087107181549072265625,"ssid":"SMART-BRO-A1D5","qos":0,"transid":"20150812-00000","firsttime":"2015-08-12T21:00:00.000Z","lasttime":"2015-08-12T07:00:00.000Z","lastupdt":"2015-08-12T07:00:00.000Z","housenumber":null,"road":null,"city":null,"region":null,"country":null,"netid":"08:63:61:EB:A1:D5","name":null,"type":"infra","comment":null,"wep":"2","channel":2,"bcninterval":0,"freenet":"?","dhcp":"?","paynet":"?","userfound":false,"encryption":"wpa2"},{"trilat":14.645459179999999577148628304712474346160888671875,"trilong":121.0572586100000052056202548556029796600341796875,"ssid":"XCEL","qos":0,"transid":"20130309-00000","firsttime":"2013-03-09T20:00:00.000Z","lasttime":"2013-03-11T16:00:00.000Z","lastupdt":"2013-03-11T14:00:00.000Z","housenumber":null,"road":null,"city":null,"region":"Metro Manila","country":"PH","netid":"00:1D:7E:22:28:BE","name":null,"type":"infra","comment":null,"wep":"W","channel":11,"bcninterval":0,"freenet":"?","dhcp":"?","paynet":"?","userfound":false,"encryption":"wpa"},{"trilat":14.646257399999999648798620910383760929107666015625,"trilong":121.057205199999998512794263660907745361328125,"ssid":"You annoy me really","qos":0,"transid":"20130822-00000","firsttime":"2013-08-21T16:00:00.000Z","lasttime":"2013-08-22T01:00:00.000Z","lastupdt":"2013-08-21T23:00:00.000Z","housenumber":null,"road":null,"city":null,"region":"Metro Manila","country":"PH","netid":"08:10:74:35:02:80","name":null,"type":"infra","comment":null,"wep":"2","channel":3,"bcninterval":0,"freenet":"?","dhcp":"?","paynet":"?","userfound":false,"encryption":"wpa2"},{"trilat":14.64630795000000063055267673917114734649658203125,"trilong":121.0594940200000024788096197880804538726806640625,"ssid":"scumbag","qos":5,"transid":"20130222-00000","firsttime":"2013-02-22T22:00:00.000Z","lasttime":"2013-07-03T06:00:00.000Z","lastupdt":"2013-07-03T04:00:00.000Z","housenumber":null,"road":null,"city":null,"region":"Metro Manila","country":"PH","netid":"08:10:74:68:8B:07","name":null,"type":"infra","comment":null,"wep":"2","channel":9,"bcninterval":0,"freenet":"?","dhcp":"?","paynet":"?","userfound":false,"encryption":"wpa2"},{"trilat":14.6469211599999997730492395930923521518707275390625,"trilong":121.05889892999999801759258843958377838134765625,"ssid":"dd-wrt","qos":5,"transid":"20130924-00000","firsttime":"2013-09-22T15:00:00.000Z","lasttime":"2016-02-27T07:00:00.000Z","lastupdt":"2016-02-27T07:00:00.000Z","housenumber":null,"road":null,"city":null,"region":"Metro Manila","country":"PH","netid":"08:10:74:71:52:E4","name":null,"type":"infra","comment":null,"wep":"2","channel":6,"bcninterval":0,"freenet":"?","dhcp":"?","paynet":"?","userfound":false,"encryption":"wpa2"},{"trilat":14.6467685700000007642529453733004629611968994140625,"trilong":121.058052059999994298777892254292964935302734375,"ssid":"RFamily","qos":1,"transid":"20130317-00000","firsttime":"2013-03-17T21:00:00.000Z","lasttime":"2013-03-20T06:00:00.000Z","lastupdt":"2013-03-20T04:00:00.000Z","housenumber":null,"road":null,"city":null,"region":"Metro Manila","country":"PH","netid":"08:10:74:85:20:1F","name":null,"type":"infra","comment":null,"wep":"W","channel":11,"bcninterval":0,"freenet":"?","dhcp":"?","paynet":"?","userfound":false,"encryption":"wpa"},{"trilat":14.6443290699999995041480360669083893299102783203125,"trilong":121.06099700999999413397745229303836822509765625,"ssid":"CW-8196","qos":4,"transid":"20130222-00000","firsttime":"2013-02-22T22:00:00.000Z","lasttime":"2013-06-21T06:00:00.000Z","lastupdt":"2013-06-21T04:00:00.000Z","housenumber":null,"road":null,"city":null,"region":"Metro Manila","country":"PH","netid":"08:10:74:74:52:60","name":null,"type":"infra","comment":null,"wep":"Y","channel":6,"bcninterval":0,"freenet":"?","dhcp":"?","paynet":"?","userfound":false,"encryption":"wep"},{"trilat":14.6447963699999998965495251468382775783538818359375,"trilong":121.06093597000000272601027972996234893798828125,"ssid":"aban","qos":0,"transid":"20130309-00000","firsttime":"2001-01-01T08:00:00.000Z","lasttime":"2013-06-21T06:00:00.000Z","lastupdt":"2013-06-21T04:00:00.000Z","housenumber":null,"road":null,"city":null,"region":"Metro Manila","country":"PH","netid":"00:21:29:6B:FE:23","name":null,"type":"infra","comment":null,"wep":"W","channel":1,"bcninterval":0,"freenet":"?","dhcp":"?","paynet":"?","userfound":false,"encryption":"wpa"},{"trilat":14.646530150000000247700882027857005596160888671875,"trilong":121.058555600000005370020517148077487945556640625,"ssid":"Daddy wifi","qos":0,"transid":"20150216-00000","firsttime":"2015-02-11T16:00:00.000Z","lasttime":"2015-02-16T06:00:00.000Z","lastupdt":"2015-07-26T00:00:00.000Z","housenumber":null,"road":null,"city":null,"region":null,"country":null,"netid":"08:63:61:88:F5:CC","name":null,"type":"infra","comment":null,"wep":"2","channel":6,"bcninterval":0,"freenet":"?","dhcp":"?","paynet":"?","userfound":false,"encryption":"wpa2"},{"trilat":14.64569187000000027865098672918975353240966796875,"trilong":121.06093597000000272601027972996234893798828125,"ssid":"Virus5","qos":2,"transid":"20130314-00000","firsttime":"2013-03-13T21:00:00.000Z","lasttime":"2014-08-17T06:00:00.000Z","lastupdt":"2015-07-26T00:00:00.000Z","housenumber":null,"road":null,"city":null,"region":"Metro Manila","country":"PH","netid":"20:59:A0:53:9B:6E","name":null,"type":"infra","comment":null,"wep":"W","channel":6,"bcninterval":0,"freenet":"?","dhcp":"?","paynet":"?","userfound":false,"encryption":"wpa"},{"trilat":14.6467142100000007332027962547726929187774658203125,"trilong":121.0579910299999966127870720811188220977783203125,"ssid":"5GB/s-3","qos":0,"transid":"20170609-00000","firsttime":"2017-06-03T18:00:00.000Z","lasttime":"2017-06-09T05:00:00.000Z","lastupdt":"2017-06-09T05:00:00.000Z","housenumber":null,"road":null,"city":null,"region":null,"country":null,"netid":"0E:41:58:01:1D:A3","name":null,"type":"infra","comment":null,"wep":"2","channel":11,"bcninterval":0,"freenet":"?","dhcp":"?","paynet":"?","userfound":false,"encryption":"wpa2"},{"trilat":14.6467857400000003309514795546419918537139892578125,"trilong":121.0581512499999945475792628712952136993408203125,"ssid":"solar_wifi","qos":2,"transid":"20170404-00000","firsttime":"2017-03-31T19:00:00.000Z","lasttime":"2017-07-29T13:00:00.000Z","lastupdt":"2017-07-29T13:00:00.000Z","housenumber":"79","road":"Maginhawa","city":"","region":"","country":"PH","netid":"64:A5:C3:6D:7D:94","name":null,"type":"infra","comment":null,"wep":"2","channel":6,"bcninterval":0,"freenet":"?","dhcp":"?","paynet":"?","userfound":false,"encryption":"wpa2"},{"trilat":14.646393780000000361951606464572250843048095703125,"trilong":121.0613098099999973555895849131047725677490234375,"ssid":"RRR_Net","qos":7,"transid":"20130206-00000","firsttime":"2013-02-07T07:00:00.000Z","lasttime":"2015-07-26T00:00:00.000Z","lastupdt":"2015-07-26T00:00:00.000Z","housenumber":null,"road":null,"city":null,"region":"Metro Manila","country":"PH","netid":"20:AA:4B:98:B4:B2","name":null,"type":"infra","comment":null,"wep":"2","channel":1,"bcninterval":0,"freenet":"?","dhcp":"?","paynet":"?","userfound":false,"encryption":"wpa2"},{"trilat":14.6466503100000000614500095252878963947296142578125,"trilong":121.0593566900000013220051187090575695037841796875,"ssid":"Zara","qos":5,"transid":"20150916-00000","firsttime":"2001-01-01T08:00:00.000Z","lasttime":"2017-07-15T01:00:00.000Z","lastupdt":"2017-07-15T01:00:00.000Z","housenumber":"","road":"Magiting","city":"","region":"","country":"PH","netid":"00:86:11:08:13:9E","name":null,"type":"infra","comment":null,"wep":"2","channel":6,"bcninterval":0,"freenet":"?","dhcp":"?","paynet":"?","userfound":false,"encryption":"wpa2"},{"trilat":14.6426467900000005784022505395114421844482421875,"trilong":121.05988311999999496038071811199188232421875,"ssid":"marasigan","qos":0,"transid":"20131130-00000","firsttime":"2013-11-30T13:00:00.000Z","lasttime":"2013-11-30T01:00:00.000Z","lastupdt":"2013-11-29T23:00:00.000Z","housenumber":null,"road":null,"city":null,"region":"Metro Manila","country":"PH","netid":"60:A4:4C:78:BC:B0","name":null,"type":"infra","comment":null,"wep":"2","channel":6,"bcninterval":0,"freenet":"?","dhcp":"?","paynet":"?","userfound":false,"encryption":"wpa2"},{"trilat":14.64683246999999965964889270253479480743408203125,"trilong":121.060958859999999503997969441115856170654296875,"ssid":"naguindayunan","qos":5,"transid":"20130301-00000","firsttime":"2013-02-24T20:00:00.000Z","lasttime":"2015-07-26T00:00:00.000Z","lastupdt":"2015-07-26T00:00:00.000Z","housenumber":null,"road":null,"city":null,"region":"Metro Manila","country":"PH","netid":"20:CF:30:96:E9:BC","name":null,"type":"infra","comment":null,"wep":"2","channel":7,"bcninterval":0,"freenet":"?","dhcp":"?","paynet":"?","userfound":false,"encryption":"wpa2"},{"trilat":14.6428880699999997005988916498608887195587158203125,"trilong":121.060134890000000496002030558884143829345703125,"ssid":"dlink","qos":0,"transid":"20130309-00000","firsttime":"2013-03-09T20:00:00.000Z","lasttime":"2013-03-11T16:00:00.000Z","lastupdt":"2013-03-11T14:00:00.000Z","housenumber":null,"road":null,"city":null,"region":"Metro Manila","country":"PH","netid":"00:26:5A:25:5A:5C","name":null,"type":"infra","comment":null,"wep":"2","channel":1,"bcninterval":0,"freenet":"?","dhcp":"?","paynet":"?","userfound":false,"encryption":"wpa2"},{"trilat":14.646766660000000825903043732978403568267822265625,"trilong":121.0590896599999979343920131213963031768798828125,"ssid":"Free Public WiFi","qos":1,"transid":"20130831-00000","firsttime":"2013-08-31T20:00:00.000Z","lasttime":"2013-09-02T12:00:00.000Z","lastupdt":"2013-09-02T10:00:00.000Z","housenumber":null,"road":null,"city":null,"region":"Metro Manila","country":"PH","netid":"02:11:87:80:70:19","name":null,"type":"ad-hoc","comment":null,"wep":"N","channel":1,"bcninterval":0,"freenet":"Y","dhcp":"?","paynet":"?","userfound":false,"encryption":"none"},{"trilat":14.6468086199999998342491380753926932811737060546875,"trilong":121.059875489999996034384821541607379913330078125,"ssid":"Free Public WiFi","qos":0,"transid":"20130309-00000","firsttime":"2013-03-09T18:00:00.000Z","lasttime":"2013-03-11T16:00:00.000Z","lastupdt":"2013-03-11T14:00:00.000Z","housenumber":null,"road":null,"city":null,"region":"Metro Manila","country":"PH","netid":"02:11:87:89:62:05","name":null,"type":"ad-hoc","comment":null,"wep":"N","channel":1,"bcninterval":0,"freenet":"Y","dhcp":"?","paynet":"?","userfound":false,"encryption":"none"},{"trilat":14.6448812499999991842969393474049866199493408203125,"trilong":121.0610275300000040488157537765800952911376953125,"ssid":"dlink","qos":3,"transid":"20130209-00000","firsttime":"2013-02-10T13:00:00.000Z","lasttime":"2013-06-21T06:00:00.000Z","lastupdt":"2013-06-21T04:00:00.000Z","housenumber":null,"road":null,"city":null,"region":"Metro Manila","country":"PH","netid":"00:26:5A:FA:96:C8","name":null,"type":"infra","comment":null,"wep":"Y","channel":1,"bcninterval":0,"freenet":"?","dhcp":"?","paynet":"?","userfound":false,"encryption":"wep"},{"trilat":14.6465263399999994220479493378661572933197021484375,"trilong":121.0613326999999941335772746242582798004150390625,"ssid":"bayanDSLWiFi_BE7D","qos":3,"transid":"20131130-00000","firsttime":"2013-11-30T13:00:00.000Z","lasttime":"2014-08-05T06:00:00.000Z","lastupdt":"2015-07-26T00:00:00.000Z","housenumber":null,"road":null,"city":null,"region":"Metro Manila","country":"PH","netid":"00:26:75:9A:BE:7D","name":null,"type":"infra","comment":null,"wep":"2","channel":1,"bcninterval":0,"freenet":"?","dhcp":"?","paynet":"?","userfound":false,"encryption":"wpa2"},{"trilat":14.6453552200000007843527782824821770191192626953125,"trilong":121.0606002800000027264104573987424373626708984375,"ssid":"bayanDSLWiFi_5DF3","qos":0,"transid":"20150120-00000","firsttime":"2015-01-10T19:00:00.000Z","lasttime":"2015-01-21T20:00:00.000Z","lastupdt":"2015-07-26T00:00:00.000Z","housenumber":null,"road":null,"city":null,"region":null,"country":null,"netid":"00:26:75:B7:5D:F3","name":null,"type":"infra","comment":null,"wep":"2","channel":11,"bcninterval":0,"freenet":"?","dhcp":"?","paynet":"?","userfound":false,"encryption":"wpa2"},{"trilat":14.6470851900000003098512024735100567340850830078125,"trilong":121.0613403299999930595731711946427822113037109375,"ssid":"bayanDSLWiFi_12C2","qos":5,"transid":"20140212-00000","firsttime":"2014-02-05T06:00:00.000Z","lasttime":"2016-02-27T07:00:00.000Z","lastupdt":"2016-02-27T07:00:00.000Z","housenumber":null,"road":null,"city":null,"region":null,"country":null,"netid":"00:26:75:AC:12:C2","name":null,"type":"infra","comment":null,"wep":"2","channel":11,"bcninterval":0,"freenet":"?","dhcp":"?","paynet":"?","userfound":false,"encryption":"wpa2"},{"trilat":14.6465978599999999687497620470821857452392578125,"trilong":121.0593872099999970259887049905955791473388671875,"ssid":"panuncialman","qos":5,"transid":"20150726-00000","firsttime":"2015-07-25T23:00:00.000Z","lasttime":"2017-06-09T05:00:00.000Z","lastupdt":"2017-06-09T05:00:00.000Z","housenumber":null,"road":null,"city":null,"region":null,"country":null,"netid":"00:26:75:F7:27:A0","name":null,"type":"infra","comment":null,"wep":"W","channel":9,"bcninterval":0,"freenet":"?","dhcp":"?","paynet":"?","userfound":false,"encryption":"wpa"},{"trilat":14.6456470499999991119466358213685452938079833984375,"trilong":121.060844419999995125181158073246479034423828125,"ssid":"Aztech5018_39AA5","qos":1,"transid":"20150808-00000","firsttime":"2015-08-07T17:00:00.000Z","lasttime":"2015-08-08T09:00:00.000Z","lastupdt":"2015-09-16T09:00:00.000Z","housenumber":null,"road":null,"city":null,"region":null,"country":null,"netid":"00:26:75:F3:9A:A4","name":null,"type":"infra","comment":null,"wep":"W","channel":3,"bcninterval":0,"freenet":"?","dhcp":"?","paynet":"?","userfound":false,"encryption":"wpa"},{"trilat":14.6434402499999993807477949303574860095977783203125,"trilong":121.0596618699999993395977071486413478851318359375,"ssid":"cha  dao","qos":4,"transid":"20140922-00000","firsttime":"2014-09-22T20:00:00.000Z","lasttime":"2015-07-26T00:00:00.000Z","lastupdt":"2015-07-26T00:00:00.000Z","housenumber":null,"road":null,"city":null,"region":null,"country":null,"netid":"00:26:75:DF:69:0C","name":null,"type":"infra","comment":null,"wep":"2","channel":11,"bcninterval":0,"freenet":"?","dhcp":"?","paynet":"?","userfound":false,"encryption":"wpa2"},{"trilat":14.6462640799999999074998413561843335628509521484375,"trilong":121.0582351700000032224124879576265811920166015625,"ssid":"free wifi","qos":0,"transid":"20150726-00000","firsttime":"2015-02-28T19:00:00.000Z","lasttime":"2015-07-26T00:00:00.000Z","lastupdt":"2015-07-26T00:00:00.000Z","housenumber":null,"road":null,"city":null,"region":null,"country":null,"netid":"00:26:75:D4:48:EC","name":null,"type":"infra","comment":null,"wep":"W","channel":11,"bcninterval":0,"freenet":"Y","dhcp":"?","paynet":"?","userfound":false,"encryption":"wpa"},{"trilat":14.6462602600000000308000380755402147769927978515625,"trilong":121.0595016500000014048055163584649562835693359375,"ssid":"Arancini108","qos":2,"transid":"20150726-00000","firsttime":"2015-02-25T20:00:00.000Z","lasttime":"2015-07-26T00:00:00.000Z","lastupdt":"2015-07-26T00:00:00.000Z","housenumber":null,"road":null,"city":null,"region":null,"country":null,"netid":"00:26:75:EA:4A:78","name":null,"type":"infra","comment":null,"wep":"W","channel":11,"bcninterval":0,"freenet":"?","dhcp":"?","paynet":"?","userfound":false,"encryption":"wpa"},{"trilat":14.6449966400000004540515874396078288555145263671875,"trilong":121.06099700999999413397745229303836822509765625,"ssid":"Depaypay Wifi","qos":5,"transid":"20130209-00000","firsttime":"2013-02-09T20:00:00.000Z","lasttime":"2013-11-10T08:00:00.000Z","lastupdt":"2013-11-10T06:00:00.000Z","housenumber":null,"road":null,"city":null,"region":"Metro Manila","country":"PH","netid":"00:25:9C:02:4B:48","name":null,"type":"infra","comment":null,"wep":"W","channel":1,"bcninterval":0,"freenet":"?","dhcp":"?","paynet":"?","userfound":false,"encryption":"wpa"},{"trilat":14.646085740000000186000761459581553936004638671875,"trilong":121.0602722200000016528065316379070281982421875,"ssid":"muyotsys","qos":1,"transid":"20130309-00000","firsttime":"2013-03-09T18:00:00.000Z","lasttime":"2013-03-17T09:00:00.000Z","lastupdt":"2013-03-17T07:00:00.000Z","housenumber":null,"road":null,"city":null,"region":"Metro Manila","country":"PH","netid":"00:25:9C:02:8E:4A","name":null,"type":"infra","comment":null,"wep":"W","channel":1,"bcninterval":0,"freenet":"?","dhcp":"?","paynet":"?","userfound":false,"encryption":"wpa"},{"trilat":14.6465454099999998760495145688764750957489013671875,"trilong":121.058860780000003387613105587661266326904296875,"ssid":"AndroidAP","qos":0,"transid":"20150808-00000","firsttime":"2015-08-07T17:00:00.000Z","lasttime":"2015-08-08T09:00:00.000Z","lastupdt":"2015-08-08T09:00:00.000Z","housenumber":null,"road":null,"city":null,"region":null,"country":null,"netid":"24:4B:81:3D:C3:11","name":null,"type":"infra","comment":null,"wep":"2","channel":11,"bcninterval":0,"freenet":"?","dhcp":"?","paynet":"?","userfound":false,"encryption":"wpa2"},{"trilat":14.646383289999999277597453328780829906463623046875,"trilong":121.0613021900000063624247559346258640289306640625,"ssid":"akamor","qos":0,"transid":"20130322-00000","firsttime":"2013-03-22T23:00:00.000Z","lasttime":"2013-03-22T18:00:00.000Z","lastupdt":"2013-03-22T16:00:00.000Z","housenumber":null,"road":null,"city":null,"region":"Metro Manila","country":"PH","netid":"22:F4:B9:73:F6:0D","name":null,"type":"infra","comment":null,"wep":"2","channel":1,"bcninterval":0,"freenet":"?","dhcp":"?","paynet":"?","userfound":false,"encryption":"wpa2"},{"trilat":14.6470403699999991431468515656888484954833984375,"trilong":121.0578002900000029740112950094044208526611328125,"ssid":"HUAWEI-E5330-37D4","qos":1,"transid":"20150916-00000","firsttime":"2015-09-04T19:00:00.000Z","lasttime":"2015-09-16T09:00:00.000Z","lastupdt":"2015-09-16T09:00:00.000Z","housenumber":null,"road":null,"city":null,"region":null,"country":null,"netid":"24:09:95:92:37:D4","name":null,"type":"infra","comment":null,"wep":"2","channel":2,"bcninterval":0,"freenet":"?","dhcp":"?","paynet":"?","userfound":false,"encryption":"wpa2"},{"trilat":14.6435232200000005065021468908526003360748291015625,"trilong":121.0578384399999976039907778613269329071044921875,"ssid":"aaronyosef","qos":0,"transid":"20130309-00000","firsttime":"2013-03-09T20:00:00.000Z","lasttime":"2013-03-11T16:00:00.000Z","lastupdt":"2013-03-11T14:00:00.000Z","housenumber":null,"road":null,"city":null,"region":"Metro Manila","country":"PH","netid":"00:B0:C0:02:4C:4C","name":null,"type":"infra","comment":null,"wep":"Y","channel":6,"bcninterval":0,"freenet":"?","dhcp":"?","paynet":"?","userfound":false,"encryption":"wep"},{"trilat":14.6464357399999993702977008069865405559539794921875,"trilong":121.0596542400000004136018105782568454742431640625,"ssid":"DV1KIS Wireless","qos":5,"transid":"20130802-00000","firsttime":"2013-07-30T18:00:00.000Z","lasttime":"2017-07-15T01:00:00.000Z","lastupdt":"2017-07-15T01:00:00.000Z","housenumber":"","road":"Maginhawa","city":"","region":"","country":"PH","netid":"00:B0:C0:02:77:50","name":null,"type":"infra","comment":null,"wep":"2","channel":11,"bcninterval":0,"freenet":"?","dhcp":"?","paynet":"?","userfound":false,"encryption":"wpa2"}]}