{"success":true,"totalResults":2103,"search_after":8095945,"first":1,"last":100,"resultCount":100,"results":[{"trilat":14.64683437000000054695192375220358371734619140625,"trilong":121.0604553200000026436100597493350505828857421875,"ssid":"PLDTHOMEDSL","qos":5,"transid":"20150808-00000","firsttime":"2015-08-07T17:00:00.000Z","lasttime":"2017-07-15T01:00:00.000Z","lastupdt":"2017-07-15T01:00:00.000Z","housenumber":"60","road":"Magiting","city":"","region":"","country":"PH","netid":"00:13:33:CF:5E:F8","name":null,"type":"infra","comment":null,"wep":"2","channel":11,"bcninterval":0,"freenet":"?","dhcp":"?","paynet":"?","userfound":false,"encryption":"wpa2"},{"trilat":14.646166799999999597048372379504144191741943359375,"trilong":121.0581054700000009916038834489881992340087890625,"ssid":"PLDTHOMEDSL","qos":0,"transid":"20150726-00000","firsttime":"2015-02-28T19:00:00.000Z","lasttime":"2015-07-26T00:00:00.000Z","lastupdt":"2015-07-26T00:00:00.000Z","housenumber":null,"road":null,"city":null,"region":null,"country":null,"netid":"00:13:33:CF:EE:B7","name":null,"type":"infra","comment":null,"wep":"2","channel":11,"bcninterval":0,"freenet":"?","dhcp":"?","paynet":"?","userfound":false,"encryption":"wpa2"},{"trilat":14.644758219999999937499524094164371490478515625,"trilong":121.06096648999999842999386601150035858154296875,"ssid":"TsimShaTsui","qos":0,"transid":"20161206-00000","firsttime":"2016-12-04T20:00:00.000Z","lasttime":"2016-12-06T07:00:00.000Z","lastupdt":"2016-12-06T07:00:00.000Z","housenumber":null,"road":null,"city":null,"region":null,"country":null,"netid":"00:13:33:F0:A2:B9","name":null,"type":"infra","comment":null,"wep":"2","channel":2,"bcninterval":0,"freenet":"?","dhcp":"?","paynet":"?","userfound":false,"encryption":"wpa2"},{"trilat":14.645895960000000712852852302603423595428466796875,"trilong":121.0613021900000063624247559346258640289306640625,"ssid":"RepeaterSF 3rd Floor","qos":2,"transid":"20130621-00000","firsttime":"2013-06-14T21:00:00.000Z","lasttime":"2014-03-31T19:00:00.000Z","lastupdt":"2015-07-26T00:00:00.000Z","housenumber":null,"road":null,"city":null,"region":"Metro Manila","country":"PH","netid":"00:0F:01:1F:43:58","name":null,"type":"infra","comment":null,"wep":"2","channel":1,"bcninterval":0,"freenet":"?","dhcp":"?","paynet":"?","userfound":false,"encryption":"wpa2"},{"trilat":14.6468143499999996492988429963588714599609375,"trilong":121.0599517800000057832221500575542449951171875,"ssid":"linksys","qos":5,"transid":"20130207-00000","firsttime":"2001-01-01T07:00:00.000Z","lasttime":"2013-11-13T22:00:00.000Z","lastupdt":"2013-11-13T20:00:00.000Z","housenumber":null,"road":null,"city":null,"region":"Metro Manila","country":"PH","netid":"00:14:BF:4B:3C:F8","name":null,"type":"infra","comment":null,"wep":"W","channel":6,"bcninterval":0,"freenet":"?","dhcp":"?","paynet":"?","userfound":false,"encryption":"wpa"},{"trilat":14.6453800199999992770472090342082083225250244140625,"trilong":121.0609054600000007440030458383262157440185546875,"ssid":"PLDTHOMEDSL","qos":0,"transid":"20150120-00000","firsttime":"2015-01-10T19:00:00.000Z","lasttime":"2015-01-21T20:00:00.000Z","lastupdt":"2015-07-26T00:00:00.000Z","housenumber":null,"road":null,"city":null,"region":null,"country":null,"netid":"00:0E:F4:D9:FE:E2","name":null,"type":"infra","comment":null,"wep":"2","channel":11,"bcninterval":0,"freenet":"?","dhcp":"?","paynet":"?","userfound":false,"encryption":"wpa2"},{"trilat":14.6410675000000001233502189279533922672271728515625,"trilong":121.0593261700000056180215324275195598602294921875,"ssid":"MadPad","qos":0,"transid":"20131030-00000","firsttime":"2013-10-21T17:00:00.000Z","lasttime":"2013-10-30T05:00:00.000Z","lastupdt":"2013-10-30T03:00:00.000Z","housenumber":null,"road":null,"city":null,"region":"Metro Manila","country":"PH","netid":"00:0E:68:00:4B:81","name":null,"type":"infra","comment":null,"wep":"Y","channel":11,"bcninterval":0,"freenet":"?","dhcp":"?","paynet":"?","userfound":false,"encryption":"wep"},{"trilat":14.6425037400000004339517545304261147975921630859375,"trilong":121.0604248000000069396264734677970409393310546875,"ssid":"NETGEAR","qos":1,"transid":"20130414-00000","firsttime":"2013-04-14T14:00:00.000Z","lasttime":"2013-11-30T01:00:00.000Z","lastupdt":"2013-11-29T23:00:00.000Z","housenumber":null,"road":null,"city":null,"region":"Metro Manila","country":"PH","netid":"00:14:6C:D8:AA:12","name":null,"type":"infra","comment":null,"wep":"W","channel":11,"bcninterval":0,"freenet":"?","dhcp":"?","paynet":"?","userfound":false,"encryption":"wpa"},{"trilat":14.6427717200000007125026968424208462238311767578125,"trilong":121.05863952999999355597537942230701446533203125,"ssid":"Malingap_Downstairs","qos":0,"transid":"20161206-00000","firsttime":"2016-12-04T20:00:00.000Z","lasttime":"2016-12-06T07:00:00.000Z","lastupdt":"2016-12-06T07:00:00.000Z","housenumber":null,"road":null,"city":null,"region":null,"country":null,"netid":"00:0E:3B:46:30:A8","name":null,"type":"infra","comment":null,"wep":"W","channel":1,"bcninterval":0,"freenet":"?","dhcp":"?","paynet":"?","userfound":false,"encryption":"wpa"},{"trilat":14.6468076699999993905976225505582988262176513671875,"trilong":121.061279299999995373582351021468639373779296875,"ssid":"PLDTHOMEDSL","qos":1,"transid":"20170303-00000","firsttime":"2017-03-03T20:00:00.000Z","lasttime":"2017-07-15T01:00:00.000Z","lastupdt":"2017-07-15T01:00:00.000Z","housenumber":"60","road":"Magiting","city":"","region":"","country":"PH","netid":"00:13:33:FE:E4:AA","name":null,"type":"infra","comment":null,"wep":"2","channel":11,"bcninterval":0,"freenet":"?","dhcp":"?","paynet":"?","userfound":false,"encryption":"wpa2"},{"trilat":14.64686870999999968034899211488664150238037109375,"trilong":121.05944823999999471197952516376972198486328125,"ssid":"PLDTHOMEDSL","qos":0,"transid":"20160907-00000","firsttime":"2016-09-03T21:00:00.000Z","lasttime":"2016-09-07T19:00:00.000Z","lastupdt":"2016-09-07T19:00:00.000Z","housenumber":null,"road":null,"city":null,"region":null,"country":null,"netid":"00:13:33:EE:BE:A2","name":null,"type":"infra","comment":null,"wep":"2","channel":4,"bcninterval":0,"freenet":"?","dhcp":"?","paynet":"?","userfound":false,"encryption":"wpa2"},{"trilat":14.646095280000000826703399070538580417633056640625,"trilong":121.060119630000002644010237418115139007568359375,"ssid":"PLDTHOMEDSL","qos":2,"transid":"20150812-00000","firsttime":"2015-08-12T21:00:00.000Z","lasttime":"2017-07-29T13:00:00.000Z","lastupdt":"2017-07-29T13:00:00.000Z","housenumber":"","road":"Maginhawa","city":"","region":"","country":"PH","netid":"00:13:33:E1:C9:15","name":null,"type":"infra","comment":null,"wep":"2","channel":11,"bcninterval":0,"freenet":"?","dhcp":"?","paynet":"?","userfound":false,"encryption":"wpa2"},{"trilat":14.6458578100000007538028512499295175075531005859375,"trilong":121.06096648999999842999386601150035858154296875,"ssid":"PLDTHOMEDSLDAL1","qos":5,"transid":"20150726-00000","firsttime":"2015-07-11T18:00:00.000Z","lasttime":"2017-07-29T13:00:00.000Z","lastupdt":"2017-07-29T13:00:00.000Z","housenumber":"","road":"Masinsinan","city":"","region":"","country":"PH","netid":"00:13:33:DC:91:AF","name":null,"type":"infra","comment":null,"wep":"2","channel":11,"bcninterval":0,"freenet":"?","dhcp":"?","paynet":"?","userfound":false,"encryption":"wpa2"},{"trilat":14.6471033100000003202012521796859800815582275390625,"trilong":121.0575561499999963643858791328966617584228515625,"ssid":"PLDTHOMEDSL","qos":3,"transid":"20150808-00000","firsttime":"2015-08-07T17:00:00.000Z","lasttime":"2017-06-09T05:00:00.000Z","lastupdt":"2017-06-09T05:00:00.000Z","housenumber":null,"road":null,"city":null,"region":null,"country":null,"netid":"00:13:33:D3:4B:09","name":null,"type":"infra","comment":null,"wep":"2","channel":11,"bcninterval":0,"freenet":"?","dhcp":"?","paynet":"?","userfound":false,"encryption":"wpa2"},{"trilat":14.646806720000000723302946425974369049072265625,"trilong":121.0594024699999948779804981313645839691162109375,"ssid":"PLDTHOMEDSL","qos":3,"transid":"20141230-00000","firsttime":"2014-12-01T22:00:00.000Z","lasttime":"2015-09-16T09:00:00.000Z","lastupdt":"2015-09-16T09:00:00.000Z","housenumber":null,"road":null,"city":null,"region":null,"country":null,"netid":"00:13:33:C6:D1:ED","name":null,"type":"infra","comment":null,"wep":"2","channel":11,"bcninterval":0,"freenet":"?","dhcp":"?","paynet":"?","userfound":false,"encryption":"wpa2"},{"trilat":14.6447009999999995244479578104801476001739501953125,"trilong":121.0603408799999982647932483814656734466552734375,"ssid":"PLDTHOMEDSL","qos":4,"transid":"20140805-00000","firsttime":"2014-08-05T19:00:00.000Z","lasttime":"2014-08-17T06:00:00.000Z","lastupdt":"2015-07-26T00:00:00.000Z","housenumber":null,"road":null,"city":null,"region":null,"country":null,"netid":"00:13:33:BF:9E:3D","name":null,"type":"infra","comment":null,"wep":"2","channel":11,"bcninterval":0,"freenet":"?","dhcp":"?","paynet":"?","userfound":false,"encryption":"wpa2"},{"trilat":14.64606380000000029895090847276151180267333984375,"trilong":121.0612411500000007436028681695461273193359375,"ssid":"PLDTHOMEDSL","qos":0,"transid":"20160227-00000","firsttime":"2016-02-27T20:00:00.000Z","lasttime":"2016-02-27T07:00:00.000Z","lastupdt":"2016-02-27T07:00:00.000Z","housenumber":null,"road":null,"city":null,"region":null,"country":null,"netid":"00:13:33:D2:26:C0","name":null,"type":"infra","comment":null,"wep":"2","channel":11,"bcninterval":0,"freenet":"?","dhcp":"?","paynet":"?","userfound":false,"encryption":"wpa2"},{"trilat":14.6466722499999999484998625121079385280609130859375,"trilong":121.060844419999995125181158073246479034423828125,"ssid":"PLDTHOMEDSL","qos":2,"transid":"20160227-00000","firsttime":"2016-02-27T20:00:00.000Z","lasttime":"2016-09-07T19:00:00.000Z","lastupdt":"2016-09-07T19:00:00.000Z","housenumber":null,"road":null,"city":null,"region":null,"country":null,"netid":"00:13:33:FA:B8:C1","name":null,"type":"infra","comment":null,"wep":"2","channel":1,"bcninterval":0,"freenet":"?","dhcp":"?","paynet":"?","userfound":false,"encryption":"wpa2"},{"trilat":14.6464109400000008776032700552605092525482177734375,"trilong":121.05954742000000123880454339087009429931640625,"ssid":"PLDTHOMEDSL","qos":2,"transid":"20160227-00000","firsttime":"2016-02-27T20:00:00.000Z","lasttime":"2017-04-04T04:00:00.000Z","lastupdt":"2017-04-04T04:00:00.000Z","housenumber":null,"road":null,"city":null,"region":null,"country":null,"netid":"00:13:33:D6:2C:6B","name":null,"type":"infra","comment":null,"wep":"2","channel":11,"bcninterval":0,"freenet":"?","dhcp":"?","paynet":"?","userfound":false,"encryption":"wpa2"},{"trilat":14.6427288099999994841482475749216973781585693359375,"trilong":121.057891850000004296816769056022167205810546875,"ssid":"PLDTHOMEDSL","qos":0,"transid":"20161206-00000","firsttime":"2016-12-04T20:00:00.000Z","lasttime":"2016-12-06T07:00:00.000Z","lastupdt":"2016-12-06T07:00:00.000Z","housenumber":null,"road":null,"city":null,"region":null,"country":null,"netid":"00:13:33:F4:4C:98","name":null,"type":"infra","comment":null,"wep":"2","channel":5,"bcninterval":0,"freenet":"?","dhcp":"?","paynet":"?","userfound":false,"encryption":"wpa2"},{"trilat":14.6463785200000007336029739235527813434600830078125,"trilong":121.0606155400000005784022505395114421844482421875,"ssid":"PLDTHOMEDSL","qos":5,"transid":"20150120-00000","firsttime":"2015-01-11T19:00:00.000Z","lasttime":"2017-06-09T05:00:00.000Z","lastupdt":"2017-06-09T05:00:00.000Z","housenumber":null,"road":null,"city":null,"region":null,"country":null,"netid":"00:13:33:C0:57:33","name":null,"type":"infra","comment":null,"wep":"2","channel":11,"bcninterval":0,"freenet":"?","dhcp":"?","paynet":"?","userfound":false,"encryption":"wpa2"},{"trilat":14.645859720000000692152752890251576900482177734375,"trilong":121.0606689499999930603735265322029590606689453125,"ssid":null,"qos":0,"transid":"20170715-00000","firsttime":"2017-07-15T16:00:00.000Z","lasttime":"2017-07-15T01:00:00.000Z","lastupdt":"2017-07-15T01:00:00.000Z","housenumber":"","road":"Maginhawa","city":"","region":"","country":"PH","netid":"00:13:33:FB:45:3D","name":null,"type":"infra","comment":null,"wep":"?","channel":1,"bcninterval":0,"freenet":"?","dhcp":"?","paynet":"?","userfound":false,"encryption":"unknown"},{"trilat":14.646909709999999193996700341813266277313232421875,"trilong":121.061088560000001734806573949754238128662109375,"ssid":"PLDTHOMEDSLTRIDENTWOOD","qos":5,"transid":"20160227-00000","firsttime":"2016-01-29T18:00:00.000Z","lasttime":"2017-07-15T01:00:00.000Z","lastupdt":"2017-07-15T01:00:00.000Z","housenumber":"60","road":"Magiting","city":"","region":"","country":"PH","netid":"00:13:33:E8:F4:DF","name":null,"type":"infra","comment":null,"wep":"2","channel":11,"bcninterval":0,"freenet":"?","dhcp":"?","paynet":"?","userfound":false,"encryption":"wpa2"},{"trilat":14.64466666999999944209776003845036029815673828125,"trilong":121.060539250000005040419637225568294525146484375,"ssid":"PLDTHOMEDSL","qos":5,"transid":"20150812-00000","firsttime":"2015-08-12T17:00:00.000Z","lasttime":"2017-07-29T13:00:00.000Z","lastupdt":"2017-07-29T13:00:00.000Z","housenumber":"","road":"Maginhawa","city":"","region":"","country":"PH","netid":"00:13:33:E1:9B:5C","name":null,"type":"infra","comment":null,"wep":"2","channel":11,"bcninterval":0,"freenet":"?","dhcp":"?","paynet":"?","userfound":false,"encryption":"wpa2"},{"trilat":14.643321990000000454301698482595384120941162109375,"trilong":121.0610504200000008268034434877336025238037109375,"ssid":"linksys","qos":1,"transid":"20130309-00000","firsttime":"2013-03-08T23:00:00.000Z","lasttime":"2013-03-11T16:00:00.000Z","lastupdt":"2013-03-11T14:00:00.000Z","housenumber":null,"road":null,"city":null,"region":"Metro Manila","country":"PH","netid":"00:14:BF:37:22:F4","name":null,"type":"infra","comment":null,"wep":"2","channel":6,"bcninterval":0,"freenet":"?","dhcp":"?","paynet":"?","userfound":false,"encryption":"wpa2"},{"trilat":14.6428327599999992258972270064987242221832275390625,"trilong":121.0594711300000057008219300769269466400146484375,"ssid":"linksys","qos":0,"transid":"20130309-00000","firsttime":"2013-03-09T20:00:00.000Z","lasttime":"2013-03-11T16:00:00.000Z","lastupdt":"2013-03-11T14:00:00.000Z","housenumber":null,"road":null,"city":null,"region":"Metro Manila","country":"PH","netid":"00:14:BF:BB:DC:33","name":null,"type":"infra","comment":null,"wep":"W","channel":6,"bcninterval":0,"freenet":"?","dhcp":"?","paynet":"?","userfound":false,"encryption":"wpa"},{"trilat":14.6464366899999998139492163318209350109100341796875,"trilong":121.058700560000005452820914797484874725341796875,"ssid":"linksys","qos":5,"transid":"20130408-00000","firsttime":"2013-04-08T21:00:00.000Z","lasttime":"2016-06-04T16:00:00.000Z","lastupdt":"2016-06-04T16:00:00.000Z","housenumber":null,"road":null,"city":null,"region":"Metro Manila","country":"PH","netid":"00:16:B6:B4:B0:BD","name":null,"type":"infra","comment":null,"wep":"Y","channel":6,"bcninterval":0,"freenet":"?","dhcp":"?","paynet":"?","userfound":false,"encryption":"wep"},{"trilat":14.6463747000000008569031706429086625576019287109375,"trilong":121.0590438800000043784166336990892887115478515625,"ssid":"CalataganPot","qos":5,"transid":"20130207-00000","firsttime":"2001-01-01T07:00:00.000Z","lasttime":"2014-02-13T15:00:00.000Z","lastupdt":"2015-07-26T00:00:00.000Z","housenumber":null,"road":null,"city":null,"region":"Metro Manila","country":"PH","netid":"00:17:3F:9F:16:00","name":null,"type":"infra","comment":null,"wep":"2","channel":6,"bcninterval":0,"freenet":"?","dhcp":"?","paynet":"?","userfound":false,"encryption":"wpa2"},{"trilat":14.6427926999999993284973243135027587413787841796875,"trilong":121.0591964700000033872129279188811779022216796875,"ssid":"TP-LINK","qos":0,"transid":"20130309-00000","firsttime":"2013-03-09T20:00:00.000Z","lasttime":"2013-03-11T16:00:00.000Z","lastupdt":"2013-03-11T14:00:00.000Z","housenumber":null,"road":null,"city":null,"region":"Metro Manila","country":"PH","netid":"00:19:E0:A4:A9:56","name":null,"type":"infra","comment":null,"wep":"Y","channel":6,"bcninterval":0,"freenet":"?","dhcp":"?","paynet":"?","userfound":false,"encryption":"wep"},{"trilat":14.646865840000000247300704359076917171478271484375,"trilong":121.0581512499999945475792628712952136993408203125,"ssid":"PLDTHOMEDSLbellabonita","qos":5,"transid":"20160227-00000","firsttime":"2016-02-27T20:00:00.000Z","lasttime":"2017-07-29T13:00:00.000Z","lastupdt":"2017-07-29T13:00:00.000Z","housenumber":"79","road":"Maginhawa","city":"","region":"","country":"PH","netid":"00:13:33:FB:46:83","name":null,"type":"infra","comment":null,"wep":"2","channel":2,"bcninterval":0,"freenet":"?","dhcp":"?","paynet":"?","userfound":false,"encryption":"wpa2"},{"trilat":14.642686839999999648398443241603672504425048828125,"trilong":121.0573959400000063624247559346258640289306640625,"ssid":"PLDTHOMEDSL","qos":0,"transid":"20161206-00000","firsttime":"2016-12-04T20:00:00.000Z","lasttime":"2016-12-06T07:00:00.000Z","lastupdt":"2016-12-06T07:00:00.000Z","housenumber":null,"road":null,"city":null,"region":null,"country":null,"netid":"00:13:33:FE:E1:B2","name":null,"type":"infra","comment":null,"wep":"2","channel":2,"bcninterval":0,"freenet":"?","dhcp":"?","paynet":"?","userfound":false,"encryption":"wpa2"},{"trilat":14.6465396899999991120466802385635673999786376953125,"trilong":121.0613174399999962815854814834892749786376953125,"ssid":"PLDTHOMEDSLAN","qos":2,"transid":"20160227-00000","firsttime":"2016-02-27T20:00:00.000Z","lasttime":"2017-03-03T07:00:00.000Z","lastupdt":"2017-03-03T07:00:00.000Z","housenumber":null,"road":null,"city":null,"region":null,"country":null,"netid":"00:13:33:F1:CA:A2","name":null,"type":"infra","comment":null,"wep":"2","channel":1,"bcninterval":0,"freenet":"?","dhcp":"?","paynet":"?","userfound":false,"encryption":"wpa2"},{"trilat":14.64661502999999953544829622842371463775634765625,"trilong":121.057518009999995456382748670876026153564453125,"ssid":"PLDTHOMEDSL","qos":0,"transid":"20160227-00000","firsttime":"2016-02-13T21:00:00.000Z","lasttime":"2016-02-27T07:00:00.000Z","lastupdt":"2016-02-27T07:00:00.000Z","housenumber":null,"road":null,"city":null,"region":null,"country":null,"netid":"00:13:33:D6:2B:CB","name":null,"type":"infra","comment":null,"wep":"2","channel":11,"bcninterval":0,"freenet":"?","dhcp":"?","paynet":"?","userfound":false,"encryption":"wpa2"},{"trilat":14.64674377000000049520167522132396697998046875,"trilong":121.060249330000004874818841926753520965576171875,"ssid":"PLDTHOMEDSL","qos":3,"transid":"20160227-00000","firsttime":"2001-01-01T08:00:00.000Z","lasttime":"2017-03-03T07:00:00.000Z","lastupdt":"2017-03-03T07:00:00.000Z","housenumber":null,"road":null,"city":null,"region":null,"country":null,"netid":"00:13:33:E8:F1:E7","name":null,"type":"infra","comment":null,"wep":"2","channel":11,"bcninterval":0,"freenet":"?","dhcp":"?","paynet":"?","userfound":false,"encryption":"wpa2"},{"trilat":14.6465139400000001757007339620031416416168212890625,"trilong":121.0592346199999980171924107708036899566650390625,"ssid":"PLDTHOMEDSL","qos":5,"transid":"20150726-00000","firsttime":"2015-07-25T23:00:00.000Z","lasttime":"2017-07-29T13:00:00.000Z","lastupdt":"2017-07-29T13:00:00.000Z","housenumber":"","road":"Magiting","city":"","region":"","country":"PH","netid":"00:13:33:DF:9B:B8","name":null,"type":"infra","comment":null,"wep":"2","channel":11,"bcninterval":0,"freenet":"?","dhcp":"?","paynet":"?","userfound":false,"encryption":"wpa2"},{"trilat":14.646365169999999267247403622604906558990478515625,"trilong":121.05954742000000123880454339087009429931640625,"ssid":"PLDTHOMEDSL","qos":5,"transid":"20150812-00000","firsttime":"2015-08-12T21:00:00.000Z","lasttime":"2017-07-29T13:00:00.000Z","lastupdt":"2017-07-29T13:00:00.000Z","housenumber":"","road":"Maginhawa","city":"","region":"","country":"PH","netid":"00:13:33:E1:63:DF","name":null,"type":"infra","comment":null,"wep":"2","channel":11,"bcninterval":0,"freenet":"?","dhcp":"?","paynet":"?","userfound":false,"encryption":"wpa2"},{"trilat":14.6465539899999992456969266640953719615936279296875,"trilong":121.0591812100000055352211347781121730804443359375,"ssid":"PLDTHOMEDSLadmin","qos":5,"transid":"20160227-00000","firsttime":"2001-01-01T08:00:00.000Z","lasttime":"2017-07-29T13:00:00.000Z","lastupdt":"2017-07-29T13:00:00.000Z","housenumber":"","road":"Magiting","city":"","region":"","country":"PH","netid":"00:13:33:EA:7B:20","name":null,"type":"infra","comment":null,"wep":"2","channel":5,"bcninterval":0,"freenet":"?","dhcp":"?","paynet":"?","userfound":false,"encryption":"wpa2"},{"trilat":14.6465625799999994427480487502180039882659912109375,"trilong":121.059150700000003553213900886476039886474609375,"ssid":"trendzoneqc","qos":5,"transid":"20160227-00000","firsttime":"2001-01-01T08:00:00.000Z","lasttime":"2017-07-29T13:00:00.000Z","lastupdt":"2017-07-29T13:00:00.000Z","housenumber":"","road":"Magiting","city":"","region":"","country":"PH","netid":"00:13:33:EA:7B:21","name":null,"type":"infra","comment":null,"wep":"2","channel":5,"bcninterval":0,"freenet":"?","dhcp":"?","paynet":"?","userfound":false,"encryption":"wpa2"},{"trilat":14.6451711699999993498977346462197601795196533203125,"trilong":121.06093597000000272601027972996234893798828125,"ssid":"PLDTHOMEDSL","qos":2,"transid":"20161206-00000","firsttime":"2016-12-04T20:00:00.000Z","lasttime":"2017-07-29T13:00:00.000Z","lastupdt":"2017-07-29T13:00:00.000Z","housenumber":"116","road":"Maginhawa","city":"","region":"","country":"PH","netid":"00:13:33:EA:82:37","name":null,"type":"infra","comment":null,"wep":"2","channel":11,"bcninterval":0,"freenet":"?","dhcp":"?","paynet":"?","userfound":false,"encryption":"wpa2"},{"trilat":14.6426916099999999687497620470821857452392578125,"trilong":121.0581054700000009916038834489881992340087890625,"ssid":"APF Residence","qos":0,"transid":"20130309-00000","firsttime":"2013-03-09T20:00:00.000Z","lasttime":"2013-03-11T16:00:00.000Z","lastupdt":"2013-03-11T14:00:00.000Z","housenumber":null,"road":null,"city":null,"region":"Metro Manila","country":"PH","netid":"00:1A:70:6B:12:C3","name":null,"type":"infra","comment":null,"wep":"N","channel":11,"bcninterval":0,"freenet":"?","dhcp":"?","paynet":"?","userfound":false,"encryption":"none"},{"trilat":14.6451091800000003928516889573074877262115478515625,"trilong":121.0572662400000041316161514259874820709228515625,"ssid":"DJNicdao","qos":0,"transid":"20130309-00000","firsttime":"2013-03-09T20:00:00.000Z","lasttime":"2013-03-11T16:00:00.000Z","lastupdt":"2013-03-11T14:00:00.000Z","housenumber":null,"road":null,"city":null,"region":"Metro Manila","country":"PH","netid":"00:1A:70:5B:EB:19","name":null,"type":"infra","comment":null,"wep":"W","channel":11,"bcninterval":0,"freenet":"?","dhcp":"?","paynet":"?","userfound":false,"encryption":"wpa"},{"trilat":14.6466083499999992767470757826231420040130615234375,"trilong":121.06040192000000388361513614654541015625,"ssid":"PLDTSMART","qos":6,"transid":"20130419-00000","firsttime":"2013-04-18T20:00:00.000Z","lasttime":"2017-05-07T05:00:00.000Z","lastupdt":"2017-05-07T05:00:00.000Z","housenumber":null,"road":null,"city":null,"region":"Metro Manila","country":"PH","netid":"00:18:25:03:49:C4","name":null,"type":"infra","comment":null,"wep":"2","channel":3,"bcninterval":0,"freenet":"?","dhcp":"?","paynet":"?","userfound":false,"encryption":"wpa2"},{"trilat":14.646603580000000732752596377395093441009521484375,"trilong":121.0590896599999979343920131213963031768798828125,"ssid":"PLDTSMART","qos":5,"transid":"20130621-00000","firsttime":"2013-06-11T20:00:00.000Z","lasttime":"2013-11-30T01:00:00.000Z","lastupdt":"2013-11-29T23:00:00.000Z","housenumber":null,"road":null,"city":null,"region":"Metro Manila","country":"PH","netid":"00:18:25:03:5C:A1","name":null,"type":"infra","comment":null,"wep":"2","channel":9,"bcninterval":0,"freenet":"?","dhcp":"?","paynet":"?","userfound":false,"encryption":"wpa2"},{"trilat":14.64628124000000042315150494687259197235107421875,"trilong":121.0596389800000025616100174374878406524658203125,"ssid":"saugerties2","qos":2,"transid":"20170609-00000","firsttime":"2017-06-03T18:00:00.000Z","lasttime":"2017-07-29T13:00:00.000Z","lastupdt":"2017-07-29T13:00:00.000Z","housenumber":"","road":"Maginhawa","city":"","region":"","country":"PH","netid":"00:1B:2F:E2:2E:EC","name":null,"type":"infra","comment":null,"wep":"2","channel":2,"bcninterval":0,"freenet":"?","dhcp":"?","paynet":"?","userfound":false,"encryption":"wpa2"},{"trilat":14.6421899799999994939980751951225101947784423828125,"trilong":121.0604705800000004956018528901040554046630859375,"ssid":"CRUZ network","qos":0,"transid":"20130414-00000","firsttime":"2013-04-14T14:00:00.000Z","lasttime":"2013-04-14T06:00:00.000Z","lastupdt":"2013-04-14T04:00:00.000Z","housenumber":null,"road":null,"city":null,"region":"Metro Manila","country":"PH","netid":"00:1A:EF:26:C1:A8","name":null,"type":"infra","comment":null,"wep":"2","channel":10,"bcninterval":0,"freenet":"?","dhcp":"?","paynet":"?","userfound":false,"encryption":"wpa2"},{"trilat":14.64666079999999936944732326082885265350341796875,"trilong":121.058334349999995538382790982723236083984375,"ssid":"Theotokos","qos":4,"transid":"20130324-00000","firsttime":"2013-03-23T17:00:00.000Z","lasttime":"2013-08-31T17:00:00.000Z","lastupdt":"2013-08-31T15:00:00.000Z","housenumber":null,"road":null,"city":null,"region":"Metro Manila","country":"PH","netid":"00:1A:EF:2E:06:6D","name":null,"type":"infra","comment":null,"wep":"2","channel":1,"bcninterval":0,"freenet":"?","dhcp":"?","paynet":"?","userfound":false,"encryption":"wpa2"},{"trilat":14.646275519999999659148670616559684276580810546875,"trilong":121.05983734000000140440533868968486785888671875,"ssid":"Delish","qos":2,"transid":"20130222-00000","firsttime":"2013-02-22T22:00:00.000Z","lasttime":"2014-08-13T05:00:00.000Z","lastupdt":"2015-07-26T00:00:00.000Z","housenumber":null,"road":null,"city":null,"region":"Metro Manila","country":"PH","netid":"00:1A:EF:07:E1:21","name":null,"type":"infra","comment":null,"wep":"W","channel":11,"bcninterval":0,"freenet":"?","dhcp":"?","paynet":"?","userfound":false,"encryption":"wpa"},{"trilat":14.646845819999999349647623603232204914093017578125,"trilong":121.0579757699999987607952789403498172760009765625,"ssid":"TROJAN VIRUS!","qos":1,"transid":"20170303-00000","firsttime":"2017-03-03T20:00:00.000Z","lasttime":"2017-07-29T13:00:00.000Z","lastupdt":"2017-07-29T13:00:00.000Z","housenumber":"79","road":"Maginhawa","city":"","region":"","country":"PH","netid":"00:1A:EF:48:77:0B","name":null,"type":"infra","comment":null,"wep":"2","channel":10,"bcninterval":0,"freenet":"?","dhcp":"?","paynet":"?","userfound":false,"encryption":"wpa2"},{"trilat":14.6442747099999994730978869483806192874908447265625,"trilong":121.0610809300000028088106773793697357177734375,"ssid":"gaeconference","qos":5,"transid":"20130209-00000","firsttime":"2013-02-10T13:00:00.000Z","lasttime":"2013-11-30T01:00:00.000Z","lastupdt":"2013-11-29T23:00:00.000Z","housenumber":null,"road":null,"city":null,"region":"Metro Manila","country":"PH","netid":"00:1C:10:35:2C:0D","name":null,"type":"infra","comment":null,"wep":"2","channel":11,"bcninterval":0,"freenet":"?","dhcp":"?","paynet":"?","userfound":false,"encryption":"wpa2"},{"trilat":14.64156627999999926714735920540988445281982421875,"trilong":121.0611801099999951247809804044663906097412109375,"ssid":"ginger","qos":0,"transid":"20130309-00000","firsttime":"2013-03-09T18:00:00.000Z","lasttime":"2013-03-11T16:00:00.000Z","lastupdt":"2013-03-11T14:00:00.000Z","housenumber":null,"road":null,"city":null,"region":"Metro Manila","country":"PH","netid":"00:1B:11:3C:23:C1","name":null,"type":"infra","comment":null,"wep":"Y","channel":9,"bcninterval":0,"freenet":"?","dhcp":"?","paynet":"?","userfound":false,"encryption":"wep"},{"trilat":14.6450815199999997417990016401745378971099853515625,"trilong":121.0572662400000041316161514259874820709228515625,"ssid":"unicef","qos":0,"transid":"20130309-00000","firsttime":"2013-03-09T20:00:00.000Z","lasttime":"2013-03-11T16:00:00.000Z","lastupdt":"2013-03-11T14:00:00.000Z","housenumber":null,"road":null,"city":null,"region":"Metro Manila","country":"PH","netid":"00:1B:11:3C:27:E9","name":null,"type":"infra","comment":null,"wep":"2","channel":1,"bcninterval":0,"freenet":"?","dhcp":"?","paynet":"?","userfound":false,"encryption":"wpa2"},{"trilat":14.6427650499999995048483469872735440731048583984375,"trilong":121.0583801300000033052128856070339679718017578125,"ssid":"charley","qos":0,"transid":"20130309-00000","firsttime":"2013-03-09T20:00:00.000Z","lasttime":"2013-03-11T16:00:00.000Z","lastupdt":"2013-03-11T14:00:00.000Z","housenumber":null,"road":null,"city":null,"region":"Metro Manila","country":"PH","netid":"00:18:E7:E7:6D:10","name":null,"type":"infra","comment":null,"wep":"W","channel":6,"bcninterval":0,"freenet":"?","dhcp":"?","paynet":"?","userfound":false,"encryption":"wpa"},{"trilat":14.6434955599999998554494595737196505069732666015625,"trilong":121.061088560000001734806573949754238128662109375,"ssid":"G10b@L WiFi","qos":5,"transid":"20130309-00000","firsttime":"2013-03-09T18:00:00.000Z","lasttime":"2013-11-30T20:00:00.000Z","lastupdt":"2013-11-30T18:00:00.000Z","housenumber":null,"road":null,"city":null,"region":"Metro Manila","country":"PH","netid":"00:1A:70:ED:38:7E","name":null,"type":"infra","comment":null,"wep":"Y","channel":1,"bcninterval":0,"freenet":"?","dhcp":"?","paynet":"?","userfound":false,"encryption":"wep"},{"trilat":14.642813679999999720848791184835135936737060546875,"trilong":121.059440609999995785983628593385219573974609375,"ssid":"CD-R_KING","qos":0,"transid":"20130309-00000","firsttime":"2013-03-09T20:00:00.000Z","lasttime":"2013-03-11T16:00:00.000Z","lastupdt":"2013-03-11T14:00:00.000Z","housenumber":null,"road":null,"city":null,"region":"Metro Manila","country":"PH","netid":"00:1A:EF:06:56:3D","name":null,"type":"infra","comment":null,"wep":"N","channel":1,"bcninterval":0,"freenet":"?","dhcp":"?","paynet":"?","userfound":false,"encryption":"none"},{"trilat":14.6467876399999994418976712040603160858154296875,"trilong":121.0603485099999971907891449518501758575439453125,"ssid":"JBISCAYDA","qos":6,"transid":"20131110-00000","firsttime":"2013-11-09T19:00:00.000Z","lasttime":"2015-09-16T09:00:00.000Z","lastupdt":"2015-09-16T09:00:00.000Z","housenumber":null,"road":null,"city":null,"region":"Metro Manila","country":"PH","netid":"00:1B:11:87:21:72","name":null,"type":"infra","comment":null,"wep":"Y","channel":6,"bcninterval":0,"freenet":"?","dhcp":"?","paynet":"?","userfound":false,"encryption":"wep"},{"trilat":14.6466865500000000821501089376397430896759033203125,"trilong":121.0586852999999933899744064547121524810791015625,"ssid":"PLDT Smart WiFi Zone","qos":1,"transid":"20170303-00000","firsttime":"2017-03-03T19:00:00.000Z","lasttime":"2017-04-04T04:00:00.000Z","lastupdt":"2017-04-04T04:00:00.000Z","housenumber":null,"road":null,"city":null,"region":null,"country":null,"netid":"00:18:25:05:95:E0","name":null,"type":"infra","comment":null,"wep":"?","channel":120,"bcninterval":0,"freenet":"?","dhcp":"?","paynet":"?","userfound":false,"encryption":"unknown"},{"trilat":14.6434469200000005884021447855047881603240966796875,"trilong":121.0604629500000015696059563197195529937744140625,"ssid":"_UP","qos":6,"transid":"20130208-00000","firsttime":"2013-02-08T16:00:00.000Z","lasttime":"2017-01-29T10:00:00.000Z","lastupdt":"2017-01-29T10:00:00.000Z","housenumber":null,"road":null,"city":null,"region":"Metro Manila","country":"PH","netid":"00:18:25:03:5B:A0","name":null,"type":"infra","comment":null,"wep":"N","channel":9,"bcninterval":0,"freenet":"?","dhcp":"?","paynet":"?","userfound":false,"encryption":"none"},{"trilat":14.646603580000000732752596377395093441009521484375,"trilong":121.05941771999999900799593888223171234130859375,"ssid":"PLDT Smart WiFi Zone","qos":5,"transid":"20130207-00000","firsttime":"2013-02-07T22:00:00.000Z","lasttime":"2014-08-05T06:00:00.000Z","lastupdt":"2015-07-26T00:00:00.000Z","housenumber":null,"road":null,"city":null,"region":"Metro Manila","country":"PH","netid":"00:18:25:03:5C:A0","name":null,"type":"infra","comment":null,"wep":"N","channel":8,"bcninterval":0,"freenet":"?","dhcp":"?","paynet":"?","userfound":false,"encryption":"none"},{"trilat":14.646141050000000660702426102943718433380126953125,"trilong":121.0600662199999959511842462234199047088623046875,"ssid":"PLDT Smart WiFi Zone","qos":6,"transid":"20130207-00000","firsttime":"2013-02-07T21:00:00.000Z","lasttime":"2017-05-07T05:00:00.000Z","lastupdt":"2017-05-07T05:00:00.000Z","housenumber":null,"road":null,"city":null,"region":"Metro Manila","country":"PH","netid":"00:18:25:03:49:C0","name":null,"type":"infra","comment":null,"wep":"N","channel":3,"bcninterval":0,"freenet":"?","dhcp":"?","paynet":"?","userfound":false,"encryption":"none"},{"trilat":14.6468000400000004646017259801737964153289794921875,"trilong":121.0583877600000022312087821774184703826904296875,"ssid":"PLDT Smart WiFi Zone","qos":1,"transid":"20170303-00000","firsttime":"2017-03-03T19:00:00.000Z","lasttime":"2017-04-04T04:00:00.000Z","lastupdt":"2017-04-04T04:00:00.000Z","housenumber":null,"road":null,"city":null,"region":null,"country":null,"netid":"00:18:25:03:49:F0","name":null,"type":"infra","comment":null,"wep":"?","channel":120,"bcninterval":0,"freenet":"?","dhcp":"?","paynet":"?","userfound":false,"encryption":"unknown"},{"trilat":14.64530277000000069165253080427646636962890625,"trilong":121.057342529999999669598764739930629730224609375,"ssid":"imeinc","qos":0,"transid":"20130309-00000","firsttime":"2013-03-09T20:00:00.000Z","lasttime":"2013-03-11T16:00:00.000Z","lastupdt":"2013-03-11T14:00:00.000Z","housenumber":null,"road":null,"city":null,"region":"Metro Manila","country":"PH","netid":"00:19:E3:FB:7C:AE","name":null,"type":"infra","comment":null,"wep":"2","channel":7,"bcninterval":0,"freenet":"?","dhcp":"?","paynet":"?","userfound":false,"encryption":"wpa2"},{"trilat":14.646184919999999607398422085680067539215087890625,"trilong":121.059860229999998182393028400838375091552734375,"ssid":"MRS","qos":5,"transid":"20130222-00000","firsttime":"2013-02-22T22:00:00.000Z","lasttime":"2017-07-29T13:00:00.000Z","lastupdt":"2017-07-29T13:00:00.000Z","housenumber":"","road":"Maginhawa","city":"","region":"","country":"PH","netid":"00:18:4D:95:5D:B0","name":null,"type":"infra","comment":null,"wep":"W","channel":11,"bcninterval":0,"freenet":"?","dhcp":"?","paynet":"?","userfound":false,"encryption":"wpa"},{"trilat":14.6448020900000006605523594771511852741241455078125,"trilong":121.0573349000000007436028681695461273193359375,"ssid":"linksys","qos":0,"transid":"20130309-00000","firsttime":"2013-03-09T20:00:00.000Z","lasttime":"2013-03-11T16:00:00.000Z","lastupdt":"2013-03-11T14:00:00.000Z","housenumber":null,"road":null,"city":null,"region":"Metro Manila","country":"PH","netid":"00:1D:7E:24:CA:58","name":null,"type":"infra","comment":null,"wep":"N","channel":11,"bcninterval":0,"freenet":"?","dhcp":"?","paynet":"?","userfound":false,"encryption":"none"},{"trilat":14.64410495999999994864992913790047168731689453125,"trilong":121.0610199000000051228198572061955928802490234375,"ssid":"SKWAP01","qos":1,"transid":"20130222-00000","firsttime":"2013-02-22T22:00:00.000Z","lasttime":"2013-03-11T16:00:00.000Z","lastupdt":"2013-03-11T14:00:00.000Z","housenumber":null,"road":null,"city":null,"region":"Metro Manila","country":"PH","netid":"00:1A:70:34:1E:4F","name":null,"type":"infra","comment":null,"wep":"N","channel":2,"bcninterval":0,"freenet":"?","dhcp":"?","paynet":"?","userfound":false,"encryption":"none"},{"trilat":14.6446399700000000621002982370555400848388671875,"trilong":121.06128692999999429957824759185314178466796875,"ssid":"Please Connect","qos":5,"transid":"20130309-00000","firsttime":"2013-03-09T18:00:00.000Z","lasttime":"2013-12-09T09:00:00.000Z","lastupdt":"2013-12-09T07:00:00.000Z","housenumber":null,"road":null,"city":null,"region":"Metro Manila","country":"PH","netid":"00:1A:70:F2:D9:02","name":null,"type":"infra","comment":null,"wep":"2","channel":11,"bcninterval":0,"freenet":"?","dhcp":"?","paynet":"?","userfound":false,"encryption":"wpa2"},{"trilat":14.641817089999999978999767336063086986541748046875,"trilong":121.0606384299999973563899402506649494171142578125,"ssid":"NETWORK","qos":2,"transid":"20130322-00000","firsttime":"2013-03-23T10:00:00.000Z","lasttime":"2013-11-30T01:00:00.000Z","lastupdt":"2013-11-29T23:00:00.000Z","housenumber":null,"road":null,"city":null,"region":"Metro Manila","country":"PH","netid":"00:1E:2A:62:24:16","name":null,"type":"infra","comment":null,"wep":"W","channel":11,"bcninterval":0,"freenet":"?","dhcp":"?","paynet":"?","userfound":false,"encryption":"wpa"},{"trilat":14.6420230900000003515515345497988164424896240234375,"trilong":121.0604248000000069396264734677970409393310546875,"ssid":"MODE_ Inc.","qos":0,"transid":"20131130-00000","firsttime":"2013-11-30T13:00:00.000Z","lasttime":"2013-11-30T01:00:00.000Z","lastupdt":"2013-11-29T23:00:00.000Z","housenumber":null,"road":null,"city":null,"region":"Metro Manila","country":"PH","netid":"00:1D:7E:C1:3B:3F","name":null,"type":"infra","comment":null,"wep":"W","channel":11,"bcninterval":0,"freenet":"?","dhcp":"?","paynet":"?","userfound":false,"encryption":"wpa"},{"trilat":14.6457014099999991429967849398963153362274169921875,"trilong":121.060859679999992977172951214015483856201171875,"ssid":"Printers","qos":4,"transid":"20130324-00000","firsttime":"2013-03-23T17:00:00.000Z","lasttime":"2014-08-13T05:00:00.000Z","lastupdt":"2015-07-26T00:00:00.000Z","housenumber":null,"road":null,"city":null,"region":"Metro Manila","country":"PH","netid":"00:1F:1F:56:FE:2C","name":null,"type":"infra","comment":null,"wep":"2","channel":11,"bcninterval":0,"freenet":"?","dhcp":"?","paynet":"?","userfound":false,"encryption":"wpa2"},{"trilat":14.6443662599999999684996510040946304798126220703125,"trilong":121.0610427900000019008075469173491001129150390625,"ssid":"dlink","qos":1,"transid":"20130309-00000","firsttime":"2013-03-09T18:00:00.000Z","lasttime":"2013-10-30T05:00:00.000Z","lastupdt":"2013-10-30T03:00:00.000Z","housenumber":null,"road":null,"city":null,"region":"Metro Manila","country":"PH","netid":"00:1C:F0:3E:7C:E5","name":null,"type":"infra","comment":null,"wep":"Y","channel":6,"bcninterval":0,"freenet":"?","dhcp":"?","paynet":"?","userfound":false,"encryption":"wep"},{"trilat":14.646348950000000144200384966097772121429443359375,"trilong":121.0605163599999940515772323124110698699951171875,"ssid":"SENDGH-MGR","qos":2,"transid":"20140922-00000","firsttime":"2014-09-22T20:00:00.000Z","lasttime":"2014-10-13T17:00:00.000Z","lastupdt":"2015-07-26T00:00:00.000Z","housenumber":null,"road":null,"city":null,"region":null,"country":null,"netid":"00:18:39:5F:F1:8F","name":null,"type":"infra","comment":null,"wep":"W","channel":1,"bcninterval":0,"freenet":"?","dhcp":"?","paynet":"?","userfound":false,"encryption":"wpa"},{"trilat":14.64643382999999943194779916666448116302490234375,"trilong":121.060958859999999503997969441115856170654296875,"ssid":"ALLEGATOR_Smart","qos":5,"transid":"20130207-00000","firsttime":"2013-02-07T21:00:00.000Z","lasttime":"2013-10-01T22:00:00.000Z","lastupdt":"2013-10-01T20:00:00.000Z","housenumber":null,"road":null,"city":null,"region":"Metro Manila","country":"PH","netid":"00:1E:10:9D:EC:EA","name":null,"type":"infra","comment":null,"wep":"2","channel":11,"bcninterval":0,"freenet":"?","dhcp":"?","paynet":"?","userfound":false,"encryption":"wpa2"},{"trilat":14.6468219800000003516515789669938385486602783203125,"trilong":121.060958859999999503997969441115856170654296875,"ssid":null,"qos":0,"transid":"20141013-00000","firsttime":"2014-10-10T19:00:00.000Z","lasttime":"2014-10-13T17:00:00.000Z","lastupdt":"2015-07-26T00:00:00.000Z","housenumber":null,"road":null,"city":null,"region":null,"country":null,"netid":"00:18:25:02:BB:B0","name":null,"type":"infra","comment":null,"wep":"?","channel":9,"bcninterval":0,"freenet":"?","dhcp":"?","paynet":"?","userfound":false,"encryption":"unknown"},{"trilat":14.646166799999999597048372379504144191741943359375,"trilong":121.0597534200000069404268288053572177886962890625,"ssid":"Magiting S2","qos":6,"transid":"20130621-00000","firsttime":"2013-06-11T20:00:00.000Z","lasttime":"2017-05-07T05:00:00.000Z","lastupdt":"2017-05-07T05:00:00.000Z","housenumber":null,"road":null,"city":null,"region":"Metro Manila","country":"PH","netid":"00:18:25:03:49:C1","name":null,"type":"infra","comment":null,"wep":"W","channel":3,"bcninterval":0,"freenet":"?","dhcp":"?","paynet":"?","userfound":false,"encryption":"wpa"},{"trilat":14.646675110000000330501279677264392375946044921875,"trilong":121.0587539699999979347921907901763916015625,"ssid":"PLDTSMART","qos":1,"transid":"20170303-00000","firsttime":"2017-03-03T19:00:00.000Z","lasttime":"2017-04-04T04:00:00.000Z","lastupdt":"2017-04-04T04:00:00.000Z","housenumber":null,"road":null,"city":null,"region":null,"country":null,"netid":"00:18:25:05:95:E4","name":null,"type":"infra","comment":null,"wep":"2","channel":120,"bcninterval":0,"freenet":"?","dhcp":"?","paynet":"?","userfound":false,"encryption":"wpa2"},{"trilat":14.6468114899999992672974258312024176120758056640625,"trilong":121.0610199000000051228198572061955928802490234375,"ssid":"QC food Festival4","qos":0,"transid":"20141013-00000","firsttime":"2014-10-10T19:00:00.000Z","lasttime":"2014-10-13T17:00:00.000Z","lastupdt":"2015-07-26T00:00:00.000Z","housenumber":null,"road":null,"city":null,"region":null,"country":null,"netid":"00:18:25:02:BB:B1","name":null,"type":"infra","comment":null,"wep":"?","channel":9,"bcninterval":0,"freenet":"?","dhcp":"?","paynet":"?","userfound":false,"encryption":"unknown"},{"trilat":14.6467933699999992569473761250264942646026611328125,"trilong":121.0583801300000033052128856070339679718017578125,"ssid":"PLDTSMART","qos":1,"transid":"20170303-00000","firsttime":"2017-03-03T19:00:00.000Z","lasttime":"2017-04-04T04:00:00.000Z","lastupdt":"2017-04-04T04:00:00.000Z","housenumber":null,"road":null,"city":null,"region":null,"country":null,"netid":"00:18:25:03:49:F4","name":null,"type":"infra","comment":null,"wep":"2","channel":120,"bcninterval":0,"freenet":"?","dhcp":"?","paynet":"?","userfound":false,"encryption":"wpa2"},{"trilat":14.6435623199999991328468240681104362010955810546875,"trilong":121.06106567000000495681888423860073089599609375,"ssid":"dlink","qos":2,"transid":"20130324-00000","firsttime":"2013-03-23T17:00:00.000Z","lasttime":"2013-11-30T01:00:00.000Z","lastupdt":"2013-11-29T23:00:00.000Z","housenumber":null,"road":null,"city":null,"region":"Metro Manila","country":"PH","netid":"00:1C:F0:AE:DF:65","name":null,"type":"infra","comment":null,"wep":"Y","channel":6,"bcninterval":0,"freenet":"?","dhcp":"?","paynet":"?","userfound":false,"encryption":"wep"},{"trilat":14.6411209099999997107488525216467678546905517578125,"trilong":121.061203000000006113623385317623615264892578125,"ssid":"linksys","qos":3,"transid":"20130309-00000","firsttime":"2013-03-09T18:00:00.000Z","lasttime":"2013-10-30T05:00:00.000Z","lastupdt":"2013-10-30T03:00:00.000Z","housenumber":null,"road":null,"city":null,"region":"Metro Manila","country":"PH","netid":"00:18:39:B6:02:E7","name":null,"type":"infra","comment":null,"wep":"W","channel":6,"bcninterval":0,"freenet":"?","dhcp":"?","paynet":"?","userfound":false,"encryption":"wpa"},{"trilat":14.6443395600000005885021892026998102664947509765625,"trilong":121.0575256300000006604022928513586521148681640625,"ssid":"unwired2","qos":0,"transid":"20130309-00000","firsttime":"2013-03-09T20:00:00.000Z","lasttime":"2013-03-11T16:00:00.000Z","lastupdt":"2013-03-11T14:00:00.000Z","housenumber":null,"road":null,"city":null,"region":"Metro Manila","country":"PH","netid":"00:18:F8:70:F5:2B","name":null,"type":"infra","comment":null,"wep":"2","channel":9,"bcninterval":0,"freenet":"?","dhcp":"?","paynet":"?","userfound":false,"encryption":"wpa2"},{"trilat":14.642573360000000093350536189973354339599609375,"trilong":121.058174129999997603590600192546844482421875,"ssid":"roelnet","qos":1,"transid":"20130309-00000","firsttime":"2013-03-09T20:00:00.000Z","lasttime":"2013-03-11T16:00:00.000Z","lastupdt":"2013-03-11T14:00:00.000Z","housenumber":null,"road":null,"city":null,"region":"Metro Manila","country":"PH","netid":"00:1D:6A:D0:3F:19","name":null,"type":"infra","comment":null,"wep":"2","channel":10,"bcninterval":0,"freenet":"?","dhcp":"?","paynet":"?","userfound":false,"encryption":"wpa2"},{"trilat":14.64208411999999981389919412322342395782470703125,"trilong":121.059944150000006857226253487169742584228515625,"ssid":"Movingpix","qos":0,"transid":"20131130-00000","firsttime":"2013-11-30T13:00:00.000Z","lasttime":"2013-11-30T01:00:00.000Z","lastupdt":"2013-11-29T23:00:00.000Z","housenumber":null,"road":null,"city":null,"region":"Metro Manila","country":"PH","netid":"00:1F:1F:1E:02:3B","name":null,"type":"infra","comment":null,"wep":"W","channel":1,"bcninterval":0,"freenet":"?","dhcp":"?","paynet":"?","userfound":false,"encryption":"wpa"},{"trilat":14.6466255200000006198024493642151355743408203125,"trilong":121.0613174399999962815854814834892749786376953125,"ssid":"Bahay Ni Sarhennto","qos":1,"transid":"20131106-00000","firsttime":"2013-11-02T19:00:00.000Z","lasttime":"2013-11-10T08:00:00.000Z","lastupdt":"2013-11-10T06:00:00.000Z","housenumber":null,"road":null,"city":null,"region":"Metro Manila","country":"PH","netid":"00:1F:1F:29:C0:A5","name":null,"type":"infra","comment":null,"wep":"2","channel":1,"bcninterval":0,"freenet":"?","dhcp":"?","paynet":"?","userfound":false,"encryption":"wpa2"},{"trilat":14.64260005999999947334799799136817455291748046875,"trilong":121.0607452400000028092108550481498241424560546875,"ssid":"linksys","qos":1,"transid":"20130322-00000","firsttime":"2013-03-23T10:00:00.000Z","lasttime":"2013-04-14T06:00:00.000Z","lastupdt":"2013-04-14T04:00:00.000Z","housenumber":null,"road":null,"city":null,"region":"Metro Manila","country":"PH","netid":"00:16:B6:F2:C4:BE","name":null,"type":"infra","comment":null,"wep":"W","channel":11,"bcninterval":0,"freenet":"?","dhcp":"?","paynet":"?","userfound":false,"encryption":"wpa"},{"trilat":14.6468496300000001753005562932230532169342041015625,"trilong":121.057357789999997521590557880699634552001953125,"ssid":"Magiting S1","qos":6,"transid":"20140813-00000","firsttime":"2014-08-13T19:00:00.000Z","lasttime":"2017-05-07T05:00:00.000Z","lastupdt":"2017-05-07T05:00:00.000Z","housenumber":null,"road":null,"city":null,"region":null,"country":null,"netid":"00:18:25:05:95:D1","name":null,"type":"infra","comment":null,"wep":"W","channel":2,"bcninterval":0,"freenet":"?","dhcp":"?","paynet":"?","userfound":false,"encryption":"wpa"},{"trilat":14.6468172100000000313002601615153253078460693359375,"trilong":121.0575485199999974383899825625121593475341796875,"ssid":"PLDTSMART","qos":6,"transid":"20140813-00000","firsttime":"2014-08-13T19:00:00.000Z","lasttime":"2017-05-07T05:00:00.000Z","lastupdt":"2017-05-07T05:00:00.000Z","housenumber":null,"road":null,"city":null,"region":null,"country":null,"netid":"00:18:25:05:95:D4","name":null,"type":"infra","comment":null,"wep":"2","channel":2,"bcninterval":0,"freenet":"?","dhcp":"?","paynet":"?","userfound":false,"encryption":"wpa2"},{"trilat":14.6466712999999995048483469872735440731048583984375,"trilong":121.0592193600000001652006176300346851348876953125,"ssid":"PLDTSMART","qos":5,"transid":"20130418-00000","firsttime":"2013-04-18T08:00:00.000Z","lasttime":"2014-05-09T05:00:00.000Z","lastupdt":"2015-07-26T00:00:00.000Z","housenumber":null,"road":null,"city":null,"region":"Metro Manila","country":"PH","netid":"00:18:25:03:5C:A4","name":null,"type":"infra","comment":null,"wep":"2","channel":8,"bcninterval":0,"freenet":"?","dhcp":"?","paynet":"?","userfound":false,"encryption":"wpa2"},{"trilat":14.645487790000000671852831146679818630218505859375,"trilong":121.060928340000003800014383159577846527099609375,"ssid":"RoxyPC","qos":1,"transid":"20130222-00000","firsttime":"2013-02-22T22:00:00.000Z","lasttime":"2013-03-01T05:00:00.000Z","lastupdt":"2013-03-01T03:00:00.000Z","housenumber":null,"road":null,"city":null,"region":"Metro Manila","country":"PH","netid":"00:1C:F0:B0:3D:E3","name":null,"type":"infra","comment":null,"wep":"2","channel":2,"bcninterval":0,"freenet":"?","dhcp":"?","paynet":"?","userfound":false,"encryption":"wpa2"},{"trilat":14.6437149000000008669530870974995195865631103515625,"trilong":121.0577545200000031400122679769992828369140625,"ssid":"Free Wifi","qos":0,"transid":"20130309-00000","firsttime":"2013-03-09T20:00:00.000Z","lasttime":"2013-03-11T16:00:00.000Z","lastupdt":"2013-03-11T14:00:00.000Z","housenumber":null,"road":null,"city":null,"region":"Metro Manila","country":"PH","netid":"00:1A:70:4A:03:D6","name":null,"type":"infra","comment":null,"wep":"2","channel":11,"bcninterval":0,"freenet":"Y","dhcp":"?","paynet":"?","userfound":false,"encryption":"wpa2"},{"trilat":14.6448240300000005476022124639712274074554443359375,"trilong":121.057342529999999669598764739930629730224609375,"ssid":"linksys","qos":0,"transid":"20130309-00000","firsttime":"2013-03-09T20:00:00.000Z","lasttime":"2013-03-11T16:00:00.000Z","lastupdt":"2013-03-11T14:00:00.000Z","housenumber":null,"road":null,"city":null,"region":"Metro Manila","country":"PH","netid":"00:1A:70:4A:05:98","name":null,"type":"infra","comment":null,"wep":"N","channel":11,"bcninterval":0,"freenet":"?","dhcp":"?","paynet":"?","userfound":false,"encryption":"none"},{"trilat":14.6464777000000001550006345496512949466705322265625,"trilong":121.0586852999999933899744064547121524810791015625,"ssid":"linksys_SES_8538","qos":5,"transid":"20130316-00000","firsttime":"2013-03-16T00:00:00.000Z","lasttime":"2013-05-06T09:00:00.000Z","lastupdt":"2013-05-06T07:00:00.000Z","housenumber":null,"road":null,"city":null,"region":"Metro Manila","country":"PH","netid":"00:1E:E5:63:56:F4","name":null,"type":"infra","comment":null,"wep":"W","channel":11,"bcninterval":0,"freenet":"?","dhcp":"?","paynet":"?","userfound":false,"encryption":"wpa"},{"trilat":14.6463880500000005469019015436060726642608642578125,"trilong":121.057197569999999586798367090523242950439453125,"ssid":"redroot","qos":0,"transid":"20130822-00000","firsttime":"2013-08-21T16:00:00.000Z","lasttime":"2013-08-22T00:00:00.000Z","lastupdt":"2013-08-21T23:00:00.000Z","housenumber":null,"road":null,"city":null,"region":"Metro Manila","country":"PH","netid":"00:1D:92:12:B0:AC","name":null,"type":"infra","comment":null,"wep":"W","channel":1,"bcninterval":0,"freenet":"?","dhcp":"?","paynet":"?","userfound":false,"encryption":"wpa"},{"trilat":14.646956440000000299050952889956533908843994140625,"trilong":121.0579299900000052048198995180428028106689453125,"ssid":"linksys","qos":2,"transid":"20130815-00000","firsttime":"2013-08-12T21:00:00.000Z","lasttime":"2013-08-22T00:00:00.000Z","lastupdt":"2013-08-21T23:00:00.000Z","housenumber":null,"road":null,"city":null,"region":"Metro Manila","country":"PH","netid":"00:18:39:CF:5C:EB","name":null,"type":"infra","comment":null,"wep":"N","channel":1,"bcninterval":0,"freenet":"?","dhcp":"?","paynet":"?","userfound":false,"encryption":"none"},{"trilat":14.644319530000000639802237856201827526092529296875,"trilong":121.0575332599999995863981894217431545257568359375,"ssid":"Edimax","qos":0,"transid":"20130309-00000","firsttime":"2013-03-09T20:00:00.000Z","lasttime":"2013-03-11T16:00:00.000Z","lastupdt":"2013-03-11T14:00:00.000Z","housenumber":null,"road":null,"city":null,"region":"Metro Manila","country":"PH","netid":"00:1F:1F:F8:8F:3F","name":null,"type":"infra","comment":null,"wep":"W","channel":11,"bcninterval":0,"freenet":"?","dhcp":"?","paynet":"?","userfound":false,"encryption":"wpa"},{"trilat":14.6458215700000007331027518375776708126068115234375,"trilong":121.0604476900000037176141631789505481719970703125,"ssid":"k5-tv","qos":3,"transid":"20140922-00000","firsttime":"2014-09-22T20:00:00.000Z","lasttime":"2015-08-12T07:00:00.000Z","lastupdt":"2015-08-12T07:00:00.000Z","housenumber":null,"road":null,"city":null,"region":null,"country":null,"netid":"00:1E:58:C1:17:C7","name":null,"type":"infra","comment":null,"wep":"2","channel":6,"bcninterval":0,"freenet":"?","dhcp":"?","paynet":"?","userfound":false,"encryption":"wpa2"},{"trilat":14.6444292100000001966009222087450325489044189453125,"trilong":121.0610199000000051228198572061955928802490234375,"ssid":"AG-PC_Network","qos":0,"transid":"20131130-00000","firsttime":"2013-11-30T13:00:00.000Z","lasttime":"2013-11-30T01:00:00.000Z","lastupdt":"2013-11-29T23:00:00.000Z","housenumber":null,"road":null,"city":null,"region":"Metro Manila","country":"PH","netid":"00:1E:58:C0:5D:D9","name":null,"type":"infra","comment":null,"wep":"W","channel":6,"bcninterval":0,"freenet":"?","dhcp":"?","paynet":"?","userfound":false,"encryption":"wpa"},{"trilat":14.6460151700000000829504642751999199390411376953125,"trilong":121.061073300000003882814780808985233306884765625,"ssid":"Markiey23","qos":0,"transid":"20160227-00000","firsttime":"2016-02-27T20:00:00.000Z","lasttime":"2016-02-27T07:00:00.000Z","lastupdt":"2016-02-27T07:00:00.000Z","housenumber":null,"road":null,"city":null,"region":null,"country":null,"netid":"00:1E:A8:04:98:28","name":null,"type":"infra","comment":null,"wep":"2","channel":11,"bcninterval":0,"freenet":"?","dhcp":"?","paynet":"?","userfound":false,"encryption":"wpa2"},{"trilat":14.6427659999999999484998625121079385280609130859375,"trilong":121.05841827000000421321601606905460357666015625,"ssid":"cclaw","qos":0,"transid":"20130309-00000","firsttime":"2013-03-09T20:00:00.000Z","lasttime":"2013-03-11T16:00:00.000Z","lastupdt":"2013-03-11T14:00:00.000Z","housenumber":null,"road":null,"city":null,"region":"Metro Manila","country":"PH","netid":"00:1C:10:C0:D7:5E","name":null,"type":"infra","comment":null,"wep":"W","channel":7,"bcninterval":0,"freenet":"?","dhcp":"?","paynet":"?","userfound":false,"encryption":"wpa"},{"trilat":14.646693230000000340851329383440315723419189453125,"trilong":121.05841827000000421321601606905460357666015625,"ssid":"maginhawa","qos":5,"transid":"20130309-00000","firsttime":"2013-03-09T18:00:00.000Z","lasttime":"2015-09-16T09:00:00.000Z","lastupdt":"2015-09-16T09:00:00.000Z","housenumber":null,"road":null,"city":null,"region":"Metro Manila","country":"PH","netid":"00:1C:10:94:AA:CC","name":null,"type":"infra","comment":null,"wep":"W","channel":11,"bcninterval":0,"freenet":"?","dhcp":"?","paynet":"?","userfound":false,"encryption":"wpa"},{"trilat":14.6442537300000008571032594772987067699432373046875,"trilong":121.0611801099999951247809804044663906097412109375,"ssid":"default","qos":0,"transid":"20131030-00000","firsttime":"2013-10-21T17:00:00.000Z","lasttime":"2013-10-30T05:00:00.000Z","lastupdt":"2013-10-30T03:00:00.000Z","housenumber":null,"road":null,"city":null,"region":"Metro Manila","country":"PH","netid":"00:1E:58:3A:97:EB","name":null,"type":"infra","comment":null,"wep":"N","channel":6,"bcninterval":0,"freenet":"?","dhcp":"?","paynet":"?","userfound":false,"encryption":"none"},{"trilat":14.6419544199999993594474290148355066776275634765625,"trilong":121.0604705800000004956018528901040554046630859375,"ssid":"DOTCHIMON","qos":0,"transid":"20131130-00000","firsttime":"2013-11-30T13:00:00.000Z","lasttime":"2013-11-30T01:00:00.000Z","lastupdt":"2013-11-29T23:00:00.000Z","housenumber":null,"road":null,"city":null,"region":"Metro Manila","country":"PH","netid":"00:1D:73:8D:16:CF","name":null,"type":"infra","comment":null,"wep":"2","channel":11,"bcninterval":0,"freenet":"?","dhcp":"?","paynet":"?","userfound":false,"encryption":"wpa2"}]}