{"success":true,"totalResults":2103,"search_after":44481329,"first":1,"last":100,"resultCount":100,"results":[{"trilat":14.6465768799999995763982951757498085498809814453125,"trilong":121.0592346199999980171924107708036899566650390625,"ssid":"bayanDSLWIFI_4FB2","qos":5,"transid":"20150808-00000","firsttime":"2015-08-07T22:00:00.000Z","lasttime":"2017-04-04T04:00:00.000Z","lastupdt":"2017-04-04T04:00:00.000Z","housenumber":null,"road":null,"city":null,"region":null,"country":null,"netid":"94:A7:B7:26:4F:B2","name":null,"type":"infra","comment":null,"wep":"2","channel":2,"bcninterval":0,"freenet":"?","dhcp":"?","paynet":"?","userfound":false,"encryption":"wpa2"},{"trilat":14.646838190000000423651727032847702503204345703125,"trilong":121.06040192000000388361513614654541015625,"ssid":"bayanDSLWIFI_5583","qos":0,"transid":"20150916-00000","firsttime":"2015-09-04T19:00:00.000Z","lasttime":"2015-09-16T09:00:00.000Z","lastupdt":"2015-09-16T09:00:00.000Z","housenumber":null,"road":null,"city":null,"region":null,"country":null,"netid":"94:A7:B7:26:55:83","name":null,"type":"infra","comment":null,"wep":"2","channel":1,"bcninterval":0,"freenet":"?","dhcp":"?","paynet":"?","userfound":false,"encryption":"wpa2"},{"trilat":14.6443615000000004755520421895198523998260498046875,"trilong":121.0601959199999981819928507320582866668701171875,"ssid":"linksys","qos":5,"transid":"20130209-00000","firsttime":"2013-02-09T20:00:00.000Z","lasttime":"2013-12-09T09:00:00.000Z","lastupdt":"2013-12-09T07:00:00.000Z","housenumber":null,"road":null,"city":null,"region":"Metro Manila","country":"PH","netid":"68:7F:74:A1:5D:A4","name":null,"type":"infra","comment":null,"wep":"Y","channel":6,"bcninterval":0,"freenet":"?","dhcp":"?","paynet":"?","userfound":false,"encryption":"wep"},{"trilat":14.6421270400000000933005139813758432865142822265625,"trilong":121.0611724900000041316161514259874820709228515625,"ssid":"linksys","qos":1,"transid":"20131030-00000","firsttime":"2013-10-21T17:00:00.000Z","lasttime":"2013-11-30T20:00:00.000Z","lastupdt":"2013-11-30T18:00:00.000Z","housenumber":null,"road":null,"city":null,"region":"Metro Manila","country":"PH","netid":"68:7F:74:FD:B4:3C","name":null,"type":"infra","comment":null,"wep":"2","channel":6,"bcninterval":0,"freenet":"?","dhcp":"?","paynet":"?","userfound":false,"encryption":"wpa2"},{"trilat":14.646845819999999349647623603232204914093017578125,"trilong":121.0609130899999996699989424087107181549072265625,"ssid":"HUAWEI-E5330-AC4A","qos":3,"transid":"20150216-00000","firsttime":"2015-02-15T19:00:00.000Z","lasttime":"2015-07-26T00:00:00.000Z","lastupdt":"2015-07-26T00:00:00.000Z","housenumber":null,"road":null,"city":null,"region":null,"country":null,"netid":"68:A0:F6:69:AC:4A","name":null,"type":"infra","comment":null,"wep":"2","channel":4,"bcninterval":0,"freenet":"?","dhcp":"?","paynet":"?","userfound":false,"encryption":"wpa2"},{"trilat":14.646801950000000402951627620495855808258056640625,"trilong":121.0582046499999933075741864740848541259765625,"ssid":"KIYAN0615","qos":0,"transid":"20150216-00000","firsttime":"2015-02-10T21:00:00.000Z","lasttime":"2015-02-16T06:00:00.000Z","lastupdt":"2015-07-26T00:00:00.000Z","housenumber":null,"road":null,"city":null,"region":null,"country":null,"netid":"68:A0:F6:98:C6:9E","name":null,"type":"infra","comment":null,"wep":"2","channel":7,"bcninterval":0,"freenet":"?","dhcp":"?","paynet":"?","userfound":false,"encryption":"wpa2"},{"trilat":14.646746639999999928249962977133691310882568359375,"trilong":121.060684199999997190388967283070087432861328125,"ssid":"HUAWEI-E5330-AC64","qos":0,"transid":"20150726-00000","firsttime":"2015-02-27T19:00:00.000Z","lasttime":"2015-07-26T00:00:00.000Z","lastupdt":"2015-07-26T00:00:00.000Z","housenumber":null,"road":null,"city":null,"region":null,"country":null,"netid":"68:A0:F6:A4:AC:64","name":null,"type":"infra","comment":null,"wep":"2","channel":10,"bcninterval":0,"freenet":"?","dhcp":"?","paynet":"?","userfound":false,"encryption":"wpa2"},{"trilat":14.6463060400000006922027750988490879535675048828125,"trilong":121.0598525999999992563971318304538726806640625,"ssid":"Louie T.?s iPhone","qos":0,"transid":"20170729-00000","firsttime":"2017-07-16T19:00:00.000Z","lasttime":"2017-07-29T13:00:00.000Z","lastupdt":"2017-07-29T13:00:00.000Z","housenumber":"","road":"Maginhawa","city":"","region":"","country":"PH","netid":"6A:BF:6B:4E:F6:A5","name":null,"type":"infra","comment":null,"wep":"2","channel":6,"bcninterval":0,"freenet":"?","dhcp":"?","paynet":"?","userfound":false,"encryption":"wpa2"},{"trilat":14.6467399599999996695487425313331186771392822265625,"trilong":121.0581130999999999175997800193727016448974609375,"ssid":"Ebola-bola","qos":0,"transid":"20150104-00000","firsttime":"2015-01-04T19:00:00.000Z","lasttime":"2015-01-04T21:00:00.000Z","lastupdt":"2015-07-26T00:00:00.000Z","housenumber":null,"road":null,"city":null,"region":null,"country":null,"netid":"80:71:7A:E9:62:71","name":null,"type":"infra","comment":null,"wep":"2","channel":6,"bcninterval":0,"freenet":"?","dhcp":"?","paynet":"?","userfound":false,"encryption":"wpa2"},{"trilat":14.646800989999999131896402104757726192474365234375,"trilong":121.059745789999993803576217032968997955322265625,"ssid":"avanza_dashcam","qos":0,"transid":"20170404-00000","firsttime":"2017-03-31T19:00:00.000Z","lasttime":"2017-04-04T04:00:00.000Z","lastupdt":"2017-04-04T04:00:00.000Z","housenumber":null,"road":null,"city":null,"region":null,"country":null,"netid":"58:70:C6:FD:81:B8","name":null,"type":"infra","comment":null,"wep":"2","channel":5,"bcninterval":0,"freenet":"?","dhcp":"?","paynet":"?","userfound":false,"encryption":"wpa2"},{"trilat":14.6465406399999995556981957633979618549346923828125,"trilong":121.0591125499999947123797028325498104095458984375,"ssid":"Muriel's iPhone","qos":0,"transid":"20130316-00000","firsttime":"2013-03-16T00:00:00.000Z","lasttime":"2013-03-16T04:00:00.000Z","lastupdt":"2013-03-16T02:00:00.000Z","housenumber":null,"road":null,"city":null,"region":"Metro Manila","country":"PH","netid":"6A:09:27:3A:5D:89","name":null,"type":"infra","comment":null,"wep":"2","channel":1,"bcninterval":0,"freenet":"?","dhcp":"?","paynet":"?","userfound":false,"encryption":"wpa2"},{"trilat":14.646809579999999328947524190880358219146728515625,"trilong":121.06083678999999619918526150286197662353515625,"ssid":"marlon","qos":0,"transid":"20140508-00000","firsttime":"2014-05-01T21:00:00.000Z","lasttime":"2014-05-09T05:00:00.000Z","lastupdt":"2015-07-26T00:00:00.000Z","housenumber":null,"road":null,"city":null,"region":null,"country":null,"netid":"6A:09:27:8F:02:39","name":null,"type":"infra","comment":null,"wep":"2","channel":6,"bcninterval":0,"freenet":"?","dhcp":"?","paynet":"?","userfound":false,"encryption":"wpa2"},{"trilat":14.644979479999999938399923848919570446014404296875,"trilong":121.0609054600000007440030458383262157440185546875,"ssid":"Neil Raz","qos":1,"transid":"20130728-00000","firsttime":"2013-07-27T20:00:00.000Z","lasttime":"2013-11-30T01:00:00.000Z","lastupdt":"2013-11-29T23:00:00.000Z","housenumber":null,"road":null,"city":null,"region":"Metro Manila","country":"PH","netid":"90:1D:27:18:F7:8F","name":null,"type":"infra","comment":null,"wep":"2","channel":11,"bcninterval":0,"freenet":"?","dhcp":"?","paynet":"?","userfound":false,"encryption":"wpa2"},{"trilat":14.64680575999999945224772091023623943328857421875,"trilong":121.06038666000000603162334300577640533447265625,"ssid":"csantos","qos":0,"transid":"20131106-00000","firsttime":"2013-11-02T18:00:00.000Z","lasttime":"2013-11-06T04:00:00.000Z","lastupdt":"2013-11-06T02:00:00.000Z","housenumber":null,"road":null,"city":null,"region":"Metro Manila","country":"PH","netid":"90:1D:27:19:02:78","name":null,"type":"infra","comment":null,"wep":"2","channel":11,"bcninterval":0,"freenet":"?","dhcp":"?","paynet":"?","userfound":false,"encryption":"wpa2"},{"trilat":14.6462821999999999178498910623602569103240966796875,"trilong":121.0596084600000068576264311559498310089111328125,"ssid":"thisdeadfish","qos":0,"transid":"20130222-00000","firsttime":"2013-02-22T22:00:00.000Z","lasttime":"2013-02-22T10:00:00.000Z","lastupdt":"2013-02-22T08:00:00.000Z","housenumber":null,"road":null,"city":null,"region":"Metro Manila","country":"PH","netid":"4C:E6:76:EC:C5:B0","name":null,"type":"infra","comment":null,"wep":"W","channel":9,"bcninterval":0,"freenet":"?","dhcp":"?","paynet":"?","userfound":false,"encryption":"wpa"},{"trilat":14.6467876399999994418976712040603160858154296875,"trilong":121.05805968999999322477378882467746734619140625,"ssid":"nextpagestudios","qos":1,"transid":"20170404-00000","firsttime":"2017-03-31T19:00:00.000Z","lasttime":"2017-06-09T05:00:00.000Z","lastupdt":"2017-06-09T05:00:00.000Z","housenumber":null,"road":null,"city":null,"region":null,"country":null,"netid":"4C:F9:5D:85:C1:70","name":null,"type":"infra","comment":null,"wep":"2","channel":4,"bcninterval":0,"freenet":"?","dhcp":"?","paynet":"?","userfound":false,"encryption":"wpa2"},{"trilat":14.64629936000000043350155465304851531982421875,"trilong":121.059570309999998016792233102023601531982421875,"ssid":"HUAWEI-E5330-E36A","qos":0,"transid":"20160511-00000","firsttime":"2016-05-11T20:00:00.000Z","lasttime":"2017-07-15T01:00:00.000Z","lastupdt":"2017-11-12T08:00:00.000Z","housenumber":"","road":"Maginhawa","city":"","region":"","country":"PH","netid":"24:DF:6A:B3:E3:6A","name":null,"type":"infra","comment":null,"wep":"2","channel":1,"bcninterval":0,"freenet":"?","dhcp":"?","paynet":"?","userfound":false,"encryption":"wpa2"},{"trilat":14.6463088999999992978473528637550771236419677734375,"trilong":121.059570309999998016792233102023601531982421875,"ssid":"Virus","qos":0,"transid":"20170715-00000","firsttime":"2017-07-15T16:00:00.000Z","lasttime":"2017-07-15T01:00:00.000Z","lastupdt":"2017-07-15T01:00:00.000Z","housenumber":"","road":"Maginhawa","city":"","region":"","country":"PH","netid":"6E:74:BF:B1:E3:74","name":null,"type":"infra","comment":null,"wep":"2","channel":1,"bcninterval":0,"freenet":"?","dhcp":"?","paynet":"?","userfound":false,"encryption":"wpa2"},{"trilat":14.64554500999999930854755803011357784271240234375,"trilong":121.0608520499999940511770546436309814453125,"ssid":"NERJ","qos":0,"transid":"20150726-00000","firsttime":"2015-04-27T15:00:00.000Z","lasttime":"2015-07-26T00:00:00.000Z","lastupdt":"2015-07-26T00:00:00.000Z","housenumber":null,"road":null,"city":null,"region":null,"country":null,"netid":"9C:A9:E4:93:67:DA","name":null,"type":"infra","comment":null,"wep":"?","channel":1,"bcninterval":0,"freenet":"?","dhcp":"?","paynet":"?","userfound":false,"encryption":"unknown"},{"trilat":14.6465406399999995556981957633979618549346923828125,"trilong":121.0590515100000033044125302694737911224365234375,"ssid":"ElwinGalaxyS5","qos":0,"transid":"20170729-00000","firsttime":"2017-07-16T19:00:00.000Z","lasttime":"2017-07-29T13:00:00.000Z","lastupdt":"2017-07-29T13:00:00.000Z","housenumber":"","road":"Magiting","city":"","region":"","country":"PH","netid":"84:38:38:AE:37:BA","name":null,"type":"infra","comment":null,"wep":"2","channel":11,"bcninterval":0,"freenet":"?","dhcp":"?","paynet":"?","userfound":false,"encryption":"wpa2"},{"trilat":14.64705943999999959714841679669916629791259765625,"trilong":121.058181759999996529586496762931346893310546875,"ssid":"bearyhappy","qos":0,"transid":"20140805-00000","firsttime":"2014-08-05T19:00:00.000Z","lasttime":"2014-08-05T06:00:00.000Z","lastupdt":"2015-07-26T00:00:00.000Z","housenumber":null,"road":null,"city":null,"region":null,"country":null,"netid":"9C:D2:4B:CB:43:25","name":null,"type":"infra","comment":null,"wep":"2","channel":1,"bcninterval":0,"freenet":"?","dhcp":"?","paynet":"?","userfound":false,"encryption":"wpa2"},{"trilat":14.64691447999999951434801914729177951812744140625,"trilong":121.0579452500000030568116926588118076324462890625,"ssid":"HUAWEI-E5330-320E","qos":0,"transid":"20170303-00000","firsttime":"2017-03-03T19:00:00.000Z","lasttime":"2017-03-03T04:00:00.000Z","lastupdt":"2017-03-03T04:00:00.000Z","housenumber":null,"road":null,"city":null,"region":null,"country":null,"netid":"9C:C1:72:C0:32:0E","name":null,"type":"infra","comment":null,"wep":"2","channel":5,"bcninterval":0,"freenet":"?","dhcp":"?","paynet":"?","userfound":false,"encryption":"wpa2"},{"trilat":14.647100449999999938199835014529526233673095703125,"trilong":121.05746460000000297441147267818450927734375,"ssid":"SMART-BRO-06F4","qos":0,"transid":"20150726-00000","firsttime":"2015-02-27T19:00:00.000Z","lasttime":"2015-07-26T00:00:00.000Z","lastupdt":"2015-07-26T00:00:00.000Z","housenumber":null,"road":null,"city":null,"region":null,"country":null,"netid":"9C:C1:72:04:06:F4","name":null,"type":"infra","comment":null,"wep":"2","channel":8,"bcninterval":0,"freenet":"?","dhcp":"?","paynet":"?","userfound":false,"encryption":"wpa2"},{"trilat":14.646701809999999710498741478659212589263916015625,"trilong":121.0589218100000010736039257608354091644287109375,"ssid":"sunbroadband","qos":0,"transid":"20150104-00000","firsttime":"2015-01-04T19:00:00.000Z","lasttime":"2015-01-04T21:00:00.000Z","lastupdt":"2015-07-26T00:00:00.000Z","housenumber":null,"road":null,"city":null,"region":null,"country":null,"netid":"9C:A9:E4:05:46:0F","name":null,"type":"infra","comment":null,"wep":"2","channel":6,"bcninterval":0,"freenet":"?","dhcp":"?","paynet":"?","userfound":false,"encryption":"wpa2"},{"trilat":14.645596499999999906549419392831623554229736328125,"trilong":121.06096648999999842999386601150035858154296875,"ssid":"VENICE29","qos":0,"transid":"20140817-00000","firsttime":"2014-08-16T19:00:00.000Z","lasttime":"2014-08-17T06:00:00.000Z","lastupdt":"2015-07-26T00:00:00.000Z","housenumber":null,"road":null,"city":null,"region":null,"country":null,"netid":"9C:A9:E4:05:5C:D3","name":null,"type":"infra","comment":null,"wep":"2","channel":11,"bcninterval":0,"freenet":"?","dhcp":"?","paynet":"?","userfound":false,"encryption":"wpa2"},{"trilat":14.6461200700000002683509592316113412380218505859375,"trilong":121.060859679999992977172951214015483856201171875,"ssid":"BusinessBox","qos":1,"transid":"20140813-00000","firsttime":"2014-08-09T16:00:00.000Z","lasttime":"2014-08-17T06:00:00.000Z","lastupdt":"2015-07-26T00:00:00.000Z","housenumber":null,"road":null,"city":null,"region":null,"country":null,"netid":"9C:A9:E4:06:16:3D","name":null,"type":"infra","comment":null,"wep":"2","channel":6,"bcninterval":0,"freenet":"?","dhcp":"?","paynet":"?","userfound":false,"encryption":"wpa2"},{"trilat":14.64632510999999936984750092960894107818603515625,"trilong":121.0608749400000050400194595567882061004638671875,"ssid":"Sun Pocket Wifi","qos":0,"transid":"20150726-00000","firsttime":"2015-02-25T20:00:00.000Z","lasttime":"2015-07-26T00:00:00.000Z","lastupdt":"2015-07-26T00:00:00.000Z","housenumber":null,"road":null,"city":null,"region":null,"country":null,"netid":"9C:A9:E4:06:19:6E","name":null,"type":"infra","comment":null,"wep":"2","channel":11,"bcninterval":0,"freenet":"?","dhcp":"?","paynet":"?","userfound":false,"encryption":"wpa2"},{"trilat":14.646968839999999545398168265819549560546875,"trilong":121.0577850300000051220195018686354160308837890625,"ssid":"TD-W8901N_D663C","qos":3,"transid":"20170303-00000","firsttime":"2017-03-03T19:00:00.000Z","lasttime":"2017-07-29T13:00:00.000Z","lastupdt":"2017-07-29T13:00:00.000Z","housenumber":"","road":"Maginhawa","city":"","region":"","country":"PH","netid":"84:16:F9:ED:66:3C","name":null,"type":"infra","comment":null,"wep":"2","channel":1,"bcninterval":0,"freenet":"?","dhcp":"?","paynet":"?","userfound":false,"encryption":"wpa2"},{"trilat":14.646483419999999142646629479713737964630126953125,"trilong":121.0590744000000000824002199806272983551025390625,"ssid":"AMLO-monkey","qos":0,"transid":"20150808-00000","firsttime":"2015-08-07T17:00:00.000Z","lasttime":"2015-08-08T09:00:00.000Z","lastupdt":"2015-08-08T09:00:00.000Z","housenumber":null,"road":null,"city":null,"region":null,"country":null,"netid":"9A:6C:F5:45:0B:A5","name":null,"type":"infra","comment":null,"wep":"2","channel":7,"bcninterval":0,"freenet":"?","dhcp":"?","paynet":"?","userfound":false,"encryption":"wpa2"},{"trilat":14.6459302900000007952030500746332108974456787109375,"trilong":121.0610351600000029748116503469645977020263671875,"ssid":"IKAY","qos":0,"transid":"20160227-00000","firsttime":"2016-02-27T20:00:00.000Z","lasttime":"2016-02-27T07:00:00.000Z","lastupdt":"2016-02-27T07:00:00.000Z","housenumber":null,"road":null,"city":null,"region":null,"country":null,"netid":"9A:6C:F5:47:AC:A6","name":null,"type":"infra","comment":null,"wep":"2","channel":11,"bcninterval":0,"freenet":"?","dhcp":"?","paynet":"?","userfound":false,"encryption":"wpa2"},{"trilat":14.6459846500000008262531991931609809398651123046875,"trilong":121.0590744000000000824002199806272983551025390625,"ssid":"fuchegame21","qos":4,"transid":"20140805-00000","firsttime":"2014-08-05T19:00:00.000Z","lasttime":"2016-02-27T07:00:00.000Z","lastupdt":"2016-02-27T07:00:00.000Z","housenumber":null,"road":null,"city":null,"region":null,"country":null,"netid":"9A:6C:F5:13:81:0E","name":null,"type":"infra","comment":null,"wep":"2","channel":4,"bcninterval":0,"freenet":"?","dhcp":"?","paynet":"?","userfound":false,"encryption":"wpa2"},{"trilat":14.64693356000000079575329436920583248138427734375,"trilong":121.05983734000000140440533868968486785888671875,"ssid":"JVMSMART","qos":0,"transid":"20150216-00000","firsttime":"2015-02-09T17:00:00.000Z","lasttime":"2015-02-16T06:00:00.000Z","lastupdt":"2015-07-26T00:00:00.000Z","housenumber":null,"road":null,"city":null,"region":null,"country":null,"netid":"6C:8B:2F:B9:37:25","name":null,"type":"infra","comment":null,"wep":"2","channel":6,"bcninterval":0,"freenet":"?","dhcp":"?","paynet":"?","userfound":false,"encryption":"wpa2"},{"trilat":14.646806720000000723302946425974369049072265625,"trilong":121.059600829999993720775819383561611175537109375,"ssid":"Smart Bro_57385E","qos":1,"transid":"20131030-00000","firsttime":"2013-10-18T21:00:00.000Z","lasttime":"2013-11-10T08:00:00.000Z","lastupdt":"2013-11-10T06:00:00.000Z","housenumber":null,"road":null,"city":null,"region":"Metro Manila","country":"PH","netid":"6C:8B:2F:57:38:5E","name":null,"type":"infra","comment":null,"wep":"N","channel":6,"bcninterval":0,"freenet":"?","dhcp":"?","paynet":"?","userfound":false,"encryption":"none"},{"trilat":14.6464633899999991939466781332157552242279052734375,"trilong":121.0613098099999973555895849131047725677490234375,"ssid":"ultravioletrays","qos":5,"transid":"20130721-00000","firsttime":"2013-07-21T21:00:00.000Z","lasttime":"2014-03-31T19:00:00.000Z","lastupdt":"2015-07-26T00:00:00.000Z","housenumber":null,"road":null,"city":null,"region":"Metro Manila","country":"PH","netid":"6C:8B:2F:60:50:21","name":null,"type":"infra","comment":null,"wep":"2","channel":11,"bcninterval":0,"freenet":"?","dhcp":"?","paynet":"?","userfound":false,"encryption":"wpa2"},{"trilat":14.6461286499999996379983713268302381038665771484375,"trilong":121.06002807999999504318111576139926910400390625,"ssid":"AU","qos":0,"transid":"20150120-00000","firsttime":"2015-01-10T18:00:00.000Z","lasttime":"2015-01-21T20:00:00.000Z","lastupdt":"2015-07-26T00:00:00.000Z","housenumber":null,"road":null,"city":null,"region":null,"country":null,"netid":"6C:8B:2F:60:54:EC","name":null,"type":"infra","comment":null,"wep":"2","channel":1,"bcninterval":0,"freenet":"?","dhcp":"?","paynet":"?","userfound":false,"encryption":"wpa2"},{"trilat":14.6443395600000005885021892026998102664947509765625,"trilong":121.060928340000003800014383159577846527099609375,"ssid":"chineyxviii","qos":0,"transid":"20130309-00000","firsttime":"2013-03-08T23:00:00.000Z","lasttime":"2013-03-11T16:00:00.000Z","lastupdt":"2013-03-11T14:00:00.000Z","housenumber":null,"road":null,"city":null,"region":"Metro Manila","country":"PH","netid":"84:A8:E4:B1:03:B5","name":null,"type":"infra","comment":null,"wep":"2","channel":6,"bcninterval":0,"freenet":"?","dhcp":"?","paynet":"?","userfound":false,"encryption":"wpa2"},{"trilat":14.6452131300000001346006683888845145702362060546875,"trilong":121.06121063000000503961928188800811767578125,"ssid":"Reina Cardona","qos":0,"transid":"20130621-00000","firsttime":"2001-01-01T08:00:00.000Z","lasttime":"2013-06-21T06:00:00.000Z","lastupdt":"2013-06-21T04:00:00.000Z","housenumber":null,"road":null,"city":null,"region":"Metro Manila","country":"PH","netid":"62:B3:95:7E:20:4C","name":null,"type":"infra","comment":null,"wep":"2","channel":1,"bcninterval":0,"freenet":"?","dhcp":"?","paynet":"?","userfound":false,"encryption":"wpa2"},{"trilat":14.64547443000000015445039025507867336273193359375,"trilong":121.059974670000002561209839768707752227783203125,"ssid":"HUAWEI-E5330-6D86","qos":0,"transid":"20150726-00000","firsttime":"2015-02-28T19:00:00.000Z","lasttime":"2015-07-26T00:00:00.000Z","lastupdt":"2015-07-26T00:00:00.000Z","housenumber":null,"road":null,"city":null,"region":null,"country":null,"netid":"60:E7:01:46:6D:86","name":null,"type":"infra","comment":null,"wep":"2","channel":10,"bcninterval":0,"freenet":"?","dhcp":"?","paynet":"?","userfound":false,"encryption":"wpa2"},{"trilat":14.64432240000000007285052561201155185699462890625,"trilong":121.0594940200000024788096197880804538726806640625,"ssid":"HUAWEI-E5330-6DA6","qos":1,"transid":"20140924-00000","firsttime":"2001-01-01T08:00:00.000Z","lasttime":"2015-01-21T20:00:00.000Z","lastupdt":"2015-07-26T00:00:00.000Z","housenumber":null,"road":null,"city":null,"region":null,"country":null,"netid":"60:E7:01:46:6D:A6","name":null,"type":"infra","comment":null,"wep":"2","channel":10,"bcninterval":0,"freenet":"?","dhcp":"?","paynet":"?","userfound":false,"encryption":"wpa2"},{"trilat":14.6461057700000001347007128060795366764068603515625,"trilong":121.057357789999997521590557880699634552001953125,"ssid":"cec28c","qos":2,"transid":"20130822-00000","firsttime":"2013-08-21T17:00:00.000Z","lasttime":"2013-10-30T05:00:00.000Z","lastupdt":"2013-10-30T03:00:00.000Z","housenumber":null,"road":null,"city":null,"region":"Metro Manila","country":"PH","netid":"7C:05:07:23:B2:E7","name":null,"type":"infra","comment":null,"wep":"2","channel":1,"bcninterval":0,"freenet":"?","dhcp":"?","paynet":"?","userfound":false,"encryption":"wpa2"},{"trilat":14.6457195299999991533468346460722386837005615234375,"trilong":121.060684199999997190388967283070087432861328125,"ssid":"uFi_D41158","qos":0,"transid":"20170729-00000","firsttime":"2017-07-16T19:00:00.000Z","lasttime":"2017-07-29T13:00:00.000Z","lastupdt":"2017-07-29T13:00:00.000Z","housenumber":"","road":"Maginhawa","city":"","region":"","country":"PH","netid":"7A:E8:B6:D4:11:58","name":null,"type":"infra","comment":null,"wep":"2","channel":11,"bcninterval":0,"freenet":"?","dhcp":"?","paynet":"?","userfound":false,"encryption":"wpa2"},{"trilat":14.6428718599999996285987435840070247650146484375,"trilong":121.05980682000000570042175240814685821533203125,"ssid":"bayanDSLWIFI_4511","qos":0,"transid":"20161206-00000","firsttime":"2016-12-04T20:00:00.000Z","lasttime":"2016-12-06T07:00:00.000Z","lastupdt":"2016-12-06T07:00:00.000Z","housenumber":null,"road":null,"city":null,"region":null,"country":null,"netid":"94:A7:B7:26:45:11","name":null,"type":"infra","comment":null,"wep":"2","channel":10,"bcninterval":0,"freenet":"?","dhcp":"?","paynet":"?","userfound":false,"encryption":"wpa2"},{"trilat":14.643991469999999566198312095366418361663818359375,"trilong":121.0610199000000051228198572061955928802490234375,"ssid":"bayanDSLWIFI_4563","qos":0,"transid":"20161206-00000","firsttime":"2016-12-04T20:00:00.000Z","lasttime":"2016-12-06T07:00:00.000Z","lastupdt":"2016-12-06T07:00:00.000Z","housenumber":null,"road":null,"city":null,"region":null,"country":null,"netid":"94:A7:B7:26:45:63","name":null,"type":"infra","comment":null,"wep":"2","channel":1,"bcninterval":0,"freenet":"?","dhcp":"?","paynet":"?","userfound":false,"encryption":"wpa2"},{"trilat":14.646596909999999525098246522247791290283203125,"trilong":121.0593948399999959519846015609800815582275390625,"ssid":"KIM","qos":3,"transid":"20150916-00000","firsttime":"2015-09-04T19:00:00.000Z","lasttime":"2016-09-07T19:00:00.000Z","lastupdt":"2016-09-07T19:00:00.000Z","housenumber":null,"road":null,"city":null,"region":null,"country":null,"netid":"94:A7:B7:26:61:46","name":null,"type":"infra","comment":null,"wep":"2","channel":1,"bcninterval":0,"freenet":"?","dhcp":"?","paynet":"?","userfound":false,"encryption":"wpa2"},{"trilat":14.646503450000000867703420226462185382843017578125,"trilong":121.05912781000000677522621117532253265380859375,"ssid":"Uig","qos":0,"transid":"20160604-00000","firsttime":"2016-05-27T19:00:00.000Z","lasttime":"2016-06-04T16:00:00.000Z","lastupdt":"2016-06-04T16:00:00.000Z","housenumber":null,"road":null,"city":null,"region":null,"country":null,"netid":"6C:27:79:B5:5B:9A","name":null,"type":"infra","comment":null,"wep":"2","channel":11,"bcninterval":0,"freenet":"?","dhcp":"?","paynet":"?","userfound":false,"encryption":"wpa2"},{"trilat":14.646485330000000857353370520286262035369873046875,"trilong":121.0593948399999959519846015609800815582275390625,"ssid":"bayanDSL","qos":5,"transid":"20131110-00000","firsttime":"2013-11-09T19:00:00.000Z","lasttime":"2017-07-29T13:00:00.000Z","lastupdt":"2017-07-29T13:00:00.000Z","housenumber":"","road":"Maginhawa","city":"","region":"","country":"PH","netid":"CC:1A:FA:97:CF:B8","name":null,"type":"infra","comment":null,"wep":"W","channel":11,"bcninterval":0,"freenet":"?","dhcp":"?","paynet":"?","userfound":false,"encryption":"wpa"},{"trilat":14.64510345000000057780198403634130954742431640625,"trilong":121.061271669999996447586454451084136962890625,"ssid":"Virus Infected","qos":3,"transid":"20131001-00000","firsttime":"2013-09-27T21:00:00.000Z","lasttime":"2013-12-09T09:00:00.000Z","lastupdt":"2013-12-09T07:00:00.000Z","housenumber":null,"road":null,"city":null,"region":"Metro Manila","country":"PH","netid":"CC:1A:FA:97:27:DC","name":null,"type":"infra","comment":null,"wep":"W","channel":10,"bcninterval":0,"freenet":"?","dhcp":"?","paynet":"?","userfound":false,"encryption":"wpa"},{"trilat":14.646809579999999328947524190880358219146728515625,"trilong":121.059669490000004543617251329123973846435546875,"ssid":"bayanDSL","qos":0,"transid":"20150216-00000","firsttime":"2015-02-11T16:00:00.000Z","lasttime":"2015-02-16T06:00:00.000Z","lastupdt":"2015-07-26T00:00:00.000Z","housenumber":null,"road":null,"city":null,"region":null,"country":null,"netid":"CC:1A:FA:97:36:10","name":null,"type":"infra","comment":null,"wep":"W","channel":2,"bcninterval":0,"freenet":"?","dhcp":"?","paynet":"?","userfound":false,"encryption":"wpa"},{"trilat":14.6431560499999999791498339618556201457977294921875,"trilong":121.059539790000002312808646820485591888427734375,"ssid":"Wilmer","qos":1,"transid":"20130721-00000","firsttime":"2013-07-21T19:00:00.000Z","lasttime":"2013-07-21T08:00:00.000Z","lastupdt":"2013-07-21T06:00:00.000Z","housenumber":null,"road":null,"city":null,"region":"Metro Manila","country":"PH","netid":"78:9E:D0:E7:A3:9A","name":null,"type":"infra","comment":null,"wep":"W","channel":6,"bcninterval":0,"freenet":"?","dhcp":"?","paynet":"?","userfound":false,"encryption":"wpa"},{"trilat":14.646113400000000837053448776714503765106201171875,"trilong":121.060279850000000578802428208291530609130859375,"ssid":"oras na para bumili ka ng wifi ","qos":0,"transid":"20150812-00000","firsttime":"2015-08-12T21:00:00.000Z","lasttime":"2015-08-12T07:00:00.000Z","lastupdt":"2015-08-12T07:00:00.000Z","housenumber":null,"road":null,"city":null,"region":null,"country":null,"netid":"CC:3A:61:CA:E9:3B","name":null,"type":"infra","comment":null,"wep":"?","channel":1,"bcninterval":0,"freenet":"?","dhcp":"?","paynet":"?","userfound":false,"encryption":"unknown"},{"trilat":14.6470756499999996691485648625530302524566650390625,"trilong":121.0611801099999951247809804044663906097412109375,"ssid":"Huawei","qos":5,"transid":"20130320-00000","firsttime":"2013-03-19T21:00:00.000Z","lasttime":"2013-08-15T12:00:00.000Z","lastupdt":"2013-08-15T10:00:00.000Z","housenumber":null,"road":null,"city":null,"region":"Metro Manila","country":"PH","netid":"78:F5:FD:3B:94:50","name":null,"type":"infra","comment":null,"wep":"2","channel":1,"bcninterval":0,"freenet":"?","dhcp":"?","paynet":"?","userfound":false,"encryption":"wpa2"},{"trilat":14.6467866900000007746029950794763863086700439453125,"trilong":121.0599365199999937203756417147815227508544921875,"ssid":"The Promised LAN","qos":5,"transid":"20130424-00000","firsttime":"2013-04-23T13:00:00.000Z","lasttime":"2015-02-16T06:00:00.000Z","lastupdt":"2015-07-26T00:00:00.000Z","housenumber":null,"road":null,"city":null,"region":"Metro Manila","country":"PH","netid":"78:F5:FD:FF:E9:F4","name":null,"type":"infra","comment":null,"wep":"W","channel":1,"bcninterval":0,"freenet":"?","dhcp":"?","paynet":"?","userfound":false,"encryption":"wpa"},{"trilat":14.6467084899999999691999619244597852230072021484375,"trilong":121.0600738499999948771801427938044071197509765625,"ssid":"ALPHA","qos":0,"transid":"20130719-00000","firsttime":"2013-07-19T22:00:00.000Z","lasttime":"2013-07-19T09:00:00.000Z","lastupdt":"2013-07-19T07:00:00.000Z","housenumber":null,"road":null,"city":null,"region":"Metro Manila","country":"PH","netid":"CC:3A:61:B1:B6:95","name":null,"type":"infra","comment":null,"wep":"2","channel":6,"bcninterval":0,"freenet":"?","dhcp":"?","paynet":"?","userfound":false,"encryption":"wpa2"},{"trilat":14.646816250000000536601874046027660369873046875,"trilong":121.0608902000000028920112526975572109222412109375,"ssid":"Free Public WiFi","qos":0,"transid":"20130810-00000","firsttime":"2013-08-07T21:00:00.000Z","lasttime":"2013-08-10T02:00:00.000Z","lastupdt":"2013-08-10T00:00:00.000Z","housenumber":null,"road":null,"city":null,"region":"Metro Manila","country":"PH","netid":"96:02:D1:3E:94:7B","name":null,"type":"ad-hoc","comment":null,"wep":"N","channel":2,"bcninterval":0,"freenet":"Y","dhcp":"?","paynet":"?","userfound":false,"encryption":"none"},{"trilat":14.6428651799999993698975231382064521312713623046875,"trilong":121.0596237200000047096182242967188358306884765625,"ssid":"SWEATSHOPPE","qos":0,"transid":"20161206-00000","firsttime":"2016-12-04T20:00:00.000Z","lasttime":"2016-12-06T07:00:00.000Z","lastupdt":"2016-12-06T07:00:00.000Z","housenumber":null,"road":null,"city":null,"region":null,"country":null,"netid":"74:CC:39:88:62:78","name":null,"type":"infra","comment":null,"wep":"2","channel":6,"bcninterval":0,"freenet":"?","dhcp":"?","paynet":"?","userfound":false,"encryption":"wpa2"},{"trilat":14.646521570000000878053469932638108730316162109375,"trilong":121.06041718000000173560692928731441497802734375,"ssid":"AFMaginhawaOffice","qos":5,"transid":"20170303-00000","firsttime":"2017-03-03T19:00:00.000Z","lasttime":"2017-07-29T13:00:00.000Z","lastupdt":"2017-07-29T13:00:00.000Z","housenumber":"60","road":"Magiting","city":"","region":"","country":"PH","netid":"74:CC:39:BB:51:38","name":null,"type":"infra","comment":null,"wep":"2","channel":8,"bcninterval":0,"freenet":"?","dhcp":"?","paynet":"?","userfound":false,"encryption":"wpa2"},{"trilat":14.6464042699999996699489202001132071018218994140625,"trilong":121.059974670000002561209839768707752227783203125,"ssid":"cautionhot","qos":5,"transid":"20141230-00000","firsttime":"2014-11-19T18:00:00.000Z","lasttime":"2015-09-16T09:00:00.000Z","lastupdt":"2015-09-16T09:00:00.000Z","housenumber":null,"road":null,"city":null,"region":null,"country":null,"netid":"98:FC:11:92:90:B3","name":null,"type":"infra","comment":null,"wep":"2","channel":6,"bcninterval":0,"freenet":"?","dhcp":"?","paynet":"?","userfound":false,"encryption":"wpa2"},{"trilat":14.646773339999999308247424778528511524200439453125,"trilong":121.0580062899999944647788652218878269195556640625,"ssid":"maalindog","qos":0,"transid":"20130621-00000","firsttime":"2013-05-30T22:00:00.000Z","lasttime":"2013-06-21T06:00:00.000Z","lastupdt":"2013-06-21T04:00:00.000Z","housenumber":null,"road":null,"city":null,"region":"Metro Manila","country":"PH","netid":"78:44:76:C7:C3:7C","name":null,"type":"infra","comment":null,"wep":"2","channel":11,"bcninterval":0,"freenet":"?","dhcp":"?","paynet":"?","userfound":false,"encryption":"wpa2"},{"trilat":14.64196777000000082580299931578338146209716796875,"trilong":121.0604553200000026436100597493350505828857421875,"ssid":"asa ka boy!!!","qos":0,"transid":"20130414-00000","firsttime":"2013-04-14T14:00:00.000Z","lasttime":"2013-04-14T06:00:00.000Z","lastupdt":"2013-04-14T04:00:00.000Z","housenumber":null,"road":null,"city":null,"region":"Metro Manila","country":"PH","netid":"78:44:76:16:25:1C","name":null,"type":"infra","comment":null,"wep":"W","channel":11,"bcninterval":0,"freenet":"?","dhcp":"?","paynet":"?","userfound":false,"encryption":"wpa"},{"trilat":14.6470069899999995044481693184934556484222412109375,"trilong":121.0577011099999964471862767823040485382080078125,"ssid":"blades","qos":0,"transid":"20150104-00000","firsttime":"2015-01-04T19:00:00.000Z","lasttime":"2015-01-04T21:00:00.000Z","lastupdt":"2015-07-26T00:00:00.000Z","housenumber":null,"road":null,"city":null,"region":null,"country":null,"netid":"78:4B:87:5C:B0:81","name":null,"type":"infra","comment":null,"wep":"2","channel":6,"bcninterval":0,"freenet":"?","dhcp":"?","paynet":"?","userfound":false,"encryption":"wpa2"},{"trilat":14.6470165300000001451508069294504821300506591796875,"trilong":121.0578079200000019000071915797889232635498046875,"ssid":"Jek's Ku-bo Bulalo at Ulo-ulo","qos":5,"transid":"20130309-00000","firsttime":"2013-03-09T20:00:00.000Z","lasttime":"2013-06-21T06:00:00.000Z","lastupdt":"2013-06-21T04:00:00.000Z","housenumber":null,"road":null,"city":null,"region":"Metro Manila","country":"PH","netid":"C8:7B:5B:C1:C1:20","name":null,"type":"infra","comment":null,"wep":"W","channel":11,"bcninterval":0,"freenet":"?","dhcp":"?","paynet":"?","userfound":false,"encryption":"wpa"},{"trilat":14.6469678900000008781034921412356197834014892578125,"trilong":121.061119079999997438790160231292247772216796875,"ssid":"bayan DSL","qos":5,"transid":"20130207-00000","firsttime":"2013-02-08T00:00:00.000Z","lasttime":"2013-06-21T06:00:00.000Z","lastupdt":"2013-06-21T04:00:00.000Z","housenumber":null,"road":null,"city":null,"region":"Metro Manila","country":"PH","netid":"C8:7B:5B:C1:F9:44","name":null,"type":"infra","comment":null,"wep":"W","channel":1,"bcninterval":0,"freenet":"?","dhcp":"?","paynet":"?","userfound":false,"encryption":"wpa"},{"trilat":14.6469325999999995246980688534677028656005859375,"trilong":121.0578384399999976039907778613269329071044921875,"ssid":"sunrise","qos":0,"transid":"20140508-00000","firsttime":"2014-05-01T21:00:00.000Z","lasttime":"2014-05-09T05:00:00.000Z","lastupdt":"2015-07-26T00:00:00.000Z","housenumber":null,"road":null,"city":null,"region":null,"country":null,"netid":"78:59:5E:A3:5B:BF","name":null,"type":"infra","comment":null,"wep":"2","channel":6,"bcninterval":0,"freenet":"?","dhcp":"?","paynet":"?","userfound":false,"encryption":"wpa2"},{"trilat":14.646049500000000165300662047229707241058349609375,"trilong":121.06054688000000396641553379595279693603515625,"ssid":"warning trojan","qos":3,"transid":"20150216-00000","firsttime":"2015-02-09T17:00:00.000Z","lasttime":"2015-02-16T06:00:00.000Z","lastupdt":"2015-07-26T00:00:00.000Z","housenumber":null,"road":null,"city":null,"region":null,"country":null,"netid":"78:54:2E:F1:E8:BE","name":null,"type":"infra","comment":null,"wep":"2","channel":6,"bcninterval":0,"freenet":"?","dhcp":"?","paynet":"?","userfound":false,"encryption":"wpa2"},{"trilat":14.6463642099999997725490175071172416210174560546875,"trilong":121.058326719999996612386894412338733673095703125,"ssid":"Aaron Dave Francisco?s iPhone","qos":0,"transid":"20140805-00000","firsttime":"2014-08-05T20:00:00.000Z","lasttime":"2014-08-05T06:00:00.000Z","lastupdt":"2015-07-26T00:00:00.000Z","housenumber":null,"road":null,"city":null,"region":null,"country":null,"netid":"6A:74:6E:7E:4B:01","name":null,"type":"infra","comment":null,"wep":"2","channel":6,"bcninterval":0,"freenet":"?","dhcp":"?","paynet":"?","userfound":false,"encryption":"wpa2"},{"trilat":14.646783830000000392601577914319932460784912109375,"trilong":121.058036799999996446786099113523960113525390625,"ssid":"starbucks-maginhawa","qos":2,"transid":"20130317-00000","firsttime":"2013-03-17T21:00:00.000Z","lasttime":"2015-02-16T06:00:00.000Z","lastupdt":"2015-07-26T00:00:00.000Z","housenumber":null,"road":null,"city":null,"region":"Metro Manila","country":"PH","netid":"C8:64:C7:55:DE:5C","name":null,"type":"infra","comment":null,"wep":"Y","channel":11,"bcninterval":0,"freenet":"?","dhcp":"?","paynet":"?","userfound":false,"encryption":"wep"},{"trilat":14.646657940000000763802745495922863483428955078125,"trilong":121.0593795799999980999928084202110767364501953125,"ssid":"BIN","qos":0,"transid":"20130831-00000","firsttime":"2013-08-31T20:00:00.000Z","lasttime":"2013-08-31T17:00:00.000Z","lastupdt":"2013-08-31T15:00:00.000Z","housenumber":null,"road":null,"city":null,"region":"Metro Manila","country":"PH","netid":"6A:77:34:9E:F8:BE","name":null,"type":"ad-hoc","comment":null,"wep":"2","channel":11,"bcninterval":0,"freenet":"?","dhcp":"?","paynet":"?","userfound":false,"encryption":"wpa2"},{"trilat":14.647047040000000350801201420836150646209716796875,"trilong":121.05751037999999653038685210049152374267578125,"ssid":"FLoTV","qos":0,"transid":"20160227-00000","firsttime":"2016-02-13T21:00:00.000Z","lasttime":"2016-02-27T07:00:00.000Z","lastupdt":"2016-02-27T07:00:00.000Z","housenumber":null,"road":null,"city":null,"region":null,"country":null,"netid":"68:A0:F6:9A:48:ED","name":null,"type":"infra","comment":null,"wep":"2","channel":6,"bcninterval":0,"freenet":"?","dhcp":"?","paynet":"?","userfound":false,"encryption":"wpa2"},{"trilat":14.6466264699999992870971254887990653514862060546875,"trilong":121.0592575099999947951801004819571971893310546875,"ssid":"Gab","qos":0,"transid":"20160604-00000","firsttime":"2016-05-27T19:00:00.000Z","lasttime":"2016-06-04T16:00:00.000Z","lastupdt":"2016-06-04T16:00:00.000Z","housenumber":null,"road":null,"city":null,"region":null,"country":null,"netid":"68:A0:F6:9A:5A:41","name":null,"type":"infra","comment":null,"wep":"2","channel":6,"bcninterval":0,"freenet":"?","dhcp":"?","paynet":"?","userfound":false,"encryption":"wpa2"},{"trilat":14.647211070000000887603164301253855228424072265625,"trilong":121.0574264499999941335772746242582798004150390625,"ssid":"MeySiponSi.....","qos":0,"transid":"20170303-00000","firsttime":"2017-03-03T20:00:00.000Z","lasttime":"2017-03-03T07:00:00.000Z","lastupdt":"2017-03-03T07:00:00.000Z","housenumber":null,"road":null,"city":null,"region":null,"country":null,"netid":"7C:7D:3D:99:C8:C8","name":null,"type":"infra","comment":null,"wep":"2","channel":7,"bcninterval":0,"freenet":"?","dhcp":"?","paynet":"?","userfound":false,"encryption":"wpa2"},{"trilat":14.6465272899999998656994648627005517482757568359375,"trilong":121.05844878999999991719960235059261322021484375,"ssid":"Felix?s iPhone","qos":0,"transid":"20170609-00000","firsttime":"2017-06-03T18:00:00.000Z","lasttime":"2017-06-09T05:00:00.000Z","lastupdt":"2017-06-09T05:00:00.000Z","housenumber":null,"road":null,"city":null,"region":null,"country":null,"netid":"72:70:0D:DA:C9:9C","name":null,"type":"infra","comment":null,"wep":"2","channel":1,"bcninterval":0,"freenet":"?","dhcp":"?","paynet":"?","userfound":false,"encryption":"wpa2"},{"trilat":14.6467533099999993595474734320305287837982177734375,"trilong":121.0599517800000057832221500575542449951171875,"ssid":"android13","qos":0,"transid":"20150120-00000","firsttime":"2015-01-10T18:00:00.000Z","lasttime":"2015-01-21T20:00:00.000Z","lastupdt":"2015-07-26T00:00:00.000Z","housenumber":null,"road":null,"city":null,"region":null,"country":null,"netid":"70:F9:27:F9:15:EC","name":null,"type":"infra","comment":null,"wep":"2","channel":6,"bcninterval":0,"freenet":"?","dhcp":"?","paynet":"?","userfound":false,"encryption":"wpa2"},{"trilat":14.643048289999999411747921840287744998931884765625,"trilong":121.060951230000000578002072870731353759765625,"ssid":"RBGM 2-1","qos":1,"transid":"20130414-00000","firsttime":"2013-04-14T14:00:00.000Z","lasttime":"2013-11-30T01:00:00.000Z","lastupdt":"2013-11-29T23:00:00.000Z","housenumber":null,"road":null,"city":null,"region":"Metro Manila","country":"PH","netid":"A0:F3:C1:C1:01:B4","name":null,"type":"infra","comment":null,"wep":"2","channel":1,"bcninterval":0,"freenet":"?","dhcp":"?","paynet":"?","userfound":false,"encryption":"wpa2"},{"trilat":14.6429557799999994216477716690860688686370849609375,"trilong":121.060951230000000578002072870731353759765625,"ssid":"RBGM 4-2","qos":2,"transid":"20131030-00000","firsttime":"2013-10-21T17:00:00.000Z","lasttime":"2013-11-30T20:00:00.000Z","lastupdt":"2013-11-30T18:00:00.000Z","housenumber":null,"road":null,"city":null,"region":"Metro Manila","country":"PH","netid":"A0:F3:C1:C1:01:EE","name":null,"type":"infra","comment":null,"wep":"2","channel":6,"bcninterval":0,"freenet":"?","dhcp":"?","paynet":"?","userfound":false,"encryption":"wpa2"},{"trilat":14.64675236000000069225279730744659900665283203125,"trilong":121.0592193600000001652006176300346851348876953125,"ssid":"Inno17","qos":5,"transid":"20130721-00000","firsttime":"2013-07-21T19:00:00.000Z","lasttime":"2015-07-26T00:00:00.000Z","lastupdt":"2015-07-26T00:00:00.000Z","housenumber":null,"road":null,"city":null,"region":"Metro Manila","country":"PH","netid":"5C:F8:A1:9F:FF:1C","name":null,"type":"infra","comment":null,"wep":"2","channel":6,"bcninterval":0,"freenet":"?","dhcp":"?","paynet":"?","userfound":false,"encryption":"wpa2"},{"trilat":14.6437635400000001340004018857143819332122802734375,"trilong":121.0610427900000019008075469173491001129150390625,"ssid":"Anchor03","qos":0,"transid":"20161206-00000","firsttime":"2016-12-04T20:00:00.000Z","lasttime":"2016-12-06T07:00:00.000Z","lastupdt":"2016-12-17T23:00:00.000Z","housenumber":null,"road":null,"city":null,"region":null,"country":null,"netid":"5C:F2:86:25:23:77","name":null,"type":"infra","comment":null,"wep":"2","channel":6,"bcninterval":0,"freenet":"?","dhcp":"?","paynet":"?","userfound":false,"encryption":"wpa2"},{"trilat":14.6468257899999994009476722567342221736907958984375,"trilong":121.0594100999999938039763947017490863800048828125,"ssid":"SmartBro_254FE4","qos":0,"transid":"20170404-00000","firsttime":"2017-03-31T19:00:00.000Z","lasttime":"2017-04-04T04:00:00.000Z","lastupdt":"2017-04-04T04:00:00.000Z","housenumber":null,"road":null,"city":null,"region":null,"country":null,"netid":"5C:F2:86:25:4F:E4","name":null,"type":"infra","comment":null,"wep":"2","channel":7,"bcninterval":0,"freenet":"?","dhcp":"?","paynet":"?","userfound":false,"encryption":"wpa2"},{"trilat":14.6472301500000003926516001229174435138702392578125,"trilong":121.0578536999999954559825710020959377288818359375,"ssid":"Avanza-E2016","qos":1,"transid":"20170303-00000","firsttime":"2017-03-03T19:00:00.000Z","lasttime":"2017-06-09T05:00:00.000Z","lastupdt":"2017-06-09T05:00:00.000Z","housenumber":null,"road":null,"city":null,"region":null,"country":null,"netid":"5C:F2:86:25:7D:87","name":null,"type":"infra","comment":null,"wep":"2","channel":8,"bcninterval":0,"freenet":"?","dhcp":"?","paynet":"?","userfound":false,"encryption":"wpa2"},{"trilat":14.642957689999999359997673309408128261566162109375,"trilong":121.0579376200000041308157960884273052215576171875,"ssid":"SmartBro_259CCA","qos":1,"transid":"20161226-00000","firsttime":"2016-12-26T16:00:00.000Z","lasttime":"2017-03-08T03:00:00.000Z","lastupdt":"2017-03-08T03:00:00.000Z","housenumber":null,"road":null,"city":null,"region":null,"country":null,"netid":"5C:F2:86:25:9C:CA","name":null,"type":"infra","comment":null,"wep":"2","channel":7,"bcninterval":0,"freenet":"?","dhcp":"?","paynet":"?","userfound":false,"encryption":"wpa2"},{"trilat":14.6465358699999992353468769579194486141204833984375,"trilong":121.0587921099999988427953212521970272064208984375,"ssid":"Holla","qos":0,"transid":"20170729-00000","firsttime":"2017-07-16T19:00:00.000Z","lasttime":"2017-07-29T13:00:00.000Z","lastupdt":"2017-07-29T13:00:00.000Z","housenumber":"","road":"Maginhawa","city":"","region":"","country":"PH","netid":"5C:F2:86:25:C3:B1","name":null,"type":"infra","comment":null,"wep":"2","channel":10,"bcninterval":0,"freenet":"?","dhcp":"?","paynet":"?","userfound":false,"encryption":"wpa2"},{"trilat":14.646412850000000815953171695582568645477294921875,"trilong":121.0593719499999991739969118498265743255615234375,"ssid":"Jasvin","qos":0,"transid":"20170729-00000","firsttime":"2017-07-16T19:00:00.000Z","lasttime":"2017-07-29T13:00:00.000Z","lastupdt":"2017-07-29T13:00:00.000Z","housenumber":"","road":"Maginhawa","city":"","region":"","country":"PH","netid":"5C:F2:86:26:BF:65","name":null,"type":"infra","comment":null,"wep":"2","channel":8,"bcninterval":0,"freenet":"?","dhcp":"?","paynet":"?","userfound":false,"encryption":"wpa2"},{"trilat":14.6465358699999992353468769579194486141204833984375,"trilong":121.0587921099999988427953212521970272064208984375,"ssid":"The Multiverse","qos":0,"transid":"20170729-00000","firsttime":"2017-07-16T19:00:00.000Z","lasttime":"2017-07-29T13:00:00.000Z","lastupdt":"2017-07-29T13:00:00.000Z","housenumber":"","road":"Maginhawa","city":"","region":"","country":"PH","netid":"5C:F2:86:2E:E0:77","name":null,"type":"infra","comment":null,"wep":"2","channel":7,"bcninterval":0,"freenet":"?","dhcp":"?","paynet":"?","userfound":false,"encryption":"wpa2"},{"trilat":14.64672374999999959754859446547925472259521484375,"trilong":121.0579757699999987607952789403498172760009765625,"ssid":"Globe_LTE MIFI_2452","qos":0,"transid":"20170303-00000","firsttime":"2017-03-03T20:00:00.000Z","lasttime":"2017-03-03T07:00:00.000Z","lastupdt":"2017-03-03T07:00:00.000Z","housenumber":null,"road":null,"city":null,"region":null,"country":null,"netid":"5C:F2:86:2D:24:52","name":null,"type":"infra","comment":null,"wep":"2","channel":9,"bcninterval":0,"freenet":"?","dhcp":"?","paynet":"?","userfound":false,"encryption":"wpa2"},{"trilat":14.646766660000000825903043732978403568267822265625,"trilong":121.0581207299999988435956765897572040557861328125,"ssid":"PLDTMyDSLBiz5GBCFA0","qos":3,"transid":"20170303-00000","firsttime":"2017-03-03T19:00:00.000Z","lasttime":"2017-07-29T13:00:00.000Z","lastupdt":"2017-07-29T13:00:00.000Z","housenumber":"79","road":"Maginhawa","city":"","region":"","country":"PH","netid":"60:31:97:13:BC:FC","name":null,"type":"infra","comment":null,"wep":"2","channel":36,"bcninterval":0,"freenet":"?","dhcp":"?","paynet":"?","userfound":false,"encryption":"wpa2"},{"trilat":14.646888730000000578002072870731353759765625,"trilong":121.0596389800000025616100174374878406524658203125,"ssid":"AndroidAP","qos":0,"transid":"20130621-00000","firsttime":"2013-05-22T21:00:00.000Z","lasttime":"2013-06-21T06:00:00.000Z","lastupdt":"2013-06-21T04:00:00.000Z","housenumber":null,"road":null,"city":null,"region":"Metro Manila","country":"PH","netid":"60:21:C0:35:7A:BE","name":null,"type":"infra","comment":null,"wep":"2","channel":6,"bcninterval":0,"freenet":"?","dhcp":"?","paynet":"?","userfound":false,"encryption":"wpa2"},{"trilat":14.646421430000000185600583790801465511322021484375,"trilong":121.0590896599999979343920131213963031768798828125,"ssid":"Anthony's Note2","qos":0,"transid":"20130408-00000","firsttime":"2013-04-08T21:00:00.000Z","lasttime":"2013-04-08T10:00:00.000Z","lastupdt":"2013-04-08T08:00:00.000Z","housenumber":null,"road":null,"city":null,"region":"Metro Manila","country":"PH","netid":"60:21:C0:F8:1D:C0","name":null,"type":"infra","comment":null,"wep":"2","channel":6,"bcninterval":0,"freenet":"?","dhcp":"?","paynet":"?","userfound":false,"encryption":"wpa2"},{"trilat":14.64686108000000075435309554450213909149169921875,"trilong":121.0595931999999947947799228131771087646484375,"ssid":"HUAWEI-E5330-B049","qos":0,"transid":"20170303-00000","firsttime":"2017-03-03T19:00:00.000Z","lasttime":"2017-03-03T04:00:00.000Z","lastupdt":"2017-03-03T04:00:00.000Z","housenumber":null,"road":null,"city":null,"region":null,"country":null,"netid":"7C:7D:3D:0C:B0:49","name":null,"type":"infra","comment":null,"wep":"2","channel":1,"bcninterval":0,"freenet":"?","dhcp":"?","paynet":"?","userfound":false,"encryption":"wpa2"},{"trilat":14.6465978599999999687497620470821857452392578125,"trilong":121.05883789000000660962541587650775909423828125,"ssid":"bayanDSLWiFi_6BFC","qos":3,"transid":"20160227-00000","firsttime":"2016-02-27T20:00:00.000Z","lasttime":"2017-03-03T04:00:00.000Z","lastupdt":"2017-03-03T04:00:00.000Z","housenumber":null,"road":null,"city":null,"region":null,"country":null,"netid":"CC:7B:35:CF:6B:FC","name":null,"type":"infra","comment":null,"wep":"2","channel":12,"bcninterval":0,"freenet":"?","dhcp":"?","paynet":"?","userfound":false,"encryption":"wpa2"},{"trilat":14.646741869999999607898644171655178070068359375,"trilong":121.0581359899999966955874697305262088775634765625,"ssid":"Tattoo Project","qos":0,"transid":"20150808-00000","firsttime":"2015-08-07T22:00:00.000Z","lasttime":"2015-08-08T09:00:00.000Z","lastupdt":"2015-08-08T09:00:00.000Z","housenumber":null,"road":null,"city":null,"region":null,"country":null,"netid":"9E:A9:E4:05:1E:E6","name":null,"type":"infra","comment":null,"wep":"2","channel":4,"bcninterval":0,"freenet":"?","dhcp":"?","paynet":"?","userfound":false,"encryption":"wpa2"},{"trilat":14.6466302899999991637969287694431841373443603515625,"trilong":121.05915833000000247920979745686054229736328125,"ssid":"Lizeth_LTE","qos":0,"transid":"20150726-00000","firsttime":"2015-02-27T19:00:00.000Z","lasttime":"2015-07-26T00:00:00.000Z","lastupdt":"2015-07-26T00:00:00.000Z","housenumber":null,"road":null,"city":null,"region":null,"country":null,"netid":"9E:A9:E4:F7:79:7F","name":null,"type":"infra","comment":null,"wep":"2","channel":1,"bcninterval":0,"freenet":"?","dhcp":"?","paynet":"?","userfound":false,"encryption":"wpa2"},{"trilat":14.646706580000000030850060284137725830078125,"trilong":121.0594329799999968599877320230007171630859375,"ssid":"bartok","qos":5,"transid":"20130207-00000","firsttime":"2013-02-07T22:00:00.000Z","lasttime":"2013-03-22T18:00:00.000Z","lastupdt":"2013-03-22T16:00:00.000Z","housenumber":null,"road":null,"city":null,"region":"Metro Manila","country":"PH","netid":"CC:96:A0:97:E3:BA","name":null,"type":"infra","comment":null,"wep":"2","channel":6,"bcninterval":0,"freenet":"?","dhcp":"?","paynet":"?","userfound":false,"encryption":"wpa2"},{"trilat":14.646093369999999111996658029966056346893310546875,"trilong":121.060035709999993969177012331783771514892578125,"ssid":"kiss muna","qos":0,"transid":"20150120-00000","firsttime":"2015-01-10T18:00:00.000Z","lasttime":"2015-01-21T20:00:00.000Z","lastupdt":"2015-07-26T00:00:00.000Z","housenumber":null,"road":null,"city":null,"region":null,"country":null,"netid":"60:E7:01:D8:2B:DD","name":null,"type":"infra","comment":null,"wep":"2","channel":5,"bcninterval":0,"freenet":"?","dhcp":"?","paynet":"?","userfound":false,"encryption":"wpa2"},{"trilat":14.645323749999999307647158275358378887176513671875,"trilong":121.060989379999995207981555722653865814208984375,"ssid":"PDLAW-2","qos":0,"transid":"20150726-00000","firsttime":"2015-07-11T18:00:00.000Z","lasttime":"2015-07-26T00:00:00.000Z","lastupdt":"2015-07-26T00:00:00.000Z","housenumber":null,"road":null,"city":null,"region":null,"country":null,"netid":"C8:BE:19:6D:35:D7","name":null,"type":"infra","comment":null,"wep":"2","channel":1,"bcninterval":0,"freenet":"?","dhcp":"?","paynet":"?","userfound":false,"encryption":"wpa2"},{"trilat":14.645941730000000546851879335008561611175537109375,"trilong":121.058570860000003222012310288846492767333984375,"ssid":"simple&sassy","qos":5,"transid":"20141230-00000","firsttime":"2014-11-19T18:00:00.000Z","lasttime":"2015-07-26T00:00:00.000Z","lastupdt":"2015-07-26T00:00:00.000Z","housenumber":null,"road":null,"city":null,"region":null,"country":null,"netid":"C8:B3:73:06:FD:96","name":null,"type":"infra","comment":null,"wep":"2","channel":6,"bcninterval":0,"freenet":"?","dhcp":"?","paynet":"?","userfound":false,"encryption":"wpa2"},{"trilat":14.6469230699999997113991412334144115447998046875,"trilong":121.0593338000000045440174289979040622711181640625,"ssid":"Wee fee","qos":0,"transid":"20150216-00000","firsttime":"2015-02-10T21:00:00.000Z","lasttime":"2015-02-16T06:00:00.000Z","lastupdt":"2015-07-26T00:00:00.000Z","housenumber":null,"road":null,"city":null,"region":null,"country":null,"netid":"9E:A9:E4:D8:B1:96","name":null,"type":"infra","comment":null,"wep":"2","channel":1,"bcninterval":0,"freenet":"?","dhcp":"?","paynet":"?","userfound":false,"encryption":"wpa2"},{"trilat":14.645316120000000381651261704973876476287841796875,"trilong":121.060005189999998265193426050245761871337890625,"ssid":"gel s. rosimo","qos":0,"transid":"20150216-00000","firsttime":"2015-02-13T11:00:00.000Z","lasttime":"2015-02-16T06:00:00.000Z","lastupdt":"2015-07-26T00:00:00.000Z","housenumber":null,"road":null,"city":null,"region":null,"country":null,"netid":"9E:A9:E4:D8:C2:1F","name":null,"type":"infra","comment":null,"wep":"2","channel":1,"bcninterval":0,"freenet":"?","dhcp":"?","paynet":"?","userfound":false,"encryption":"wpa2"},{"trilat":14.6454763400000000928002918954007327556610107421875,"trilong":121.0602722200000016528065316379070281982421875,"ssid":"Gallifrey","qos":5,"transid":"20150120-00000","firsttime":"2015-01-10T18:00:00.000Z","lasttime":"2017-07-29T13:00:00.000Z","lastupdt":"2017-07-29T13:00:00.000Z","housenumber":"116","road":"Maginhawa","city":"","region":"","country":"PH","netid":"C8:3A:35:3B:3B:38","name":null,"type":"infra","comment":null,"wep":"W","channel":11,"bcninterval":0,"freenet":"?","dhcp":"?","paynet":"?","userfound":false,"encryption":"wpa"},{"trilat":14.6469631200000005577521733357571065425872802734375,"trilong":121.060104370000004792018444277346134185791015625,"ssid":"Janet","qos":0,"transid":"20150216-00000","firsttime":"2015-02-11T16:00:00.000Z","lasttime":"2015-02-16T06:00:00.000Z","lastupdt":"2015-07-26T00:00:00.000Z","housenumber":null,"road":null,"city":null,"region":null,"country":null,"netid":"6E:5F:1C:84:75:88","name":null,"type":"infra","comment":null,"wep":"2","channel":1,"bcninterval":0,"freenet":"?","dhcp":"?","paynet":"?","userfound":false,"encryption":"wpa2"},{"trilat":14.646149640000000857753548189066350460052490234375,"trilong":121.060249330000004874818841926753520965576171875,"ssid":"searching...","qos":0,"transid":"20170729-00000","firsttime":"2017-07-16T19:00:00.000Z","lasttime":"2017-07-29T13:00:00.000Z","lastupdt":"2017-07-29T13:00:00.000Z","housenumber":"","road":"Maginhawa","city":"","region":"","country":"PH","netid":"7C:11:CB:6F:09:09","name":null,"type":"infra","comment":null,"wep":"2","channel":12,"bcninterval":0,"freenet":"?","dhcp":"?","paynet":"?","userfound":false,"encryption":"wpa2"},{"trilat":14.6467638000000004439016265678219497203826904296875,"trilong":121.060844419999995125181158073246479034423828125,"ssid":"joier","qos":0,"transid":"20170715-00000","firsttime":"2017-07-15T16:00:00.000Z","lasttime":"2017-07-15T01:00:00.000Z","lastupdt":"2017-07-15T01:00:00.000Z","housenumber":"60","road":"Magiting","city":"","region":"","country":"PH","netid":"7C:46:85:5B:A6:65","name":null,"type":"infra","comment":null,"wep":"2","channel":6,"bcninterval":0,"freenet":"?","dhcp":"?","paynet":"?","userfound":false,"encryption":"wpa2"}]}