{"success":true,"totalResults":2103,"search_after":55738369,"first":1,"last":100,"resultCount":100,"results":[{"trilat":14.6444749800000000305999492411501705646514892578125,"trilong":121.0611801099999951247809804044663906097412109375,"ssid":"bayanDSLWiFi_61D0","qos":5,"transid":"20150120-00000","firsttime":"2015-01-10T18:00:00.000Z","lasttime":"2015-08-12T07:00:00.000Z","lastupdt":"2015-08-12T07:00:00.000Z","housenumber":null,"road":null,"city":null,"region":null,"country":null,"netid":"A4:7E:39:AE:61:D0","name":null,"type":"infra","comment":null,"wep":"2","channel":12,"bcninterval":0,"freenet":"?","dhcp":"?","paynet":"?","userfound":false,"encryption":"wpa2"},{"trilat":14.6462144900000001968010110431350767612457275390625,"trilong":121.059585569999995868784026242792606353759765625,"ssid":"PLDTMyDSLRanin","qos":4,"transid":"20131110-00000","firsttime":"2013-11-09T19:00:00.000Z","lasttime":"2015-08-12T07:00:00.000Z","lastupdt":"2015-08-12T07:00:00.000Z","housenumber":null,"road":null,"city":null,"region":"Metro Manila","country":"PH","netid":"90:61:0C:12:09:B4","name":null,"type":"infra","comment":null,"wep":"2","channel":11,"bcninterval":0,"freenet":"?","dhcp":"?","paynet":"?","userfound":false,"encryption":"wpa2"},{"trilat":14.646048549999999721649146522395312786102294921875,"trilong":121.058166499999998677594703622162342071533203125,"ssid":"vanaquino","qos":0,"transid":"20131030-00000","firsttime":"2013-10-19T20:00:00.000Z","lasttime":"2013-10-30T05:00:00.000Z","lastupdt":"2013-10-30T03:00:00.000Z","housenumber":null,"road":null,"city":null,"region":"Metro Manila","country":"PH","netid":"90:61:0C:07:3A:6C","name":null,"type":"infra","comment":null,"wep":"2","channel":8,"bcninterval":0,"freenet":"?","dhcp":"?","paynet":"?","userfound":false,"encryption":"wpa2"},{"trilat":14.6457748399999996280484992894344031810760498046875,"trilong":121.0606613199999941343776299618184566497802734375,"ssid":"bistromercato","qos":1,"transid":"20130419-00000","firsttime":"2013-04-18T20:00:00.000Z","lasttime":"2013-04-21T03:00:00.000Z","lastupdt":"2013-04-21T01:00:00.000Z","housenumber":null,"road":null,"city":null,"region":"Metro Manila","country":"PH","netid":"90:61:0C:0D:BC:67","name":null,"type":"infra","comment":null,"wep":"2","channel":8,"bcninterval":0,"freenet":"?","dhcp":"?","paynet":"?","userfound":false,"encryption":"wpa2"},{"trilat":14.6409950299999991329968906939029693603515625,"trilong":121.058891299999999091596691869199275970458984375,"ssid":"PLDTMyDSL","qos":1,"transid":"20131030-00000","firsttime":"2013-10-21T17:00:00.000Z","lasttime":"2013-10-30T05:00:00.000Z","lastupdt":"2013-10-30T03:00:00.000Z","housenumber":null,"road":null,"city":null,"region":"Metro Manila","country":"PH","netid":"90:61:0C:10:CD:32","name":null,"type":"infra","comment":null,"wep":"2","channel":11,"bcninterval":0,"freenet":"?","dhcp":"?","paynet":"?","userfound":false,"encryption":"wpa2"},{"trilat":14.64676951999999943154762149788439273834228515625,"trilong":121.0595169099999992567973094992339611053466796875,"ssid":"Heigh Ho","qos":0,"transid":"20160604-00000","firsttime":"2016-05-27T19:00:00.000Z","lasttime":"2016-06-04T16:00:00.000Z","lastupdt":"2016-06-04T16:00:00.000Z","housenumber":null,"road":null,"city":null,"region":null,"country":null,"netid":"90:67:1C:8C:F3:0C","name":null,"type":"infra","comment":null,"wep":"2","channel":6,"bcninterval":0,"freenet":"?","dhcp":"?","paynet":"?","userfound":false,"encryption":"wpa2"},{"trilat":14.6467771500000001339003574685193598270416259765625,"trilong":121.058036799999996446786099113523960113525390625,"ssid":"Nuat Thai 80 Maginhawa","qos":4,"transid":"20160907-00000","firsttime":"2016-09-03T21:00:00.000Z","lasttime":"2017-07-29T13:00:00.000Z","lastupdt":"2017-07-29T13:00:00.000Z","housenumber":"","road":"Maginhawa","city":"","region":"","country":"PH","netid":"90:61:0C:2D:88:5B","name":null,"type":"infra","comment":null,"wep":"2","channel":11,"bcninterval":0,"freenet":"?","dhcp":"?","paynet":"?","userfound":false,"encryption":"wpa2"},{"trilat":14.64700603000000000974978320300579071044921875,"trilong":121.0579223600000062788240029476583003997802734375,"ssid":"tom&jerry","qos":3,"transid":"20170303-00000","firsttime":"2017-03-03T19:00:00.000Z","lasttime":"2017-07-29T13:00:00.000Z","lastupdt":"2017-07-29T13:00:00.000Z","housenumber":"78","road":"Maginhawa","city":"","region":"","country":"PH","netid":"90:61:0C:2D:D3:09","name":null,"type":"infra","comment":null,"wep":"2","channel":11,"bcninterval":0,"freenet":"?","dhcp":"?","paynet":"?","userfound":false,"encryption":"wpa2"},{"trilat":14.6456537200000003196009856765158474445343017578125,"trilong":121.0608215299999983471934683620929718017578125,"ssid":"PLDTMyDSL","qos":0,"transid":"20150216-00000","firsttime":"2015-02-09T18:00:00.000Z","lasttime":"2015-02-16T06:00:00.000Z","lastupdt":"2015-07-26T00:00:00.000Z","housenumber":null,"road":null,"city":null,"region":null,"country":null,"netid":"90:61:0C:16:AB:82","name":null,"type":"infra","comment":null,"wep":"2","channel":11,"bcninterval":0,"freenet":"?","dhcp":"?","paynet":"?","userfound":false,"encryption":"wpa2"},{"trilat":14.6448097199999995865482560475356876850128173828125,"trilong":121.060958859999999503997969441115856170654296875,"ssid":"AL","qos":0,"transid":"20161206-00000","firsttime":"2016-12-04T20:00:00.000Z","lasttime":"2016-12-06T07:00:00.000Z","lastupdt":"2016-12-06T07:00:00.000Z","housenumber":null,"road":null,"city":null,"region":null,"country":null,"netid":"90:61:0C:2A:42:08","name":null,"type":"infra","comment":null,"wep":"2","channel":11,"bcninterval":0,"freenet":"?","dhcp":"?","paynet":"?","userfound":false,"encryption":"wpa2"},{"trilat":14.64580059000000034075128496624529361724853515625,"trilong":121.0608978300000018180071492679417133331298828125,"ssid":"Marco","qos":1,"transid":"20170715-00000","firsttime":"2017-07-15T16:00:00.000Z","lasttime":"2017-07-29T13:00:00.000Z","lastupdt":"2017-07-29T13:00:00.000Z","housenumber":"","road":"Masinsinan","city":"","region":"","country":"PH","netid":"90:61:0C:2A:47:AF","name":null,"type":"infra","comment":null,"wep":"2","channel":11,"bcninterval":0,"freenet":"?","dhcp":"?","paynet":"?","userfound":false,"encryption":"wpa2"},{"trilat":14.6468172100000000313002601615153253078460693359375,"trilong":121.0599136400000048752190195955336093902587890625,"ssid":"PLDTHOMEDSL54612","qos":4,"transid":"20160907-00000","firsttime":"2016-09-03T21:00:00.000Z","lasttime":"2017-07-29T13:00:00.000Z","lastupdt":"2017-07-29T13:00:00.000Z","housenumber":"","road":"Magiting","city":"","region":"","country":"PH","netid":"90:61:0C:2C:D5:54","name":null,"type":"infra","comment":null,"wep":"2","channel":6,"bcninterval":0,"freenet":"?","dhcp":"?","paynet":"?","userfound":false,"encryption":"wpa2"},{"trilat":14.6468267399999998445991877815686166286468505859375,"trilong":121.0603332499999993387973518110811710357666015625,"ssid":"forteen:)","qos":0,"transid":"20160907-00000","firsttime":"2016-09-03T21:00:00.000Z","lasttime":"2016-09-07T19:00:00.000Z","lastupdt":"2016-09-07T19:00:00.000Z","housenumber":null,"road":null,"city":null,"region":null,"country":null,"netid":"90:61:0C:2D:39:8E","name":null,"type":"infra","comment":null,"wep":"2","channel":11,"bcninterval":0,"freenet":"?","dhcp":"?","paynet":"?","userfound":false,"encryption":"wpa2"},{"trilat":14.6470708799999993487972460570745170116424560546875,"trilong":121.06096648999999842999386601150035858154296875,"ssid":"art circle gallery","qos":3,"transid":"20161129-00000","firsttime":"2016-11-28T13:00:00.000Z","lasttime":"2016-12-11T19:00:00.000Z","lastupdt":"2016-12-11T19:00:00.000Z","housenumber":null,"road":null,"city":null,"region":null,"country":null,"netid":"CC:1A:FA:97:CA:88","name":null,"type":"infra","comment":null,"wep":"W","channel":1,"bcninterval":0,"freenet":"?","dhcp":"?","paynet":"?","userfound":false,"encryption":"wpa"},{"trilat":14.642835619999999607898644171655178070068359375,"trilong":121.06041718000000173560692928731441497802734375,"ssid":"mary-emanuel","qos":0,"transid":"20131130-00000","firsttime":"2013-11-30T12:00:00.000Z","lasttime":"2013-11-30T01:00:00.000Z","lastupdt":"2013-11-29T23:00:00.000Z","housenumber":null,"road":null,"city":null,"region":"Metro Manila","country":"PH","netid":"CC:1A:FA:97:D8:CC","name":null,"type":"infra","comment":null,"wep":"W","channel":2,"bcninterval":0,"freenet":"?","dhcp":"?","paynet":"?","userfound":false,"encryption":"wpa"},{"trilat":14.64687823999999949364791973493993282318115234375,"trilong":121.059700010000000247600837610661983489990234375,"ssid":"KRISTAKARLA","qos":0,"transid":"20160907-00000","firsttime":"2016-09-03T21:00:00.000Z","lasttime":"2016-09-07T19:00:00.000Z","lastupdt":"2016-09-07T19:00:00.000Z","housenumber":null,"road":null,"city":null,"region":null,"country":null,"netid":"AA:A6:68:DD:48:94","name":null,"type":"infra","comment":null,"wep":"2","channel":13,"bcninterval":0,"freenet":"?","dhcp":"?","paynet":"?","userfound":false,"encryption":"wpa2"},{"trilat":14.646883009999999813999238540418446063995361328125,"trilong":121.0593414300000034700133255682885646820068359375,"ssid":"mobilenet","qos":0,"transid":"20130222-00000","firsttime":"2013-02-22T22:00:00.000Z","lasttime":"2013-02-22T10:00:00.000Z","lastupdt":"2013-02-22T08:00:00.000Z","housenumber":null,"road":null,"city":null,"region":"Metro Manila","country":"PH","netid":"D0:51:62:B4:8B:D1","name":null,"type":"infra","comment":null,"wep":"2","channel":6,"bcninterval":0,"freenet":"?","dhcp":"?","paynet":"Y","userfound":false,"encryption":"wpa2"},{"trilat":14.6448106800000008576034815632738173007965087890625,"trilong":121.061058040000006030822987668216228485107421875,"ssid":"Free WiFi!","qos":0,"transid":"20170729-00000","firsttime":"2017-07-16T19:00:00.000Z","lasttime":"2017-07-29T13:00:00.000Z","lastupdt":"2017-07-29T13:00:00.000Z","housenumber":"","road":"P. Francisco","city":"","region":"","country":"PH","netid":"9E:A9:E4:D0:B1:59","name":null,"type":"infra","comment":null,"wep":"2","channel":1,"bcninterval":0,"freenet":"Y","dhcp":"?","paynet":"?","userfound":false,"encryption":"wpa2"},{"trilat":14.6457881899999993180472301901318132877349853515625,"trilong":121.0609130899999996699989424087107181549072265625,"ssid":"Walang Forever","qos":0,"transid":"20150120-00000","firsttime":"2015-01-10T19:00:00.000Z","lasttime":"2015-01-21T20:00:00.000Z","lastupdt":"2015-07-26T00:00:00.000Z","housenumber":null,"road":null,"city":null,"region":null,"country":null,"netid":"9E:A9:E4:D4:D9:55","name":null,"type":"infra","comment":null,"wep":"2","channel":6,"bcninterval":0,"freenet":"?","dhcp":"?","paynet":"?","userfound":false,"encryption":"wpa2"},{"trilat":14.64698695999999955574821797199547290802001953125,"trilong":121.0613403299999930595731711946427822113037109375,"ssid":"Smart Bro_E37FA0","qos":0,"transid":"20150216-00000","firsttime":"2015-02-10T20:00:00.000Z","lasttime":"2015-02-16T06:00:00.000Z","lastupdt":"2015-07-26T00:00:00.000Z","housenumber":null,"road":null,"city":null,"region":null,"country":null,"netid":"9E:A9:E4:E3:7F:A0","name":null,"type":"infra","comment":null,"wep":"Y","channel":9,"bcninterval":0,"freenet":"?","dhcp":"?","paynet":"?","userfound":false,"encryption":"wep"},{"trilat":14.646347049999999256897353916428983211517333984375,"trilong":121.059310909999993555175024084746837615966796875,"ssid":"LoloMoPink","qos":0,"transid":"20150120-00000","firsttime":"2015-01-10T18:00:00.000Z","lasttime":"2015-01-21T20:00:00.000Z","lastupdt":"2015-07-26T00:00:00.000Z","housenumber":null,"road":null,"city":null,"region":null,"country":null,"netid":"9E:A9:E4:F7:8A:F1","name":null,"type":"infra","comment":null,"wep":"2","channel":1,"bcninterval":0,"freenet":"?","dhcp":"?","paynet":"?","userfound":false,"encryption":"wpa2"},{"trilat":14.6453628499999997103486748528666794300079345703125,"trilong":121.0607910199999963651862344704568386077880859375,"ssid":"Zeus031013","qos":0,"transid":"20140805-00000","firsttime":"2014-08-05T19:00:00.000Z","lasttime":"2014-08-05T06:00:00.000Z","lastupdt":"2015-07-26T00:00:00.000Z","housenumber":null,"road":null,"city":null,"region":null,"country":null,"netid":"D0:2D:B3:0A:7B:F8","name":null,"type":"infra","comment":null,"wep":"2","channel":6,"bcninterval":0,"freenet":"?","dhcp":"?","paynet":"?","userfound":false,"encryption":"wpa2"},{"trilat":14.6463680299999996492488207877613604068756103515625,"trilong":121.059440609999995785983628593385219573974609375,"ssid":"uberwifi","qos":1,"transid":"20161126-00000","firsttime":"2016-11-26T19:00:00.000Z","lasttime":"2016-12-09T06:00:00.000Z","lastupdt":"2016-12-09T06:00:00.000Z","housenumber":null,"road":null,"city":null,"region":null,"country":null,"netid":"D0:65:CA:19:DB:5A","name":null,"type":"infra","comment":null,"wep":"2","channel":4,"bcninterval":0,"freenet":"?","dhcp":"?","paynet":"?","userfound":false,"encryption":"wpa2"},{"trilat":14.6462373699999997000986695638857781887054443359375,"trilong":121.059829710000002478409442119300365447998046875,"ssid":"HUAWEI-7790","qos":0,"transid":"20170729-00000","firsttime":"2017-07-16T19:00:00.000Z","lasttime":"2017-07-29T13:00:00.000Z","lastupdt":"2017-07-29T13:00:00.000Z","housenumber":"","road":"Maginhawa","city":"","region":"","country":"PH","netid":"D0:65:CA:92:77:90","name":null,"type":"infra","comment":null,"wep":"2","channel":5,"bcninterval":0,"freenet":"?","dhcp":"?","paynet":"?","userfound":false,"encryption":"wpa2"},{"trilat":14.646592139999999204746927716769278049468994140625,"trilong":121.0577011099999964471862767823040485382080078125,"ssid":"JH PURPLE TAXI","qos":0,"transid":"20140805-00000","firsttime":"2014-08-05T20:00:00.000Z","lasttime":"2014-08-05T06:00:00.000Z","lastupdt":"2015-07-26T00:00:00.000Z","housenumber":null,"road":null,"city":null,"region":null,"country":null,"netid":"D0:7A:B5:0E:4C:E9","name":null,"type":"infra","comment":null,"wep":"2","channel":11,"bcninterval":0,"freenet":"?","dhcp":"?","paynet":"?","userfound":false,"encryption":"wpa2"},{"trilat":14.6466550800000003818013283307664096355438232421875,"trilong":121.05972289999999702558852732181549072265625,"ssid":"HUAWEI-E5220-88c9","qos":0,"transid":"20150216-00000","firsttime":"2015-02-13T11:00:00.000Z","lasttime":"2015-02-16T06:00:00.000Z","lastupdt":"2015-07-26T00:00:00.000Z","housenumber":null,"road":null,"city":null,"region":null,"country":null,"netid":"D0:7A:B5:72:88:C9","name":null,"type":"infra","comment":null,"wep":"2","channel":11,"bcninterval":0,"freenet":"?","dhcp":"?","paynet":"?","userfound":false,"encryption":"wpa2"},{"trilat":14.646919249999999834699337952770292758941650390625,"trilong":121.058021550000006527625373564660549163818359375,"ssid":"Trojan.VBS","qos":0,"transid":"20130324-00000","firsttime":"2013-03-23T16:00:00.000Z","lasttime":"2013-03-24T04:00:00.000Z","lastupdt":"2013-03-24T02:00:00.000Z","housenumber":null,"road":null,"city":null,"region":"Metro Manila","country":"PH","netid":"AC:E8:7B:3E:D1:21","name":null,"type":"infra","comment":null,"wep":"2","channel":6,"bcninterval":0,"freenet":"?","dhcp":"?","paynet":"?","userfound":false,"encryption":"wpa2"},{"trilat":14.6458148999999995254484019824303686618804931640625,"trilong":121.060234070000007022827048785984516143798828125,"ssid":"CATW","qos":2,"transid":"20130222-00000","firsttime":"2013-02-22T22:00:00.000Z","lasttime":"2013-06-21T06:00:00.000Z","lastupdt":"2013-06-21T04:00:00.000Z","housenumber":null,"road":null,"city":null,"region":"Metro Manila","country":"PH","netid":"84:C9:B2:05:90:A6","name":null,"type":"infra","comment":null,"wep":"2","channel":9,"bcninterval":0,"freenet":"?","dhcp":"?","paynet":"?","userfound":false,"encryption":"wpa2"},{"trilat":14.646919249999999834699337952770292758941650390625,"trilong":121.0602035499999971079887473024427890777587890625,"ssid":"D-Link","qos":5,"transid":"20130207-00000","firsttime":"2001-01-01T07:00:00.000Z","lasttime":"2013-05-06T09:00:00.000Z","lastupdt":"2013-05-06T07:00:00.000Z","housenumber":null,"road":null,"city":null,"region":"Metro Manila","country":"PH","netid":"84:C9:B2:52:1B:59","name":null,"type":"infra","comment":null,"wep":"W","channel":1,"bcninterval":0,"freenet":"?","dhcp":"?","paynet":"?","userfound":false,"encryption":"wpa"},{"trilat":14.643557550000000588852344662882387638092041015625,"trilong":121.06106567000000495681888423860073089599609375,"ssid":"ariel","qos":0,"transid":"20131030-00000","firsttime":"2013-10-21T17:00:00.000Z","lasttime":"2013-10-30T05:00:00.000Z","lastupdt":"2013-10-30T03:00:00.000Z","housenumber":null,"road":null,"city":null,"region":"Metro Manila","country":"PH","netid":"BE:E5:9F:67:81:35","name":null,"type":"infra","comment":null,"wep":"2","channel":6,"bcninterval":0,"freenet":"?","dhcp":"?","paynet":"?","userfound":false,"encryption":"wpa2"},{"trilat":14.646366119999999710898919147439301013946533203125,"trilong":121.0595169099999992567973094992339611053466796875,"ssid":"MoonleafMaginhawa","qos":1,"transid":"20140813-00000","firsttime":"2014-08-07T14:00:00.000Z","lasttime":"2015-01-21T20:00:00.000Z","lastupdt":"2015-07-26T00:00:00.000Z","housenumber":null,"road":null,"city":null,"region":null,"country":null,"netid":"84:C9:B2:49:61:6B","name":null,"type":"infra","comment":null,"wep":"2","channel":1,"bcninterval":0,"freenet":"?","dhcp":"?","paynet":"?","userfound":false,"encryption":"wpa2"},{"trilat":14.6411085100000004644016371457837522029876708984375,"trilong":121.0605163599999940515772323124110698699951171875,"ssid":"ENCORE9D4318","qos":0,"transid":"20130414-00000","firsttime":"2013-04-14T14:00:00.000Z","lasttime":"2013-04-14T06:00:00.000Z","lastupdt":"2013-04-14T04:00:00.000Z","housenumber":null,"road":null,"city":null,"region":"Metro Manila","country":"PH","netid":"00:02:6F:9D:43:18","name":null,"type":"infra","comment":null,"wep":"2","channel":11,"bcninterval":0,"freenet":"?","dhcp":"?","paynet":"?","userfound":false,"encryption":"wpa2"},{"trilat":14.6468629799999998652992871939204633235931396484375,"trilong":121.0596542400000004136018105782568454742431640625,"ssid":"InfectedVirus.exe","qos":5,"transid":"20130408-00000","firsttime":"2013-04-08T21:00:00.000Z","lasttime":"2015-08-08T09:00:00.000Z","lastupdt":"2015-08-08T09:00:00.000Z","housenumber":null,"road":null,"city":null,"region":"Metro Manila","country":"PH","netid":"00:02:2A:EA:D3:27","name":null,"type":"infra","comment":null,"wep":"W","channel":11,"bcninterval":0,"freenet":"?","dhcp":"?","paynet":"?","userfound":false,"encryption":"wpa"},{"trilat":14.6411447500000004851017365581355988979339599609375,"trilong":121.059944150000006857226253487169742584228515625,"ssid":"Prolink-H6300G","qos":0,"transid":"20131130-00000","firsttime":"2013-11-30T13:00:00.000Z","lasttime":"2013-11-30T01:00:00.000Z","lastupdt":"2013-11-29T23:00:00.000Z","housenumber":null,"road":null,"city":null,"region":"Metro Manila","country":"PH","netid":"00:04:ED:B7:B0:73","name":null,"type":"infra","comment":null,"wep":"W","channel":1,"bcninterval":0,"freenet":"?","dhcp":"?","paynet":"?","userfound":false,"encryption":"wpa"},{"trilat":14.64667988000000065085259848274290561676025390625,"trilong":121.059989930000000413201632909476757049560546875,"ssid":"HUAWEI-E5330-E995","qos":0,"transid":"20160907-00000","firsttime":"2016-09-03T21:00:00.000Z","lasttime":"2016-09-07T19:00:00.000Z","lastupdt":"2016-09-07T19:00:00.000Z","housenumber":null,"road":null,"city":null,"region":null,"country":null,"netid":"84:DB:AC:23:E9:95","name":null,"type":"infra","comment":null,"wep":"2","channel":10,"bcninterval":0,"freenet":"?","dhcp":"?","paynet":"?","userfound":false,"encryption":"wpa2"},{"trilat":14.6465463600000003197010300937108695507049560546875,"trilong":121.059165949999993472374626435339450836181640625,"ssid":"bambilaine","qos":0,"transid":"20130309-00000","firsttime":"2013-03-09T20:00:00.000Z","lasttime":"2013-03-11T16:00:00.000Z","lastupdt":"2013-03-11T14:00:00.000Z","housenumber":null,"road":null,"city":null,"region":"Metro Manila","country":"PH","netid":"C8:7B:5B:1F:15:AF","name":null,"type":"infra","comment":null,"wep":"W","channel":1,"bcninterval":0,"freenet":"?","dhcp":"?","paynet":"?","userfound":false,"encryption":"wpa"},{"trilat":14.646444320000000516301952302455902099609375,"trilong":121.058845520000005535621312446892261505126953125,"ssid":"rivera","qos":0,"transid":"20130309-00000","firsttime":"2013-03-09T20:00:00.000Z","lasttime":"2013-03-11T16:00:00.000Z","lastupdt":"2013-03-11T14:00:00.000Z","housenumber":null,"road":null,"city":null,"region":"Metro Manila","country":"PH","netid":"C8:7B:5B:35:FB:A7","name":null,"type":"infra","comment":null,"wep":"Y","channel":1,"bcninterval":0,"freenet":"?","dhcp":"?","paynet":"?","userfound":false,"encryption":"wep"},{"trilat":14.645859720000000692152752890251576900482177734375,"trilong":121.058326719999996612386894412338733673095703125,"ssid":"bayanDSL","qos":5,"transid":"20150120-00000","firsttime":"2015-01-10T18:00:00.000Z","lasttime":"2015-08-08T09:00:00.000Z","lastupdt":"2015-08-08T09:00:00.000Z","housenumber":null,"road":null,"city":null,"region":null,"country":null,"netid":"C8:7B:5B:C1:F9:A4","name":null,"type":"infra","comment":null,"wep":"W","channel":1,"bcninterval":0,"freenet":"?","dhcp":"?","paynet":"?","userfound":false,"encryption":"wpa"},{"trilat":14.6467218399999996591986928251571953296661376953125,"trilong":121.0583725000000043792169890366494655609130859375,"ssid":"AndroidAP","qos":0,"transid":"20170729-00000","firsttime":"2017-07-16T19:00:00.000Z","lasttime":"2017-07-29T13:00:00.000Z","lastupdt":"2017-07-29T13:00:00.000Z","housenumber":"85","road":"Maginhawa","city":"","region":"","country":"PH","netid":"84:55:A5:6A:C1:83","name":null,"type":"infra","comment":null,"wep":"2","channel":6,"bcninterval":0,"freenet":"?","dhcp":"?","paynet":"?","userfound":false,"encryption":"wpa2"},{"trilat":14.64683437000000054695192375220358371734619140625,"trilong":121.0582199100000053704206948168575763702392578125,"ssid":"solar_wifi","qos":5,"transid":"20130317-00000","firsttime":"2013-03-17T21:00:00.000Z","lasttime":"2016-06-04T16:00:00.000Z","lastupdt":"2016-06-04T16:00:00.000Z","housenumber":null,"road":null,"city":null,"region":"Metro Manila","country":"PH","netid":"B8:C7:5D:0C:C5:A1","name":null,"type":"infra","comment":null,"wep":"2","channel":6,"bcninterval":0,"freenet":"?","dhcp":"?","paynet":"?","userfound":false,"encryption":"wpa2"},{"trilat":14.6449747099999996180486050434410572052001953125,"trilong":121.0610427900000019008075469173491001129150390625,"ssid":"Globe5555","qos":0,"transid":"20170729-00000","firsttime":"2017-07-16T19:00:00.000Z","lasttime":"2017-07-29T13:00:00.000Z","lastupdt":"2017-07-29T13:00:00.000Z","housenumber":"","road":"Maginhawa","city":"","region":"","country":"PH","netid":"C8:94:BB:5E:AA:3D","name":null,"type":"infra","comment":null,"wep":"2","channel":2,"bcninterval":0,"freenet":"?","dhcp":"?","paynet":"?","userfound":false,"encryption":"wpa2"},{"trilat":14.6422758099999992253970049205236136913299560546875,"trilong":121.0605163599999940515772323124110698699951171875,"ssid":"DIRECT-RB-BRAVIA","qos":0,"transid":"20140113-00000","firsttime":"2001-01-01T00:00:00.000Z","lasttime":"2014-01-13T10:00:00.000Z","lastupdt":"2014-01-13T08:00:00.000Z","housenumber":null,"road":null,"city":null,"region":"Metro Manila","country":"PH","netid":"BA:76:3F:6B:B2:04","name":null,"type":"infra","comment":null,"wep":"2","channel":11,"bcninterval":0,"freenet":"?","dhcp":"?","paynet":"?","userfound":false,"encryption":"wpa2"},{"trilat":14.6453084899999996792985257343389093875885009765625,"trilong":121.0608749400000050400194595567882061004638671875,"ssid":"triplemnet","qos":1,"transid":"20130317-00000","firsttime":"2013-03-17T21:00:00.000Z","lasttime":"2013-06-21T06:00:00.000Z","lastupdt":"2013-06-21T04:00:00.000Z","housenumber":null,"road":null,"city":null,"region":"Metro Manila","country":"PH","netid":"C4:88:E5:D5:42:AE","name":null,"type":"infra","comment":null,"wep":"2","channel":6,"bcninterval":0,"freenet":"?","dhcp":"?","paynet":"?","userfound":false,"encryption":"wpa2"},{"trilat":14.64676951999999943154762149788439273834228515625,"trilong":121.061271669999996447586454451084136962890625,"ssid":"Pretty fly for a wifi","qos":0,"transid":"20131030-00000","firsttime":"2013-10-19T20:00:00.000Z","lasttime":"2013-10-30T05:00:00.000Z","lastupdt":"2013-10-30T03:00:00.000Z","housenumber":null,"road":null,"city":null,"region":"Metro Manila","country":"PH","netid":"94:CE:2C:7B:93:A9","name":null,"type":"infra","comment":null,"wep":"2","channel":1,"bcninterval":0,"freenet":"?","dhcp":"?","paynet":"?","userfound":false,"encryption":"wpa2"},{"trilat":14.646430020000000382651705876924097537994384765625,"trilong":121.0586547900000056188218877650797367095947265625,"ssid":"smart_djn","qos":0,"transid":"20140813-00000","firsttime":"2014-08-13T19:00:00.000Z","lasttime":"2014-08-13T05:00:00.000Z","lastupdt":"2015-07-26T00:00:00.000Z","housenumber":null,"road":null,"city":null,"region":null,"country":null,"netid":"9A:6C:F5:40:59:E3","name":null,"type":"infra","comment":null,"wep":"2","channel":11,"bcninterval":0,"freenet":"?","dhcp":"?","paynet":"?","userfound":false,"encryption":"wpa2"},{"trilat":14.64708710000000024820110411383211612701416015625,"trilong":121.0577011099999964471862767823040485382080078125,"ssid":"astroboy","qos":0,"transid":"20150808-00000","firsttime":"2015-08-07T22:00:00.000Z","lasttime":"2015-08-08T09:00:00.000Z","lastupdt":"2015-08-08T09:00:00.000Z","housenumber":null,"road":null,"city":null,"region":null,"country":null,"netid":"9A:6C:F5:40:60:12","name":null,"type":"infra","comment":null,"wep":"2","channel":6,"bcninterval":0,"freenet":"?","dhcp":"?","paynet":"?","userfound":false,"encryption":"wpa2"},{"trilat":14.64720535000000012360032997094094753265380859375,"trilong":121.057502749999997604390955530107021331787109375,"ssid":"mannie","qos":2,"transid":"20150120-00000","firsttime":"2015-01-11T19:00:00.000Z","lasttime":"2015-07-26T00:00:00.000Z","lastupdt":"2015-07-26T00:00:00.000Z","housenumber":null,"road":null,"city":null,"region":null,"country":null,"netid":"9A:6C:F5:40:DE:FA","name":null,"type":"infra","comment":null,"wep":"2","channel":7,"bcninterval":0,"freenet":"?","dhcp":"?","paynet":"?","userfound":false,"encryption":"wpa2"},{"trilat":14.6465177499999992249968272517435252666473388671875,"trilong":121.0613403299999930595731711946427822113037109375,"ssid":"AndroidAP7055","qos":0,"transid":"20130725-00000","firsttime":"2013-07-25T22:00:00.000Z","lasttime":"2013-07-25T10:00:00.000Z","lastupdt":"2013-07-25T08:00:00.000Z","housenumber":null,"road":null,"city":null,"region":"Metro Manila","country":"PH","netid":"9C:02:98:DF:0C:FF","name":null,"type":"infra","comment":null,"wep":"N","channel":6,"bcninterval":0,"freenet":"?","dhcp":"?","paynet":"?","userfound":false,"encryption":"none"},{"trilat":14.642845149999999421197571791708469390869140625,"trilong":121.061058040000006030822987668216228485107421875,"ssid":"Bayan Guest","qos":3,"transid":"20130309-00000","firsttime":"2013-03-09T20:00:00.000Z","lasttime":"2013-10-30T05:00:00.000Z","lastupdt":"2013-10-30T03:00:00.000Z","housenumber":null,"road":null,"city":null,"region":"Metro Manila","country":"PH","netid":"00:0B:86:F1:97:C0","name":null,"type":"infra","comment":null,"wep":"N","channel":11,"bcninterval":0,"freenet":"?","dhcp":"?","paynet":"?","userfound":false,"encryption":"none"},{"trilat":14.6429433800000001753005562932230532169342041015625,"trilong":121.06099700999999413397745229303836822509765625,"ssid":"IMBayan","qos":5,"transid":"20130309-00000","firsttime":"2013-03-08T23:00:00.000Z","lasttime":"2013-11-30T01:00:00.000Z","lastupdt":"2013-11-29T23:00:00.000Z","housenumber":null,"road":null,"city":null,"region":"Metro Manila","country":"PH","netid":"00:0B:86:F3:0F:62","name":null,"type":"infra","comment":null,"wep":"N","channel":11,"bcninterval":0,"freenet":"?","dhcp":"?","paynet":"?","userfound":false,"encryption":"none"},{"trilat":14.6429843900000005163519745110534131526947021484375,"trilong":121.06096648999999842999386601150035858154296875,"ssid":"Bayan Guest","qos":4,"transid":"20130309-00000","firsttime":"2013-03-08T23:00:00.000Z","lasttime":"2013-11-30T20:00:00.000Z","lastupdt":"2013-11-30T18:00:00.000Z","housenumber":null,"road":null,"city":null,"region":"Metro Manila","country":"PH","netid":"00:0B:86:F3:12:20","name":null,"type":"infra","comment":null,"wep":"N","channel":11,"bcninterval":0,"freenet":"?","dhcp":"?","paynet":"?","userfound":false,"encryption":"none"},{"trilat":14.6430110899999998963494363124482333660125732421875,"trilong":121.060928340000003800014383159577846527099609375,"ssid":"IMBayan","qos":4,"transid":"20130309-00000","firsttime":"2013-03-08T23:00:00.000Z","lasttime":"2013-11-30T01:00:00.000Z","lastupdt":"2013-11-29T23:00:00.000Z","housenumber":null,"road":null,"city":null,"region":"Metro Manila","country":"PH","netid":"00:0B:86:F3:12:22","name":null,"type":"infra","comment":null,"wep":"N","channel":11,"bcninterval":0,"freenet":"?","dhcp":"?","paynet":"?","userfound":false,"encryption":"none"},{"trilat":14.6428699499999996902488419436849653720855712890625,"trilong":121.06106567000000495681888423860073089599609375,"ssid":"IMBayan","qos":0,"transid":"20130309-00000","firsttime":"2013-03-09T20:00:00.000Z","lasttime":"2013-03-11T16:00:00.000Z","lastupdt":"2013-03-11T14:00:00.000Z","housenumber":null,"road":null,"city":null,"region":"Metro Manila","country":"PH","netid":"00:0B:86:F3:14:22","name":null,"type":"infra","comment":null,"wep":"N","channel":11,"bcninterval":0,"freenet":"?","dhcp":"?","paynet":"?","userfound":false,"encryption":"none"},{"trilat":14.643221860000000589252522331662476062774658203125,"trilong":121.061004639999993059973348863422870635986328125,"ssid":"Bayan Wi-Fi+","qos":5,"transid":"20130309-00000","firsttime":"2013-03-08T23:00:00.000Z","lasttime":"2013-11-30T01:00:00.000Z","lastupdt":"2013-11-29T23:00:00.000Z","housenumber":null,"road":null,"city":null,"region":"Metro Manila","country":"PH","netid":"00:0B:86:F3:14:61","name":null,"type":"infra","comment":null,"wep":"W","channel":6,"bcninterval":0,"freenet":"?","dhcp":"?","paynet":"?","userfound":false,"encryption":"wpa"},{"trilat":14.6431284000000001555008566356264054775238037109375,"trilong":121.0610427900000019008075469173491001129150390625,"ssid":"Bayan Wi-Fi+","qos":5,"transid":"20130309-00000","firsttime":"2013-03-08T23:00:00.000Z","lasttime":"2017-09-29T18:00:00.000Z","lastupdt":"2017-09-29T18:00:00.000Z","housenumber":"","road":"Matimtiman","city":"","region":"","country":"PH","netid":"00:0B:86:F3:16:21","name":null,"type":"infra","comment":null,"wep":"W","channel":11,"bcninterval":0,"freenet":"?","dhcp":"?","paynet":"?","userfound":false,"encryption":"wpa"},{"trilat":14.6428718599999996285987435840070247650146484375,"trilong":121.05980682000000570042175240814685821533203125,"ssid":"corega","qos":0,"transid":"20161206-00000","firsttime":"2016-12-04T20:00:00.000Z","lasttime":"2016-12-06T07:00:00.000Z","lastupdt":"2016-12-06T07:00:00.000Z","housenumber":null,"road":null,"city":null,"region":null,"country":null,"netid":"98:FC:11:B9:E2:44","name":null,"type":"infra","comment":null,"wep":"W","channel":9,"bcninterval":0,"freenet":"?","dhcp":"?","paynet":"?","userfound":false,"encryption":"wpa"},{"trilat":14.6460571300000008676533980178646743297576904296875,"trilong":121.06025696000000380081473849713802337646484375,"ssid":"Smart Bro_451550","qos":0,"transid":"20150120-00000","firsttime":"2015-01-10T18:00:00.000Z","lasttime":"2015-01-21T20:00:00.000Z","lastupdt":"2015-07-26T00:00:00.000Z","housenumber":null,"road":null,"city":null,"region":null,"country":null,"netid":"9A:6C:F5:45:15:50","name":null,"type":"infra","comment":null,"wep":"2","channel":9,"bcninterval":0,"freenet":"?","dhcp":"?","paynet":"?","userfound":false,"encryption":"wpa2"},{"trilat":14.6462373699999997000986695638857781887054443359375,"trilong":121.060005189999998265193426050245761871337890625,"ssid":"ZenTea","qos":5,"transid":"20130309-00000","firsttime":"2013-03-08T23:00:00.000Z","lasttime":"2013-07-03T06:00:00.000Z","lastupdt":"2013-07-03T04:00:00.000Z","housenumber":null,"road":null,"city":null,"region":"Metro Manila","country":"PH","netid":"C8:60:00:71:7A:24","name":null,"type":"infra","comment":null,"wep":"2","channel":7,"bcninterval":0,"freenet":"?","dhcp":"?","paynet":"?","userfound":false,"encryption":"wpa2"},{"trilat":14.646231650000000712452674633823335170745849609375,"trilong":121.0600128199999971911893226206302642822265625,"ssid":"Blackmamba","qos":0,"transid":"20170729-00000","firsttime":"2017-07-16T19:00:00.000Z","lasttime":"2017-07-29T13:00:00.000Z","lastupdt":"2017-07-29T13:00:00.000Z","housenumber":"","road":"Maginhawa","city":"","region":"","country":"PH","netid":"9C:5C:8E:A8:D9:16","name":null,"type":"infra","comment":null,"wep":"2","channel":1,"bcninterval":0,"freenet":"?","dhcp":"?","paynet":"?","userfound":false,"encryption":"wpa2"},{"trilat":14.646449090000000836653271107934415340423583984375,"trilong":121.0593566900000013220051187090575695037841796875,"ssid":"MDROA35","qos":5,"transid":"20130317-00000","firsttime":"2013-03-17T21:00:00.000Z","lasttime":"2017-07-15T01:00:00.000Z","lastupdt":"2017-07-15T01:00:00.000Z","housenumber":"","road":"Maginhawa","city":"","region":"","country":"PH","netid":"00:04:ED:1E:7B:01","name":null,"type":"infra","comment":null,"wep":"N","channel":1,"bcninterval":0,"freenet":"?","dhcp":"?","paynet":"?","userfound":false,"encryption":"none"},{"trilat":14.6461915999999998660996425314806401729583740234375,"trilong":121.0589599599999957035834086127579212188720703125,"ssid":null,"qos":0,"transid":"20150216-00000","firsttime":"2015-02-11T17:00:00.000Z","lasttime":"2015-02-16T06:00:00.000Z","lastupdt":"2015-07-26T00:00:00.000Z","housenumber":null,"road":null,"city":null,"region":null,"country":null,"netid":"9C:C1:72:FA:D2:95","name":null,"type":"infra","comment":null,"wep":"2","channel":1,"bcninterval":0,"freenet":"?","dhcp":"?","paynet":"?","userfound":false,"encryption":"wpa2"},{"trilat":14.6470756499999996691485648625530302524566650390625,"trilong":121.0611572300000062796243582852184772491455078125,"ssid":"SofiaLove","qos":1,"transid":"20150216-00000","firsttime":"2015-02-09T17:00:00.000Z","lasttime":"2015-02-16T06:00:00.000Z","lastupdt":"2015-07-26T00:00:00.000Z","housenumber":null,"road":null,"city":null,"region":null,"country":null,"netid":"9C:C1:72:D1:E2:EA","name":null,"type":"infra","comment":null,"wep":"2","channel":9,"bcninterval":0,"freenet":"?","dhcp":"?","paynet":"?","userfound":false,"encryption":"wpa2"},{"trilat":14.643620489999999989549905876629054546356201171875,"trilong":121.06128692999999429957824759185314178466796875,"ssid":"Bayan Wi-Fi+","qos":5,"transid":"20130209-00000","firsttime":"2001-01-01T07:00:00.000Z","lasttime":"2013-11-30T01:00:00.000Z","lastupdt":"2013-11-29T23:00:00.000Z","housenumber":null,"road":null,"city":null,"region":"Metro Manila","country":"PH","netid":"00:0B:86:F2:FB:41","name":null,"type":"infra","comment":null,"wep":"W","channel":1,"bcninterval":0,"freenet":"?","dhcp":"?","paynet":"?","userfound":false,"encryption":"wpa"},{"trilat":14.6430015600000000830505086923949420452117919921875,"trilong":121.060958859999999503997969441115856170654296875,"ssid":"Bayan Wi-Fi+","qos":4,"transid":"20130309-00000","firsttime":"2013-03-08T23:00:00.000Z","lasttime":"2013-11-30T01:00:00.000Z","lastupdt":"2013-11-29T23:00:00.000Z","housenumber":null,"road":null,"city":null,"region":"Metro Manila","country":"PH","netid":"00:0B:86:F3:12:21","name":null,"type":"infra","comment":null,"wep":"W","channel":11,"bcninterval":0,"freenet":"?","dhcp":"?","paynet":"?","userfound":false,"encryption":"wpa"},{"trilat":14.6430826199999994940981196123175323009490966796875,"trilong":121.06083678999999619918526150286197662353515625,"ssid":"Bayan Guest","qos":2,"transid":"20130309-00000","firsttime":"2013-03-09T18:00:00.000Z","lasttime":"2013-11-30T01:00:00.000Z","lastupdt":"2013-11-29T23:00:00.000Z","housenumber":null,"road":null,"city":null,"region":"Metro Manila","country":"PH","netid":"00:0B:86:F3:13:C0","name":null,"type":"infra","comment":null,"wep":"N","channel":1,"bcninterval":0,"freenet":"?","dhcp":"?","paynet":"?","userfound":false,"encryption":"none"},{"trilat":14.6431693999999996691485648625530302524566650390625,"trilong":121.060943600000001652006176300346851348876953125,"ssid":"Bayan Guest","qos":5,"transid":"20130309-00000","firsttime":"2013-03-08T23:00:00.000Z","lasttime":"2013-11-30T20:00:00.000Z","lastupdt":"2013-11-30T18:00:00.000Z","housenumber":null,"road":null,"city":null,"region":"Metro Manila","country":"PH","netid":"00:0B:86:F3:14:60","name":null,"type":"infra","comment":null,"wep":"N","channel":6,"bcninterval":0,"freenet":"?","dhcp":"?","paynet":"?","userfound":false,"encryption":"none"},{"trilat":14.6435670899999994531981428735889494419097900390625,"trilong":121.061058040000006030822987668216228485107421875,"ssid":"Bayan Wi-Fi+","qos":5,"transid":"20130309-00000","firsttime":"2013-03-09T18:00:00.000Z","lasttime":"2013-11-30T20:00:00.000Z","lastupdt":"2013-11-30T18:00:00.000Z","housenumber":null,"road":null,"city":null,"region":"Metro Manila","country":"PH","netid":"00:0B:86:F3:15:21","name":null,"type":"infra","comment":null,"wep":"W","channel":11,"bcninterval":0,"freenet":"?","dhcp":"?","paynet":"?","userfound":false,"encryption":"wpa"},{"trilat":14.6431922899999999998499333742074668407440185546875,"trilong":121.061058040000006030822987668216228485107421875,"ssid":"Bayan Guest","qos":5,"transid":"20130309-00000","firsttime":"2013-03-08T23:00:00.000Z","lasttime":"2017-09-29T18:00:00.000Z","lastupdt":"2017-09-29T18:00:00.000Z","housenumber":"","road":"Matimtiman","city":"","region":"","country":"PH","netid":"00:0B:86:F3:16:20","name":null,"type":"infra","comment":null,"wep":"N","channel":11,"bcninterval":0,"freenet":"?","dhcp":"?","paynet":"?","userfound":false,"encryption":"none"},{"trilat":14.6466350599999994841482475749216973781585693359375,"trilong":121.0591125499999947123797028325498104095458984375,"ssid":"CYM","qos":0,"transid":"20130222-00000","firsttime":"2013-02-22T22:00:00.000Z","lasttime":"2013-02-22T10:00:00.000Z","lastupdt":"2013-02-22T08:00:00.000Z","housenumber":null,"road":null,"city":null,"region":"Metro Manila","country":"PH","netid":"9C:D2:4B:CA:58:D3","name":null,"type":"infra","comment":null,"wep":"2","channel":11,"bcninterval":0,"freenet":"?","dhcp":"?","paynet":"?","userfound":false,"encryption":"wpa2"},{"trilat":14.6466360099999999277997630997560918331146240234375,"trilong":121.05847930999999562118318863213062286376953125,"ssid":"Mywifi","qos":0,"transid":"20130621-00000","firsttime":"2013-06-02T19:00:00.000Z","lasttime":"2013-06-21T06:00:00.000Z","lastupdt":"2013-06-21T04:00:00.000Z","housenumber":null,"road":null,"city":null,"region":"Metro Manila","country":"PH","netid":"9C:D2:4B:CA:58:EB","name":null,"type":"infra","comment":null,"wep":"Y","channel":11,"bcninterval":0,"freenet":"?","dhcp":"?","paynet":"?","userfound":false,"encryption":"wep"},{"trilat":14.642822269999999917899913270957767963409423828125,"trilong":121.060005189999998265193426050245761871337890625,"ssid":"RBGM Main","qos":0,"transid":"20131130-00000","firsttime":"2013-11-30T13:00:00.000Z","lasttime":"2013-11-30T01:00:00.000Z","lastupdt":"2013-11-29T23:00:00.000Z","housenumber":null,"road":null,"city":null,"region":"Metro Manila","country":"PH","netid":"A0:F3:C1:C1:01:F2","name":null,"type":"infra","comment":null,"wep":"2","channel":9,"bcninterval":0,"freenet":"?","dhcp":"?","paynet":"?","userfound":false,"encryption":"wpa2"},{"trilat":14.6460065799999998858993421890772879123687744140625,"trilong":121.0606689499999930603735265322029590606689453125,"ssid":"Free Public WiFi","qos":0,"transid":"20140113-00000","firsttime":"2001-01-01T00:00:00.000Z","lasttime":"2014-01-13T10:00:00.000Z","lastupdt":"2014-01-13T08:00:00.000Z","housenumber":null,"road":null,"city":null,"region":"Metro Manila","country":"PH","netid":"D2:9B:A5:39:A4:7F","name":null,"type":"ad-hoc","comment":null,"wep":"N","channel":3,"bcninterval":0,"freenet":"Y","dhcp":"?","paynet":"?","userfound":false,"encryption":"none"},{"trilat":14.6463270199999993081974025699310004711151123046875,"trilong":121.059989930000000413201632909476757049560546875,"ssid":"Zara","qos":5,"transid":"20130621-00000","firsttime":"2013-05-22T21:00:00.000Z","lasttime":"2015-08-12T07:00:00.000Z","lastupdt":"2015-08-12T07:00:00.000Z","housenumber":null,"road":null,"city":null,"region":"Metro Manila","country":"PH","netid":"00:0F:66:39:89:DC","name":null,"type":"infra","comment":null,"wep":"W","channel":6,"bcninterval":0,"freenet":"?","dhcp":"?","paynet":"?","userfound":false,"encryption":"wpa"},{"trilat":14.64682484000000073365299613215029239654541015625,"trilong":121.05996704000000363521394319832324981689453125,"ssid":"K u r T","qos":0,"transid":"20140212-00000","firsttime":"2014-02-07T23:00:00.000Z","lasttime":"2014-02-13T15:00:00.000Z","lastupdt":"2015-07-26T00:00:00.000Z","housenumber":null,"road":null,"city":null,"region":null,"country":null,"netid":"D0:22:BE:47:DA:12","name":null,"type":"infra","comment":null,"wep":"2","channel":6,"bcninterval":0,"freenet":"?","dhcp":"?","paynet":"?","userfound":false,"encryption":"wpa2"},{"trilat":14.646936419999999401397872134111821651458740234375,"trilong":121.060554499999994959580362774431705474853515625,"ssid":"chucky84","qos":0,"transid":"20150120-00000","firsttime":"2015-01-10T18:00:00.000Z","lasttime":"2015-01-21T20:00:00.000Z","lastupdt":"2015-07-26T00:00:00.000Z","housenumber":null,"road":null,"city":null,"region":null,"country":null,"netid":"98:6C:F5:42:75:2E","name":null,"type":"infra","comment":null,"wep":"2","channel":11,"bcninterval":0,"freenet":"?","dhcp":"?","paynet":"?","userfound":false,"encryption":"wpa2"},{"trilat":14.6461191199999998246994437067769467830657958984375,"trilong":121.057601930000004131215973757207393646240234375,"ssid":"PLDTMyDSL_Taylor","qos":1,"transid":"20131030-00000","firsttime":"2013-10-18T21:00:00.000Z","lasttime":"2013-10-30T05:00:00.000Z","lastupdt":"2013-10-30T03:00:00.000Z","housenumber":null,"road":null,"city":null,"region":"Metro Manila","country":"PH","netid":"00:07:26:28:BE:ED","name":null,"type":"infra","comment":null,"wep":"2","channel":11,"bcninterval":0,"freenet":"?","dhcp":"?","paynet":"?","userfound":false,"encryption":"wpa2"},{"trilat":14.646492959999999783349267090670764446258544921875,"trilong":121.0613326999999941335772746242582798004150390625,"ssid":"PLDTMyDSL","qos":6,"transid":"20130206-00000","firsttime":"2013-02-07T07:00:00.000Z","lasttime":"2017-07-29T13:00:00.000Z","lastupdt":"2017-07-29T13:00:00.000Z","housenumber":"","road":"Masinsinan","city":"","region":"","country":"PH","netid":"00:07:26:28:C8:66","name":null,"type":"infra","comment":null,"wep":"2","channel":11,"bcninterval":0,"freenet":"?","dhcp":"?","paynet":"?","userfound":false,"encryption":"wpa2"},{"trilat":14.64713191999999963854861562140285968780517578125,"trilong":121.06106567000000495681888423860073089599609375,"ssid":"wifi","qos":0,"transid":"20170507-00000","firsttime":"2017-05-06T19:00:00.000Z","lasttime":"2017-05-07T05:00:00.000Z","lastupdt":"2017-05-07T05:00:00.000Z","housenumber":null,"road":null,"city":null,"region":null,"country":null,"netid":"98:E7:F5:45:67:68","name":null,"type":"infra","comment":null,"wep":"2","channel":8,"bcninterval":0,"freenet":"?","dhcp":"?","paynet":"?","userfound":false,"encryption":"wpa2"},{"trilat":14.646656990000000320151229971088469028472900390625,"trilong":121.05841827000000421321601606905460357666015625,"ssid":"HUAWEI-E5330-9A31","qos":0,"transid":"20150808-00000","firsttime":"2015-08-07T22:00:00.000Z","lasttime":"2015-08-08T09:00:00.000Z","lastupdt":"2015-08-08T09:00:00.000Z","housenumber":null,"road":null,"city":null,"region":null,"country":null,"netid":"C4:07:2F:D7:9A:31","name":null,"type":"infra","comment":null,"wep":"2","channel":3,"bcninterval":0,"freenet":"?","dhcp":"?","paynet":"?","userfound":false,"encryption":"wpa2"},{"trilat":14.6470718400000006198524715728126466274261474609375,"trilong":121.0575561499999963643858791328966617584228515625,"ssid":"4G Lite","qos":1,"transid":"20150216-00000","firsttime":"2015-02-10T21:00:00.000Z","lasttime":"2017-06-09T05:00:00.000Z","lastupdt":"2017-06-09T05:00:00.000Z","housenumber":null,"road":null,"city":null,"region":null,"country":null,"netid":"9C:A9:E4:9A:E3:BF","name":null,"type":"infra","comment":null,"wep":"2","channel":11,"bcninterval":0,"freenet":"?","dhcp":"?","paynet":"?","userfound":false,"encryption":"wpa2"},{"trilat":14.6465997699999999070996636874042451381683349609375,"trilong":121.0594940200000024788096197880804538726806640625,"ssid":"Tisoy","qos":0,"transid":"20160907-00000","firsttime":"2016-09-03T21:00:00.000Z","lasttime":"2016-09-07T19:00:00.000Z","lastupdt":"2016-09-07T19:00:00.000Z","housenumber":null,"road":null,"city":null,"region":null,"country":null,"netid":"9C:A9:E4:05:5D:4E","name":null,"type":"infra","comment":null,"wep":"2","channel":11,"bcninterval":0,"freenet":"?","dhcp":"?","paynet":"?","userfound":false,"encryption":"wpa2"},{"trilat":14.646603580000000732752596377395093441009521484375,"trilong":121.0583801300000033052128856070339679718017578125,"ssid":"alpha male","qos":0,"transid":"20150216-00000","firsttime":"2015-02-10T21:00:00.000Z","lasttime":"2015-02-16T06:00:00.000Z","lastupdt":"2015-07-26T00:00:00.000Z","housenumber":null,"road":null,"city":null,"region":null,"country":null,"netid":"9C:A9:E4:CD:18:8F","name":null,"type":"infra","comment":null,"wep":"2","channel":11,"bcninterval":0,"freenet":"?","dhcp":"?","paynet":"?","userfound":false,"encryption":"wpa2"},{"trilat":14.646310809999999236197254504077136516571044921875,"trilong":121.058860780000003387613105587661266326904296875,"ssid":null,"qos":2,"transid":"20140805-00000","firsttime":"2014-08-05T19:00:00.000Z","lasttime":"2014-10-13T17:00:00.000Z","lastupdt":"2015-07-26T00:00:00.000Z","housenumber":null,"road":null,"city":null,"region":null,"country":null,"netid":"98:FC:11:C7:C3:38","name":null,"type":"infra","comment":null,"wep":"W","channel":9,"bcninterval":0,"freenet":"?","dhcp":"?","paynet":"?","userfound":false,"encryption":"wpa"},{"trilat":14.6461191199999998246994437067769467830657958984375,"trilong":121.0598983800000070232272264547646045684814453125,"ssid":"Mantol","qos":0,"transid":"20170609-00000","firsttime":"2017-06-03T18:00:00.000Z","lasttime":"2017-06-09T05:00:00.000Z","lastupdt":"2017-06-09T05:00:00.000Z","housenumber":null,"road":null,"city":null,"region":null,"country":null,"netid":"A0:8D:16:CC:3D:E0","name":null,"type":"infra","comment":null,"wep":"2","channel":1,"bcninterval":0,"freenet":"?","dhcp":"?","paynet":"?","userfound":false,"encryption":"wpa2"},{"trilat":14.64557457000000084690327639691531658172607421875,"trilong":121.060951230000000578002072870731353759765625,"ssid":"VAD Studio","qos":0,"transid":"20150726-00000","firsttime":"2015-02-25T20:00:00.000Z","lasttime":"2015-07-26T00:00:00.000Z","lastupdt":"2015-07-26T00:00:00.000Z","housenumber":null,"road":null,"city":null,"region":null,"country":null,"netid":"A2:EC:80:F3:58:A8","name":null,"type":"infra","comment":null,"wep":"2","channel":3,"bcninterval":0,"freenet":"?","dhcp":"?","paynet":"?","userfound":false,"encryption":"wpa2"},{"trilat":14.645890239999999948850017972290515899658203125,"trilong":121.0583725000000043792169890366494655609130859375,"ssid":"legazpi","qos":0,"transid":"20150216-00000","firsttime":"2015-02-09T17:00:00.000Z","lasttime":"2015-02-16T06:00:00.000Z","lastupdt":"2015-07-26T00:00:00.000Z","housenumber":null,"road":null,"city":null,"region":null,"country":null,"netid":"A2:EC:80:F3:7D:89","name":null,"type":"infra","comment":null,"wep":"2","channel":11,"bcninterval":0,"freenet":"?","dhcp":"?","paynet":"?","userfound":false,"encryption":"wpa2"},{"trilat":14.646764759999999938600012683309614658355712890625,"trilong":121.060699459999995042380760423839092254638671875,"ssid":"ESETEK- NESTOR","qos":0,"transid":"20141013-00000","firsttime":"2014-10-10T19:00:00.000Z","lasttime":"2014-10-13T17:00:00.000Z","lastupdt":"2015-07-26T00:00:00.000Z","housenumber":null,"road":null,"city":null,"region":null,"country":null,"netid":"A2:EC:80:F3:B0:3D","name":null,"type":"infra","comment":null,"wep":"2","channel":9,"bcninterval":0,"freenet":"?","dhcp":"?","paynet":"?","userfound":false,"encryption":"wpa2"},{"trilat":14.6460380600000004136518327868543565273284912109375,"trilong":121.0603637699999950427809380926191806793212890625,"ssid":"Mitsubishi Wireless TV 564","qos":0,"transid":"20170715-00000","firsttime":"2017-07-15T16:00:00.000Z","lasttime":"2017-07-15T01:00:00.000Z","lastupdt":"2017-07-15T01:00:00.000Z","housenumber":"","road":"Maginhawa","city":"","region":"","country":"PH","netid":"CC:79:CF:F2:ED:9A","name":null,"type":"infra","comment":null,"wep":"?","channel":36,"bcninterval":0,"freenet":"?","dhcp":"?","paynet":"?","userfound":false,"encryption":"unknown"},{"trilat":14.6461238900000001450507625122554600238800048828125,"trilong":121.0599365199999937203756417147815227508544921875,"ssid":"SMART-BRO-917C","qos":1,"transid":"20150216-00000","firsttime":"2015-02-09T17:00:00.000Z","lasttime":"2015-08-08T09:00:00.000Z","lastupdt":"2015-08-08T09:00:00.000Z","housenumber":null,"road":null,"city":null,"region":null,"country":null,"netid":"CC:A2:23:D7:91:7C","name":null,"type":"infra","comment":null,"wep":"2","channel":1,"bcninterval":0,"freenet":"?","dhcp":"?","paynet":"?","userfound":false,"encryption":"wpa2"},{"trilat":14.645433430000000640802682028152048587799072265625,"trilong":121.060974119999997355989762581884860992431640625,"ssid":"ARLA","qos":0,"transid":"20140922-00000","firsttime":"2014-09-22T20:00:00.000Z","lasttime":"2014-09-22T08:00:00.000Z","lastupdt":"2015-07-26T00:00:00.000Z","housenumber":null,"road":null,"city":null,"region":null,"country":null,"netid":"D4:6E:5C:86:A7:0E","name":null,"type":"infra","comment":null,"wep":"2","channel":6,"bcninterval":0,"freenet":"?","dhcp":"?","paynet":"?","userfound":false,"encryption":"wpa2"},{"trilat":14.646820070000000413301677326671779155731201171875,"trilong":121.060409550000002809611032716929912567138671875,"ssid":"Android73","qos":0,"transid":"20160907-00000","firsttime":"2016-09-03T21:00:00.000Z","lasttime":"2016-09-07T19:00:00.000Z","lastupdt":"2016-09-07T19:00:00.000Z","housenumber":null,"road":null,"city":null,"region":null,"country":null,"netid":"D4:87:D8:1C:C1:84","name":null,"type":"infra","comment":null,"wep":"2","channel":6,"bcninterval":0,"freenet":"?","dhcp":"?","paynet":"?","userfound":false,"encryption":"wpa2"},{"trilat":14.646521570000000878053469932638108730316162109375,"trilong":121.060829159999997273189364932477474212646484375,"ssid":"HUAWEI-E5220-c3ee","qos":0,"transid":"20140813-00000","firsttime":"2014-08-09T16:00:00.000Z","lasttime":"2014-08-13T05:00:00.000Z","lastupdt":"2015-07-26T00:00:00.000Z","housenumber":null,"road":null,"city":null,"region":null,"country":null,"netid":"D4:6E:5C:34:C3:EE","name":null,"type":"infra","comment":null,"wep":"2","channel":6,"bcninterval":0,"freenet":"?","dhcp":"?","paynet":"?","userfound":false,"encryption":"wpa2"},{"trilat":14.646766660000000825903043732978403568267822265625,"trilong":121.0575256300000006604022928513586521148681640625,"ssid":"Queenie","qos":0,"transid":"20150726-00000","firsttime":"2014-09-06T14:00:00.000Z","lasttime":"2015-07-26T00:00:00.000Z","lastupdt":"2015-07-26T00:00:00.000Z","housenumber":null,"road":null,"city":null,"region":null,"country":null,"netid":"D4:6E:5C:34:CA:33","name":null,"type":"infra","comment":null,"wep":"2","channel":6,"bcninterval":0,"freenet":"?","dhcp":"?","paynet":"?","userfound":false,"encryption":"wpa2"},{"trilat":14.646683689999999700148691772483289241790771484375,"trilong":121.0603027300000036348137655295431613922119140625,"ssid":"Romans831","qos":0,"transid":"20150812-00000","firsttime":"2015-08-12T21:00:00.000Z","lasttime":"2015-08-12T07:00:00.000Z","lastupdt":"2015-08-12T07:00:00.000Z","housenumber":null,"road":null,"city":null,"region":null,"country":null,"netid":"D4:6E:5C:E6:E2:E3","name":null,"type":"infra","comment":null,"wep":"2","channel":11,"bcninterval":0,"freenet":"?","dhcp":"?","paynet":"?","userfound":false,"encryption":"wpa2"},{"trilat":14.646820070000000413301677326671779155731201171875,"trilong":121.061088560000001734806573949754238128662109375,"ssid":"HUAWEI-E3E5","qos":0,"transid":"20170715-00000","firsttime":"2017-07-15T16:00:00.000Z","lasttime":"2017-07-15T01:00:00.000Z","lastupdt":"2017-07-15T01:00:00.000Z","housenumber":"60","road":"Magiting","city":"","region":"","country":"PH","netid":"D0:FF:98:DB:E3:E5","name":null,"type":"infra","comment":null,"wep":"2","channel":4,"bcninterval":0,"freenet":"?","dhcp":"?","paynet":"?","userfound":false,"encryption":"wpa2"},{"trilat":14.646358490000000784903022577054798603057861328125,"trilong":121.0589446999999978515916154719889163970947265625,"ssid":"scan","qos":0,"transid":"20170303-00000","firsttime":"2017-03-03T20:00:00.000Z","lasttime":"2017-03-03T07:00:00.000Z","lastupdt":"2017-03-03T07:00:00.000Z","housenumber":null,"road":null,"city":null,"region":null,"country":null,"netid":"D2:5B:A8:32:A2:7C","name":null,"type":"infra","comment":null,"wep":"2","channel":7,"bcninterval":0,"freenet":"?","dhcp":"?","paynet":"?","userfound":false,"encryption":"wpa2"},{"trilat":14.6445884700000004130515662836842238903045654296875,"trilong":121.0610504200000008268034434877336025238037109375,"ssid":"Forte Coffeehouse","qos":5,"transid":"20130209-00000","firsttime":"2013-02-09T20:00:00.000Z","lasttime":"2013-10-30T05:00:00.000Z","lastupdt":"2013-10-30T03:00:00.000Z","housenumber":null,"road":null,"city":null,"region":"Metro Manila","country":"PH","netid":"C0:C1:C0:CD:82:6E","name":null,"type":"infra","comment":null,"wep":"2","channel":11,"bcninterval":0,"freenet":"?","dhcp":"?","paynet":"?","userfound":false,"encryption":"wpa2"},{"trilat":14.6464586299999997009990693186409771442413330078125,"trilong":121.0587921099999988427953212521970272064208984375,"ssid":"nineeleven","qos":0,"transid":"20160907-00000","firsttime":"2016-09-03T21:00:00.000Z","lasttime":"2016-09-07T19:00:00.000Z","lastupdt":"2016-09-07T19:00:00.000Z","housenumber":null,"road":null,"city":null,"region":null,"country":null,"netid":"D2:5B:A8:97:4D:70","name":null,"type":"infra","comment":null,"wep":"2","channel":6,"bcninterval":0,"freenet":"?","dhcp":"?","paynet":"?","userfound":false,"encryption":"wpa2"},{"trilat":14.6468524900000005573019734583795070648193359375,"trilong":121.0604476900000037176141631789505481719970703125,"ssid":"Hack_me_if_u_can","qos":0,"transid":"20170404-00000","firsttime":"2017-03-31T19:00:00.000Z","lasttime":"2017-04-04T04:00:00.000Z","lastupdt":"2017-04-04T04:00:00.000Z","housenumber":null,"road":null,"city":null,"region":null,"country":null,"netid":"D2:5B:A8:B0:3F:66","name":null,"type":"infra","comment":null,"wep":"2","channel":1,"bcninterval":0,"freenet":"?","dhcp":"?","paynet":"?","userfound":false,"encryption":"wpa2"},{"trilat":14.646257399999999648798620910383760929107666015625,"trilong":121.0610504200000008268034434877336025238037109375,"ssid":"LAWPD","qos":3,"transid":"20160227-00000","firsttime":"2016-01-29T18:00:00.000Z","lasttime":"2017-07-29T13:00:00.000Z","lastupdt":"2017-07-29T13:00:00.000Z","housenumber":"","road":"Masinsinan","city":"","region":"","country":"PH","netid":"C0:56:27:90:C5:57","name":null,"type":"infra","comment":null,"wep":"2","channel":10,"bcninterval":0,"freenet":"?","dhcp":"?","paynet":"?","userfound":false,"encryption":"wpa2"}]}