{"success":true,"totalResults":2103,"search_after":40673780,"first":1,"last":100,"resultCount":100,"results":[{"trilat":14.646779060000000072250259108841419219970703125,"trilong":121.0594863900000035528137232176959514617919921875,"ssid":"Lemlunay - The Wifi Tree","qos":5,"transid":"20130621-00000","firsttime":"2013-05-09T18:00:00.000Z","lasttime":"2013-11-10T08:00:00.000Z","lastupdt":"2013-11-10T06:00:00.000Z","housenumber":null,"road":null,"city":null,"region":"Metro Manila","country":"PH","netid":"78:F5:FD:DD:43:03","name":null,"type":"infra","comment":null,"wep":"W","channel":6,"bcninterval":0,"freenet":"?","dhcp":"?","paynet":"?","userfound":false,"encryption":"wpa"},{"trilat":14.6442613599999997830991560476832091808319091796875,"trilong":121.061119079999997438790160231292247772216796875,"ssid":"dyabot","qos":0,"transid":"20131110-00000","firsttime":"2013-11-09T18:00:00.000Z","lasttime":"2013-11-10T08:00:00.000Z","lastupdt":"2013-11-10T06:00:00.000Z","housenumber":null,"road":null,"city":null,"region":"Metro Manila","country":"PH","netid":"78:F5:FD:E3:D7:AC","name":null,"type":"infra","comment":null,"wep":"2","channel":6,"bcninterval":0,"freenet":"?","dhcp":"?","paynet":"?","userfound":false,"encryption":"wpa2"},{"trilat":14.6466178899999999174497133935801684856414794921875,"trilong":121.0591964700000033872129279188811779022216796875,"ssid":"PSI WIFI","qos":0,"transid":"20130621-00000","firsttime":"2013-06-11T21:00:00.000Z","lasttime":"2013-06-21T06:00:00.000Z","lastupdt":"2013-06-21T04:00:00.000Z","housenumber":null,"road":null,"city":null,"region":"Metro Manila","country":"PH","netid":"78:F5:FD:F0:D7:EF","name":null,"type":"infra","comment":null,"wep":"2","channel":1,"bcninterval":0,"freenet":"?","dhcp":"?","paynet":"?","userfound":false,"encryption":"wpa2"},{"trilat":14.6471538500000004745515980175696313381195068359375,"trilong":121.0588149999999956207830109633505344390869140625,"ssid":"Charmaine Ida Agbayani","qos":0,"transid":"20150726-00000","firsttime":"2015-02-27T18:00:00.000Z","lasttime":"2015-07-26T00:00:00.000Z","lastupdt":"2015-07-26T00:00:00.000Z","housenumber":null,"road":null,"city":null,"region":null,"country":null,"netid":"76:9F:13:51:36:78","name":null,"type":"infra","comment":null,"wep":"2","channel":11,"bcninterval":0,"freenet":"?","dhcp":"?","paynet":"?","userfound":false,"encryption":"wpa2"},{"trilat":14.6433382000000005263018465484492480754852294921875,"trilong":121.0592346199999980171924107708036899566650390625,"ssid":"Piper","qos":0,"transid":"20140212-00000","firsttime":"2014-02-10T18:00:00.000Z","lasttime":"2015-07-26T00:00:00.000Z","lastupdt":"2015-07-26T00:00:00.000Z","housenumber":null,"road":null,"city":null,"region":null,"country":null,"netid":"88:E3:AB:0F:F7:1C","name":null,"type":"infra","comment":null,"wep":"2","channel":6,"bcninterval":0,"freenet":"?","dhcp":"?","paynet":"?","userfound":false,"encryption":"wpa2"},{"trilat":14.6467933699999992569473761250264942646026611328125,"trilong":121.0582656899999989263960742391645908355712890625,"ssid":"WirelessA","qos":5,"transid":"20140224-00000","firsttime":"2014-02-22T20:00:00.000Z","lasttime":"2015-09-16T09:00:00.000Z","lastupdt":"2015-09-16T09:00:00.000Z","housenumber":null,"road":null,"city":null,"region":null,"country":null,"netid":"78:44:76:38:41:B5","name":null,"type":"infra","comment":null,"wep":"2","channel":11,"bcninterval":0,"freenet":"?","dhcp":"?","paynet":"?","userfound":false,"encryption":"wpa2"},{"trilat":14.6465606699999995043981471098959445953369140625,"trilong":121.05860900999999785199179314076900482177734375,"ssid":"Candice Be Love","qos":0,"transid":"20130621-00000","firsttime":"2013-06-11T21:00:00.000Z","lasttime":"2013-06-21T06:00:00.000Z","lastupdt":"2013-06-21T04:00:00.000Z","housenumber":null,"road":null,"city":null,"region":"Metro Manila","country":"PH","netid":"64:77:91:49:26:AC","name":null,"type":"infra","comment":null,"wep":"W","channel":6,"bcninterval":0,"freenet":"?","dhcp":"?","paynet":"?","userfound":false,"encryption":"wpa"},{"trilat":14.646800989999999131896402104757726192474365234375,"trilong":121.0600662199999959511842462234199047088623046875,"ssid":"AndroidAP","qos":0,"transid":"20150120-00000","firsttime":"2015-01-11T20:00:00.000Z","lasttime":"2015-01-21T20:00:00.000Z","lastupdt":"2015-07-26T00:00:00.000Z","housenumber":null,"road":null,"city":null,"region":null,"country":null,"netid":"64:B8:53:4D:2D:AB","name":null,"type":"infra","comment":null,"wep":"2","channel":6,"bcninterval":0,"freenet":"?","dhcp":"?","paynet":"?","userfound":false,"encryption":"wpa2"},{"trilat":14.6453771600000006714026312693022191524505615234375,"trilong":121.0607452400000028092108550481498241424560546875,"ssid":"HUAWEI-E5330-B34F","qos":0,"transid":"20170609-00000","firsttime":"2017-06-03T18:00:00.000Z","lasttime":"2017-06-09T05:00:00.000Z","lastupdt":"2017-06-09T05:00:00.000Z","housenumber":null,"road":null,"city":null,"region":null,"country":null,"netid":"58:1F:28:92:B3:4F","name":null,"type":"infra","comment":null,"wep":"2","channel":2,"bcninterval":0,"freenet":"?","dhcp":"?","paynet":"?","userfound":false,"encryption":"wpa2"},{"trilat":14.646593089999999648398443241603672504425048828125,"trilong":121.0586700399999955379826133139431476593017578125,"ssid":"PNRBRUZPJ","qos":0,"transid":"20150216-00000","firsttime":"2015-02-13T11:00:00.000Z","lasttime":"2015-02-16T06:00:00.000Z","lastupdt":"2015-07-26T00:00:00.000Z","housenumber":null,"road":null,"city":null,"region":null,"country":null,"netid":"68:7F:74:AA:34:9E","name":null,"type":"infra","comment":null,"wep":"W","channel":6,"bcninterval":0,"freenet":"?","dhcp":"?","paynet":"?","userfound":false,"encryption":"wpa"},{"trilat":14.64628028999999997949998942203819751739501953125,"trilong":121.0596466100000014876059140078723430633544921875,"ssid":"DMDigs","qos":0,"transid":"20170715-00000","firsttime":"2017-07-15T16:00:00.000Z","lasttime":"2017-07-15T01:00:00.000Z","lastupdt":"2017-07-15T01:00:00.000Z","housenumber":"","road":"Maginhawa","city":"","region":"","country":"PH","netid":"98:E7:F5:A3:8F:7D","name":null,"type":"infra","comment":null,"wep":"2","channel":4,"bcninterval":0,"freenet":"?","dhcp":"?","paynet":"?","userfound":false,"encryption":"wpa2"},{"trilat":14.6462640799999999074998413561843335628509521484375,"trilong":121.0613098099999973555895849131047725677490234375,"ssid":"HUAWEI-E5220-2c62","qos":2,"transid":"20140813-00000","firsttime":"2014-08-09T16:00:00.000Z","lasttime":"2014-08-17T06:00:00.000Z","lastupdt":"2015-07-26T00:00:00.000Z","housenumber":null,"road":null,"city":null,"region":null,"country":null,"netid":"50:9F:27:96:2C:62","name":null,"type":"infra","comment":null,"wep":"2","channel":6,"bcninterval":0,"freenet":"?","dhcp":"?","paynet":"?","userfound":false,"encryption":"wpa2"},{"trilat":14.6468181600000004749517756863497197628021240234375,"trilong":121.059814450000004626417648978531360626220703125,"ssid":"HUAWEI-E5220-cac7","qos":4,"transid":"20141013-00000","firsttime":"2014-10-10T19:00:00.000Z","lasttime":"2015-07-26T00:00:00.000Z","lastupdt":"2015-07-26T00:00:00.000Z","housenumber":null,"road":null,"city":null,"region":null,"country":null,"netid":"50:9F:27:30:CA:C7","name":null,"type":"infra","comment":null,"wep":"2","channel":6,"bcninterval":0,"freenet":"?","dhcp":"?","paynet":"?","userfound":false,"encryption":"wpa2"},{"trilat":14.6472063099999996182987160864286124706268310546875,"trilong":121.0572586100000052056202548556029796600341796875,"ssid":"werdna","qos":0,"transid":"20131030-00000","firsttime":"2013-10-21T20:00:00.000Z","lasttime":"2013-10-30T05:00:00.000Z","lastupdt":"2013-10-30T03:00:00.000Z","housenumber":null,"road":null,"city":null,"region":"Metro Manila","country":"PH","netid":"50:9F:27:0C:7D:AA","name":null,"type":"infra","comment":null,"wep":"2","channel":6,"bcninterval":0,"freenet":"?","dhcp":"?","paynet":"?","userfound":false,"encryption":"wpa2"},{"trilat":14.647218699999999813599060871638357639312744140625,"trilong":121.061111449999998512794263660907745361328125,"ssid":"CRESTMARK","qos":0,"transid":"20150216-00000","firsttime":"2015-02-13T11:00:00.000Z","lasttime":"2015-02-16T06:00:00.000Z","lastupdt":"2015-07-26T00:00:00.000Z","housenumber":null,"road":null,"city":null,"region":null,"country":null,"netid":"50:9F:27:0D:9A:4C","name":null,"type":"infra","comment":null,"wep":"2","channel":6,"bcninterval":0,"freenet":"?","dhcp":"?","paynet":"?","userfound":false,"encryption":"wpa2"},{"trilat":14.6469249700000005987021722830832004547119140625,"trilong":121.0574111899999962815854814834892749786376953125,"ssid":"metalminded","qos":0,"transid":"20150726-00000","firsttime":"2014-09-06T14:00:00.000Z","lasttime":"2015-07-26T00:00:00.000Z","lastupdt":"2015-07-26T00:00:00.000Z","housenumber":null,"road":null,"city":null,"region":null,"country":null,"netid":"50:9F:27:DA:04:AE","name":null,"type":"infra","comment":null,"wep":"2","channel":6,"bcninterval":0,"freenet":"?","dhcp":"?","paynet":"?","userfound":false,"encryption":"wpa2"},{"trilat":14.646773339999999308247424778528511524200439453125,"trilong":121.0610199000000051228198572061955928802490234375,"ssid":"HUAWEI-E5220-cbc1","qos":0,"transid":"20150726-00000","firsttime":"2015-07-11T18:00:00.000Z","lasttime":"2015-07-26T00:00:00.000Z","lastupdt":"2015-07-26T00:00:00.000Z","housenumber":null,"road":null,"city":null,"region":null,"country":null,"netid":"50:9F:27:DA:CB:C1","name":null,"type":"infra","comment":null,"wep":"2","channel":6,"bcninterval":0,"freenet":"?","dhcp":"?","paynet":"?","userfound":false,"encryption":"wpa2"},{"trilat":14.6471471799999992668972481624223291873931884765625,"trilong":121.060813899999999421197571791708469390869140625,"ssid":"BZcV-RFJPSURaTWluaUQ","qos":0,"transid":"20170311-00000","firsttime":"2017-03-10T19:00:00.000Z","lasttime":"2017-03-11T06:00:00.000Z","lastupdt":"2017-03-11T06:00:00.000Z","housenumber":null,"road":null,"city":null,"region":null,"country":null,"netid":"56:EF:92:E1:3F:31","name":null,"type":"infra","comment":null,"wep":"Y","channel":1,"bcninterval":0,"freenet":"?","dhcp":"?","paynet":"?","userfound":false,"encryption":"wep"},{"trilat":14.6456947300000006606524038943462073802947998046875,"trilong":121.0608825700000039660153561271727085113525390625,"ssid":"BLrs-cmVhbWFyaWV0ZWxwbzE","qos":0,"transid":"20161206-00000","firsttime":"2016-12-04T20:00:00.000Z","lasttime":"2016-12-06T07:00:00.000Z","lastupdt":"2016-12-06T07:00:00.000Z","housenumber":null,"road":null,"city":null,"region":null,"country":null,"netid":"58:48:22:51:AB:FB","name":null,"type":"infra","comment":null,"wep":"Y","channel":1,"bcninterval":0,"freenet":"?","dhcp":"?","paynet":"?","userfound":false,"encryption":"wep"},{"trilat":14.64278316000000046415152610279619693756103515625,"trilong":121.058906559999996943588485009968280792236328125,"ssid":"40a871","qos":0,"transid":"20130309-00000","firsttime":"2013-03-09T20:00:00.000Z","lasttime":"2013-03-11T16:00:00.000Z","lastupdt":"2013-03-11T14:00:00.000Z","housenumber":null,"road":null,"city":null,"region":"Metro Manila","country":"PH","netid":"70:54:D2:1E:74:C8","name":null,"type":"infra","comment":null,"wep":"2","channel":1,"bcninterval":0,"freenet":"?","dhcp":"?","paynet":"?","userfound":false,"encryption":"wpa2"},{"trilat":14.64708805000000069185261963866651058197021484375,"trilong":121.061264039999997521590557880699634552001953125,"ssid":"Gerhald","qos":0,"transid":"20150812-00000","firsttime":"2015-08-11T17:00:00.000Z","lasttime":"2015-08-12T07:00:00.000Z","lastupdt":"2015-08-12T07:00:00.000Z","housenumber":null,"road":null,"city":null,"region":null,"country":null,"netid":"58:1F:28:C2:E2:01","name":null,"type":"infra","comment":null,"wep":"2","channel":1,"bcninterval":0,"freenet":"?","dhcp":"?","paynet":"?","userfound":false,"encryption":"wpa2"},{"trilat":14.6427726699999993797973729670047760009765625,"trilong":121.0590744000000000824002199806272983551025390625,"ssid":"Malware","qos":0,"transid":"20130309-00000","firsttime":"2013-03-09T20:00:00.000Z","lasttime":"2013-03-11T16:00:00.000Z","lastupdt":"2013-03-11T14:00:00.000Z","housenumber":null,"road":null,"city":null,"region":"Metro Manila","country":"PH","netid":"58:6D:8F:2C:2B:08","name":null,"type":"infra","comment":null,"wep":"2","channel":6,"bcninterval":0,"freenet":"?","dhcp":"?","paynet":"?","userfound":false,"encryption":"wpa2"},{"trilat":14.6467781099999996285987435840070247650146484375,"trilong":121.061058040000006030822987668216228485107421875,"ssid":"CrystalBus408","qos":0,"transid":"20130309-00000","firsttime":"2013-03-09T20:00:00.000Z","lasttime":"2013-03-11T16:00:00.000Z","lastupdt":"2013-03-11T14:00:00.000Z","housenumber":null,"road":null,"city":null,"region":"Metro Manila","country":"PH","netid":"64:16:F0:F1:03:9E","name":null,"type":"infra","comment":null,"wep":"W","channel":1,"bcninterval":0,"freenet":"?","dhcp":"?","paynet":"?","userfound":false,"encryption":"wpa"},{"trilat":14.6465911900000005374522515921853482723236083984375,"trilong":121.0608215299999983471934683620929718017578125,"ssid":"BIG TUNA","qos":1,"transid":"20150216-00000","firsttime":"2015-02-09T18:00:00.000Z","lasttime":"2015-08-08T09:00:00.000Z","lastupdt":"2015-08-08T09:00:00.000Z","housenumber":null,"road":null,"city":null,"region":null,"country":null,"netid":"3E:E6:2B:45:7B:92","name":null,"type":"infra","comment":null,"wep":"2","channel":1,"bcninterval":0,"freenet":"?","dhcp":"?","paynet":"?","userfound":false,"encryption":"wpa2"},{"trilat":14.6427926999999993284973243135027587413787841796875,"trilong":121.0589828500000066924258135259151458740234375,"ssid":"PLDTMyDSLWiFi","qos":1,"transid":"20130309-00000","firsttime":"2013-03-09T20:00:00.000Z","lasttime":"2016-12-06T07:00:00.000Z","lastupdt":"2016-12-06T07:00:00.000Z","housenumber":null,"road":null,"city":null,"region":"Metro Manila","country":"PH","netid":"40:4A:03:7C:61:27","name":null,"type":"infra","comment":null,"wep":"Y","channel":11,"bcninterval":0,"freenet":"?","dhcp":"?","paynet":"?","userfound":false,"encryption":"wep"},{"trilat":14.6466779700000007125026968424208462238311767578125,"trilong":121.0580902100000031396120903082191944122314453125,"ssid":"joymar","qos":0,"transid":"20140224-00000","firsttime":"2014-02-22T20:00:00.000Z","lasttime":"2014-02-25T02:00:00.000Z","lastupdt":"2015-07-26T00:00:00.000Z","housenumber":null,"road":null,"city":null,"region":null,"country":null,"netid":"3C:DF:BD:C2:B1:1A","name":null,"type":"infra","comment":null,"wep":"2","channel":1,"bcninterval":0,"freenet":"?","dhcp":"?","paynet":"?","userfound":false,"encryption":"wpa2"},{"trilat":14.6469802900000001244507075170986354351043701171875,"trilong":121.06122589000000289161107502877712249755859375,"ssid":"HUAWEI-E5220-b275","qos":5,"transid":"20140508-00000","firsttime":"2014-05-01T21:00:00.000Z","lasttime":"2016-06-26T09:00:00.000Z","lastupdt":"2016-06-26T09:00:00.000Z","housenumber":null,"road":null,"city":null,"region":null,"country":null,"netid":"3C:DF:BD:C3:B2:75","name":null,"type":"infra","comment":null,"wep":"2","channel":3,"bcninterval":0,"freenet":"?","dhcp":"?","paynet":"?","userfound":false,"encryption":"wpa2"},{"trilat":14.6451044100000000725003701518289744853973388671875,"trilong":121.0609817499999962819856591522693634033203125,"ssid":"Emily Anne's iPhone","qos":0,"transid":"20170729-00000","firsttime":"2017-07-16T19:00:00.000Z","lasttime":"2017-07-29T13:00:00.000Z","lastupdt":"2017-07-29T13:00:00.000Z","housenumber":"","road":"Maginhawa","city":"","region":"","country":"PH","netid":"6A:DB:CA:02:AB:93","name":null,"type":"infra","comment":null,"wep":"2","channel":6,"bcninterval":0,"freenet":"?","dhcp":"?","paynet":"?","userfound":false,"encryption":"wpa2"},{"trilat":14.646700859999999266847225953824818134307861328125,"trilong":121.05873871000000008280039764940738677978515625,"ssid":"HUAWEI-F98C","qos":0,"transid":"20170404-00000","firsttime":"2017-03-31T19:00:00.000Z","lasttime":"2017-04-04T04:00:00.000Z","lastupdt":"2017-04-04T04:00:00.000Z","housenumber":null,"road":null,"city":null,"region":null,"country":null,"netid":"5C:A8:6A:81:F9:8C","name":null,"type":"infra","comment":null,"wep":"2","channel":7,"bcninterval":0,"freenet":"?","dhcp":"?","paynet":"?","userfound":false,"encryption":"wpa2"},{"trilat":14.6469116199999991323466019821353256702423095703125,"trilong":121.0590972899999968603879096917808055877685546875,"ssid":null,"qos":1,"transid":"20150726-00000","firsttime":"2015-02-25T20:00:00.000Z","lasttime":"2015-07-26T00:00:00.000Z","lastupdt":"2015-07-26T00:00:00.000Z","housenumber":null,"road":null,"city":null,"region":null,"country":null,"netid":"98:6C:F5:42:73:7A","name":null,"type":"infra","comment":null,"wep":"?","channel":11,"bcninterval":0,"freenet":"?","dhcp":"?","paynet":"?","userfound":false,"encryption":"unknown"},{"trilat":14.646882059999999370347723015584051609039306640625,"trilong":121.05860900999999785199179314076900482177734375,"ssid":"wallsum2","qos":0,"transid":"20150726-00000","firsttime":"2015-02-25T20:00:00.000Z","lasttime":"2015-07-26T00:00:00.000Z","lastupdt":"2015-09-16T09:00:00.000Z","housenumber":null,"road":null,"city":null,"region":null,"country":null,"netid":"98:6C:F5:42:73:7B","name":null,"type":"infra","comment":null,"wep":"2","channel":6,"bcninterval":0,"freenet":"?","dhcp":"?","paynet":"?","userfound":false,"encryption":"wpa2"},{"trilat":14.6470165300000001451508069294504821300506591796875,"trilong":121.057586670000006279224180616438388824462890625,"ssid":"MAE?","qos":0,"transid":"20140813-00000","firsttime":"2014-08-07T14:00:00.000Z","lasttime":"2014-08-13T05:00:00.000Z","lastupdt":"2015-07-26T00:00:00.000Z","housenumber":null,"road":null,"city":null,"region":null,"country":null,"netid":"9C:3A:AF:CB:E2:08","name":null,"type":"infra","comment":null,"wep":"2","channel":6,"bcninterval":0,"freenet":"?","dhcp":"?","paynet":"?","userfound":false,"encryption":"wpa2"},{"trilat":14.644283290000000619102138443849980831146240234375,"trilong":121.061203000000006113623385317623615264892578125,"ssid":"uFi_E0986C","qos":2,"transid":"20131110-00000","firsttime":"2013-11-09T18:00:00.000Z","lasttime":"2013-11-30T20:00:00.000Z","lastupdt":"2013-11-30T18:00:00.000Z","housenumber":null,"road":null,"city":null,"region":"Metro Manila","country":"PH","netid":"F2:84:C9:E0:98:6C","name":null,"type":"infra","comment":null,"wep":"2","channel":1,"bcninterval":0,"freenet":"?","dhcp":"?","paynet":"?","userfound":false,"encryption":"wpa2"},{"trilat":14.646918299999999391047822427935898303985595703125,"trilong":121.0600662199999959511842462234199047088623046875,"ssid":"chekwa0217","qos":0,"transid":"20150120-00000","firsttime":"2015-01-10T18:00:00.000Z","lasttime":"2015-01-21T20:00:00.000Z","lastupdt":"2015-07-26T00:00:00.000Z","housenumber":null,"road":null,"city":null,"region":null,"country":null,"netid":"9C:65:B0:2C:15:ED","name":null,"type":"infra","comment":null,"wep":"2","channel":6,"bcninterval":0,"freenet":"?","dhcp":"?","paynet":"?","userfound":false,"encryption":"wpa2"},{"trilat":14.6467275600000004232015271554701030254364013671875,"trilong":121.0582046499999933075741864740848541259765625,"ssid":"Guest","qos":1,"transid":"20130810-00000","firsttime":"2013-08-07T21:00:00.000Z","lasttime":"2013-08-31T17:00:00.000Z","lastupdt":"2013-08-31T15:00:00.000Z","housenumber":null,"road":null,"city":null,"region":"Metro Manila","country":"PH","netid":"3A:37:37:44:80:9E","name":null,"type":"infra","comment":null,"wep":"2","channel":6,"bcninterval":0,"freenet":"?","dhcp":"?","paynet":"?","userfound":false,"encryption":"wpa2"},{"trilat":14.643687249999999266947270371019840240478515625,"trilong":121.0610427900000019008075469173491001129150390625,"ssid":"FREE WIFI","qos":1,"transid":"20161206-00000","firsttime":"2016-12-04T20:00:00.000Z","lasttime":"2017-09-29T18:00:00.000Z","lastupdt":"2017-09-29T18:00:00.000Z","housenumber":"","road":"Matimtiman","city":"","region":"","country":"PH","netid":"54:22:F8:F0:C6:DC","name":null,"type":"infra","comment":null,"wep":"W","channel":1,"bcninterval":0,"freenet":"Y","dhcp":"?","paynet":"?","userfound":false,"encryption":"wpa"},{"trilat":14.646751399999999421197571791708469390869140625,"trilong":121.0607986499999952911821310408413410186767578125,"ssid":"bayanDSL","qos":1,"transid":"20140212-00000","firsttime":"2014-02-07T19:00:00.000Z","lasttime":"2014-05-09T05:00:00.000Z","lastupdt":"2015-07-26T00:00:00.000Z","housenumber":null,"road":null,"city":null,"region":null,"country":null,"netid":"54:22:F8:F1:37:C8","name":null,"type":"infra","comment":null,"wep":"W","channel":1,"bcninterval":0,"freenet":"?","dhcp":"?","paynet":"?","userfound":false,"encryption":"wpa"},{"trilat":14.6464366899999998139492163318209350109100341796875,"trilong":121.0590667700000011564043234102427959442138671875,"ssid":"AndroidAP3242","qos":0,"transid":"20130424-00000","firsttime":"2013-04-23T13:00:00.000Z","lasttime":"2013-04-24T23:00:00.000Z","lastupdt":"2013-04-24T21:00:00.000Z","housenumber":null,"road":null,"city":null,"region":"Metro Manila","country":"PH","netid":"64:77:91:4C:95:81","name":null,"type":"infra","comment":null,"wep":"2","channel":6,"bcninterval":0,"freenet":"?","dhcp":"?","paynet":"?","userfound":false,"encryption":"wpa2"},{"trilat":14.646838190000000423651727032847702503204345703125,"trilong":121.0600433299999991731965565122663974761962890625,"ssid":"Arvin Jude?s iPhone","qos":0,"transid":"20170404-00000","firsttime":"2017-03-31T19:00:00.000Z","lasttime":"2017-04-04T04:00:00.000Z","lastupdt":"2017-04-04T04:00:00.000Z","housenumber":null,"road":null,"city":null,"region":null,"country":null,"netid":"F2:C5:F3:84:2E:17","name":null,"type":"infra","comment":null,"wep":"2","channel":6,"bcninterval":0,"freenet":"?","dhcp":"?","paynet":"?","userfound":false,"encryption":"wpa2"},{"trilat":14.643040660000000485752025269903242588043212890625,"trilong":121.0579910299999966127870720811188220977783203125,"ssid":"BXU","qos":0,"transid":"20130309-00000","firsttime":"2013-03-09T20:00:00.000Z","lasttime":"2013-03-11T16:00:00.000Z","lastupdt":"2013-03-11T14:00:00.000Z","housenumber":null,"road":null,"city":null,"region":"Metro Manila","country":"PH","netid":"98:FC:11:C8:34:76","name":null,"type":"infra","comment":null,"wep":"W","channel":9,"bcninterval":0,"freenet":"?","dhcp":"?","paynet":"?","userfound":false,"encryption":"wpa"},{"trilat":14.6460084899999998242492438293993473052978515625,"trilong":121.0604553200000026436100597493350505828857421875,"ssid":"Paulgaz10","qos":0,"transid":"20170729-00000","firsttime":"2017-07-16T19:00:00.000Z","lasttime":"2017-07-29T13:00:00.000Z","lastupdt":"2017-07-29T13:00:00.000Z","housenumber":"","road":"Maginhawa","city":"","region":"","country":"PH","netid":"4E:66:41:41:95:55","name":null,"type":"infra","comment":null,"wep":"2","channel":11,"bcninterval":0,"freenet":"?","dhcp":"?","paynet":"?","userfound":false,"encryption":"wpa2"},{"trilat":14.6459560399999997315489963511936366558074951171875,"trilong":121.06025696000000380081473849713802337646484375,"ssid":"bayanDSLWiFi_1994","qos":0,"transid":"20161209-00000","firsttime":"2016-12-09T22:00:00.000Z","lasttime":"2017-06-09T05:00:00.000Z","lastupdt":"2017-06-09T05:00:00.000Z","housenumber":null,"road":null,"city":null,"region":null,"country":null,"netid":"4C:CB:F5:2A:ED:60","name":null,"type":"infra","comment":null,"wep":"2","channel":6,"bcninterval":0,"freenet":"?","dhcp":"?","paynet":"?","userfound":false,"encryption":"wpa2"},{"trilat":14.6434154500000008880533641786314547061920166015625,"trilong":121.0572509800000062796243582852184772491455078125,"ssid":"PLDTMyDSL","qos":1,"transid":"20150726-00000","firsttime":"2015-02-28T19:00:00.000Z","lasttime":"2015-07-26T00:00:00.000Z","lastupdt":"2015-07-26T00:00:00.000Z","housenumber":null,"road":null,"city":null,"region":null,"country":null,"netid":"FC:8B:97:35:3D:5C","name":null,"type":"infra","comment":null,"wep":"2","channel":11,"bcninterval":0,"freenet":"?","dhcp":"?","paynet":"?","userfound":false,"encryption":"wpa2"},{"trilat":14.6466312399999996074484442942775785923004150390625,"trilong":121.0586700399999955379826133139431476593017578125,"ssid":"04201976","qos":0,"transid":"20150808-00000","firsttime":"2015-08-07T17:00:00.000Z","lasttime":"2015-08-08T09:00:00.000Z","lastupdt":"2015-08-08T09:00:00.000Z","housenumber":null,"road":null,"city":null,"region":null,"country":null,"netid":"50:9F:27:0C:3C:0B","name":null,"type":"infra","comment":null,"wep":"2","channel":6,"bcninterval":0,"freenet":"?","dhcp":"?","paynet":"?","userfound":false,"encryption":"wpa2"},{"trilat":14.6469135300000008470533430227078497409820556640625,"trilong":121.0583572400000065272251958958804607391357421875,"ssid":"PLDTMyDSLanonuevo","qos":0,"transid":"20150726-00000","firsttime":"2015-02-28T19:00:00.000Z","lasttime":"2015-07-26T00:00:00.000Z","lastupdt":"2015-07-26T00:00:00.000Z","housenumber":null,"road":null,"city":null,"region":null,"country":null,"netid":"FC:8B:97:EC:1F:30","name":null,"type":"infra","comment":null,"wep":"2","channel":11,"bcninterval":0,"freenet":"?","dhcp":"?","paynet":"?","userfound":false,"encryption":"wpa2"},{"trilat":14.6468763400000003827017280855216085910797119140625,"trilong":121.059829710000002478409442119300365447998046875,"ssid":"scottrider","qos":0,"transid":"20140901-00000","firsttime":"2014-08-30T15:00:00.000Z","lasttime":"2014-09-01T12:00:00.000Z","lastupdt":"2015-07-26T00:00:00.000Z","housenumber":null,"road":null,"city":null,"region":null,"country":null,"netid":"FC:92:3B:D1:9E:86","name":null,"type":"infra","comment":null,"wep":"2","channel":6,"bcninterval":0,"freenet":"?","dhcp":"?","paynet":"?","userfound":false,"encryption":"wpa2"},{"trilat":14.6471443200000006612526703975163400173187255859375,"trilong":121.057632449999999835199560038745403289794921875,"ssid":"spazzio","qos":5,"transid":"20130309-00000","firsttime":"2013-03-09T20:00:00.000Z","lasttime":"2013-08-15T12:00:00.000Z","lastupdt":"2013-08-15T10:00:00.000Z","housenumber":null,"road":null,"city":null,"region":"Metro Manila","country":"PH","netid":"FC:75:16:E7:79:D2","name":null,"type":"infra","comment":null,"wep":"2","channel":2,"bcninterval":0,"freenet":"?","dhcp":"?","paynet":"?","userfound":false,"encryption":"wpa2"},{"trilat":14.64698600999999911209670244716107845306396484375,"trilong":121.0577239999999932251739664934575557708740234375,"ssid":"Samsung","qos":0,"transid":"20150410-00000","firsttime":"2015-04-10T14:00:00.000Z","lasttime":"2017-06-09T05:00:00.000Z","lastupdt":"2017-06-09T05:00:00.000Z","housenumber":null,"road":null,"city":null,"region":null,"country":null,"netid":"50:9F:27:08:68:90","name":null,"type":"infra","comment":null,"wep":"2","channel":1,"bcninterval":0,"freenet":"?","dhcp":"?","paynet":"?","userfound":false,"encryption":"wpa2"},{"trilat":14.64642525000000006230038707144558429718017578125,"trilong":121.0591049199999957863838062621653079986572265625,"ssid":"myd","qos":0,"transid":"20150120-00000","firsttime":"2015-01-11T19:00:00.000Z","lasttime":"2015-01-21T20:00:00.000Z","lastupdt":"2015-07-26T00:00:00.000Z","housenumber":null,"road":null,"city":null,"region":null,"country":null,"netid":"50:9F:27:44:93:D3","name":null,"type":"infra","comment":null,"wep":"2","channel":6,"bcninterval":0,"freenet":"?","dhcp":"?","paynet":"?","userfound":false,"encryption":"wpa2"},{"trilat":14.6467495000000003102513801422901451587677001953125,"trilong":121.0595931999999947947799228131771087646484375,"ssid":"Kathniel","qos":0,"transid":"20130924-00000","firsttime":"2013-09-22T15:00:00.000Z","lasttime":"2013-09-24T19:00:00.000Z","lastupdt":"2013-09-24T17:00:00.000Z","housenumber":null,"road":null,"city":null,"region":"Metro Manila","country":"PH","netid":"50:9F:27:47:2E:7F","name":null,"type":"infra","comment":null,"wep":"W","channel":6,"bcninterval":0,"freenet":"?","dhcp":"?","paynet":"?","userfound":false,"encryption":"wpa"},{"trilat":14.6468133900000001546004568808712065219879150390625,"trilong":121.0603103600000025608096620999276638031005859375,"ssid":"HUAWEI-E5220-41ba","qos":0,"transid":"20150726-00000","firsttime":"2015-02-27T19:00:00.000Z","lasttime":"2015-07-26T00:00:00.000Z","lastupdt":"2015-07-26T00:00:00.000Z","housenumber":null,"road":null,"city":null,"region":null,"country":null,"netid":"50:9F:27:48:41:BA","name":null,"type":"infra","comment":null,"wep":"2","channel":11,"bcninterval":0,"freenet":"?","dhcp":"?","paynet":"?","userfound":false,"encryption":"wpa2"},{"trilat":14.646628379999999225447027129121124744415283203125,"trilong":121.0602951000000047088178689591586589813232421875,"ssid":"RootiePatootie","qos":0,"transid":"20150216-00000","firsttime":"2015-02-10T21:00:00.000Z","lasttime":"2015-02-16T06:00:00.000Z","lastupdt":"2015-07-26T00:00:00.000Z","housenumber":null,"road":null,"city":null,"region":null,"country":null,"netid":"84:38:38:A7:69:B5","name":null,"type":"infra","comment":null,"wep":"2","channel":6,"bcninterval":0,"freenet":"?","dhcp":"?","paynet":"?","userfound":false,"encryption":"wpa2"},{"trilat":14.6454038600000000514000930706970393657684326171875,"trilong":121.0608749400000050400194595567882061004638671875,"ssid":"Babydoll ;)","qos":1,"transid":"20130317-00000","firsttime":"2013-03-17T21:00:00.000Z","lasttime":"2014-08-17T06:00:00.000Z","lastupdt":"2015-07-26T00:00:00.000Z","housenumber":null,"road":null,"city":null,"region":"Metro Manila","country":"PH","netid":"FC:C8:97:68:D6:E1","name":null,"type":"infra","comment":null,"wep":"W","channel":1,"bcninterval":0,"freenet":"?","dhcp":"?","paynet":"?","userfound":false,"encryption":"wpa"},{"trilat":14.6455354700000004442017598194070160388946533203125,"trilong":121.0608673100000061140235629864037036895751953125,"ssid":"bayanDSL","qos":5,"transid":"20130222-00000","firsttime":"2013-02-22T22:00:00.000Z","lasttime":"2013-10-30T05:00:00.000Z","lastupdt":"2013-10-30T03:00:00.000Z","housenumber":null,"road":null,"city":null,"region":"Metro Manila","country":"PH","netid":"FC:C8:97:68:DC:87","name":null,"type":"infra","comment":null,"wep":"W","channel":11,"bcninterval":0,"freenet":"?","dhcp":"?","paynet":"?","userfound":false,"encryption":"wpa"},{"trilat":14.6465883300000001554508344270288944244384765625,"trilong":121.058425900000003139211912639439105987548828125,"ssid":"SKYbroadband7B92","qos":0,"transid":"20160604-00000","firsttime":"2016-05-27T19:00:00.000Z","lasttime":"2016-06-04T16:00:00.000Z","lastupdt":"2016-06-04T16:00:00.000Z","housenumber":null,"road":null,"city":null,"region":null,"country":null,"netid":"FC:B4:E6:82:41:8F","name":null,"type":"infra","comment":null,"wep":"2","channel":1,"bcninterval":0,"freenet":"?","dhcp":"?","paynet":"?","userfound":false,"encryption":"wpa2"},{"trilat":14.64606189999999941164787742309272289276123046875,"trilong":121.0611724900000041316161514259874820709228515625,"ssid":"IP WIFIxv","qos":0,"transid":"20160227-00000","firsttime":"2016-02-27T20:00:00.000Z","lasttime":"2016-02-27T07:00:00.000Z","lastupdt":"2016-02-27T07:00:00.000Z","housenumber":null,"road":null,"city":null,"region":null,"country":null,"netid":"58:7F:66:37:75:5E","name":null,"type":"infra","comment":null,"wep":"2","channel":4,"bcninterval":0,"freenet":"?","dhcp":"?","paynet":"?","userfound":false,"encryption":"wpa2"},{"trilat":14.64606380000000029895090847276151180267333984375,"trilong":121.061248779999999669598764739930629730224609375,"ssid":"Ronaldino","qos":0,"transid":"20160227-00000","firsttime":"2016-02-27T20:00:00.000Z","lasttime":"2016-02-27T07:00:00.000Z","lastupdt":"2016-02-27T07:00:00.000Z","housenumber":null,"road":null,"city":null,"region":null,"country":null,"netid":"66:9A:BE:05:BC:1D","name":null,"type":"infra","comment":null,"wep":"2","channel":6,"bcninterval":0,"freenet":"?","dhcp":"?","paynet":"?","userfound":false,"encryption":"wpa2"},{"trilat":14.646748540000000815552994026802480220794677734375,"trilong":121.0581054700000009916038834489881992340087890625,"ssid":"OrangeSegment2","qos":1,"transid":"20170609-00000","firsttime":"2017-06-03T18:00:00.000Z","lasttime":"2017-07-29T13:00:00.000Z","lastupdt":"2017-07-29T13:00:00.000Z","housenumber":"82","road":"Maginhawa","city":"","region":"","country":"PH","netid":"84:16:F9:4C:AB:D6","name":null,"type":"infra","comment":null,"wep":"2","channel":149,"bcninterval":0,"freenet":"?","dhcp":"?","paynet":"Y","userfound":false,"encryption":"wpa2"},{"trilat":14.64661502999999953544829622842371463775634765625,"trilong":121.0580749500000052876202971674501895904541015625,"ssid":"Munays","qos":0,"transid":"20170303-00000","firsttime":"2017-03-03T20:00:00.000Z","lasttime":"2017-03-03T07:00:00.000Z","lastupdt":"2017-03-03T07:00:00.000Z","housenumber":null,"road":null,"city":null,"region":null,"country":null,"netid":"84:1B:5E:76:29:70","name":null,"type":"infra","comment":null,"wep":"2","channel":6,"bcninterval":0,"freenet":"?","dhcp":"?","paynet":"?","userfound":false,"encryption":"wpa2"},{"trilat":14.6464548099999998242992660379968583583831787109375,"trilong":121.05915833000000247920979745686054229736328125,"ssid":"HUAWEI-E5330-DB3C","qos":0,"transid":"20160604-00000","firsttime":"2016-05-27T19:00:00.000Z","lasttime":"2016-06-04T16:00:00.000Z","lastupdt":"2016-06-04T16:00:00.000Z","housenumber":null,"road":null,"city":null,"region":null,"country":null,"netid":"F4:9F:F3:C7:DB:3C","name":null,"type":"infra","comment":null,"wep":"2","channel":8,"bcninterval":0,"freenet":"?","dhcp":"?","paynet":"?","userfound":false,"encryption":"wpa2"},{"trilat":14.64679718000000008260030881501734256744384765625,"trilong":121.059425349999997933991835452616214752197265625,"ssid":"Celtics","qos":0,"transid":"20130810-00000","firsttime":"2013-08-07T21:00:00.000Z","lasttime":"2013-08-10T02:00:00.000Z","lastupdt":"2013-08-10T00:00:00.000Z","housenumber":null,"road":null,"city":null,"region":"Metro Manila","country":"PH","netid":"F4:C7:14:8B:1C:52","name":null,"type":"infra","comment":null,"wep":"Y","channel":1,"bcninterval":0,"freenet":"?","dhcp":"?","paynet":"?","userfound":false,"encryption":"wep"},{"trilat":14.6461324699999995146981746074743568897247314453125,"trilong":121.060844419999995125181158073246479034423828125,"ssid":"bayanDSL","qos":5,"transid":"20140805-00000","firsttime":"2014-08-05T19:00:00.000Z","lasttime":"2014-09-22T08:00:00.000Z","lastupdt":"2015-07-26T00:00:00.000Z","housenumber":null,"road":null,"city":null,"region":null,"country":null,"netid":"54:22:F8:F1:01:9C","name":null,"type":"infra","comment":null,"wep":"W","channel":1,"bcninterval":0,"freenet":"?","dhcp":"?","paynet":"?","userfound":false,"encryption":"wpa"},{"trilat":14.6461429600000005990523277432657778263092041015625,"trilong":121.0611801099999951247809804044663906097412109375,"ssid":"bayanDSL","qos":0,"transid":"20130924-00000","firsttime":"2013-09-22T19:00:00.000Z","lasttime":"2013-09-24T19:00:00.000Z","lastupdt":"2013-09-24T17:00:00.000Z","housenumber":null,"road":null,"city":null,"region":"Metro Manila","country":"PH","netid":"54:22:F8:F1:75:D4","name":null,"type":"infra","comment":null,"wep":"W","channel":10,"bcninterval":0,"freenet":"?","dhcp":"?","paynet":"?","userfound":false,"encryption":"wpa"},{"trilat":14.645088200000000000500222085975110530853271484375,"trilong":121.06099700999999413397745229303836822509765625,"ssid":"Chair Salon","qos":5,"transid":"20131110-00000","firsttime":"2013-11-09T18:00:00.000Z","lasttime":"2015-07-26T00:00:00.000Z","lastupdt":"2015-07-26T00:00:00.000Z","housenumber":null,"road":null,"city":null,"region":"Metro Manila","country":"PH","netid":"54:22:F8:F1:7A:4C","name":null,"type":"infra","comment":null,"wep":"W","channel":11,"bcninterval":0,"freenet":"?","dhcp":"?","paynet":"?","userfound":false,"encryption":"wpa"},{"trilat":14.6467390099999992258972270064987242221832275390625,"trilong":121.0592041000000023132088244892656803131103515625,"ssid":"FueI-bmVyZHBsdXNwZXJ2","qos":0,"transid":"20170404-00000","firsttime":"2017-03-31T19:00:00.000Z","lasttime":"2017-04-04T04:00:00.000Z","lastupdt":"2017-04-04T04:00:00.000Z","housenumber":null,"road":null,"city":null,"region":null,"country":null,"netid":"88:9B:39:F5:B0:C5","name":null,"type":"infra","comment":null,"wep":"?","channel":6,"bcninterval":0,"freenet":"?","dhcp":"?","paynet":"?","userfound":false,"encryption":"unknown"},{"trilat":14.642718320000000176150933839380741119384765625,"trilong":121.061119079999997438790160231292247772216796875,"ssid":"WiFi@Bayan","qos":1,"transid":"20161206-00000","firsttime":"2016-12-04T20:00:00.000Z","lasttime":"2017-09-29T18:00:00.000Z","lastupdt":"2017-09-29T18:00:00.000Z","housenumber":"","road":"Maginhawa","city":"","region":"","country":"PH","netid":"F4:CF:E2:32:DB:01","name":null,"type":"infra","comment":null,"wep":"2","channel":6,"bcninterval":0,"freenet":"?","dhcp":"?","paynet":"?","userfound":false,"encryption":"wpa2"},{"trilat":14.6467351899999993491974237258546054363250732421875,"trilong":121.058166499999998677594703622162342071533203125,"ssid":"OS NET ADMIN","qos":3,"transid":"20170303-00000","firsttime":"2017-03-03T20:00:00.000Z","lasttime":"2017-07-29T13:00:00.000Z","lastupdt":"2017-07-29T13:00:00.000Z","housenumber":"","road":"Maginhawa","city":"","region":"","country":"PH","netid":"F4:F2:6D:94:56:13","name":null,"type":"infra","comment":null,"wep":"2","channel":36,"bcninterval":0,"freenet":"?","dhcp":"?","paynet":"?","userfound":false,"encryption":"wpa2"},{"trilat":14.644721029999999473147909156978130340576171875,"trilong":121.0602111799999960339846438728272914886474609375,"ssid":"Elevation","qos":5,"transid":"20150120-00000","firsttime":"2001-01-01T08:00:00.000Z","lasttime":"2015-08-12T07:00:00.000Z","lastupdt":"2015-08-12T07:00:00.000Z","housenumber":null,"road":null,"city":null,"region":null,"country":null,"netid":"6E:5F:1C:3D:39:E8","name":null,"type":"infra","comment":null,"wep":"2","channel":1,"bcninterval":0,"freenet":"?","dhcp":"?","paynet":"?","userfound":false,"encryption":"wpa2"},{"trilat":14.646567340000000712052496965043246746063232421875,"trilong":121.0586242699999957039835862815380096435546875,"ssid":"BLX1-TmVicmU","qos":0,"transid":"20170303-00000","firsttime":"2017-03-03T19:00:00.000Z","lasttime":"2017-03-03T04:00:00.000Z","lastupdt":"2017-03-03T04:00:00.000Z","housenumber":null,"road":null,"city":null,"region":null,"country":null,"netid":"62:FE:1E:67:24:E9","name":null,"type":"infra","comment":null,"wep":"Y","channel":11,"bcninterval":0,"freenet":"?","dhcp":"?","paynet":"?","userfound":false,"encryption":"wep"},{"trilat":14.6464862799999995246480466448701918125152587890625,"trilong":121.05876922999999578678398393094539642333984375,"ssid":"AndroidAP","qos":0,"transid":"20150120-00000","firsttime":"2015-01-11T20:00:00.000Z","lasttime":"2015-01-21T20:00:00.000Z","lastupdt":"2015-07-26T00:00:00.000Z","housenumber":null,"road":null,"city":null,"region":null,"country":null,"netid":"64:09:80:C9:FC:FF","name":null,"type":"infra","comment":null,"wep":"2","channel":6,"bcninterval":0,"freenet":"?","dhcp":"?","paynet":"?","userfound":false,"encryption":"wpa2"},{"trilat":14.642678260000000278751031146384775638580322265625,"trilong":121.057228089999995290781953372061252593994140625,"ssid":"5d910c","qos":0,"transid":"20161206-00000","firsttime":"2016-12-04T20:00:00.000Z","lasttime":"2016-12-06T07:00:00.000Z","lastupdt":"2016-12-06T07:00:00.000Z","housenumber":null,"road":null,"city":null,"region":null,"country":null,"netid":"54:BE:F7:40:70:05","name":null,"type":"infra","comment":null,"wep":"2","channel":1,"bcninterval":0,"freenet":"?","dhcp":"?","paynet":"?","userfound":false,"encryption":"wpa2"},{"trilat":14.6461057700000001347007128060795366764068603515625,"trilong":121.05983734000000140440533868968486785888671875,"ssid":"dv1kis","qos":5,"transid":"20130309-00000","firsttime":"2013-03-09T20:00:00.000Z","lasttime":"2013-07-22T10:00:00.000Z","lastupdt":"2013-07-22T08:00:00.000Z","housenumber":null,"road":null,"city":null,"region":"Metro Manila","country":"PH","netid":"54:9B:12:57:87:D4","name":null,"type":"infra","comment":null,"wep":"2","channel":6,"bcninterval":0,"freenet":"?","dhcp":"?","paynet":"?","userfound":false,"encryption":"wpa2"},{"trilat":14.6468296099999992776474755373783409595489501953125,"trilong":121.06083678999999619918526150286197662353515625,"ssid":"Bayad ka wifi mo","qos":0,"transid":"20160604-00000","firsttime":"2016-05-27T19:00:00.000Z","lasttime":"2016-06-04T16:00:00.000Z","lastupdt":"2016-06-04T16:00:00.000Z","housenumber":null,"road":null,"city":null,"region":null,"country":null,"netid":"8E:79:67:82:B5:13","name":null,"type":"infra","comment":null,"wep":"2","channel":8,"bcninterval":0,"freenet":"?","dhcp":"?","paynet":"?","userfound":false,"encryption":"wpa2"},{"trilat":14.6461391400000007223525244626216590404510498046875,"trilong":121.0605239899999929775731288827955722808837890625,"ssid":"ZTE-MF65M-FE33","qos":0,"transid":"20170729-00000","firsttime":"2017-07-16T19:00:00.000Z","lasttime":"2017-07-29T13:00:00.000Z","lastupdt":"2017-07-29T13:00:00.000Z","housenumber":"","road":"Maginhawa","city":"","region":"","country":"PH","netid":"8E:79:67:98:FE:33","name":null,"type":"infra","comment":null,"wep":"2","channel":1,"bcninterval":0,"freenet":"?","dhcp":"?","paynet":"?","userfound":false,"encryption":"wpa2"},{"trilat":14.646806720000000723302946425974369049072265625,"trilong":121.0593872099999970259887049905955791473388671875,"ssid":"Smart Bro_71C3E4","qos":0,"transid":"20160907-00000","firsttime":"2016-09-03T21:00:00.000Z","lasttime":"2016-09-07T19:00:00.000Z","lastupdt":"2016-09-07T19:00:00.000Z","housenumber":null,"road":null,"city":null,"region":null,"country":null,"netid":"8E:79:67:71:C3:E4","name":null,"type":"infra","comment":null,"wep":"Y","channel":1,"bcninterval":0,"freenet":"?","dhcp":"?","paynet":"?","userfound":false,"encryption":"wep"},{"trilat":14.6469297399999991426966516883112490177154541015625,"trilong":121.057456970000004048415576107800006866455078125,"ssid":"Oreto?s iPhone","qos":2,"transid":"20170820-00000","firsttime":"2001-01-01T08:00:00.000Z","lasttime":"2017-09-03T01:00:00.000Z","lastupdt":"2017-09-03T01:00:00.000Z","housenumber":"74","road":"Maginhawa","city":"","region":"","country":"PH","netid":"FE:E9:98:BC:4A:7C","name":null,"type":"infra","comment":null,"wep":"2","channel":1,"bcninterval":0,"freenet":"?","dhcp":"?","paynet":"?","userfound":false,"encryption":"wpa2"},{"trilat":14.6465005900000004857020030613057315349578857421875,"trilong":121.0591049199999957863838062621653079986572265625,"ssid":"ROLEXFEL","qos":0,"transid":"20170729-00000","firsttime":"2017-07-16T19:00:00.000Z","lasttime":"2017-07-29T13:00:00.000Z","lastupdt":"2017-07-29T13:00:00.000Z","housenumber":"","road":"Magiting","city":"","region":"","country":"PH","netid":"5C:F2:86:23:D0:F9","name":null,"type":"infra","comment":null,"wep":"2","channel":7,"bcninterval":0,"freenet":"?","dhcp":"?","paynet":"?","userfound":false,"encryption":"wpa2"},{"trilat":14.6470537200000006095024218666367232799530029296875,"trilong":121.0578231799999997519989847205579280853271484375,"ssid":null,"qos":0,"transid":"20170729-00000","firsttime":"2017-07-16T19:00:00.000Z","lasttime":"2017-07-29T13:00:00.000Z","lastupdt":"2017-07-29T13:00:00.000Z","housenumber":"","road":"Maginhawa","city":"","region":"","country":"PH","netid":"5C:F2:86:25:02:DB","name":null,"type":"infra","comment":null,"wep":"2","channel":6,"bcninterval":0,"freenet":"?","dhcp":"?","paynet":"?","userfound":false,"encryption":"wpa2"},{"trilat":14.6466980000000006612026481889188289642333984375,"trilong":121.0583953900000011572046787478029727935791015625,"ssid":"SmartBro","qos":0,"transid":"20170729-00000","firsttime":"2017-07-16T19:00:00.000Z","lasttime":"2017-07-29T13:00:00.000Z","lastupdt":"2017-07-29T13:00:00.000Z","housenumber":"85","road":"Maginhawa","city":"","region":"","country":"PH","netid":"5C:F2:86:25:66:6B","name":null,"type":"infra","comment":null,"wep":"2","channel":6,"bcninterval":0,"freenet":"?","dhcp":"?","paynet":"?","userfound":false,"encryption":"wpa2"},{"trilat":14.6468810999999998756493369000963866710662841796875,"trilong":121.0579986599999955387829686515033245086669921875,"ssid":"bunny","qos":0,"transid":"20170303-00000","firsttime":"2017-03-03T20:00:00.000Z","lasttime":"2017-03-03T07:00:00.000Z","lastupdt":"2017-03-03T07:00:00.000Z","housenumber":null,"road":null,"city":null,"region":null,"country":null,"netid":"5C:F2:86:25:73:7A","name":null,"type":"infra","comment":null,"wep":"2","channel":9,"bcninterval":0,"freenet":"?","dhcp":"?","paynet":"?","userfound":false,"encryption":"wpa2"},{"trilat":14.646358490000000784903022577054798603057861328125,"trilong":121.0589446999999978515916154719889163970947265625,"ssid":"deepdream","qos":0,"transid":"20170303-00000","firsttime":"2017-03-03T20:00:00.000Z","lasttime":"2017-03-03T07:00:00.000Z","lastupdt":"2017-03-03T07:00:00.000Z","housenumber":null,"road":null,"city":null,"region":null,"country":null,"netid":"5C:F2:86:25:C6:25","name":null,"type":"infra","comment":null,"wep":"2","channel":7,"bcninterval":0,"freenet":"?","dhcp":"?","paynet":"?","userfound":false,"encryption":"wpa2"},{"trilat":14.644989009999999751698851468972861766815185546875,"trilong":121.0610351600000029748116503469645977020263671875,"ssid":"Globe_LTE MIFI_93CE","qos":0,"transid":"20170729-00000","firsttime":"2017-07-16T19:00:00.000Z","lasttime":"2017-07-29T13:00:00.000Z","lastupdt":"2017-07-29T13:00:00.000Z","housenumber":"","road":"Maginhawa","city":"","region":"","country":"PH","netid":"5C:F2:86:26:93:CE","name":null,"type":"infra","comment":null,"wep":"2","channel":7,"bcninterval":0,"freenet":"?","dhcp":"?","paynet":"?","userfound":false,"encryption":"wpa2"},{"trilat":14.6467781099999996285987435840070247650146484375,"trilong":121.0600585899999970251883496530354022979736328125,"ssid":"ad4b84","qos":5,"transid":"20150120-00000","firsttime":"2015-01-11T20:00:00.000Z","lasttime":"2017-04-04T04:00:00.000Z","lastupdt":"2017-04-04T04:00:00.000Z","housenumber":null,"road":null,"city":null,"region":null,"country":null,"netid":"60:02:92:4C:E7:1D","name":null,"type":"infra","comment":null,"wep":"2","channel":1,"bcninterval":0,"freenet":"?","dhcp":"?","paynet":"?","userfound":false,"encryption":"wpa2"},{"trilat":14.646111489999999122346707736141979694366455078125,"trilong":121.0576705900000007432026905007660388946533203125,"ssid":"Judah","qos":0,"transid":"20131030-00000","firsttime":"2013-10-19T20:00:00.000Z","lasttime":"2013-10-30T05:00:00.000Z","lastupdt":"2013-10-30T03:00:00.000Z","housenumber":null,"road":null,"city":null,"region":"Metro Manila","country":"PH","netid":"88:53:D4:E6:96:1E","name":null,"type":"infra","comment":null,"wep":"2","channel":11,"bcninterval":0,"freenet":"?","dhcp":"?","paynet":"?","userfound":false,"encryption":"wpa2"},{"trilat":14.6455612199999993805477060959674417972564697265625,"trilong":121.0596237200000047096182242967188358306884765625,"ssid":"leftyrighty","qos":5,"transid":"20130222-00000","firsttime":"2013-02-22T21:00:00.000Z","lasttime":"2013-10-30T05:00:00.000Z","lastupdt":"2013-10-30T03:00:00.000Z","housenumber":null,"road":null,"city":null,"region":"Metro Manila","country":"PH","netid":"88:53:D4:E7:22:8E","name":null,"type":"infra","comment":null,"wep":"Y","channel":6,"bcninterval":0,"freenet":"?","dhcp":"?","paynet":"?","userfound":false,"encryption":"wep"},{"trilat":14.6463098499999997414988683885894715785980224609375,"trilong":121.0579986599999955387829686515033245086669921875,"ssid":"a86fec","qos":0,"transid":"20150726-00000","firsttime":"2015-02-28T19:00:00.000Z","lasttime":"2015-07-26T00:00:00.000Z","lastupdt":"2015-07-26T00:00:00.000Z","housenumber":null,"road":null,"city":null,"region":null,"country":null,"netid":"60:02:92:3E:F4:0F","name":null,"type":"infra","comment":null,"wep":"2","channel":11,"bcninterval":0,"freenet":"?","dhcp":"?","paynet":"?","userfound":false,"encryption":"wpa2"},{"trilat":14.6461601300000001657508619246073067188262939453125,"trilong":121.0609054600000007440030458383262157440185546875,"ssid":"SIEG DE SOLEIL","qos":0,"transid":"20140813-00000","firsttime":"2014-08-09T16:00:00.000Z","lasttime":"2014-08-13T05:00:00.000Z","lastupdt":"2015-07-26T00:00:00.000Z","housenumber":null,"road":null,"city":null,"region":null,"country":null,"netid":"92:5F:2E:2D:4B:6A","name":null,"type":"infra","comment":null,"wep":"2","channel":1,"bcninterval":0,"freenet":"?","dhcp":"?","paynet":"?","userfound":false,"encryption":"wpa2"},{"trilat":14.6468896900000000727004589862190186977386474609375,"trilong":121.0595169099999992567973094992339611053466796875,"ssid":"ONE TOUCH INSPIRE 2","qos":0,"transid":"20160907-00000","firsttime":"2016-09-03T21:00:00.000Z","lasttime":"2016-09-07T19:00:00.000Z","lastupdt":"2016-09-07T19:00:00.000Z","housenumber":null,"road":null,"city":null,"region":null,"country":null,"netid":"92:5F:2E:DC:0E:71","name":null,"type":"infra","comment":null,"wep":"?","channel":1,"bcninterval":0,"freenet":"?","dhcp":"?","paynet":"?","userfound":false,"encryption":"unknown"},{"trilat":14.6467781099999996285987435840070247650146484375,"trilong":121.0579833999999976867911755107343196868896484375,"ssid":"AMWSLAI Pension Team","qos":0,"transid":"20150726-00000","firsttime":"2015-02-27T19:00:00.000Z","lasttime":"2015-07-26T00:00:00.000Z","lastupdt":"2015-07-26T00:00:00.000Z","housenumber":null,"road":null,"city":null,"region":null,"country":null,"netid":"92:4E:2B:C7:59:EA","name":null,"type":"infra","comment":null,"wep":"2","channel":2,"bcninterval":0,"freenet":"?","dhcp":"?","paynet":"?","userfound":false,"encryption":"wpa2"},{"trilat":14.6438445999999995450480128056369721889495849609375,"trilong":121.0610427900000019008075469173491001129150390625,"ssid":"Virus alert","qos":0,"transid":"20131030-00000","firsttime":"2013-10-21T17:00:00.000Z","lasttime":"2013-10-30T05:00:00.000Z","lastupdt":"2013-10-30T03:00:00.000Z","housenumber":null,"road":null,"city":null,"region":"Metro Manila","country":"PH","netid":"90:18:7C:0E:19:FA","name":null,"type":"infra","comment":null,"wep":"2","channel":6,"bcninterval":0,"freenet":"?","dhcp":"?","paynet":"?","userfound":false,"encryption":"wpa2"},{"trilat":14.64631653000000000020008883439004421234130859375,"trilong":121.0608749400000050400194595567882061004638671875,"ssid":"PLDTHOMEDSL54550","qos":4,"transid":"20161206-00000","firsttime":"2016-12-04T20:00:00.000Z","lasttime":"2017-10-26T06:00:00.000Z","lastupdt":"2017-10-26T06:00:00.000Z","housenumber":"","road":"Masinsinan","city":"","region":"","country":"PH","netid":"90:61:0C:2E:D5:16","name":null,"type":"infra","comment":null,"wep":"2","channel":11,"bcninterval":0,"freenet":"?","dhcp":"?","paynet":"?","userfound":false,"encryption":"wpa2"},{"trilat":14.6428718599999996285987435840070247650146484375,"trilong":121.05980682000000570042175240814685821533203125,"ssid":"PROLINK_H5004NK_63710","qos":0,"transid":"20161206-00000","firsttime":"2016-12-04T20:00:00.000Z","lasttime":"2016-12-06T07:00:00.000Z","lastupdt":"2016-12-06T07:00:00.000Z","housenumber":null,"road":null,"city":null,"region":null,"country":null,"netid":"90:61:0C:26:37:10","name":null,"type":"infra","comment":null,"wep":"2","channel":11,"bcninterval":0,"freenet":"?","dhcp":"?","paynet":"?","userfound":false,"encryption":"wpa2"},{"trilat":14.64555453999999912184648565016686916351318359375,"trilong":121.06080627000000049520167522132396697998046875,"ssid":"PLDTHOMEDSL57725","qos":0,"transid":"20170609-00000","firsttime":"2017-06-03T18:00:00.000Z","lasttime":"2017-06-09T05:00:00.000Z","lastupdt":"2017-06-09T05:00:00.000Z","housenumber":null,"road":null,"city":null,"region":null,"country":null,"netid":"90:61:0C:2C:E1:7D","name":null,"type":"infra","comment":null,"wep":"2","channel":5,"bcninterval":0,"freenet":"?","dhcp":"?","paynet":"?","userfound":false,"encryption":"wpa2"},{"trilat":14.6469526299999994733980201999656856060028076171875,"trilong":121.05791472999999314197339117527008056640625,"ssid":"Negative Space Cafe","qos":3,"transid":"20160907-00000","firsttime":"2016-09-03T21:00:00.000Z","lasttime":"2017-07-29T13:00:00.000Z","lastupdt":"2017-07-29T13:00:00.000Z","housenumber":"79","road":"Maginhawa","city":"","region":"","country":"PH","netid":"90:61:0C:2D:DE:F3","name":null,"type":"infra","comment":null,"wep":"2","channel":11,"bcninterval":0,"freenet":"?","dhcp":"?","paynet":"?","userfound":false,"encryption":"wpa2"},{"trilat":14.6467533099999993595474734320305287837982177734375,"trilong":121.0578689599999933079743641428649425506591796875,"ssid":"Domingo","qos":0,"transid":"20160907-00000","firsttime":"2016-09-03T21:00:00.000Z","lasttime":"2016-09-07T19:00:00.000Z","lastupdt":"2016-09-07T19:00:00.000Z","housenumber":null,"road":null,"city":null,"region":null,"country":null,"netid":"EE:1D:7F:E4:79:10","name":null,"type":"infra","comment":null,"wep":"2","channel":10,"bcninterval":0,"freenet":"?","dhcp":"?","paynet":"?","userfound":false,"encryption":"wpa2"},{"trilat":14.64664364000000063015249907039105892181396484375,"trilong":121.0575256300000006604022928513586521148681640625,"ssid":"PLDTHOMEDSL","qos":0,"transid":"20160227-00000","firsttime":"2016-02-13T21:00:00.000Z","lasttime":"2016-02-27T07:00:00.000Z","lastupdt":"2016-02-27T07:00:00.000Z","housenumber":null,"road":null,"city":null,"region":null,"country":null,"netid":"90:61:0C:1F:A2:77","name":null,"type":"infra","comment":null,"wep":"2","channel":11,"bcninterval":0,"freenet":"?","dhcp":"?","paynet":"?","userfound":false,"encryption":"wpa2"},{"trilat":14.645323749999999307647158275358378887176513671875,"trilong":121.05857849000000214800820685923099517822265625,"ssid":"PLDTMyDSL","qos":1,"transid":"20150120-00000","firsttime":"2015-01-10T18:00:00.000Z","lasttime":"2015-01-21T20:00:00.000Z","lastupdt":"2015-07-26T00:00:00.000Z","housenumber":null,"road":null,"city":null,"region":null,"country":null,"netid":"90:61:0C:16:68:A3","name":null,"type":"infra","comment":null,"wep":"2","channel":11,"bcninterval":0,"freenet":"?","dhcp":"?","paynet":"?","userfound":false,"encryption":"wpa2"},{"trilat":14.6470928199999992358470990438945591449737548828125,"trilong":121.0613250699999952075813780538737773895263671875,"ssid":"WASC-001a6b1bf180-PHILIPS","qos":0,"transid":"20130429-00000","firsttime":"2013-04-29T20:00:00.000Z","lasttime":"2013-04-29T11:00:00.000Z","lastupdt":"2013-04-29T09:00:00.000Z","housenumber":null,"road":null,"city":null,"region":"Metro Manila","country":"PH","netid":"5A:0B:00:76:3C:A0","name":null,"type":"ad-hoc","comment":null,"wep":"Y","channel":10,"bcninterval":0,"freenet":"?","dhcp":"?","paynet":"?","userfound":false,"encryption":"wep"},{"trilat":14.644159319999999979700078256428241729736328125,"trilong":121.061004639999993059973348863422870635986328125,"ssid":"wif-high","qos":2,"transid":"20130324-00000","firsttime":"2013-03-23T17:00:00.000Z","lasttime":"2013-11-30T01:00:00.000Z","lastupdt":"2013-11-29T23:00:00.000Z","housenumber":null,"road":null,"city":null,"region":"Metro Manila","country":"PH","netid":"68:7F:74:7B:A7:81","name":null,"type":"infra","comment":null,"wep":"2","channel":6,"bcninterval":0,"freenet":"?","dhcp":"?","paynet":"?","userfound":false,"encryption":"wpa2"},{"trilat":14.6462841000000008051529221120290458202362060546875,"trilong":121.0596466100000014876059140078723430633544921875,"ssid":"Galaxy Note 3","qos":0,"transid":"20170715-00000","firsttime":"2017-07-15T16:00:00.000Z","lasttime":"2017-07-15T01:00:00.000Z","lastupdt":"2017-07-15T01:00:00.000Z","housenumber":"","road":"Maginhawa","city":"","region":"","country":"PH","netid":"F0:25:B7:0C:E8:96","name":null,"type":"infra","comment":null,"wep":"2","channel":11,"bcninterval":0,"freenet":"?","dhcp":"?","paynet":"?","userfound":false,"encryption":"wpa2"}]}