{"success":true,"totalResults":2103,"search_after":33241765,"first":1,"last":100,"resultCount":100,"results":[{"trilat":14.646875380000000888003341970033943653106689453125,"trilong":121.0610275300000040488157537765800952911376953125,"ssid":"Connectify-me","qos":1,"transid":"20150202-00000","firsttime":"2001-01-01T08:00:00.000Z","lasttime":"2015-02-16T06:00:00.000Z","lastupdt":"2015-07-26T00:00:00.000Z","housenumber":null,"road":null,"city":null,"region":null,"country":null,"netid":"1E:E9:D3:75:95:AA","name":null,"type":"infra","comment":null,"wep":"2","channel":6,"bcninterval":0,"freenet":"?","dhcp":"?","paynet":"?","userfound":false,"encryption":"wpa2"},{"trilat":14.6468629799999998652992871939204633235931396484375,"trilong":121.059745789999993803576217032968997955322265625,"ssid":"Huawei E5330Bs-2","qos":0,"transid":"20160907-00000","firsttime":"2016-09-03T21:00:00.000Z","lasttime":"2016-09-07T19:00:00.000Z","lastupdt":"2016-09-07T19:00:00.000Z","housenumber":null,"road":null,"city":null,"region":null,"country":null,"netid":"20:08:ED:12:1C:09","name":null,"type":"infra","comment":null,"wep":"2","channel":7,"bcninterval":0,"freenet":"?","dhcp":"?","paynet":"?","userfound":false,"encryption":"wpa2"},{"trilat":14.6466589000000002585011316114105284214019775390625,"trilong":121.0585250900000033880132832564413547515869140625,"ssid":"HUAWEI-E5330-6CA9","qos":0,"transid":"20140805-00000","firsttime":"2014-08-05T19:00:00.000Z","lasttime":"2014-08-05T06:00:00.000Z","lastupdt":"2015-07-26T00:00:00.000Z","housenumber":null,"road":null,"city":null,"region":null,"country":null,"netid":"20:08:ED:13:6C:A9","name":null,"type":"infra","comment":null,"wep":"2","channel":1,"bcninterval":0,"freenet":"?","dhcp":"?","paynet":"?","userfound":false,"encryption":"wpa2"},{"trilat":14.6465234800000008164033715729601681232452392578125,"trilong":121.0586700399999955379826133139431476593017578125,"ssid":"Summer Tantrums","qos":0,"transid":"20150726-00000","firsttime":"2015-02-27T19:00:00.000Z","lasttime":"2015-07-26T00:00:00.000Z","lastupdt":"2015-07-26T00:00:00.000Z","housenumber":null,"road":null,"city":null,"region":null,"country":null,"netid":"3A:48:4C:28:1F:31","name":null,"type":"infra","comment":null,"wep":"2","channel":6,"bcninterval":0,"freenet":"?","dhcp":"?","paynet":"?","userfound":false,"encryption":"wpa2"},{"trilat":14.6466445899999992974471751949749886989593505859375,"trilong":121.0610427900000019008075469173491001129150390625,"ssid":"Hello Jenny","qos":0,"transid":"20140922-00000","firsttime":"2014-09-22T20:00:00.000Z","lasttime":"2014-09-22T08:00:00.000Z","lastupdt":"2015-07-26T00:00:00.000Z","housenumber":null,"road":null,"city":null,"region":null,"country":null,"netid":"3A:48:4C:6E:05:3F","name":null,"type":"infra","comment":null,"wep":"2","channel":6,"bcninterval":0,"freenet":"?","dhcp":"?","paynet":"?","userfound":false,"encryption":"wpa2"},{"trilat":14.645469670000000661502781440503895282745361328125,"trilong":121.0572586100000052056202548556029796600341796875,"ssid":"bayanDSL","qos":0,"transid":"20130309-00000","firsttime":"2013-03-09T20:00:00.000Z","lasttime":"2013-03-11T16:00:00.000Z","lastupdt":"2013-03-11T14:00:00.000Z","housenumber":null,"road":null,"city":null,"region":"Metro Manila","country":"PH","netid":"4C:09:B4:A1:E5:75","name":null,"type":"infra","comment":null,"wep":"W","channel":1,"bcninterval":0,"freenet":"?","dhcp":"?","paynet":"?","userfound":false,"encryption":"wpa"},{"trilat":14.646746639999999928249962977133691310882568359375,"trilong":121.061294559999993225574144162237644195556640625,"ssid":"bayanDSL","qos":5,"transid":"20130301-00000","firsttime":"2013-02-24T20:00:00.000Z","lasttime":"2015-02-16T06:00:00.000Z","lastupdt":"2015-07-26T00:00:00.000Z","housenumber":null,"road":null,"city":null,"region":"Metro Manila","country":"PH","netid":"4C:09:B4:A2:78:F5","name":null,"type":"infra","comment":null,"wep":"W","channel":10,"bcninterval":0,"freenet":"?","dhcp":"?","paynet":"?","userfound":false,"encryption":"wpa"},{"trilat":14.6415739099999999695000951760448515415191650390625,"trilong":121.0611419699999942167778499424457550048828125,"ssid":"bayanDSL","qos":1,"transid":"20130309-00000","firsttime":"2013-03-09T18:00:00.000Z","lasttime":"2013-03-22T22:00:00.000Z","lastupdt":"2013-03-22T20:00:00.000Z","housenumber":null,"road":null,"city":null,"region":"Metro Manila","country":"PH","netid":"4C:09:B4:A3:22:AD","name":null,"type":"infra","comment":null,"wep":"W","channel":1,"bcninterval":0,"freenet":"?","dhcp":"?","paynet":"?","userfound":false,"encryption":"wpa"},{"trilat":14.6427659999999999484998625121079385280609130859375,"trilong":121.0590591400000022304084268398582935333251953125,"ssid":"Gir","qos":0,"transid":"20130309-00000","firsttime":"2013-03-09T20:00:00.000Z","lasttime":"2013-03-11T16:00:00.000Z","lastupdt":"2013-03-11T14:00:00.000Z","housenumber":null,"road":null,"city":null,"region":"Metro Manila","country":"PH","netid":"4C:09:B4:A3:33:DD","name":null,"type":"infra","comment":null,"wep":"W","channel":1,"bcninterval":0,"freenet":"?","dhcp":"?","paynet":"?","userfound":false,"encryption":"wpa"},{"trilat":14.6470861400000007535027179983444511890411376953125,"trilong":121.0610275300000040488157537765800952911376953125,"ssid":"OPPO A37f","qos":0,"transid":"20171026-00000","firsttime":"2017-10-26T20:00:00.000Z","lasttime":"2017-10-26T06:00:00.000Z","lastupdt":"2017-10-26T06:00:00.000Z","housenumber":"60","road":"Magiting","city":"","region":"","country":"PH","netid":"4C:1A:3D:22:DF:9C","name":null,"type":"infra","comment":null,"wep":"?","channel":6,"bcninterval":0,"freenet":"?","dhcp":"?","paynet":"?","userfound":false,"encryption":"unknown"},{"trilat":14.6444063199999998658995536970905959606170654296875,"trilong":121.057876590000006444824975915253162384033203125,"ssid":"Ano Makikiconnect ka","qos":0,"transid":"20141105-00000","firsttime":"2014-11-04T19:00:00.000Z","lasttime":"2014-12-30T04:00:00.000Z","lastupdt":"2015-07-26T00:00:00.000Z","housenumber":null,"road":null,"city":null,"region":null,"country":null,"netid":"20:08:ED:33:01:80","name":null,"type":"infra","comment":null,"wep":"2","channel":5,"bcninterval":0,"freenet":"?","dhcp":"?","paynet":"?","userfound":false,"encryption":"wpa2"},{"trilat":14.646619799999999855799615033902227878570556640625,"trilong":121.05831908999999768639099784195423126220703125,"ssid":"AndroidAP","qos":0,"transid":"20140224-00000","firsttime":"2014-02-22T20:00:00.000Z","lasttime":"2014-02-25T02:00:00.000Z","lastupdt":"2015-07-26T00:00:00.000Z","housenumber":null,"road":null,"city":null,"region":null,"country":null,"netid":"20:13:E0:51:C3:C2","name":null,"type":"infra","comment":null,"wep":"2","channel":6,"bcninterval":0,"freenet":"?","dhcp":"?","paynet":"?","userfound":false,"encryption":"wpa2"},{"trilat":14.646828649999999782949089421890676021575927734375,"trilong":121.0578460699999965299866744317114353179931640625,"ssid":"HOLYFAMILY","qos":4,"transid":"20140212-00000","firsttime":"2014-02-05T06:00:00.000Z","lasttime":"2015-01-21T20:00:00.000Z","lastupdt":"2015-07-26T00:00:00.000Z","housenumber":null,"road":null,"city":null,"region":null,"country":null,"netid":"BC:F6:85:C1:FA:2E","name":null,"type":"infra","comment":null,"wep":"2","channel":9,"bcninterval":0,"freenet":"?","dhcp":"?","paynet":"?","userfound":false,"encryption":"wpa2"},{"trilat":14.6441440600000003513514457154087722301483154296875,"trilong":121.0575408899999985123940859921276569366455078125,"ssid":"PLDTMyDSL","qos":0,"transid":"20130309-00000","firsttime":"2013-03-09T20:00:00.000Z","lasttime":"2013-03-11T16:00:00.000Z","lastupdt":"2013-03-11T14:00:00.000Z","housenumber":null,"road":null,"city":null,"region":"Metro Manila","country":"PH","netid":"20:2B:C1:C9:34:50","name":null,"type":"infra","comment":null,"wep":"Y","channel":11,"bcninterval":0,"freenet":"?","dhcp":"?","paynet":"?","userfound":false,"encryption":"wep"},{"trilat":14.6428804400000007746029950794763863086700439453125,"trilong":121.06009674000000586602254770696163177490234375,"ssid":"dlink3A_EXT","qos":0,"transid":"20130309-00000","firsttime":"2013-03-09T20:00:00.000Z","lasttime":"2013-03-11T16:00:00.000Z","lastupdt":"2013-03-11T14:00:00.000Z","housenumber":null,"road":null,"city":null,"region":"Metro Manila","country":"PH","netid":"C6:3D:C7:A9:1F:0C","name":null,"type":"infra","comment":null,"wep":"2","channel":9,"bcninterval":0,"freenet":"?","dhcp":"?","paynet":"?","userfound":false,"encryption":"wpa2"},{"trilat":14.64690494999999970104909152723848819732666015625,"trilong":121.061294559999993225574144162237644195556640625,"ssid":"jala.2015","qos":0,"transid":"20150808-00000","firsttime":"2015-08-07T17:00:00.000Z","lasttime":"2015-08-08T09:00:00.000Z","lastupdt":"2015-08-08T09:00:00.000Z","housenumber":null,"road":null,"city":null,"region":null,"country":null,"netid":"36:4D:F7:45:22:BE","name":null,"type":"infra","comment":null,"wep":"2","channel":6,"bcninterval":0,"freenet":"?","dhcp":"?","paynet":"?","userfound":false,"encryption":"wpa2"},{"trilat":14.6471023599999998765497366548515856266021728515625,"trilong":121.0577545200000031400122679769992828369140625,"ssid":"Smart Bro_71EA6A","qos":0,"transid":"20170303-00000","firsttime":"2017-03-03T19:00:00.000Z","lasttime":"2017-03-03T04:00:00.000Z","lastupdt":"2017-03-03T04:00:00.000Z","housenumber":null,"road":null,"city":null,"region":null,"country":null,"netid":"36:69:87:71:EA:6A","name":null,"type":"infra","comment":null,"wep":"Y","channel":11,"bcninterval":0,"freenet":"?","dhcp":"?","paynet":"?","userfound":false,"encryption":"wep"},{"trilat":14.6460151700000000829504642751999199390411376953125,"trilong":121.061073300000003882814780808985233306884765625,"ssid":"Asusmaryosep","qos":0,"transid":"20160227-00000","firsttime":"2016-02-27T20:00:00.000Z","lasttime":"2016-02-27T07:00:00.000Z","lastupdt":"2016-02-27T07:00:00.000Z","housenumber":null,"road":null,"city":null,"region":null,"country":null,"netid":"1C:B7:2C:3E:4B:67","name":null,"type":"infra","comment":null,"wep":"2","channel":6,"bcninterval":0,"freenet":"?","dhcp":"?","paynet":"?","userfound":false,"encryption":"wpa2"},{"trilat":14.6460752500000008780034477240405976772308349609375,"trilong":121.0613250699999952075813780538737773895263671875,"ssid":"Free Public WiFi","qos":0,"transid":"20130408-00000","firsttime":"2013-04-06T21:00:00.000Z","lasttime":"2013-04-08T10:00:00.000Z","lastupdt":"2013-04-08T08:00:00.000Z","housenumber":null,"road":null,"city":null,"region":"Metro Manila","country":"PH","netid":"1E:28:7C:DE:AC:53","name":null,"type":"ad-hoc","comment":null,"wep":"N","channel":2,"bcninterval":0,"freenet":"Y","dhcp":"?","paynet":"?","userfound":false,"encryption":"none"},{"trilat":14.64134216000000066060238168574869632720947265625,"trilong":121.0605621299999938855762593448162078857421875,"ssid":"armie","qos":0,"transid":"20130414-00000","firsttime":"2013-04-14T14:00:00.000Z","lasttime":"2013-04-14T06:00:00.000Z","lastupdt":"2013-04-14T04:00:00.000Z","housenumber":null,"road":null,"city":null,"region":"Metro Manila","country":"PH","netid":"B4:B3:62:5E:AA:07","name":null,"type":"infra","comment":null,"wep":"W","channel":10,"bcninterval":0,"freenet":"?","dhcp":"?","paynet":"?","userfound":false,"encryption":"wpa"},{"trilat":14.646438599999999752299117972142994403839111328125,"trilong":121.0589370699999989255957189016044139862060546875,"ssid":"DIRECT-2A-BRAVIA","qos":0,"transid":"20150120-00000","firsttime":"2015-01-10T18:00:00.000Z","lasttime":"2015-01-21T20:00:00.000Z","lastupdt":"2015-07-26T00:00:00.000Z","housenumber":null,"road":null,"city":null,"region":null,"country":null,"netid":"1E:3E:84:BB:99:CA","name":null,"type":"infra","comment":null,"wep":"2","channel":4,"bcninterval":0,"freenet":"?","dhcp":"?","paynet":"?","userfound":false,"encryption":"wpa2"},{"trilat":14.6450986899999993084975358215160667896270751953125,"trilong":121.0609817499999962819856591522693634033203125,"ssid":"YICarCam_f4f8e5","qos":0,"transid":"20170729-00000","firsttime":"2017-07-16T19:00:00.000Z","lasttime":"2017-07-29T13:00:00.000Z","lastupdt":"2017-07-29T13:00:00.000Z","housenumber":"","road":"Maginhawa","city":"","region":"","country":"PH","netid":"58:70:C6:F4:F8:E5","name":null,"type":"infra","comment":null,"wep":"2","channel":7,"bcninterval":0,"freenet":"?","dhcp":"?","paynet":"?","userfound":false,"encryption":"wpa2"},{"trilat":14.64664364000000063015249907039105892181396484375,"trilong":121.05941771999999900799593888223171234130859375,"ssid":"chocomint","qos":0,"transid":"20160604-00000","firsttime":"2016-05-27T19:00:00.000Z","lasttime":"2016-06-04T16:00:00.000Z","lastupdt":"2016-06-04T16:00:00.000Z","housenumber":null,"road":null,"city":null,"region":null,"country":null,"netid":"B4:30:52:E0:D4:94","name":null,"type":"infra","comment":null,"wep":"2","channel":9,"bcninterval":0,"freenet":"?","dhcp":"?","paynet":"?","userfound":false,"encryption":"wpa2"},{"trilat":14.6468133900000001546004568808712065219879150390625,"trilong":121.057907099999994215977494604885578155517578125,"ssid":"HUAWEI-E5330-FCBC","qos":0,"transid":"20150216-00000","firsttime":"2015-02-09T17:00:00.000Z","lasttime":"2015-02-16T06:00:00.000Z","lastupdt":"2015-07-26T00:00:00.000Z","housenumber":null,"road":null,"city":null,"region":null,"country":null,"netid":"B4:30:52:E0:FC:BC","name":null,"type":"infra","comment":null,"wep":"2","channel":2,"bcninterval":0,"freenet":"?","dhcp":"?","paynet":"?","userfound":false,"encryption":"wpa2"},{"trilat":14.6468181600000004749517756863497197628021240234375,"trilong":121.0606079100000016524063539691269397735595703125,"ssid":"Urbanwood","qos":5,"transid":"20140212-00000","firsttime":"2014-02-07T19:00:00.000Z","lasttime":"2015-09-16T09:00:00.000Z","lastupdt":"2015-09-16T09:00:00.000Z","housenumber":null,"road":null,"city":null,"region":null,"country":null,"netid":"58:6D:8F:7D:E4:04","name":null,"type":"infra","comment":null,"wep":"2","channel":11,"bcninterval":0,"freenet":"?","dhcp":"?","paynet":"?","userfound":false,"encryption":"wpa2"},{"trilat":14.6430816700000008268034434877336025238037109375,"trilong":121.0609207199999985959948389790952205657958984375,"ssid":"BAYAN WIFI DEMO","qos":3,"transid":"20130309-00000","firsttime":"2013-03-09T18:00:00.000Z","lasttime":"2013-11-30T01:00:00.000Z","lastupdt":"2013-11-29T23:00:00.000Z","housenumber":null,"road":null,"city":null,"region":"Metro Manila","country":"PH","netid":"38:46:08:E4:83:5C","name":null,"type":"infra","comment":null,"wep":"W","channel":11,"bcninterval":0,"freenet":"?","dhcp":"?","paynet":"?","userfound":false,"encryption":"wpa"},{"trilat":14.6466732000000003921513780369423329830169677734375,"trilong":121.058326719999996612386894412338733673095703125,"ssid":"Go-go","qos":0,"transid":"20150808-00000","firsttime":"2015-08-07T22:00:00.000Z","lasttime":"2015-08-08T09:00:00.000Z","lastupdt":"2015-08-08T09:00:00.000Z","housenumber":null,"road":null,"city":null,"region":null,"country":null,"netid":"B4:52:7D:67:A5:06","name":null,"type":"infra","comment":null,"wep":"2","channel":6,"bcninterval":0,"freenet":"?","dhcp":"?","paynet":"?","userfound":false,"encryption":"wpa2"},{"trilat":14.6466045400000002274509824928827583789825439453125,"trilong":121.058891299999999091596691869199275970458984375,"ssid":"Anthony's i6+","qos":0,"transid":"20150808-00000","firsttime":"2015-08-07T22:00:00.000Z","lasttime":"2015-08-08T09:00:00.000Z","lastupdt":"2015-08-08T09:00:00.000Z","housenumber":null,"road":null,"city":null,"region":null,"country":null,"netid":"B2:3C:92:19:6E:DE","name":null,"type":"infra","comment":null,"wep":"2","channel":1,"bcninterval":0,"freenet":"?","dhcp":"?","paynet":"?","userfound":false,"encryption":"wpa2"},{"trilat":14.6468267399999998445991877815686166286468505859375,"trilong":121.0583038299999998343992047011852264404296875,"ssid":"HUAWEI-E5330-4B10","qos":0,"transid":"20170404-00000","firsttime":"2017-03-31T19:00:00.000Z","lasttime":"2017-04-04T04:00:00.000Z","lastupdt":"2017-04-04T04:00:00.000Z","housenumber":null,"road":null,"city":null,"region":null,"country":null,"netid":"58:7F:66:F8:4B:10","name":null,"type":"infra","comment":null,"wep":"2","channel":3,"bcninterval":0,"freenet":"?","dhcp":"?","paynet":"?","userfound":false,"encryption":"wpa2"},{"trilat":14.64612675000000052705217967741191387176513671875,"trilong":121.060005189999998265193426050245761871337890625,"ssid":"J.E.P.O.Y DG","qos":0,"transid":"20130324-00000","firsttime":"2013-03-23T17:00:00.000Z","lasttime":"2013-03-24T04:00:00.000Z","lastupdt":"2013-03-24T02:00:00.000Z","housenumber":null,"road":null,"city":null,"region":"Metro Manila","country":"PH","netid":"B6:94:26:D8:EC:E4","name":null,"type":"infra","comment":null,"wep":"2","channel":2,"bcninterval":0,"freenet":"?","dhcp":"?","paynet":"?","userfound":false,"encryption":"wpa2"},{"trilat":14.646865840000000247300704359076917171478271484375,"trilong":121.0603637699999950427809380926191806793212890625,"ssid":"iPhone","qos":0,"transid":"20130831-00000","firsttime":"2013-08-31T19:00:00.000Z","lasttime":"2013-08-31T17:00:00.000Z","lastupdt":"2013-08-31T15:00:00.000Z","housenumber":null,"road":null,"city":null,"region":"Metro Manila","country":"PH","netid":"B6:F0:AB:07:7B:1E","name":null,"type":"infra","comment":null,"wep":"2","channel":1,"bcninterval":0,"freenet":"?","dhcp":"?","paynet":"?","userfound":false,"encryption":"wpa2"},{"trilat":14.64672374999999959754859446547925472259521484375,"trilong":121.05944823999999471197952516376972198486328125,"ssid":"HUAWEI-E5330-F5D7","qos":0,"transid":"20150812-00000","firsttime":"2015-08-12T21:00:00.000Z","lasttime":"2015-08-12T07:00:00.000Z","lastupdt":"2015-08-12T07:00:00.000Z","housenumber":null,"road":null,"city":null,"region":null,"country":null,"netid":"58:7F:66:02:F5:D7","name":null,"type":"infra","comment":null,"wep":"2","channel":10,"bcninterval":0,"freenet":"?","dhcp":"?","paynet":"?","userfound":false,"encryption":"wpa2"},{"trilat":14.6468601199999994832978700287640094757080078125,"trilong":121.0604476900000037176141631789505481719970703125,"ssid":"HUAWEI-E5330-666E","qos":0,"transid":"20150916-00000","firsttime":"2015-09-04T19:00:00.000Z","lasttime":"2015-09-16T09:00:00.000Z","lastupdt":"2015-09-16T09:00:00.000Z","housenumber":null,"road":null,"city":null,"region":null,"country":null,"netid":"B4:30:52:AC:66:6E","name":null,"type":"infra","comment":null,"wep":"2","channel":10,"bcninterval":0,"freenet":"?","dhcp":"?","paynet":"?","userfound":false,"encryption":"wpa2"},{"trilat":14.6461009999999998143493940006010234355926513671875,"trilong":121.0601959199999981819928507320582866668701171875,"ssid":"We're All Mad Here","qos":1,"transid":"20170715-00000","firsttime":"2017-07-15T16:00:00.000Z","lasttime":"2017-07-29T13:00:00.000Z","lastupdt":"2017-07-29T13:00:00.000Z","housenumber":"","road":"Maginhawa","city":"","region":"","country":"PH","netid":"B4:75:0E:D3:D1:0C","name":null,"type":"infra","comment":null,"wep":"2","channel":1,"bcninterval":0,"freenet":"?","dhcp":"?","paynet":"?","userfound":false,"encryption":"wpa2"},{"trilat":14.6468534500000000520003595738671720027923583984375,"trilong":121.059944150000006857226253487169742584228515625,"ssid":"The Legal Wifi","qos":0,"transid":"20150216-00000","firsttime":"2015-02-10T21:00:00.000Z","lasttime":"2015-02-16T06:00:00.000Z","lastupdt":"2015-07-26T00:00:00.000Z","housenumber":null,"road":null,"city":null,"region":null,"country":null,"netid":"B4:30:52:0D:5E:2D","name":null,"type":"infra","comment":null,"wep":"2","channel":1,"bcninterval":0,"freenet":"?","dhcp":"?","paynet":"?","userfound":false,"encryption":"wpa2"},{"trilat":14.64650630999999947334799799136817455291748046875,"trilong":121.0590896599999979343920131213963031768798828125,"ssid":"SMART-BRO-6CFD","qos":0,"transid":"20150808-00000","firsttime":"2015-08-07T17:00:00.000Z","lasttime":"2015-08-08T09:00:00.000Z","lastupdt":"2015-08-08T09:00:00.000Z","housenumber":null,"road":null,"city":null,"region":null,"country":null,"netid":"B4:30:52:0D:6C:FD","name":null,"type":"infra","comment":null,"wep":"2","channel":1,"bcninterval":0,"freenet":"?","dhcp":"?","paynet":"?","userfound":false,"encryption":"wpa2"},{"trilat":14.64705181000000067115252022631466388702392578125,"trilong":121.057601930000004131215973757207393646240234375,"ssid":"patrishoes","qos":0,"transid":"20160907-00000","firsttime":"2016-09-03T21:00:00.000Z","lasttime":"2016-09-07T19:00:00.000Z","lastupdt":"2016-09-07T19:00:00.000Z","housenumber":null,"road":null,"city":null,"region":null,"country":null,"netid":"B4:30:52:5A:CE:C0","name":null,"type":"infra","comment":null,"wep":"2","channel":9,"bcninterval":0,"freenet":"?","dhcp":"?","paynet":"?","userfound":false,"encryption":"wpa2"},{"trilat":14.64540195000000011305019143037497997283935546875,"trilong":121.060974119999997355989762581884860992431640625,"ssid":null,"qos":0,"transid":"20150726-00000","firsttime":"2015-04-27T15:00:00.000Z","lasttime":"2015-07-26T00:00:00.000Z","lastupdt":"2015-07-26T00:00:00.000Z","housenumber":null,"road":null,"city":null,"region":null,"country":null,"netid":"2C:10:C1:F9:80:C8","name":null,"type":"infra","comment":null,"wep":"Y","channel":1,"bcninterval":0,"freenet":"?","dhcp":"?","paynet":"?","userfound":false,"encryption":"wep"},{"trilat":14.643383979999999411347744171507656574249267578125,"trilong":121.06099700999999413397745229303836822509765625,"ssid":"Bayantels2","qos":0,"transid":"20130414-00000","firsttime":"2013-04-14T14:00:00.000Z","lasttime":"2013-04-14T06:00:00.000Z","lastupdt":"2013-04-14T04:00:00.000Z","housenumber":null,"road":null,"city":null,"region":"Metro Manila","country":"PH","netid":"B4:98:42:E3:36:7E","name":null,"type":"infra","comment":null,"wep":"2","channel":6,"bcninterval":0,"freenet":"?","dhcp":"?","paynet":"?","userfound":false,"encryption":"wpa2"},{"trilat":14.642806050000000794852894614450633525848388671875,"trilong":121.05996704000000363521394319832324981689453125,"ssid":"Sunwifi","qos":0,"transid":"20131130-00000","firsttime":"2013-11-30T13:00:00.000Z","lasttime":"2013-11-30T01:00:00.000Z","lastupdt":"2013-11-29T23:00:00.000Z","housenumber":null,"road":null,"city":null,"region":"Metro Manila","country":"PH","netid":"50:9F:27:0D:8C:6E","name":null,"type":"infra","comment":null,"wep":"2","channel":6,"bcninterval":0,"freenet":"?","dhcp":"?","paynet":"?","userfound":false,"encryption":"wpa2"},{"trilat":14.6467504500000007539028956671245396137237548828125,"trilong":121.05954742000000123880454339087009429931640625,"ssid":"bayanDSL","qos":0,"transid":"20130621-00000","firsttime":"2013-06-11T20:00:00.000Z","lasttime":"2013-06-21T06:00:00.000Z","lastupdt":"2013-06-21T04:00:00.000Z","housenumber":null,"road":null,"city":null,"region":"Metro Manila","country":"PH","netid":"2C:26:C5:1E:C9:E4","name":null,"type":"infra","comment":null,"wep":"W","channel":2,"bcninterval":0,"freenet":"?","dhcp":"?","paynet":"?","userfound":false,"encryption":"wpa"},{"trilat":14.64687823999999949364791973493993282318115234375,"trilong":121.059730529999995951584423892199993133544921875,"ssid":"Go away","qos":5,"transid":"20130719-00000","firsttime":"2013-07-19T21:00:00.000Z","lasttime":"2013-11-13T22:00:00.000Z","lastupdt":"2013-11-13T20:00:00.000Z","housenumber":null,"road":null,"city":null,"region":"Metro Manila","country":"PH","netid":"2C:26:C5:1E:DB:08","name":null,"type":"infra","comment":null,"wep":"W","channel":11,"bcninterval":0,"freenet":"?","dhcp":"?","paynet":"?","userfound":false,"encryption":"wpa"},{"trilat":14.646846769999999793299139128066599369049072265625,"trilong":121.0609207199999985959948389790952205657958984375,"ssid":"iPhone","qos":1,"transid":"20130822-00000","firsttime":"2013-08-21T16:00:00.000Z","lasttime":"2013-09-04T07:00:00.000Z","lastupdt":"2013-09-04T05:00:00.000Z","housenumber":null,"road":null,"city":null,"region":"Metro Manila","country":"PH","netid":"2A:70:45:A6:9C:C4","name":null,"type":"infra","comment":null,"wep":"2","channel":2,"bcninterval":0,"freenet":"?","dhcp":"?","paynet":"?","userfound":false,"encryption":"wpa2"},{"trilat":14.646782879999999948950062389485538005828857421875,"trilong":121.0593490600000023960092221386730670928955078125,"ssid":"Smart Bro_E335F2","qos":0,"transid":"20130222-00000","firsttime":"2013-02-22T21:00:00.000Z","lasttime":"2013-02-22T10:00:00.000Z","lastupdt":"2013-02-22T08:00:00.000Z","housenumber":null,"road":null,"city":null,"region":"Metro Manila","country":"PH","netid":"B4:98:42:E3:35:F2","name":null,"type":"infra","comment":null,"wep":"N","channel":6,"bcninterval":0,"freenet":"?","dhcp":"?","paynet":"?","userfound":false,"encryption":"none"},{"trilat":14.6411171000000006614527592319063842296600341796875,"trilong":121.060134890000000496002030558884143829345703125,"ssid":"Gravity","qos":0,"transid":"20131130-00000","firsttime":"2013-11-30T13:00:00.000Z","lasttime":"2013-11-30T01:00:00.000Z","lastupdt":"2013-11-29T23:00:00.000Z","housenumber":null,"road":null,"city":null,"region":"Metro Manila","country":"PH","netid":"C0:C1:C0:C8:9C:45","name":null,"type":"infra","comment":null,"wep":"2","channel":6,"bcninterval":0,"freenet":"?","dhcp":"?","paynet":"?","userfound":false,"encryption":"wpa2"},{"trilat":14.6468133900000001546004568808712065219879150390625,"trilong":121.061004639999993059973348863422870635986328125,"ssid":"PSCSEND_2","qos":6,"transid":"20130207-00000","firsttime":"2001-01-01T07:00:00.000Z","lasttime":"2017-05-07T05:00:00.000Z","lastupdt":"2017-05-07T05:00:00.000Z","housenumber":null,"road":null,"city":null,"region":"Metro Manila","country":"PH","netid":"C0:C1:C0:E7:CD:05","name":null,"type":"infra","comment":null,"wep":"2","channel":11,"bcninterval":0,"freenet":"?","dhcp":"?","paynet":"?","userfound":false,"encryption":"wpa2"},{"trilat":14.6446285199999994830477589857764542102813720703125,"trilong":121.061004639999993059973348863422870635986328125,"ssid":"Forte Coffeehouse-guest","qos":5,"transid":"20130209-00000","firsttime":"2013-02-09T20:00:00.000Z","lasttime":"2013-10-30T05:00:00.000Z","lastupdt":"2013-10-30T03:00:00.000Z","housenumber":null,"road":null,"city":null,"region":"Metro Manila","country":"PH","netid":"C0:C1:C0:CD:82:70","name":null,"type":"infra","comment":null,"wep":"N","channel":11,"bcninterval":0,"freenet":"?","dhcp":"?","paynet":"?","userfound":false,"encryption":"none"},{"trilat":14.6456365599999998039493220858275890350341796875,"trilong":121.0607757599999985131944413296878337860107421875,"ssid":"chase","qos":0,"transid":"20170609-00000","firsttime":"2017-06-03T18:00:00.000Z","lasttime":"2017-06-09T05:00:00.000Z","lastupdt":"2017-06-09T05:00:00.000Z","housenumber":null,"road":null,"city":null,"region":null,"country":null,"netid":"28:FF:3E:3D:DE:C0","name":null,"type":"infra","comment":null,"wep":"2","channel":1,"bcninterval":0,"freenet":"?","dhcp":"?","paynet":"?","userfound":false,"encryption":"wpa2"},{"trilat":14.64606380000000029895090847276151180267333984375,"trilong":121.0612411500000007436028681695461273193359375,"ssid":"AndroidAPECD6","qos":0,"transid":"20160227-00000","firsttime":"2016-02-27T20:00:00.000Z","lasttime":"2016-02-27T07:00:00.000Z","lastupdt":"2016-02-27T07:00:00.000Z","housenumber":null,"road":null,"city":null,"region":null,"country":null,"netid":"48:5A:3F:18:EC:D6","name":null,"type":"infra","comment":null,"wep":"2","channel":6,"bcninterval":0,"freenet":"?","dhcp":"?","paynet":"?","userfound":false,"encryption":"wpa2"},{"trilat":14.646828649999999782949089421890676021575927734375,"trilong":121.060943600000001652006176300346851348876953125,"ssid":"Marvin's Kingdom II","qos":0,"transid":"20130314-00000","firsttime":"2013-03-13T23:00:00.000Z","lasttime":"2013-03-14T18:00:00.000Z","lastupdt":"2013-03-14T16:00:00.000Z","housenumber":null,"road":null,"city":null,"region":"Metro Manila","country":"PH","netid":"3E:8B:91:8B:01:28","name":null,"type":"ad-hoc","comment":null,"wep":"Y","channel":11,"bcninterval":0,"freenet":"?","dhcp":"?","paynet":"?","userfound":false,"encryption":"wep"},{"trilat":14.64170361000000042395186028443276882171630859375,"trilong":121.0611877399999940507768769748508930206298828125,"ssid":"Flare S Play","qos":0,"transid":"20170929-00000","firsttime":"2017-09-30T08:00:00.000Z","lasttime":"2017-09-29T18:00:00.000Z","lastupdt":"2017-09-29T18:00:00.000Z","housenumber":"","road":"Maginhawa","city":"","region":"","country":"PH","netid":"22:D7:5A:1B:A4:02","name":null,"type":"infra","comment":null,"wep":"2","channel":11,"bcninterval":0,"freenet":"?","dhcp":"?","paynet":"?","userfound":false,"encryption":"wpa2"},{"trilat":14.6464862799999995246480466448701918125152587890625,"trilong":121.0583877600000022312087821774184703826904296875,"ssid":"fmps wifi","qos":0,"transid":"20140805-00000","firsttime":"2014-08-05T19:00:00.000Z","lasttime":"2014-08-05T06:00:00.000Z","lastupdt":"2015-07-26T00:00:00.000Z","housenumber":null,"road":null,"city":null,"region":null,"country":null,"netid":"54:A5:1B:D6:19:25","name":null,"type":"infra","comment":null,"wep":"2","channel":6,"bcninterval":0,"freenet":"?","dhcp":"?","paynet":"?","userfound":false,"encryption":"wpa2"},{"trilat":14.64686870999999968034899211488664150238037109375,"trilong":121.05944823999999471197952516376972198486328125,"ssid":"AKA","qos":0,"transid":"20160907-00000","firsttime":"2016-09-03T21:00:00.000Z","lasttime":"2016-09-07T19:00:00.000Z","lastupdt":"2016-09-07T19:00:00.000Z","housenumber":null,"road":null,"city":null,"region":null,"country":null,"netid":"40:6F:2A:C0:6C:E2","name":null,"type":"infra","comment":null,"wep":"2","channel":6,"bcninterval":0,"freenet":"?","dhcp":"?","paynet":"?","userfound":false,"encryption":"wpa2"},{"trilat":14.6450986899999993084975358215160667896270751953125,"trilong":121.0602264399999938859764370135962963104248046875,"ssid":"ASUS","qos":5,"transid":"20150120-00000","firsttime":"2015-01-10T18:00:00.000Z","lasttime":"2017-07-15T01:00:00.000Z","lastupdt":"2017-07-15T01:00:00.000Z","housenumber":"116","road":"Maginhawa","city":"","region":"","country":"PH","netid":"40:16:7E:BA:95:4C","name":null,"type":"infra","comment":null,"wep":"2","channel":6,"bcninterval":0,"freenet":"?","dhcp":"?","paynet":"?","userfound":false,"encryption":"wpa2"},{"trilat":14.6464328800000007646531230420805513858795166015625,"trilong":121.0608520499999940511770546436309814453125,"ssid":"linksys-guest","qos":5,"transid":"20130301-00000","firsttime":"2013-02-24T20:00:00.000Z","lasttime":"2014-08-17T06:00:00.000Z","lastupdt":"2015-07-26T00:00:00.000Z","housenumber":null,"road":null,"city":null,"region":"Metro Manila","country":"PH","netid":"C0:C1:C0:2B:D2:5A","name":null,"type":"infra","comment":null,"wep":"N","channel":11,"bcninterval":0,"freenet":"?","dhcp":"?","paynet":"?","userfound":false,"encryption":"none"},{"trilat":14.64285564000000050555172492749989032745361328125,"trilong":121.0597534200000069404268288053572177886962890625,"ssid":"roxas-G-MIX","qos":0,"transid":"20130309-00000","firsttime":"2013-03-09T20:00:00.000Z","lasttime":"2013-03-11T16:00:00.000Z","lastupdt":"2013-03-11T14:00:00.000Z","housenumber":null,"road":null,"city":null,"region":"Metro Manila","country":"PH","netid":"4C:E6:76:34:EC:64","name":null,"type":"infra","comment":null,"wep":"2","channel":6,"bcninterval":0,"freenet":"?","dhcp":"?","paynet":"?","userfound":false,"encryption":"wpa2"},{"trilat":14.646746639999999928249962977133691310882568359375,"trilong":121.0596923800000013216049410402774810791015625,"ssid":"Rarest Pepe","qos":2,"transid":"20170303-00000","firsttime":"2017-03-03T19:00:00.000Z","lasttime":"2017-07-29T13:00:00.000Z","lastupdt":"2017-07-29T13:00:00.000Z","housenumber":"","road":"Magiting","city":"","region":"","country":"PH","netid":"50:09:59:83:80:35","name":null,"type":"infra","comment":null,"wep":"2","channel":11,"bcninterval":0,"freenet":"?","dhcp":"?","paynet":"?","userfound":false,"encryption":"wpa2"},{"trilat":14.6467399599999996695487425313331186771392822265625,"trilong":121.0594635000000067748260335065424442291259765625,"ssid":"geographicus","qos":0,"transid":"20131110-00000","firsttime":"2013-11-09T19:00:00.000Z","lasttime":"2013-11-10T08:00:00.000Z","lastupdt":"2013-11-10T06:00:00.000Z","housenumber":null,"road":null,"city":null,"region":"Metro Manila","country":"PH","netid":"40:0E:85:56:B3:A3","name":null,"type":"infra","comment":null,"wep":"2","channel":6,"bcninterval":0,"freenet":"?","dhcp":"?","paynet":"?","userfound":false,"encryption":"wpa2"},{"trilat":14.64276313999999956649844534695148468017578125,"trilong":121.0585632300000042960164137184619903564453125,"ssid":"Overload Silog @ Frank'$ Eat All","qos":0,"transid":"20161206-00000","firsttime":"2016-12-04T20:00:00.000Z","lasttime":"2016-12-06T07:00:00.000Z","lastupdt":"2016-12-06T07:00:00.000Z","housenumber":null,"road":null,"city":null,"region":null,"country":null,"netid":"50:09:59:19:59:36","name":null,"type":"infra","comment":null,"wep":"2","channel":11,"bcninterval":0,"freenet":"?","dhcp":"?","paynet":"?","userfound":false,"encryption":"wpa2"},{"trilat":14.64664364000000063015249907039105892181396484375,"trilong":121.0613326999999941335772746242582798004150390625,"ssid":"WASC-001a6b1bf180-PHILIPS","qos":0,"transid":"20130320-00000","firsttime":"2013-03-19T23:00:00.000Z","lasttime":"2013-03-20T06:00:00.000Z","lastupdt":"2013-03-20T04:00:00.000Z","housenumber":null,"road":null,"city":null,"region":"Metro Manila","country":"PH","netid":"32:5B:00:76:7C:F9","name":null,"type":"ad-hoc","comment":null,"wep":"Y","channel":10,"bcninterval":0,"freenet":"?","dhcp":"?","paynet":"?","userfound":false,"encryption":"wep"},{"trilat":14.6418781300000002687511369003914296627044677734375,"trilong":121.06040192000000388361513614654541015625,"ssid":"PLDTMyDSLprincessdianne","qos":0,"transid":"20131130-00000","firsttime":"2013-11-30T13:00:00.000Z","lasttime":"2013-11-30T01:00:00.000Z","lastupdt":"2013-11-29T23:00:00.000Z","housenumber":null,"road":null,"city":null,"region":"Metro Manila","country":"PH","netid":"50:67:F0:83:31:C7","name":null,"type":"infra","comment":null,"wep":"Y","channel":1,"bcninterval":0,"freenet":"?","dhcp":"?","paynet":"?","userfound":false,"encryption":"wep"},{"trilat":14.643384929999999854999259696342051029205322265625,"trilong":121.061073300000003882814780808985233306884765625,"ssid":"V I L L","qos":0,"transid":"20161206-00000","firsttime":"2016-12-04T20:00:00.000Z","lasttime":"2016-12-06T07:00:00.000Z","lastupdt":"2016-12-06T07:00:00.000Z","housenumber":null,"road":null,"city":null,"region":null,"country":null,"netid":"B8:BC:1B:3B:26:6E","name":null,"type":"infra","comment":null,"wep":"2","channel":6,"bcninterval":0,"freenet":"?","dhcp":"?","paynet":"?","userfound":false,"encryption":"wpa2"},{"trilat":14.6444072700000003095510692219249904155731201171875,"trilong":121.061279299999995373582351021468639373779296875,"ssid":"Akasha","qos":5,"transid":"20130209-00000","firsttime":"2013-02-09T20:00:00.000Z","lasttime":"2015-07-26T00:00:00.000Z","lastupdt":"2015-07-26T00:00:00.000Z","housenumber":null,"road":null,"city":null,"region":"Metro Manila","country":"PH","netid":"58:6D:8F:2C:67:58","name":null,"type":"infra","comment":null,"wep":"2","channel":1,"bcninterval":0,"freenet":"?","dhcp":"?","paynet":"?","userfound":false,"encryption":"wpa2"},{"trilat":14.6410226800000007330027074203826487064361572265625,"trilong":121.0593566900000013220051187090575695037841796875,"ssid":"LimeZebra","qos":1,"transid":"20131030-00000","firsttime":"2013-10-21T17:00:00.000Z","lasttime":"2013-10-30T05:00:00.000Z","lastupdt":"2013-10-30T03:00:00.000Z","housenumber":null,"road":null,"city":null,"region":"Metro Manila","country":"PH","netid":"58:6D:8F:58:C8:DF","name":null,"type":"infra","comment":null,"wep":"2","channel":6,"bcninterval":0,"freenet":"?","dhcp":"?","paynet":"?","userfound":false,"encryption":"wpa2"},{"trilat":14.6454353299999997517488736775703728199005126953125,"trilong":121.0609207199999985959948389790952205657958984375,"ssid":"Jovy's S4","qos":0,"transid":"20150120-00000","firsttime":"2015-01-10T19:00:00.000Z","lasttime":"2015-01-21T20:00:00.000Z","lastupdt":"2015-07-26T00:00:00.000Z","housenumber":null,"road":null,"city":null,"region":null,"country":null,"netid":"40:F3:08:71:85:04","name":null,"type":"infra","comment":null,"wep":"2","channel":6,"bcninterval":0,"freenet":"?","dhcp":"?","paynet":"?","userfound":false,"encryption":"wpa2"},{"trilat":14.6468305599999997212989910622127354145050048828125,"trilong":121.0596237200000047096182242967188358306884765625,"ssid":"NCBA CHORALE","qos":1,"transid":"20150120-00000","firsttime":"2015-01-10T18:00:00.000Z","lasttime":"2015-09-16T09:00:00.000Z","lastupdt":"2015-09-16T09:00:00.000Z","housenumber":null,"road":null,"city":null,"region":null,"country":null,"netid":"3C:DF:BD:D5:47:05","name":null,"type":"infra","comment":null,"wep":"2","channel":1,"bcninterval":0,"freenet":"?","dhcp":"?","paynet":"?","userfound":false,"encryption":"wpa2"},{"trilat":14.6466236100000006814525477238930761814117431640625,"trilong":121.0604629500000015696059563197195529937744140625,"ssid":"maverick","qos":0,"transid":"20150216-00000","firsttime":"2015-02-10T21:00:00.000Z","lasttime":"2015-02-16T06:00:00.000Z","lastupdt":"2015-07-26T00:00:00.000Z","housenumber":null,"road":null,"city":null,"region":null,"country":null,"netid":"3C:DF:BD:33:28:5F","name":null,"type":"infra","comment":null,"wep":"2","channel":6,"bcninterval":0,"freenet":"?","dhcp":"?","paynet":"?","userfound":false,"encryption":"wpa2"},{"trilat":14.64712429000000071255271905101835727691650390625,"trilong":121.0577087399999953731821733526885509490966796875,"ssid":"HUAWEI-E5220-7b4b","qos":0,"transid":"20140508-00000","firsttime":"2014-05-01T21:00:00.000Z","lasttime":"2014-05-09T05:00:00.000Z","lastupdt":"2015-07-26T00:00:00.000Z","housenumber":null,"road":null,"city":null,"region":null,"country":null,"netid":"34:CD:BE:8F:7B:4B","name":null,"type":"infra","comment":null,"wep":"2","channel":6,"bcninterval":0,"freenet":"?","dhcp":"?","paynet":"?","userfound":false,"encryption":"wpa2"},{"trilat":14.6460437799999994012978277169167995452880859375,"trilong":121.0603179900000014868055586703121662139892578125,"ssid":"Andoks","qos":0,"transid":"20170715-00000","firsttime":"2017-07-15T16:00:00.000Z","lasttime":"2017-07-15T01:00:00.000Z","lastupdt":"2017-07-15T01:00:00.000Z","housenumber":"","road":"Maginhawa","city":"","region":"","country":"PH","netid":"34:BA:9A:50:5F:94","name":null,"type":"infra","comment":null,"wep":"2","channel":9,"bcninterval":0,"freenet":"?","dhcp":"?","paynet":"?","userfound":false,"encryption":"wpa2"},{"trilat":14.646330830000000133850335259921848773956298828125,"trilong":121.05967712000000346961314789950847625732421875,"ssid":"iggyboi","qos":0,"transid":"20130309-00000","firsttime":"2013-03-09T18:00:00.000Z","lasttime":"2013-03-11T16:00:00.000Z","lastupdt":"2013-03-11T14:00:00.000Z","housenumber":null,"road":null,"city":null,"region":"Metro Manila","country":"PH","netid":"4C:BC:A5:D4:18:00","name":null,"type":"infra","comment":null,"wep":"2","channel":6,"bcninterval":0,"freenet":"?","dhcp":"?","paynet":"?","userfound":false,"encryption":"wpa2"},{"trilat":14.646402359999999731599018559791147708892822265625,"trilong":121.060859679999992977172951214015483856201171875,"ssid":"linksys","qos":5,"transid":"20130301-00000","firsttime":"2013-02-24T20:00:00.000Z","lasttime":"2014-08-17T06:00:00.000Z","lastupdt":"2015-07-26T00:00:00.000Z","housenumber":null,"road":null,"city":null,"region":"Metro Manila","country":"PH","netid":"C0:C1:C0:2B:D2:59","name":null,"type":"infra","comment":null,"wep":"2","channel":11,"bcninterval":0,"freenet":"?","dhcp":"?","paynet":"?","userfound":false,"encryption":"wpa2"},{"trilat":14.6464080800000004956018528901040554046630859375,"trilong":121.059280400000005784022505395114421844482421875,"ssid":"HUAWEI-FA07","qos":0,"transid":"20170729-00000","firsttime":"2017-07-16T19:00:00.000Z","lasttime":"2017-07-29T13:00:00.000Z","lastupdt":"2017-07-29T13:00:00.000Z","housenumber":"","road":"Magiting","city":"","region":"","country":"PH","netid":"48:DB:50:B2:FA:07","name":null,"type":"infra","comment":null,"wep":"2","channel":6,"bcninterval":0,"freenet":"?","dhcp":"?","paynet":"?","userfound":false,"encryption":"wpa2"},{"trilat":14.6468296099999992776474755373783409595489501953125,"trilong":121.0601120000000037180143408477306365966796875,"ssid":"PLDTHOMEDSL2DAC6","qos":0,"transid":"20170715-00000","firsttime":"2017-07-15T16:00:00.000Z","lasttime":"2017-07-15T01:00:00.000Z","lastupdt":"2017-07-15T01:00:00.000Z","housenumber":"60","road":"Magiting","city":"","region":"","country":"PH","netid":"4C:81:20:92:DA:C6","name":null,"type":"infra","comment":null,"wep":"2","channel":11,"bcninterval":0,"freenet":"?","dhcp":"?","paynet":"?","userfound":false,"encryption":"wpa2"},{"trilat":14.645433430000000640802682028152048587799072265625,"trilong":121.060974119999997355989762581884860992431640625,"ssid":"Mae Olayta?s iPhone","qos":0,"transid":"20140922-00000","firsttime":"2014-09-22T20:00:00.000Z","lasttime":"2014-09-22T08:00:00.000Z","lastupdt":"2015-07-26T00:00:00.000Z","housenumber":null,"road":null,"city":null,"region":null,"country":null,"netid":"2A:CF:E9:96:4E:11","name":null,"type":"infra","comment":null,"wep":"2","channel":6,"bcninterval":0,"freenet":"?","dhcp":"?","paynet":"?","userfound":false,"encryption":"wpa2"},{"trilat":14.6462783800000000411500877817161381244659423828125,"trilong":121.05967712000000346961314789950847625732421875,"ssid":"FatPipe@BosCoffee","qos":2,"transid":"20170609-00000","firsttime":"2017-06-03T18:00:00.000Z","lasttime":"2017-07-29T13:00:00.000Z","lastupdt":"2017-07-29T13:00:00.000Z","housenumber":"","road":"Maginhawa","city":"","region":"","country":"PH","netid":"30:B5:C2:B5:33:12","name":null,"type":"infra","comment":null,"wep":"?","channel":6,"bcninterval":0,"freenet":"?","dhcp":"?","paynet":"?","userfound":false,"encryption":"unknown"},{"trilat":14.642804149999999907549863564781844615936279296875,"trilong":121.0599136400000048752190195955336093902587890625,"ssid":"2d24ea","qos":1,"transid":"20130309-00000","firsttime":"2013-03-09T20:00:00.000Z","lasttime":"2013-11-30T01:00:00.000Z","lastupdt":"2013-11-29T23:00:00.000Z","housenumber":null,"road":null,"city":null,"region":"Metro Manila","country":"PH","netid":"4C:72:B9:AC:2B:17","name":null,"type":"infra","comment":null,"wep":"2","channel":1,"bcninterval":0,"freenet":"?","dhcp":"?","paynet":"?","userfound":false,"encryption":"wpa2"},{"trilat":14.647182459999999792898961459286510944366455078125,"trilong":121.0575790399999931423735688440501689910888671875,"ssid":"siopao","qos":0,"transid":"20130917-00000","firsttime":"2013-09-17T19:00:00.000Z","lasttime":"2013-09-17T06:00:00.000Z","lastupdt":"2013-09-17T04:00:00.000Z","housenumber":null,"road":null,"city":null,"region":"Metro Manila","country":"PH","netid":"30:F3:1D:61:60:D7","name":null,"type":"infra","comment":null,"wep":"2","channel":1,"bcninterval":0,"freenet":"?","dhcp":"?","paynet":"?","userfound":false,"encryption":"wpa2"},{"trilat":14.6467580799999996798987922375090420246124267578125,"trilong":121.05859375,"ssid":"VIRUS","qos":5,"transid":"20131110-00000","firsttime":"2013-11-09T19:00:00.000Z","lasttime":"2015-08-08T09:00:00.000Z","lastupdt":"2015-08-08T09:00:00.000Z","housenumber":null,"road":null,"city":null,"region":"Metro Manila","country":"PH","netid":"30:F3:1D:61:7B:93","name":null,"type":"infra","comment":null,"wep":"2","channel":1,"bcninterval":0,"freenet":"?","dhcp":"?","paynet":"?","userfound":false,"encryption":"wpa2"},{"trilat":14.64515781000000060885213315486907958984375,"trilong":121.0605621299999938855762593448162078857421875,"ssid":"mf","qos":1,"transid":"20131110-00000","firsttime":"2001-01-01T08:00:00.000Z","lasttime":"2015-02-16T06:00:00.000Z","lastupdt":"2015-07-26T00:00:00.000Z","housenumber":null,"road":null,"city":null,"region":"Metro Manila","country":"PH","netid":"2C:26:C5:C2:76:07","name":null,"type":"infra","comment":null,"wep":"2","channel":6,"bcninterval":0,"freenet":"?","dhcp":"?","paynet":"?","userfound":false,"encryption":"wpa2"},{"trilat":14.6468181600000004749517756863497197628021240234375,"trilong":121.059745789999993803576217032968997955322265625,"ssid":"DIRECT-3C-HP DeskJet 3830 series","qos":2,"transid":"20170303-00000","firsttime":"2017-03-03T20:00:00.000Z","lasttime":"2017-07-15T01:00:00.000Z","lastupdt":"2017-07-15T01:00:00.000Z","housenumber":"","road":"Magiting","city":"","region":"","country":"PH","netid":"30:E1:71:9C:36:3D","name":null,"type":"infra","comment":null,"wep":"2","channel":11,"bcninterval":0,"freenet":"?","dhcp":"?","paynet":"?","userfound":false,"encryption":"wpa2"},{"trilat":14.64682387999999946259777061641216278076171875,"trilong":121.0597686800000047924186219461262226104736328125,"ssid":"jazpeachyken pocketwifi","qos":0,"transid":"20130621-00000","firsttime":"2013-06-02T19:00:00.000Z","lasttime":"2013-06-21T06:00:00.000Z","lastupdt":"2013-06-21T04:00:00.000Z","housenumber":null,"road":null,"city":null,"region":"Metro Manila","country":"PH","netid":"4C:0B:3A:59:24:F0","name":null,"type":"infra","comment":null,"wep":"2","channel":2,"bcninterval":0,"freenet":"?","dhcp":"?","paynet":"?","userfound":false,"encryption":"wpa2"},{"trilat":14.646256449999999205147105385549366474151611328125,"trilong":121.059860229999998182393028400838375091552734375,"ssid":"Sun Wi-Fi -Rayos del Sol","qos":1,"transid":"20131001-00000","firsttime":"2013-09-28T13:00:00.000Z","lasttime":"2013-10-01T22:00:00.000Z","lastupdt":"2013-10-01T20:00:00.000Z","housenumber":null,"road":null,"city":null,"region":"Metro Manila","country":"PH","netid":"C8:7B:5B:42:54:A2","name":null,"type":"infra","comment":null,"wep":"2","channel":1,"bcninterval":0,"freenet":"?","dhcp":"?","paynet":"?","userfound":false,"encryption":"wpa2"},{"trilat":14.646865840000000247300704359076917171478271484375,"trilong":121.0579605100000009088034857995808124542236328125,"ssid":"Johns","qos":5,"transid":"20130320-00000","firsttime":"2013-03-19T21:00:00.000Z","lasttime":"2014-09-01T12:00:00.000Z","lastupdt":"2015-07-26T00:00:00.000Z","housenumber":null,"road":null,"city":null,"region":"Metro Manila","country":"PH","netid":"C8:7B:5B:86:E4:08","name":null,"type":"infra","comment":null,"wep":"2","channel":6,"bcninterval":0,"freenet":"?","dhcp":"?","paynet":"?","userfound":false,"encryption":"wpa2"},{"trilat":14.6466598500000007021526471362449228763580322265625,"trilong":121.0613021900000063624247559346258640289306640625,"ssid":"Free Public WiFi","qos":0,"transid":"20130802-00000","firsttime":"2013-07-30T18:00:00.000Z","lasttime":"2013-08-02T23:00:00.000Z","lastupdt":"2013-08-02T21:00:00.000Z","housenumber":null,"road":null,"city":null,"region":"Metro Manila","country":"PH","netid":"BA:89:E9:14:84:D8","name":null,"type":"ad-hoc","comment":null,"wep":"N","channel":10,"bcninterval":0,"freenet":"Y","dhcp":"?","paynet":"?","userfound":false,"encryption":"none"},{"trilat":14.6466331499999995457983459345996379852294921875,"trilong":121.0584335300000020652078092098236083984375,"ssid":"GELA??","qos":0,"transid":"20150916-00000","firsttime":"2015-09-04T19:00:00.000Z","lasttime":"2015-09-16T09:00:00.000Z","lastupdt":"2015-09-16T09:00:00.000Z","housenumber":null,"road":null,"city":null,"region":null,"country":null,"netid":"3A:48:4C:29:63:DD","name":null,"type":"infra","comment":null,"wep":"2","channel":6,"bcninterval":0,"freenet":"?","dhcp":"?","paynet":"?","userfound":false,"encryption":"wpa2"},{"trilat":14.644399639999999607198333251290023326873779296875,"trilong":121.061004639999993059973348863422870635986328125,"ssid":"mona's bakeshop wifi","qos":5,"transid":"20130222-00000","firsttime":"2013-02-22T22:00:00.000Z","lasttime":"2013-06-21T06:00:00.000Z","lastupdt":"2013-06-21T04:00:00.000Z","housenumber":null,"road":null,"city":null,"region":"Metro Manila","country":"PH","netid":"C8:64:C7:4B:F6:D4","name":null,"type":"infra","comment":null,"wep":"2","channel":1,"bcninterval":0,"freenet":"?","dhcp":"?","paynet":"?","userfound":false,"encryption":"wpa2"},{"trilat":14.646792409999999762248990009538829326629638671875,"trilong":121.0579833999999976867911755107343196868896484375,"ssid":"Guest","qos":1,"transid":"20130703-00000","firsttime":"2013-06-30T22:00:00.000Z","lasttime":"2013-08-31T17:00:00.000Z","lastupdt":"2013-08-31T15:00:00.000Z","housenumber":null,"road":null,"city":null,"region":"Metro Manila","country":"PH","netid":"BA:C7:5D:0C:C5:A2","name":null,"type":"infra","comment":null,"wep":"2","channel":9,"bcninterval":0,"freenet":"?","dhcp":"?","paynet":"?","userfound":false,"encryption":"wpa2"},{"trilat":14.6469087600000005267020242172293365001678466796875,"trilong":121.059860229999998182393028400838375091552734375,"ssid":"Kamagong Dilnet","qos":5,"transid":"20130621-00000","firsttime":"2013-06-11T20:00:00.000Z","lasttime":"2014-05-09T05:00:00.000Z","lastupdt":"2015-07-26T00:00:00.000Z","housenumber":null,"road":null,"city":null,"region":"Metro Manila","country":"PH","netid":"3C:8B:FE:09:68:A8","name":null,"type":"infra","comment":null,"wep":"2","channel":6,"bcninterval":0,"freenet":"?","dhcp":"?","paynet":"?","userfound":false,"encryption":"wpa2"},{"trilat":14.6464586299999997009990693186409771442413330078125,"trilong":121.0588073699999966947871143929660320281982421875,"ssid":"StratocasterMan","qos":0,"transid":"20150120-00000","firsttime":"2015-01-11T20:00:00.000Z","lasttime":"2015-01-21T20:00:00.000Z","lastupdt":"2015-07-26T00:00:00.000Z","housenumber":null,"road":null,"city":null,"region":null,"country":null,"netid":"46:91:DB:CB:A6:DF","name":null,"type":"infra","comment":null,"wep":"2","channel":1,"bcninterval":0,"freenet":"?","dhcp":"?","paynet":"?","userfound":false,"encryption":"wpa2"},{"trilat":14.6465005900000004857020030613057315349578857421875,"trilong":121.05967712000000346961314789950847625732421875,"ssid":"llave","qos":0,"transid":"20150812-00000","firsttime":"2015-08-12T21:00:00.000Z","lasttime":"2015-08-12T07:00:00.000Z","lastupdt":"2015-08-12T07:00:00.000Z","housenumber":null,"road":null,"city":null,"region":null,"country":null,"netid":"C4:42:02:4A:31:C7","name":null,"type":"infra","comment":null,"wep":"2","channel":1,"bcninterval":0,"freenet":"?","dhcp":"?","paynet":"?","userfound":false,"encryption":"wpa2"},{"trilat":14.6466531799999994944982972810976207256317138671875,"trilong":121.0591964700000033872129279188811779022216796875,"ssid":"bwahahahaha","qos":0,"transid":"20150216-00000","firsttime":"2015-02-13T11:00:00.000Z","lasttime":"2015-02-16T06:00:00.000Z","lastupdt":"2015-07-26T00:00:00.000Z","housenumber":null,"road":null,"city":null,"region":null,"country":null,"netid":"30:A8:DB:BE:83:A9","name":null,"type":"infra","comment":null,"wep":"2","channel":1,"bcninterval":0,"freenet":"?","dhcp":"?","paynet":"?","userfound":false,"encryption":"wpa2"},{"trilat":14.6458663900000001234502633451484143733978271484375,"trilong":121.0608749400000050400194595567882061004638671875,"ssid":"Pepper","qos":0,"transid":"20150726-00000","firsttime":"2015-02-25T20:00:00.000Z","lasttime":"2015-07-26T00:00:00.000Z","lastupdt":"2015-07-26T00:00:00.000Z","housenumber":null,"road":null,"city":null,"region":null,"country":null,"netid":"C0:BD:D1:2D:86:66","name":null,"type":"infra","comment":null,"wep":"2","channel":1,"bcninterval":0,"freenet":"?","dhcp":"?","paynet":"?","userfound":false,"encryption":"wpa2"},{"trilat":14.646585460000000722402546671219170093536376953125,"trilong":121.05857849000000214800820685923099517822265625,"ssid":"AndroidAP","qos":0,"transid":"20150726-00000","firsttime":"2015-07-25T23:00:00.000Z","lasttime":"2015-07-26T00:00:00.000Z","lastupdt":"2015-07-26T00:00:00.000Z","housenumber":null,"road":null,"city":null,"region":null,"country":null,"netid":"C0:BD:D1:C6:7A:EC","name":null,"type":"infra","comment":null,"wep":"2","channel":11,"bcninterval":0,"freenet":"?","dhcp":"?","paynet":"?","userfound":false,"encryption":"wpa2"},{"trilat":14.6456289300000008779534255154430866241455078125,"trilong":121.06099700999999413397745229303836822509765625,"ssid":"TP-LINK_M7350_38E177","qos":0,"transid":"20170609-00000","firsttime":"2017-06-03T18:00:00.000Z","lasttime":"2017-06-09T05:00:00.000Z","lastupdt":"2017-06-09T05:00:00.000Z","housenumber":null,"road":null,"city":null,"region":null,"country":null,"netid":"3C:46:D8:38:E1:77","name":null,"type":"infra","comment":null,"wep":"2","channel":1,"bcninterval":0,"freenet":"?","dhcp":"?","paynet":"?","userfound":false,"encryption":"wpa2"},{"trilat":14.646946910000000485752025269903242588043212890625,"trilong":121.05972289999999702558852732181549072265625,"ssid":"Poliquit","qos":0,"transid":"20130822-00000","firsttime":"2013-08-21T16:00:00.000Z","lasttime":"2013-08-22T00:00:00.000Z","lastupdt":"2013-08-21T23:00:00.000Z","housenumber":null,"road":null,"city":null,"region":"Metro Manila","country":"PH","netid":"38:AA:3C:DF:D4:0B","name":null,"type":"infra","comment":null,"wep":"2","channel":6,"bcninterval":0,"freenet":"?","dhcp":"?","paynet":"?","userfound":false,"encryption":"wpa2"},{"trilat":14.64683342000000010330040822736918926239013671875,"trilong":121.0596542400000004136018105782568454742431640625,"ssid":"PLDTMyDSLhello","qos":0,"transid":"20130621-00000","firsttime":"2013-05-30T19:00:00.000Z","lasttime":"2013-06-21T06:00:00.000Z","lastupdt":"2013-06-21T04:00:00.000Z","housenumber":null,"road":null,"city":null,"region":"Metro Manila","country":"PH","netid":"B0:B2:DC:AA:99:84","name":null,"type":"infra","comment":null,"wep":"2","channel":11,"bcninterval":0,"freenet":"?","dhcp":"?","paynet":"?","userfound":false,"encryption":"wpa2"},{"trilat":14.646827699999999339297573897056281566619873046875,"trilong":121.0605239899999929775731288827955722808837890625,"ssid":"Mordor","qos":2,"transid":"20130222-00000","firsttime":"2013-02-22T22:00:00.000Z","lasttime":"2013-03-22T18:00:00.000Z","lastupdt":"2013-03-22T16:00:00.000Z","housenumber":null,"road":null,"city":null,"region":"Metro Manila","country":"PH","netid":"C8:7B:5B:C1:C1:C0","name":null,"type":"infra","comment":null,"wep":"W","channel":10,"bcninterval":0,"freenet":"?","dhcp":"?","paynet":"?","userfound":false,"encryption":"wpa"},{"trilat":14.641599660000000682202880852855741977691650390625,"trilong":121.06069182999999611638486385345458984375,"ssid":"AngelinoJolen","qos":5,"transid":"20140813-00000","firsttime":"2014-08-06T18:00:00.000Z","lasttime":"2015-07-26T00:00:00.000Z","lastupdt":"2015-07-26T00:00:00.000Z","housenumber":null,"road":null,"city":null,"region":null,"country":null,"netid":"B0:C5:54:D8:8A:6E","name":null,"type":"infra","comment":null,"wep":"2","channel":1,"bcninterval":0,"freenet":"?","dhcp":"?","paynet":"?","userfound":false,"encryption":"wpa2"},{"trilat":14.6466636700000005788524504168890416622161865234375,"trilong":121.0577774000000061960236052982509136199951171875,"ssid":"Earth1","qos":0,"transid":"20150726-00000","firsttime":"2014-09-06T14:00:00.000Z","lasttime":"2015-07-26T00:00:00.000Z","lastupdt":"2015-07-26T00:00:00.000Z","housenumber":null,"road":null,"city":null,"region":null,"country":null,"netid":"5C:0A:5B:44:B9:9C","name":null,"type":"infra","comment":null,"wep":"2","channel":6,"bcninterval":0,"freenet":"?","dhcp":"?","paynet":"?","userfound":false,"encryption":"wpa2"},{"trilat":14.64685154000000011365045793354511260986328125,"trilong":121.0579910299999966127870720811188220977783203125,"ssid":"dlink","qos":5,"transid":"20140508-00000","firsttime":"2014-05-01T21:00:00.000Z","lasttime":"2017-07-29T13:00:00.000Z","lastupdt":"2017-07-29T13:00:00.000Z","housenumber":"79","road":"Maginhawa","city":"","region":"","country":"PH","netid":"C8:D3:A3:1B:8F:40","name":null,"type":"infra","comment":null,"wep":"2","channel":6,"bcninterval":0,"freenet":"?","dhcp":"?","paynet":"?","userfound":false,"encryption":"wpa2"}]}