{"success":true,"totalResults":2103,"search_after":97857774,"first":1,"last":100,"resultCount":100,"results":[{"trilat":14.6455183000000008775032256380654871463775634765625,"trilong":121.060974119999997355989762581884860992431640625,"ssid":"Jesus","qos":0,"transid":"20140817-00000","firsttime":"2014-08-16T18:00:00.000Z","lasttime":"2014-08-17T06:00:00.000Z","lastupdt":"2015-07-26T00:00:00.000Z","housenumber":null,"road":null,"city":null,"region":null,"country":null,"netid":"F0:72:8C:EE:35:8D","name":null,"type":"infra","comment":null,"wep":"2","channel":6,"bcninterval":0,"freenet":"?","dhcp":"?","paynet":"?","userfound":false,"encryption":"wpa2"},{"trilat":14.645310399999999617648427374660968780517578125,"trilong":121.060928340000003800014383159577846527099609375,"ssid":"Crazy","qos":0,"transid":"20161206-00000","firsttime":"2016-12-04T20:00:00.000Z","lasttime":"2016-12-06T07:00:00.000Z","lastupdt":"2016-12-06T07:00:00.000Z","housenumber":null,"road":null,"city":null,"region":null,"country":null,"netid":"F0:79:59:2A:26:E0","name":null,"type":"infra","comment":null,"wep":"2","channel":6,"bcninterval":0,"freenet":"?","dhcp":"?","paynet":"?","userfound":false,"encryption":"wpa2"},{"trilat":14.643167500000000558202373213134706020355224609375,"trilong":121.0579376200000041308157960884273052215576171875,"ssid":"wenagbet","qos":1,"transid":"20130924-00000","firsttime":"2013-09-22T16:00:00.000Z","lasttime":"2013-09-24T19:00:00.000Z","lastupdt":"2013-09-24T17:00:00.000Z","housenumber":null,"road":null,"city":null,"region":"Metro Manila","country":"PH","netid":"F8:01:13:7F:B6:3F","name":null,"type":"infra","comment":null,"wep":"2","channel":6,"bcninterval":0,"freenet":"?","dhcp":"?","paynet":"?","userfound":false,"encryption":"wpa2"},{"trilat":14.6413021099999998142493495834060013294219970703125,"trilong":121.06122589000000289161107502877712249755859375,"ssid":"Free Public WiFi","qos":0,"transid":"20130324-00000","firsttime":"2013-03-23T17:00:00.000Z","lasttime":"2013-03-24T04:00:00.000Z","lastupdt":"2013-03-24T02:00:00.000Z","housenumber":null,"road":null,"city":null,"region":"Metro Manila","country":"PH","netid":"F6:94:0E:3B:2C:FA","name":null,"type":"ad-hoc","comment":null,"wep":"N","channel":11,"bcninterval":0,"freenet":"Y","dhcp":"?","paynet":"?","userfound":false,"encryption":"none"},{"trilat":14.64690685000000058835212257690727710723876953125,"trilong":121.0578155500000008260030881501734256744384765625,"ssid":"Team s plus","qos":0,"transid":"20150104-00000","firsttime":"2015-01-04T19:00:00.000Z","lasttime":"2015-01-04T21:00:00.000Z","lastupdt":"2015-07-26T00:00:00.000Z","housenumber":null,"road":null,"city":null,"region":null,"country":null,"netid":"AA:A6:68:51:8E:34","name":null,"type":"infra","comment":null,"wep":"2","channel":6,"bcninterval":0,"freenet":"?","dhcp":"?","paynet":"?","userfound":false,"encryption":"wpa2"},{"trilat":14.64653492000000056805220083333551883697509765625,"trilong":121.05873871000000008280039764940738677978515625,"ssid":"SKYLINE PENION","qos":0,"transid":"20150916-00000","firsttime":"2015-09-04T19:00:00.000Z","lasttime":"2015-09-16T09:00:00.000Z","lastupdt":"2015-09-16T09:00:00.000Z","housenumber":null,"road":null,"city":null,"region":null,"country":null,"netid":"AA:A6:68:7A:44:86","name":null,"type":"infra","comment":null,"wep":"2","channel":13,"bcninterval":0,"freenet":"?","dhcp":"?","paynet":"?","userfound":false,"encryption":"wpa2"},{"trilat":14.646565439999999824749465915374457836151123046875,"trilong":121.0583038299999998343992047011852264404296875,"ssid":"kalBro_HandsOff","qos":0,"transid":"20150216-00000","firsttime":"2015-02-09T17:00:00.000Z","lasttime":"2015-02-16T06:00:00.000Z","lastupdt":"2015-07-26T00:00:00.000Z","housenumber":null,"road":null,"city":null,"region":null,"country":null,"netid":"AA:A6:68:74:E3:48","name":null,"type":"infra","comment":null,"wep":"2","channel":1,"bcninterval":0,"freenet":"?","dhcp":"?","paynet":"?","userfound":false,"encryption":"wpa2"},{"trilat":14.646791459999999318597474484704434871673583984375,"trilong":121.0575943000000052052200771868228912353515625,"ssid":"Khrysteen","qos":0,"transid":"20150731-00000","firsttime":"2001-01-01T08:00:00.000Z","lasttime":"2015-07-31T21:00:00.000Z","lastupdt":"2015-07-31T21:00:00.000Z","housenumber":null,"road":null,"city":null,"region":null,"country":null,"netid":"AA:A6:68:74:ED:10","name":null,"type":"infra","comment":null,"wep":"2","channel":1,"bcninterval":0,"freenet":"?","dhcp":"?","paynet":"?","userfound":false,"encryption":"wpa2"},{"trilat":14.64705848999999915349690127186477184295654296875,"trilong":121.0608215299999983471934683620929718017578125,"ssid":"Smart Bro_2D0D19","qos":0,"transid":"20161206-00000","firsttime":"2016-12-04T20:00:00.000Z","lasttime":"2016-12-06T07:00:00.000Z","lastupdt":"2016-12-06T07:00:00.000Z","housenumber":null,"road":null,"city":null,"region":null,"country":null,"netid":"AA:A6:68:2D:0D:19","name":null,"type":"infra","comment":null,"wep":"2","channel":1,"bcninterval":0,"freenet":"?","dhcp":"?","paynet":"?","userfound":false,"encryption":"wpa2"},{"trilat":14.646809579999999328947524190880358219146728515625,"trilong":121.060409550000002809611032716929912567138671875,"ssid":"nathan08","qos":0,"transid":"20150216-00000","firsttime":"2015-02-10T21:00:00.000Z","lasttime":"2015-02-16T06:00:00.000Z","lastupdt":"2015-07-26T00:00:00.000Z","housenumber":null,"road":null,"city":null,"region":null,"country":null,"netid":"AA:A6:68:2D:0E:7F","name":null,"type":"infra","comment":null,"wep":"2","channel":13,"bcninterval":0,"freenet":"?","dhcp":"?","paynet":"?","userfound":false,"encryption":"wpa2"},{"trilat":14.6464548099999998242992660379968583583831787109375,"trilong":121.058334349999995538382790982723236083984375,"ssid":"VTRACK SMART","qos":0,"transid":"20150216-00000","firsttime":"2015-02-11T16:00:00.000Z","lasttime":"2015-02-16T06:00:00.000Z","lastupdt":"2015-07-26T00:00:00.000Z","housenumber":null,"road":null,"city":null,"region":null,"country":null,"netid":"AA:A6:68:2D:20:B7","name":null,"type":"infra","comment":null,"wep":"2","channel":5,"bcninterval":0,"freenet":"?","dhcp":"?","paynet":"?","userfound":false,"encryption":"wpa2"},{"trilat":14.643510819999999483798092114739120006561279296875,"trilong":121.0597915599999936375752440653741359710693359375,"ssid":"Smart Bro_2F9C44","qos":5,"transid":"20150216-00000","firsttime":"2015-02-10T20:00:00.000Z","lasttime":"2015-09-16T09:00:00.000Z","lastupdt":"2015-09-16T09:00:00.000Z","housenumber":null,"road":null,"city":null,"region":null,"country":null,"netid":"AA:A6:68:2F:9C:44","name":null,"type":"infra","comment":null,"wep":"2","channel":6,"bcninterval":0,"freenet":"?","dhcp":"?","paynet":"?","userfound":false,"encryption":"wpa2"},{"trilat":14.642831799999999731198840891011059284210205078125,"trilong":121.0591735800000066092252382077276706695556640625,"ssid":"RIA.LORAINE","qos":0,"transid":"20161206-00000","firsttime":"2016-12-04T20:00:00.000Z","lasttime":"2016-12-06T07:00:00.000Z","lastupdt":"2016-12-06T07:00:00.000Z","housenumber":null,"road":null,"city":null,"region":null,"country":null,"netid":"AA:A6:68:B4:7F:D3","name":null,"type":"infra","comment":null,"wep":"2","channel":1,"bcninterval":0,"freenet":"?","dhcp":"?","paynet":"?","userfound":false,"encryption":"wpa2"},{"trilat":14.6459388700000001648504621698521077632904052734375,"trilong":121.06028747999999950479832477867603302001953125,"ssid":"baetweeds","qos":0,"transid":"20170609-00000","firsttime":"2017-06-03T18:00:00.000Z","lasttime":"2017-06-09T05:00:00.000Z","lastupdt":"2017-06-09T05:00:00.000Z","housenumber":null,"road":null,"city":null,"region":null,"country":null,"netid":"AA:A6:68:DD:47:44","name":null,"type":"infra","comment":null,"wep":"2","channel":1,"bcninterval":0,"freenet":"?","dhcp":"?","paynet":"?","userfound":false,"encryption":"wpa2"},{"trilat":14.64100552000000021735104382969439029693603515625,"trilong":121.0593795799999980999928084202110767364501953125,"ssid":"PLDTMyDSL","qos":1,"transid":"20131030-00000","firsttime":"2013-10-21T17:00:00.000Z","lasttime":"2013-10-30T05:00:00.000Z","lastupdt":"2013-10-30T03:00:00.000Z","housenumber":null,"road":null,"city":null,"region":"Metro Manila","country":"PH","netid":"FC:8B:97:27:79:91","name":null,"type":"infra","comment":null,"wep":"2","channel":11,"bcninterval":0,"freenet":"?","dhcp":"?","paynet":"?","userfound":false,"encryption":"wpa2"},{"trilat":14.6463918700000004236017048242501914501190185546875,"trilong":121.0600738499999948771801427938044071197509765625,"ssid":"PLDTMyDSL","qos":3,"transid":"20150216-00000","firsttime":"2015-02-09T17:00:00.000Z","lasttime":"2015-07-26T00:00:00.000Z","lastupdt":"2015-07-26T00:00:00.000Z","housenumber":null,"road":null,"city":null,"region":null,"country":null,"netid":"FC:8B:97:38:AB:3A","name":null,"type":"infra","comment":null,"wep":"2","channel":11,"bcninterval":0,"freenet":"?","dhcp":"?","paynet":"?","userfound":false,"encryption":"wpa2"},{"trilat":14.6421470599999992145967553369700908660888671875,"trilong":121.05834960999999339037458412349224090576171875,"ssid":"bayanDSL","qos":1,"transid":"20130309-00000","firsttime":"2013-03-09T20:00:00.000Z","lasttime":"2013-03-11T16:00:00.000Z","lastupdt":"2013-03-11T14:00:00.000Z","housenumber":null,"road":null,"city":null,"region":"Metro Manila","country":"PH","netid":"FC:C8:97:68:C9:F9","name":null,"type":"infra","comment":null,"wep":"W","channel":1,"bcninterval":0,"freenet":"?","dhcp":"?","paynet":"?","userfound":false,"encryption":"wpa"},{"trilat":14.6427984200000000925001586438156664371490478515625,"trilong":121.0580902100000031396120903082191944122314453125,"ssid":"MidnightOwl","qos":1,"transid":"20130309-00000","firsttime":"2013-03-09T20:00:00.000Z","lasttime":"2013-03-11T16:00:00.000Z","lastupdt":"2013-03-11T14:00:00.000Z","housenumber":null,"road":null,"city":null,"region":"Metro Manila","country":"PH","netid":"FC:C8:97:68:DA:3C","name":null,"type":"infra","comment":null,"wep":"W","channel":1,"bcninterval":0,"freenet":"?","dhcp":"?","paynet":"?","userfound":false,"encryption":"wpa"},{"trilat":14.6459569900000001752005118760280311107635498046875,"trilong":121.057518009999995456382748670876026153564453125,"ssid":"Do You Believe? ","qos":0,"transid":"20160227-00000","firsttime":"2016-02-13T21:00:00.000Z","lasttime":"2016-02-27T07:00:00.000Z","lastupdt":"2016-02-27T07:00:00.000Z","housenumber":null,"road":null,"city":null,"region":null,"country":null,"netid":"FC:B4:E6:4A:E2:16","name":null,"type":"infra","comment":null,"wep":"2","channel":1,"bcninterval":0,"freenet":"?","dhcp":"?","paynet":"?","userfound":false,"encryption":"wpa2"},{"trilat":14.64676951999999943154762149788439273834228515625,"trilong":121.0580978400000020656079868786036968231201171875,"ssid":"MIGS-PHONE","qos":0,"transid":"20140805-00000","firsttime":"2014-08-05T19:00:00.000Z","lasttime":"2014-08-05T06:00:00.000Z","lastupdt":"2015-07-26T00:00:00.000Z","housenumber":null,"road":null,"city":null,"region":null,"country":null,"netid":"F8:0C:F3:91:6D:24","name":null,"type":"infra","comment":null,"wep":"2","channel":1,"bcninterval":0,"freenet":"?","dhcp":"?","paynet":"?","userfound":false,"encryption":"wpa2"},{"trilat":14.6458644899999992361472322954796254634857177734375,"trilong":121.061264039999997521590557880699634552001953125,"ssid":"Sexystoner","qos":0,"transid":"20170609-00000","firsttime":"2017-06-03T18:00:00.000Z","lasttime":"2017-06-09T05:00:00.000Z","lastupdt":"2017-06-09T05:00:00.000Z","housenumber":null,"road":null,"city":null,"region":null,"country":null,"netid":"A8:A6:68:E0:1A:38","name":null,"type":"infra","comment":null,"wep":"2","channel":6,"bcninterval":0,"freenet":"?","dhcp":"?","paynet":"?","userfound":false,"encryption":"wpa2"},{"trilat":14.64672374999999959754859446547925472259521484375,"trilong":121.0593261700000056180215324275195598602294921875,"ssid":"DiNET","qos":2,"transid":"20150726-00000","firsttime":"2015-07-25T23:00:00.000Z","lasttime":"2017-07-15T01:00:00.000Z","lastupdt":"2017-07-15T01:00:00.000Z","housenumber":"","road":"Magiting","city":"","region":"","country":"PH","netid":"A8:A6:68:E0:25:DF","name":null,"type":"infra","comment":null,"wep":"2","channel":11,"bcninterval":0,"freenet":"?","dhcp":"?","paynet":"?","userfound":false,"encryption":"wpa2"},{"trilat":14.6467685700000007642529453733004629611968994140625,"trilong":121.060928340000003800014383159577846527099609375,"ssid":null,"qos":0,"transid":"20171026-00000","firsttime":"2017-10-24T13:00:00.000Z","lasttime":"2017-10-26T06:00:00.000Z","lastupdt":"2017-10-26T06:00:00.000Z","housenumber":"60","road":"Magiting","city":"","region":"","country":"PH","netid":"FA:8F:CA:51:D7:CD","name":null,"type":"infra","comment":null,"wep":"?","channel":1,"bcninterval":0,"freenet":"?","dhcp":"?","paynet":"?","userfound":false,"encryption":"unknown"},{"trilat":14.64284611000000069225279730744659900665283203125,"trilong":121.0595321699999971087891026400029659271240234375,"ssid":"Tattoo","qos":0,"transid":"20130309-00000","firsttime":"2001-01-01T08:00:00.000Z","lasttime":"2013-03-11T16:00:00.000Z","lastupdt":"2013-03-11T14:00:00.000Z","housenumber":null,"road":null,"city":null,"region":"Metro Manila","country":"PH","netid":"F4:C7:14:8A:EF:68","name":null,"type":"infra","comment":null,"wep":"W","channel":1,"bcninterval":0,"freenet":"?","dhcp":"?","paynet":"?","userfound":false,"encryption":"wpa"},{"trilat":14.6462688399999994004474501707591116428375244140625,"trilong":121.0596923800000013216049410402774810791015625,"ssid":"HUAWEI-4A32","qos":0,"transid":"20170715-00000","firsttime":"2017-07-15T16:00:00.000Z","lasttime":"2017-07-15T01:00:00.000Z","lastupdt":"2017-07-15T01:00:00.000Z","housenumber":"","road":"Maginhawa","city":"","region":"","country":"PH","netid":"F4:CB:52:8D:4A:32","name":null,"type":"infra","comment":null,"wep":"2","channel":4,"bcninterval":0,"freenet":"?","dhcp":"?","paynet":"?","userfound":false,"encryption":"wpa2"},{"trilat":14.646792409999999762248990009538829326629638671875,"trilong":121.0608749400000050400194595567882061004638671875,"ssid":"PLDTMyDSLSENDGHdsl","qos":5,"transid":"20130207-00000","firsttime":"2001-01-01T07:00:00.000Z","lasttime":"2014-05-09T05:00:00.000Z","lastupdt":"2015-07-26T00:00:00.000Z","housenumber":null,"road":null,"city":null,"region":"Metro Manila","country":"PH","netid":"B0:B2:DC:AB:2B:BC","name":null,"type":"infra","comment":null,"wep":"2","channel":11,"bcninterval":0,"freenet":"?","dhcp":"?","paynet":"?","userfound":false,"encryption":"wpa2"},{"trilat":14.6454763400000000928002918954007327556610107421875,"trilong":121.05967712000000346961314789950847625732421875,"ssid":"PLDTMyDSLFlowersOfMay","qos":5,"transid":"20130309-00000","firsttime":"2013-03-08T23:00:00.000Z","lasttime":"2013-10-01T22:00:00.000Z","lastupdt":"2013-10-01T20:00:00.000Z","housenumber":null,"road":null,"city":null,"region":"Metro Manila","country":"PH","netid":"B0:B2:DC:74:04:F0","name":null,"type":"infra","comment":null,"wep":"2","channel":11,"bcninterval":0,"freenet":"?","dhcp":"?","paynet":"?","userfound":false,"encryption":"wpa2"},{"trilat":14.646712300000000794852894614450633525848388671875,"trilong":121.061294559999993225574144162237644195556640625,"ssid":"markat052109","qos":3,"transid":"20140817-00000","firsttime":"2014-08-16T18:00:00.000Z","lasttime":"2015-08-12T07:00:00.000Z","lastupdt":"2015-08-12T07:00:00.000Z","housenumber":null,"road":null,"city":null,"region":null,"country":null,"netid":"F4:DC:F9:32:24:28","name":null,"type":"infra","comment":null,"wep":"2","channel":9,"bcninterval":0,"freenet":"?","dhcp":"?","paynet":"?","userfound":false,"encryption":"wpa2"},{"trilat":14.6445064499999997309487298480235040187835693359375,"trilong":121.0574111899999962815854814834892749786376953125,"ssid":"bayanDSL","qos":0,"transid":"20130309-00000","firsttime":"2013-03-09T20:00:00.000Z","lasttime":"2013-03-11T16:00:00.000Z","lastupdt":"2013-03-11T14:00:00.000Z","housenumber":null,"road":null,"city":null,"region":"Metro Manila","country":"PH","netid":"FC:C8:97:68:CF:68","name":null,"type":"infra","comment":null,"wep":"W","channel":11,"bcninterval":0,"freenet":"?","dhcp":"?","paynet":"?","userfound":false,"encryption":"wpa"},{"trilat":14.6468076699999993905976225505582988262176513671875,"trilong":121.058174129999997603590600192546844482421875,"ssid":"OrangeSegment2","qos":0,"transid":"20170729-00000","firsttime":"2017-07-16T19:00:00.000Z","lasttime":"2017-07-29T13:00:00.000Z","lastupdt":"2017-07-29T13:00:00.000Z","housenumber":"81","road":"Maginhawa","city":"","region":"","country":"PH","netid":"F4:F2:6D:94:56:12","name":null,"type":"infra","comment":null,"wep":"2","channel":149,"bcninterval":0,"freenet":"?","dhcp":"?","paynet":"Y","userfound":false,"encryption":"wpa2"},{"trilat":14.6467390099999992258972270064987242221832275390625,"trilong":121.058280940000003056411514990031719207763671875,"ssid":"OrangeSegment1","qos":5,"transid":"20160604-00000","firsttime":"2016-05-27T19:00:00.000Z","lasttime":"2017-07-29T13:00:00.000Z","lastupdt":"2017-07-29T13:00:00.000Z","housenumber":"83","road":"Maginhawa","city":"","region":"","country":"PH","netid":"F4:F2:6D:94:56:14","name":null,"type":"infra","comment":null,"wep":"2","channel":1,"bcninterval":0,"freenet":"?","dhcp":"?","paynet":"Y","userfound":false,"encryption":"wpa2"},{"trilat":14.646548270000000258050931734032928943634033203125,"trilong":121.058990480000005618421710096299648284912109375,"ssid":"#SmartWifi @StrEATMag","qos":2,"transid":"20170609-00000","firsttime":"2017-06-03T18:00:00.000Z","lasttime":"2017-07-29T13:00:00.000Z","lastupdt":"2017-07-29T13:00:00.000Z","housenumber":"","road":"Maginhawa","city":"","region":"","country":"PH","netid":"EC:8C:A2:30:FF:2C","name":null,"type":"infra","comment":null,"wep":"?","channel":52,"bcninterval":0,"freenet":"?","dhcp":"?","paynet":"?","userfound":false,"encryption":"unknown"},{"trilat":14.645504949999999411147655337117612361907958984375,"trilong":121.05996704000000363521394319832324981689453125,"ssid":"Panda","qos":0,"transid":"20140805-00000","firsttime":"2014-08-05T20:00:00.000Z","lasttime":"2014-08-05T06:00:00.000Z","lastupdt":"2015-07-26T00:00:00.000Z","housenumber":null,"road":null,"city":null,"region":null,"country":null,"netid":"FE:9B:9C:94:2C:4E","name":null,"type":"infra","comment":null,"wep":"2","channel":6,"bcninterval":0,"freenet":"?","dhcp":"?","paynet":"?","userfound":false,"encryption":"wpa2"},{"trilat":14.64665221999999999979991116560995578765869140625,"trilong":121.0582351700000032224124879576265811920166015625,"ssid":"PLDTMyDSLRFamily","qos":2,"transid":"20130506-00000","firsttime":"2013-05-04T18:00:00.000Z","lasttime":"2013-07-03T06:00:00.000Z","lastupdt":"2013-07-03T04:00:00.000Z","housenumber":null,"road":null,"city":null,"region":"Metro Manila","country":"PH","netid":"FC:F5:28:3E:09:74","name":null,"type":"infra","comment":null,"wep":"W","channel":11,"bcninterval":0,"freenet":"?","dhcp":"?","paynet":"?","userfound":false,"encryption":"wpa"},{"trilat":14.6454992300000004235016604070551693439483642578125,"trilong":121.0572509800000062796243582852184772491455078125,"ssid":"no wifi","qos":0,"transid":"20130309-00000","firsttime":"2013-03-09T20:00:00.000Z","lasttime":"2013-03-11T16:00:00.000Z","lastupdt":"2013-03-11T14:00:00.000Z","housenumber":null,"road":null,"city":null,"region":"Metro Manila","country":"PH","netid":"FC:C8:97:71:88:24","name":null,"type":"infra","comment":null,"wep":"W","channel":1,"bcninterval":0,"freenet":"?","dhcp":"?","paynet":"?","userfound":false,"encryption":"wpa"},{"trilat":14.6416826199999992041966834221966564655303955078125,"trilong":121.0605010999999961995854391716420650482177734375,"ssid":"GDELVALLE-HP_Network","qos":1,"transid":"20130414-00000","firsttime":"2013-04-14T14:00:00.000Z","lasttime":"2013-11-30T01:00:00.000Z","lastupdt":"2013-11-29T23:00:00.000Z","housenumber":null,"road":null,"city":null,"region":"Metro Manila","country":"PH","netid":"F4:EC:38:A4:66:84","name":null,"type":"infra","comment":null,"wep":"2","channel":1,"bcninterval":0,"freenet":"?","dhcp":"?","paynet":"?","userfound":false,"encryption":"wpa2"},{"trilat":14.6429462400000005573019734583795070648193359375,"trilong":121.0606613199999941343776299618184566497802734375,"ssid":"WiFi@Bayan","qos":0,"transid":"20161206-00000","firsttime":"2016-12-04T20:00:00.000Z","lasttime":"2016-12-06T07:00:00.000Z","lastupdt":"2016-12-06T07:00:00.000Z","housenumber":null,"road":null,"city":null,"region":null,"country":null,"netid":"F4:CF:E2:1F:F0:01","name":null,"type":"infra","comment":null,"wep":"2","channel":1,"bcninterval":0,"freenet":"?","dhcp":"?","paynet":"?","userfound":false,"encryption":"wpa2"},{"trilat":14.6429462400000005573019734583795070648193359375,"trilong":121.0606613199999941343776299618184566497802734375,"ssid":"Guest@Bayan","qos":0,"transid":"20161206-00000","firsttime":"2016-12-04T20:00:00.000Z","lasttime":"2016-12-06T07:00:00.000Z","lastupdt":"2016-12-06T07:00:00.000Z","housenumber":null,"road":null,"city":null,"region":null,"country":null,"netid":"F4:CF:E2:1F:F0:02","name":null,"type":"infra","comment":null,"wep":"?","channel":1,"bcninterval":0,"freenet":"?","dhcp":"?","paynet":"?","userfound":false,"encryption":"unknown"},{"trilat":14.642678260000000278751031146384775638580322265625,"trilong":121.057228089999995290781953372061252593994140625,"ssid":"Angus Tapa","qos":0,"transid":"20161206-00000","firsttime":"2016-12-04T20:00:00.000Z","lasttime":"2016-12-06T07:00:00.000Z","lastupdt":"2016-12-06T07:00:00.000Z","housenumber":null,"road":null,"city":null,"region":null,"country":null,"netid":"EC:8A:4C:94:B2:01","name":null,"type":"infra","comment":null,"wep":"2","channel":1,"bcninterval":0,"freenet":"?","dhcp":"?","paynet":"?","userfound":false,"encryption":"wpa2"},{"trilat":14.6467761999999996902488419436849653720855712890625,"trilong":121.0578460699999965299866744317114353179931640625,"ssid":"french fries","qos":0,"transid":"20150726-00000","firsttime":"2015-02-25T20:00:00.000Z","lasttime":"2015-07-26T00:00:00.000Z","lastupdt":"2015-07-26T00:00:00.000Z","housenumber":null,"road":null,"city":null,"region":null,"country":null,"netid":"E8:CD:2D:7E:F5:BE","name":null,"type":"infra","comment":null,"wep":"2","channel":6,"bcninterval":0,"freenet":"?","dhcp":"?","paynet":"?","userfound":false,"encryption":"wpa2"},{"trilat":14.645305629999999297297108569182455539703369140625,"trilong":121.06109619000000066080247052013874053955078125,"ssid":"iPad","qos":0,"transid":"20130621-00000","firsttime":"2001-01-01T08:00:00.000Z","lasttime":"2013-06-21T06:00:00.000Z","lastupdt":"2013-06-21T04:00:00.000Z","housenumber":null,"road":null,"city":null,"region":"Metro Manila","country":"PH","netid":"BE:92:6B:51:31:63","name":null,"type":"infra","comment":null,"wep":"2","channel":1,"bcninterval":0,"freenet":"?","dhcp":"?","paynet":"?","userfound":false,"encryption":"wpa2"},{"trilat":14.6467027699999992051971275941468775272369384765625,"trilong":121.06083678999999619918526150286197662353515625,"ssid":"HUAWEI_G6-L11_FC64","qos":0,"transid":"20170715-00000","firsttime":"2017-07-15T16:00:00.000Z","lasttime":"2017-07-15T01:00:00.000Z","lastupdt":"2017-07-15T01:00:00.000Z","housenumber":"60","road":"Magiting","city":"","region":"","country":"PH","netid":"F4:9F:F3:35:2B:13","name":null,"type":"infra","comment":null,"wep":"2","channel":6,"bcninterval":0,"freenet":"?","dhcp":"?","paynet":"?","userfound":false,"encryption":"wpa2"},{"trilat":14.646683689999999700148691772483289241790771484375,"trilong":121.0603027300000036348137655295431613922119140625,"ssid":"JMRB","qos":0,"transid":"20150812-00000","firsttime":"2015-08-12T21:00:00.000Z","lasttime":"2015-08-12T07:00:00.000Z","lastupdt":"2015-08-12T07:00:00.000Z","housenumber":null,"road":null,"city":null,"region":null,"country":null,"netid":"F4:9F:F3:94:EE:FF","name":null,"type":"infra","comment":null,"wep":"2","channel":1,"bcninterval":0,"freenet":"?","dhcp":"?","paynet":"?","userfound":false,"encryption":"wpa2"},{"trilat":14.6471204799999998868997863610275089740753173828125,"trilong":121.057502749999997604390955530107021331787109375,"ssid":"Frappy","qos":0,"transid":"20150726-00000","firsttime":"2015-02-25T20:00:00.000Z","lasttime":"2015-07-26T00:00:00.000Z","lastupdt":"2015-07-26T00:00:00.000Z","housenumber":null,"road":null,"city":null,"region":null,"country":null,"netid":"AC:81:12:DE:BF:C5","name":null,"type":"infra","comment":null,"wep":"W","channel":1,"bcninterval":0,"freenet":"?","dhcp":"?","paynet":"?","userfound":false,"encryption":"wpa"},{"trilat":14.6466121699999991534468790632672607898712158203125,"trilong":121.0589828500000066924258135259151458740234375,"ssid":"Disconnected","qos":1,"transid":"20130408-00000","firsttime":"2013-04-08T21:00:00.000Z","lasttime":"2013-09-24T19:00:00.000Z","lastupdt":"2013-09-24T17:00:00.000Z","housenumber":null,"road":null,"city":null,"region":"Metro Manila","country":"PH","netid":"F0:7D:68:7C:1B:9A","name":null,"type":"infra","comment":null,"wep":"Y","channel":1,"bcninterval":0,"freenet":"?","dhcp":"?","paynet":"?","userfound":false,"encryption":"wep"},{"trilat":14.64642620000000050595190259627997875213623046875,"trilong":121.0591430700000046272180043160915374755859375,"ssid":"IronMan","qos":0,"transid":"20150922-00000","firsttime":"2001-01-01T08:00:00.000Z","lasttime":"2016-09-07T19:00:00.000Z","lastupdt":"2016-09-07T19:00:00.000Z","housenumber":null,"road":null,"city":null,"region":null,"country":null,"netid":"EE:1D:7F:BD:82:63","name":null,"type":"infra","comment":null,"wep":"2","channel":1,"bcninterval":0,"freenet":"?","dhcp":"?","paynet":"?","userfound":false,"encryption":"wpa2"},{"trilat":14.6467857400000003309514795546419918537139892578125,"trilong":121.058174129999997603590600192546844482421875,"ssid":"ZNE","qos":0,"transid":"20130831-00000","firsttime":"2013-08-31T19:00:00.000Z","lasttime":"2013-08-31T17:00:00.000Z","lastupdt":"2013-08-31T15:00:00.000Z","housenumber":null,"road":null,"city":null,"region":"Metro Manila","country":"PH","netid":"F8:DF:A8:30:75:75","name":null,"type":"infra","comment":null,"wep":"2","channel":6,"bcninterval":0,"freenet":"?","dhcp":"?","paynet":"?","userfound":false,"encryption":"wpa2"},{"trilat":14.6471290599999992565471984562464058399200439453125,"trilong":121.0608749400000050400194595567882061004638671875,"ssid":"uFi_327411","qos":0,"transid":"20130719-00000","firsttime":"2013-07-19T21:00:00.000Z","lasttime":"2013-07-19T09:00:00.000Z","lastupdt":"2013-07-19T07:00:00.000Z","housenumber":null,"road":null,"city":null,"region":"Metro Manila","country":"PH","netid":"F8:DF:A8:32:74:11","name":null,"type":"infra","comment":null,"wep":"2","channel":6,"bcninterval":0,"freenet":"?","dhcp":"?","paynet":"?","userfound":false,"encryption":"wpa2"},{"trilat":14.6449461000000002997012416017241775989532470703125,"trilong":121.0608978300000018180071492679417133331298828125,"ssid":"Asa ka may bayad to ok","qos":0,"transid":"20130324-00000","firsttime":"2013-03-23T17:00:00.000Z","lasttime":"2013-03-24T04:00:00.000Z","lastupdt":"2013-03-24T02:00:00.000Z","housenumber":null,"road":null,"city":null,"region":"Metro Manila","country":"PH","netid":"BC:20:A4:1E:7B:1E","name":null,"type":"infra","comment":null,"wep":"2","channel":6,"bcninterval":0,"freenet":"?","dhcp":"?","paynet":"?","userfound":false,"encryption":"wpa2"},{"trilat":14.6472024899999997415989128057844936847686767578125,"trilong":121.0577774000000061960236052982509136199951171875,"ssid":"PLDTMyDSL","qos":3,"transid":"20150120-00000","firsttime":"2015-01-11T19:00:00.000Z","lasttime":"2015-07-26T00:00:00.000Z","lastupdt":"2015-07-26T00:00:00.000Z","housenumber":null,"road":null,"city":null,"region":null,"country":null,"netid":"FC:8B:97:EC:20:0E","name":null,"type":"infra","comment":null,"wep":"2","channel":11,"bcninterval":0,"freenet":"?","dhcp":"?","paynet":"?","userfound":false,"encryption":"wpa2"},{"trilat":14.6464424100000005779520506621338427066802978515625,"trilong":121.0592041000000023132088244892656803131103515625,"ssid":"PLDTMyDSL_inocencio","qos":5,"transid":"20130703-00000","firsttime":"2013-06-30T22:00:00.000Z","lasttime":"2013-11-10T08:00:00.000Z","lastupdt":"2013-11-10T06:00:00.000Z","housenumber":null,"road":null,"city":null,"region":"Metro Manila","country":"PH","netid":"FC:8B:97:27:70:72","name":null,"type":"infra","comment":null,"wep":"2","channel":5,"bcninterval":0,"freenet":"?","dhcp":"?","paynet":"?","userfound":false,"encryption":"wpa2"},{"trilat":14.6466636700000005788524504168890416622161865234375,"trilong":121.058471679999996695187292061746120452880859375,"ssid":"CPJM","qos":0,"transid":"20150808-00000","firsttime":"2015-08-07T22:00:00.000Z","lasttime":"2015-08-08T09:00:00.000Z","lastupdt":"2015-08-08T09:00:00.000Z","housenumber":null,"road":null,"city":null,"region":null,"country":null,"netid":"E8:CD:2D:24:88:E2","name":null,"type":"infra","comment":null,"wep":"2","channel":7,"bcninterval":0,"freenet":"?","dhcp":"?","paynet":"?","userfound":false,"encryption":"wpa2"},{"trilat":14.646521570000000878053469932638108730316162109375,"trilong":121.0588226299999945467789075337350368499755859375,"ssid":"Garfie","qos":1,"transid":"20150120-00000","firsttime":"2015-01-10T18:00:00.000Z","lasttime":"2015-01-21T20:00:00.000Z","lastupdt":"2015-07-26T00:00:00.000Z","housenumber":null,"road":null,"city":null,"region":null,"country":null,"netid":"E8:CD:2D:24:90:58","name":null,"type":"infra","comment":null,"wep":"2","channel":10,"bcninterval":0,"freenet":"?","dhcp":"?","paynet":"?","userfound":false,"encryption":"wpa2"},{"trilat":14.646257399999999648798620910383760929107666015625,"trilong":121.0606307999999984303940436802804470062255859375,"ssid":"EUGENIAGIRLS","qos":6,"transid":"20130206-00000","firsttime":"2013-02-07T07:00:00.000Z","lasttime":"2014-08-05T06:00:00.000Z","lastupdt":"2015-07-26T00:00:00.000Z","housenumber":null,"road":null,"city":null,"region":"Metro Manila","country":"PH","netid":"FC:C8:97:68:CD:9D","name":null,"type":"infra","comment":null,"wep":"2","channel":1,"bcninterval":0,"freenet":"?","dhcp":"?","paynet":"?","userfound":false,"encryption":"wpa2"},{"trilat":14.644109730000000269001247943378984928131103515625,"trilong":121.0610504200000008268034434877336025238037109375,"ssid":"do123","qos":0,"transid":"20131122-00000","firsttime":"2013-11-17T18:00:00.000Z","lasttime":"2013-11-22T22:00:00.000Z","lastupdt":"2013-11-22T20:00:00.000Z","housenumber":null,"road":null,"city":null,"region":"Metro Manila","country":"PH","netid":"BC:79:AD:A2:EE:83","name":null,"type":"infra","comment":null,"wep":"2","channel":6,"bcninterval":0,"freenet":"?","dhcp":"?","paynet":"?","userfound":false,"encryption":"wpa2"},{"trilat":14.6454257999999999384499460575170814990997314453125,"trilong":121.060958859999999503997969441115856170654296875,"ssid":"PLDTMyDSL","qos":5,"transid":"20130402-00000","firsttime":"2013-04-02T19:00:00.000Z","lasttime":"2013-11-30T01:00:00.000Z","lastupdt":"2013-11-29T23:00:00.000Z","housenumber":null,"road":null,"city":null,"region":"Metro Manila","country":"PH","netid":"FC:F5:28:3D:36:14","name":null,"type":"infra","comment":null,"wep":"2","channel":11,"bcninterval":0,"freenet":"?","dhcp":"?","paynet":"?","userfound":false,"encryption":"wpa2"},{"trilat":14.64620876000000038175130612216889858245849609375,"trilong":121.0592193600000001652006176300346851348876953125,"ssid":"PLDTHOMEFIBRnoentry","qos":5,"transid":"20150216-00000","firsttime":"2015-02-09T17:00:00.000Z","lasttime":"2017-07-15T01:00:00.000Z","lastupdt":"2017-07-15T01:00:00.000Z","housenumber":"92","road":"Magiting","city":"","region":"","country":"PH","netid":"BC:98:89:9C:F0:E0","name":null,"type":"infra","comment":null,"wep":"2","channel":9,"bcninterval":0,"freenet":"?","dhcp":"?","paynet":"?","userfound":false,"encryption":"wpa2"},{"trilat":14.6464948699999997216991687309928238391876220703125,"trilong":121.0589294399999999995998223312199115753173828125,"ssid":"kianUNDERGROUNDtattoo","qos":0,"transid":"20170729-00000","firsttime":"2017-07-16T19:00:00.000Z","lasttime":"2017-07-29T13:00:00.000Z","lastupdt":"2017-07-29T13:00:00.000Z","housenumber":"","road":"Maginhawa","city":"","region":"","country":"PH","netid":"FE:2D:5E:0F:A9:E2","name":null,"type":"infra","comment":null,"wep":"2","channel":13,"bcninterval":0,"freenet":"?","dhcp":"?","paynet":"?","userfound":false,"encryption":"wpa2"},{"trilat":14.646694180000000784502844908274710178375244140625,"trilong":121.059585569999995868784026242792606353759765625,"ssid":"njb wifi","qos":4,"transid":"20170303-00000","firsttime":"2017-03-03T19:00:00.000Z","lasttime":"2017-07-29T13:00:00.000Z","lastupdt":"2017-07-29T13:00:00.000Z","housenumber":"","road":"Magiting","city":"","region":"","country":"PH","netid":"FC:B4:E6:A9:08:75","name":null,"type":"infra","comment":null,"wep":"W","channel":13,"bcninterval":0,"freenet":"?","dhcp":"?","paynet":"?","userfound":false,"encryption":"wpa"},{"trilat":14.646624570000000176150933839380741119384765625,"trilong":121.0584030200000000832005753181874752044677734375,"ssid":"SKYbroadband7B2C","qos":4,"transid":"20160604-00000","firsttime":"2016-05-27T19:00:00.000Z","lasttime":"2017-07-29T13:00:00.000Z","lastupdt":"2017-07-29T13:00:00.000Z","housenumber":"","road":"Maginhawa","city":"","region":"","country":"PH","netid":"FC:B4:E6:82:30:F0","name":null,"type":"infra","comment":null,"wep":"2","channel":11,"bcninterval":0,"freenet":"?","dhcp":"?","paynet":"?","userfound":false,"encryption":"wpa2"},{"trilat":14.647083280000000371501300833187997341156005859375,"trilong":121.05764007999999876119545660912990570068359375,"ssid":"iPhone","qos":0,"transid":"20150216-00000","firsttime":"2015-02-09T17:00:00.000Z","lasttime":"2015-02-16T06:00:00.000Z","lastupdt":"2015-07-26T00:00:00.000Z","housenumber":null,"road":null,"city":null,"region":null,"country":null,"netid":"FE:E9:98:ED:51:B2","name":null,"type":"infra","comment":null,"wep":"2","channel":1,"bcninterval":0,"freenet":"?","dhcp":"?","paynet":"?","userfound":false,"encryption":"wpa2"},{"trilat":14.64712429000000071255271905101835727691650390625,"trilong":121.0613403299999930595731711946427822113037109375,"ssid":"B9im-anVua2F0aWdiYWsxNA","qos":0,"transid":"20160417-00000","firsttime":"2016-04-17T14:00:00.000Z","lasttime":"2016-04-17T01:00:00.000Z","lastupdt":"2016-04-17T01:00:00.000Z","housenumber":null,"road":null,"city":null,"region":null,"country":null,"netid":"BC:E6:3F:29:45:CA","name":null,"type":"infra","comment":null,"wep":"?","channel":11,"bcninterval":0,"freenet":"?","dhcp":"?","paynet":"?","userfound":false,"encryption":"unknown"},{"trilat":14.64541054000000031010131351649761199951171875,"trilong":121.06096648999999842999386601150035858154296875,"ssid":"HUAWEI-E5373-40E6","qos":0,"transid":"20170729-00000","firsttime":"2017-07-16T19:00:00.000Z","lasttime":"2017-07-29T13:00:00.000Z","lastupdt":"2017-07-29T13:00:00.000Z","housenumber":"","road":"Maginhawa","city":"","region":"","country":"PH","netid":"F4:9F:F3:62:40:E6","name":null,"type":"infra","comment":null,"wep":"2","channel":6,"bcninterval":0,"freenet":"?","dhcp":"?","paynet":"?","userfound":false,"encryption":"wpa2"},{"trilat":14.6453304299999995663483787211589515209197998046875,"trilong":121.0608902000000028920112526975572109222412109375,"ssid":"uFi_E3EA40","qos":0,"transid":"20150120-00000","firsttime":"2015-01-10T19:00:00.000Z","lasttime":"2015-01-21T20:00:00.000Z","lastupdt":"2015-07-26T00:00:00.000Z","housenumber":null,"road":null,"city":null,"region":null,"country":null,"netid":"F4:6D:E2:E3:EA:40","name":null,"type":"infra","comment":null,"wep":"2","channel":1,"bcninterval":0,"freenet":"?","dhcp":"?","paynet":"?","userfound":false,"encryption":"wpa2"},{"trilat":14.6457624400000003817012839135713875293731689453125,"trilong":121.0613403299999930595731711946427822113037109375,"ssid":"RTJ","qos":3,"transid":"20130324-00000","firsttime":"2013-03-23T17:00:00.000Z","lasttime":"2015-02-16T06:00:00.000Z","lastupdt":"2015-07-26T00:00:00.000Z","housenumber":null,"road":null,"city":null,"region":"Metro Manila","country":"PH","netid":"F0:7D:68:47:4C:1C","name":null,"type":"infra","comment":null,"wep":"2","channel":10,"bcninterval":0,"freenet":"?","dhcp":"?","paynet":"?","userfound":false,"encryption":"wpa2"},{"trilat":14.6416959799999997215991243137978017330169677734375,"trilong":121.0585022000000066100255935452878475189208984375,"ssid":"Globe_LTE MIFI_8A53","qos":1,"transid":"20170121-00000","firsttime":"2017-01-21T15:00:00.000Z","lasttime":"2017-01-29T10:00:00.000Z","lastupdt":"2017-12-02T00:00:00.000Z","housenumber":"","road":"Maningning","city":"","region":"","country":"PH","netid":"5C:F2:86:2B:8A:53","name":null,"type":"infra","comment":null,"wep":"2","channel":8,"bcninterval":0,"freenet":"?","dhcp":"?","paynet":"?","userfound":false,"encryption":"wpa2"},{"trilat":14.64624404999999995879989000968635082244873046875,"trilong":121.0597534200000069404268288053572177886962890625,"ssid":"History Has Its Eyes On You","qos":0,"transid":"20170715-00000","firsttime":"2017-07-15T16:00:00.000Z","lasttime":"2017-07-15T01:00:00.000Z","lastupdt":"2017-07-15T01:00:00.000Z","housenumber":"","road":"Maginhawa","city":"","region":"","country":"PH","netid":"F2:C5:F3:75:36:19","name":null,"type":"infra","comment":null,"wep":"2","channel":6,"bcninterval":0,"freenet":"?","dhcp":"?","paynet":"?","userfound":false,"encryption":"wpa2"},{"trilat":14.64388656999999938079781713895499706268310546875,"trilong":121.0610427900000019008075469173491001129150390625,"ssid":"Xavier Ryan Singh?s iPhone","qos":0,"transid":"20130324-00000","firsttime":"2013-03-23T17:00:00.000Z","lasttime":"2013-03-24T04:00:00.000Z","lastupdt":"2013-03-24T02:00:00.000Z","housenumber":null,"road":null,"city":null,"region":"Metro Manila","country":"PH","netid":"F2:CB:A1:62:6B:0A","name":null,"type":"infra","comment":null,"wep":"2","channel":1,"bcninterval":0,"freenet":"?","dhcp":"?","paynet":"?","userfound":false,"encryption":"wpa2"},{"trilat":14.64602660999999983459929353557527065277099609375,"trilong":121.0595931999999947947799228131771087646484375,"ssid":"PS3-7553371","qos":3,"transid":"20140805-00000","firsttime":"2014-08-05T19:00:00.000Z","lasttime":"2014-09-01T12:00:00.000Z","lastupdt":"2015-07-26T00:00:00.000Z","housenumber":null,"road":null,"city":null,"region":null,"country":null,"netid":"F0:F0:02:69:92:46","name":null,"type":"infra","comment":null,"wep":"W","channel":11,"bcninterval":0,"freenet":"?","dhcp":"?","paynet":"?","userfound":false,"encryption":"wpa"},{"trilat":14.646896359999999503997969441115856170654296875,"trilong":121.0606536899999952083817333914339542388916015625,"ssid":"AndroidAP5368","qos":0,"transid":"20130902-00000","firsttime":"2013-09-01T13:00:00.000Z","lasttime":"2013-09-02T12:00:00.000Z","lastupdt":"2013-09-02T10:00:00.000Z","housenumber":null,"road":null,"city":null,"region":"Metro Manila","country":"PH","netid":"F0:E7:7E:59:63:A0","name":null,"type":"infra","comment":null,"wep":"2","channel":6,"bcninterval":0,"freenet":"?","dhcp":"?","paynet":"?","userfound":false,"encryption":"wpa2"},{"trilat":14.6465358699999992353468769579194486141204833984375,"trilong":121.058410640000005287220119498670101165771484375,"ssid":"AndroidAP7982","qos":1,"transid":"20160604-00000","firsttime":"2016-05-27T19:00:00.000Z","lasttime":"2016-09-07T19:00:00.000Z","lastupdt":"2016-09-07T19:00:00.000Z","housenumber":null,"road":null,"city":null,"region":null,"country":null,"netid":"F0:25:B7:EC:79:82","name":null,"type":"infra","comment":null,"wep":"2","channel":1,"bcninterval":0,"freenet":"?","dhcp":"?","paynet":"?","userfound":false,"encryption":"wpa2"},{"trilat":14.6449642200000003100512913079001009464263916015625,"trilong":121.0610427900000019008075469173491001129150390625,"ssid":null,"qos":0,"transid":"20170729-00000","firsttime":"2017-07-16T19:00:00.000Z","lasttime":"2017-07-29T13:00:00.000Z","lastupdt":"2017-07-29T13:00:00.000Z","housenumber":"","road":"Maginhawa","city":"","region":"","country":"PH","netid":"FA:8F:CA:39:EE:F0","name":null,"type":"infra","comment":null,"wep":"?","channel":1,"bcninterval":0,"freenet":"?","dhcp":"?","paynet":"?","userfound":false,"encryption":"unknown"},{"trilat":14.6468858700000001960006557055748999118804931640625,"trilong":121.0580062899999944647788652218878269195556640625,"ssid":"MIAH","qos":0,"transid":"20130904-00000","firsttime":"2013-09-03T22:00:00.000Z","lasttime":"2013-09-04T07:00:00.000Z","lastupdt":"2013-09-04T05:00:00.000Z","housenumber":null,"road":null,"city":null,"region":"Metro Manila","country":"PH","netid":"F8:DF:A8:30:78:58","name":null,"type":"infra","comment":null,"wep":"2","channel":6,"bcninterval":0,"freenet":"?","dhcp":"?","paynet":"?","userfound":false,"encryption":"wpa2"},{"trilat":14.6464328800000007646531230420805513858795166015625,"trilong":121.05899811000000454441760666668415069580078125,"ssid":"Sun Wi-Fi_30813F","qos":0,"transid":"20130309-00000","firsttime":"2013-03-09T20:00:00.000Z","lasttime":"2013-03-11T16:00:00.000Z","lastupdt":"2013-03-11T14:00:00.000Z","housenumber":null,"road":null,"city":null,"region":"Metro Manila","country":"PH","netid":"F8:DF:A8:30:81:3F","name":null,"type":"infra","comment":null,"wep":"N","channel":1,"bcninterval":0,"freenet":"?","dhcp":"?","paynet":"?","userfound":false,"encryption":"none"},{"trilat":14.64676189000000050555172492749989032745361328125,"trilong":121.0608749400000050400194595567882061004638671875,"ssid":"BARBA","qos":0,"transid":"20130822-00000","firsttime":"2013-08-21T16:00:00.000Z","lasttime":"2013-08-22T00:00:00.000Z","lastupdt":"2013-08-21T23:00:00.000Z","housenumber":null,"road":null,"city":null,"region":"Metro Manila","country":"PH","netid":"F8:DF:A8:36:9E:B0","name":null,"type":"infra","comment":null,"wep":"2","channel":6,"bcninterval":0,"freenet":"?","dhcp":"?","paynet":"?","userfound":false,"encryption":"wpa2"},{"trilat":14.6467704800000007026028470136225223541259765625,"trilong":121.0593872099999970259887049905955791473388671875,"ssid":"Smart Bro_36ADFC","qos":0,"transid":"20130317-00000","firsttime":"2013-03-17T21:00:00.000Z","lasttime":"2013-03-17T09:00:00.000Z","lastupdt":"2013-03-17T07:00:00.000Z","housenumber":null,"road":null,"city":null,"region":"Metro Manila","country":"PH","netid":"F8:DF:A8:36:AD:FC","name":null,"type":"infra","comment":null,"wep":"2","channel":11,"bcninterval":0,"freenet":"?","dhcp":"?","paynet":"?","userfound":false,"encryption":"wpa2"},{"trilat":14.647150990000000092550180852413177490234375,"trilong":121.0575485199999974383899825625121593475341796875,"ssid":"PICA","qos":5,"transid":"20130309-00000","firsttime":"2013-03-09T20:00:00.000Z","lasttime":"2015-07-26T00:00:00.000Z","lastupdt":"2015-07-26T00:00:00.000Z","housenumber":null,"road":null,"city":null,"region":"Metro Manila","country":"PH","netid":"F8:D1:11:4D:A2:5C","name":null,"type":"infra","comment":null,"wep":"2","channel":6,"bcninterval":0,"freenet":"?","dhcp":"?","paynet":"?","userfound":false,"encryption":"wpa2"},{"trilat":14.6425991100000008060533218667842447757720947265625,"trilong":121.060958859999999503997969441115856170654296875,"ssid":"Guest@Bayan","qos":2,"transid":"20161206-00000","firsttime":"2016-12-04T20:00:00.000Z","lasttime":"2018-02-16T02:00:00.000Z","lastupdt":"2018-02-16T02:00:00.000Z","housenumber":"","road":"Maginhawa","city":"","region":"","country":"PH","netid":"74:A0:2F:FD:F2:C2","name":null,"type":"infra","comment":null,"wep":"?","channel":6,"bcninterval":0,"freenet":"?","dhcp":"?","paynet":"?","userfound":false,"encryption":"unknown"},{"trilat":14.6417522400000006399523044819943606853485107421875,"trilong":121.061218260000003965615178458392620086669921875,"ssid":"STATUS SALON","qos":1,"transid":"20170929-00000","firsttime":"2017-09-30T08:00:00.000Z","lasttime":"2018-02-16T02:00:00.000Z","lastupdt":"2018-02-16T02:00:00.000Z","housenumber":"","road":"Maginhawa","city":"","region":"","country":"PH","netid":"88:3F:D3:06:67:E8","name":null,"type":"infra","comment":null,"wep":"2","channel":11,"bcninterval":0,"freenet":"?","dhcp":"?","paynet":"?","userfound":false,"encryption":"wpa2"},{"trilat":14.6450405099999994007475834223441779613494873046875,"trilong":121.0609817499999962819856591522693634033203125,"ssid":"bayanDSLWIFI_F6A7","qos":3,"transid":"20161206-00000","firsttime":"2016-12-04T20:00:00.000Z","lasttime":"2018-02-16T02:00:00.000Z","lastupdt":"2018-02-16T02:00:00.000Z","housenumber":"","road":"Maginhawa","city":"","region":"","country":"PH","netid":"E0:8E:3C:21:F6:A7","name":null,"type":"infra","comment":null,"wep":"2","channel":1,"bcninterval":0,"freenet":"?","dhcp":"?","paynet":"?","userfound":false,"encryption":"wpa2"},{"trilat":14.6436529199999991845970725989900529384613037109375,"trilong":121.06106567000000495681888423860073089599609375,"ssid":"GloboAsiatico","qos":1,"transid":"20161206-00000","firsttime":"2016-12-04T20:00:00.000Z","lasttime":"2018-02-16T02:00:00.000Z","lastupdt":"2018-02-16T02:00:00.000Z","housenumber":"","road":"Matimtiman","city":"","region":"","country":"PH","netid":"E4:8D:8C:5A:8B:3B","name":null,"type":"infra","comment":null,"wep":"2","channel":6,"bcninterval":0,"freenet":"?","dhcp":"?","paynet":"?","userfound":false,"encryption":"wpa2"},{"trilat":14.6429557799999994216477716690860688686370849609375,"trilong":121.061103819999999586798367090523242950439453125,"ssid":"BYOD@Bayan","qos":2,"transid":"20161206-00000","firsttime":"2016-12-04T20:00:00.000Z","lasttime":"2018-02-16T02:00:00.000Z","lastupdt":"2018-02-16T02:00:00.000Z","housenumber":"","road":"Matimtiman","city":"","region":"","country":"PH","netid":"F4:CF:E2:32:DB:00","name":null,"type":"infra","comment":null,"wep":"?","channel":6,"bcninterval":0,"freenet":"?","dhcp":"?","paynet":"?","userfound":false,"encryption":"unknown"},{"trilat":14.6440124499999999585497789666987955570220947265625,"trilong":121.06112670999999636478605680167675018310546875,"ssid":"ILikeWarmHugs","qos":2,"transid":"20170729-00000","firsttime":"2017-07-16T19:00:00.000Z","lasttime":"2018-02-16T02:00:00.000Z","lastupdt":"2018-02-16T02:00:00.000Z","housenumber":"","road":"P. Francisco","city":"","region":"","country":"PH","netid":"74:4A:A4:79:08:14","name":null,"type":"infra","comment":null,"wep":"2","channel":11,"bcninterval":0,"freenet":"?","dhcp":"?","paynet":"?","userfound":false,"encryption":"wpa2"},{"trilat":14.6441259400000003410013960092328488826751708984375,"trilong":121.0610427900000019008075469173491001129150390625,"ssid":"AG wifi","qos":0,"transid":"20180216-00000","firsttime":"2017-11-23T21:00:00.000Z","lasttime":"2018-02-16T02:00:00.000Z","lastupdt":"2018-02-16T02:00:00.000Z","housenumber":"","road":"P. Francisco","city":"","region":"","country":"PH","netid":"F0:98:38:9F:A6:E4","name":null,"type":"infra","comment":null,"wep":"2","channel":10,"bcninterval":0,"freenet":"?","dhcp":"?","paynet":"?","userfound":false,"encryption":"wpa2"},{"trilat":14.641979219999999628498699166812002658843994140625,"trilong":121.061203000000006113623385317623615264892578125,"ssid":"Social Weather Stations","qos":1,"transid":"20170929-00000","firsttime":"2017-09-30T08:00:00.000Z","lasttime":"2018-02-16T02:00:00.000Z","lastupdt":"2018-02-16T02:00:00.000Z","housenumber":"","road":"Maginhawa","city":"","region":"","country":"PH","netid":"F0:9F:C2:D7:12:5B","name":null,"type":"infra","comment":null,"wep":"2","channel":1,"bcninterval":0,"freenet":"?","dhcp":"?","paynet":"?","userfound":false,"encryption":"wpa2"},{"trilat":14.641979219999999628498699166812002658843994140625,"trilong":121.061203000000006113623385317623615264892578125,"ssid":"SWS Guest","qos":1,"transid":"20170929-00000","firsttime":"2017-09-30T08:00:00.000Z","lasttime":"2018-02-16T02:00:00.000Z","lastupdt":"2018-02-16T02:00:00.000Z","housenumber":"","road":"Maginhawa","city":"","region":"","country":"PH","netid":"F2:9F:C2:D7:12:5B","name":null,"type":"infra","comment":null,"wep":"2","channel":1,"bcninterval":0,"freenet":"?","dhcp":"?","paynet":"?","userfound":false,"encryption":"wpa2"},{"trilat":14.6423845299999992874973031575791537761688232421875,"trilong":121.0611877399999940507768769748508930206298828125,"ssid":"Social Weather Stations","qos":0,"transid":"20180216-00000","firsttime":"2017-11-23T21:00:00.000Z","lasttime":"2018-02-16T02:00:00.000Z","lastupdt":"2018-02-16T02:00:00.000Z","housenumber":"","road":"Maginhawa","city":"","region":"","country":"PH","netid":"F2:9F:C2:3E:D6:40","name":null,"type":"infra","comment":null,"wep":"2","channel":149,"bcninterval":0,"freenet":"?","dhcp":"?","paynet":"?","userfound":false,"encryption":"wpa2"},{"trilat":14.64388751999999982444933266378939151763916015625,"trilong":121.061233520000001817606971599161624908447265625,"ssid":"PLDTHOMEDSLURUW0","qos":2,"transid":"20170715-00000","firsttime":"2017-07-09T14:00:00.000Z","lasttime":"2018-02-16T02:00:00.000Z","lastupdt":"2018-02-16T02:00:00.000Z","housenumber":"","road":"P. Francisco","city":"","region":"","country":"PH","netid":"94:46:96:1F:EF:BE","name":null,"type":"infra","comment":null,"wep":"2","channel":5,"bcninterval":0,"freenet":"?","dhcp":"?","paynet":"?","userfound":false,"encryption":"wpa2"},{"trilat":14.646384239999999721248968853615224361419677734375,"trilong":121.0611572300000062796243582852184772491455078125,"ssid":"PLDTHOMEDSL","qos":5,"transid":"20150120-00000","firsttime":"2015-01-10T19:00:00.000Z","lasttime":"2018-02-16T02:00:00.000Z","lastupdt":"2018-02-16T02:00:00.000Z","housenumber":"","road":"Masinsinan","city":"","region":"","country":"PH","netid":"00:13:33:C6:D0:DA","name":null,"type":"infra","comment":null,"wep":"2","channel":11,"bcninterval":0,"freenet":"?","dhcp":"?","paynet":"?","userfound":false,"encryption":"wpa2"},{"trilat":14.6452646299999997836494003422558307647705078125,"trilong":121.0608902000000028920112526975572109222412109375,"ssid":"B79e","qos":3,"transid":"20161206-00000","firsttime":"2016-12-04T20:00:00.000Z","lasttime":"2018-02-16T02:00:00.000Z","lastupdt":"2018-02-16T02:00:00.000Z","housenumber":"116","road":"Maginhawa","city":"","region":"","country":"PH","netid":"00:13:33:ED:60:4C","name":null,"type":"infra","comment":null,"wep":"2","channel":6,"bcninterval":0,"freenet":"?","dhcp":"?","paynet":"?","userfound":false,"encryption":"wpa2"},{"trilat":14.6457376499999991636968843522481620311737060546875,"trilong":121.0608978300000018180071492679417133331298828125,"ssid":"PLDTHOMEFIBR03e98","qos":0,"transid":"20180216-00000","firsttime":"2017-11-23T21:00:00.000Z","lasttime":"2018-02-16T02:00:00.000Z","lastupdt":"2018-02-16T02:00:00.000Z","housenumber":"","road":"Masinsinan","city":"","region":"","country":"PH","netid":"CC:06:77:60:3E:98","name":null,"type":"infra","comment":null,"wep":"2","channel":1,"bcninterval":0,"freenet":"?","dhcp":"?","paynet":"?","userfound":false,"encryption":"wpa2"},{"trilat":14.6436643600000007126027412596158683300018310546875,"trilong":121.06106567000000495681888423860073089599609375,"ssid":"Globo-Associates","qos":1,"transid":"20161206-00000","firsttime":"2016-12-04T20:00:00.000Z","lasttime":"2018-02-16T02:00:00.000Z","lastupdt":"2018-02-16T02:00:00.000Z","housenumber":"","road":"Matimtiman","city":"","region":"","country":"PH","netid":"E6:8D:8C:AE:62:A2","name":null,"type":"infra","comment":null,"wep":"?","channel":6,"bcninterval":0,"freenet":"?","dhcp":"?","paynet":"?","userfound":false,"encryption":"unknown"},{"trilat":14.6437969199999997726990841329097747802734375,"trilong":121.0610504200000008268034434877336025238037109375,"ssid":"Globo-Guest","qos":1,"transid":"20161206-00000","firsttime":"2016-12-04T20:00:00.000Z","lasttime":"2018-02-16T02:00:00.000Z","lastupdt":"2018-02-16T02:00:00.000Z","housenumber":"","road":"Maginhawa","city":"","region":"","country":"PH","netid":"E6:8D:8C:AE:62:A3","name":null,"type":"infra","comment":null,"wep":"?","channel":6,"bcninterval":0,"freenet":"?","dhcp":"?","paynet":"?","userfound":false,"encryption":"unknown"},{"trilat":14.643955229999999545498212683014571666717529296875,"trilong":121.0610504200000008268034434877336025238037109375,"ssid":"HUAWEI-q7G8","qos":0,"transid":"20180216-00000","firsttime":"2017-11-23T21:00:00.000Z","lasttime":"2018-02-16T02:00:00.000Z","lastupdt":"2018-02-16T02:00:00.000Z","housenumber":"","road":"P. Francisco","city":"","region":"","country":"PH","netid":"F0:98:38:72:F0:84","name":null,"type":"infra","comment":null,"wep":"2","channel":11,"bcninterval":0,"freenet":"?","dhcp":"?","paynet":"?","userfound":false,"encryption":"wpa2"},{"trilat":14.645088200000000000500222085975110530853271484375,"trilong":121.060974119999997355989762581884860992431640625,"ssid":"PLDTHOMEDSLLUNOD","qos":3,"transid":"20161206-00000","firsttime":"2016-12-04T20:00:00.000Z","lasttime":"2018-02-16T02:00:00.000Z","lastupdt":"2018-02-16T02:00:00.000Z","housenumber":"","road":"Maginhawa","city":"","region":"","country":"PH","netid":"00:13:33:E8:F8:31","name":null,"type":"infra","comment":null,"wep":"2","channel":11,"bcninterval":0,"freenet":"?","dhcp":"?","paynet":"?","userfound":false,"encryption":"wpa2"},{"trilat":14.6447839700000006502023097709752619266510009765625,"trilong":121.06096648999999842999386601150035858154296875,"ssid":"Bawal Dito! 5G","qos":0,"transid":"20180216-00000","firsttime":"2017-11-23T21:00:00.000Z","lasttime":"2018-02-16T02:00:00.000Z","lastupdt":"2018-02-16T02:00:00.000Z","housenumber":"","road":"Maginhawa","city":"","region":"","country":"PH","netid":"18:D6:C7:48:32:4C","name":null,"type":"infra","comment":null,"wep":"2","channel":6,"bcninterval":0,"freenet":"?","dhcp":"?","paynet":"?","userfound":false,"encryption":"wpa2"},{"trilat":14.646968839999999545398168265819549560546875,"trilong":121.0608749400000050400194595567882061004638671875,"ssid":"bayanDSLWIFI_F2CB","qos":5,"transid":"20170303-00000","firsttime":"2017-03-03T19:00:00.000Z","lasttime":"2018-02-16T02:00:00.000Z","lastupdt":"2018-02-16T02:00:00.000Z","housenumber":"60","road":"Magiting","city":"","region":"","country":"PH","netid":"E0:8E:3C:21:F2:CB","name":null,"type":"infra","comment":null,"wep":"2","channel":1,"bcninterval":0,"freenet":"?","dhcp":"?","paynet":"?","userfound":false,"encryption":"wpa2"},{"trilat":14.6435337099999998144994606263935565948486328125,"trilong":121.0610809300000028088106773793697357177734375,"ssid":"DIRECT-D9-HP OfficeJet Pro 8720","qos":0,"transid":"20180216-00000","firsttime":"2017-11-23T21:00:00.000Z","lasttime":"2018-02-16T02:00:00.000Z","lastupdt":"2018-02-16T02:00:00.000Z","housenumber":"","road":"Matimtiman","city":"","region":"","country":"PH","netid":"18:60:24:0B:31:DA","name":null,"type":"infra","comment":null,"wep":"2","channel":6,"bcninterval":0,"freenet":"?","dhcp":"?","paynet":"?","userfound":false,"encryption":"wpa2"},{"trilat":14.641001700000000340651240549050271511077880859375,"trilong":121.061294559999993225574144162237644195556640625,"ssid":"Subwoofer","qos":0,"transid":"20180216-00000","firsttime":"2017-11-23T21:00:00.000Z","lasttime":"2018-02-16T02:00:00.000Z","lastupdt":"2018-02-16T02:00:00.000Z","housenumber":"","road":"Maginhawa","city":"","region":"","country":"PH","netid":"58:1F:28:C2:8B:80","name":null,"type":"infra","comment":null,"wep":"2","channel":6,"bcninterval":0,"freenet":"?","dhcp":"?","paynet":"?","userfound":false,"encryption":"wpa2"},{"trilat":14.6426248599999997423992681433446705341339111328125,"trilong":121.060974119999997355989762581884860992431640625,"ssid":"bayanDSLWiFi_362B","qos":2,"transid":"20161206-00000","firsttime":"2016-12-04T20:00:00.000Z","lasttime":"2018-02-16T02:00:00.000Z","lastupdt":"2018-02-16T02:00:00.000Z","housenumber":"","road":"Maginhawa","city":"","region":"","country":"PH","netid":"00:26:75:AC:36:2B","name":null,"type":"infra","comment":null,"wep":"2","channel":13,"bcninterval":0,"freenet":"?","dhcp":"?","paynet":"?","userfound":false,"encryption":"wpa2"}]}