{"success":true,"totalResults":1315,"search_after":12488551,"first":1,"last":100,"resultCount":100,"results":[{"trilat":14.6466789199999993797973729670047760009765625,"trilong":121.06137085000000297441147267818450927734375,"ssid":"PLDTHOMEDSLRR","qos":5,"transid":"20140922-00000","firsttime":"2014-09-22T20:00:00.000Z","lasttime":"2017-07-15T01:00:00.000Z","lastupdt":"2017-07-15T01:00:00.000Z","housenumber":"","road":"Masinsinan","city":"","region":"","country":"PH","netid":"00:13:33:C1:F2:FB","name":null,"type":"infra","comment":null,"wep":"2","channel":11,"bcninterval":0,"freenet":"?","dhcp":"?","paynet":"?","userfound":false,"encryption":"wpa2"},{"trilat":14.64683437000000054695192375220358371734619140625,"trilong":121.0604553200000026436100597493350505828857421875,"ssid":"PLDTHOMEDSL","qos":5,"transid":"20150808-00000","firsttime":"2015-08-07T17:00:00.000Z","lasttime":"2017-07-15T01:00:00.000Z","lastupdt":"2017-07-15T01:00:00.000Z","housenumber":"60","road":"Magiting","city":"","region":"","country":"PH","netid":"00:13:33:CF:5E:F8","name":null,"type":"infra","comment":null,"wep":"2","channel":11,"bcninterval":0,"freenet":"?","dhcp":"?","paynet":"?","userfound":false,"encryption":"wpa2"},{"trilat":14.6469450000000005474021236295811831951141357421875,"trilong":121.06193541999999752079020254313945770263671875,"ssid":"PLDTHOMEDSL","qos":5,"transid":"20160227-00000","firsttime":"2016-01-29T18:00:00.000Z","lasttime":"2017-10-26T06:00:00.000Z","lastupdt":"2017-10-26T06:00:00.000Z","housenumber":"","road":"B. Baluyot","city":"","region":"","country":"PH","netid":"00:13:33:F4:2A:F6","name":null,"type":"infra","comment":null,"wep":"2","channel":1,"bcninterval":0,"freenet":"?","dhcp":"?","paynet":"?","userfound":false,"encryption":"wpa2"},{"trilat":14.64611720999999988634954206645488739013671875,"trilong":121.062927250000001322405296377837657928466796875,"ssid":"PLDTHOMEDSL","qos":2,"transid":"20170715-00000","firsttime":"2017-07-09T14:00:00.000Z","lasttime":"2017-10-26T06:00:00.000Z","lastupdt":"2017-10-26T06:00:00.000Z","housenumber":"","road":"Salvador","city":"","region":"","country":"PH","netid":"00:13:33:F4:4B:E9","name":null,"type":"infra","comment":null,"wep":"2","channel":1,"bcninterval":0,"freenet":"?","dhcp":"?","paynet":"?","userfound":false,"encryption":"wpa2"},{"trilat":14.6458616300000006305026545305736362934112548828125,"trilong":121.0630187999999947123797028325498104095458984375,"ssid":"PLDTHOMEDSLPraiseGOD","qos":1,"transid":"20170715-00000","firsttime":"2017-07-09T14:00:00.000Z","lasttime":"2017-10-26T06:00:00.000Z","lastupdt":"2017-10-26T06:00:00.000Z","housenumber":"","road":"Salvador","city":"","region":"","country":"PH","netid":"00:13:33:ED:58:82","name":null,"type":"infra","comment":null,"wep":"2","channel":1,"bcninterval":0,"freenet":"?","dhcp":"?","paynet":"?","userfound":false,"encryption":"wpa2"},{"trilat":14.65092182000000065045242081396281719207763671875,"trilong":121.0572662400000041316161514259874820709228515625,"ssid":"PLDTHOMEDSL","qos":0,"transid":"20170609-00000","firsttime":"2017-06-03T18:00:00.000Z","lasttime":"2017-06-09T05:00:00.000Z","lastupdt":"2017-06-09T05:00:00.000Z","housenumber":null,"road":null,"city":null,"region":null,"country":null,"netid":"00:13:33:FA:C7:C1","name":null,"type":"infra","comment":null,"wep":"2","channel":1,"bcninterval":0,"freenet":"?","dhcp":"?","paynet":"?","userfound":false,"encryption":"wpa2"},{"trilat":14.6505489299999993590972735546529293060302734375,"trilong":121.057357789999997521590557880699634552001953125,"ssid":"PLDTHOMEDSL_Matias","qos":0,"transid":"20170609-00000","firsttime":"2017-06-03T18:00:00.000Z","lasttime":"2017-06-09T05:00:00.000Z","lastupdt":"2017-06-09T05:00:00.000Z","housenumber":null,"road":null,"city":null,"region":null,"country":null,"netid":"00:13:33:FA:EF:49","name":null,"type":"infra","comment":null,"wep":"2","channel":1,"bcninterval":0,"freenet":"?","dhcp":"?","paynet":"?","userfound":false,"encryption":"wpa2"},{"trilat":14.6466817900000005892025001230649650096893310546875,"trilong":121.0627059899999977687912178225815296173095703125,"ssid":"PLDTHOMEDSLjun","qos":3,"transid":"20170715-00000","firsttime":"2017-06-23T08:00:00.000Z","lasttime":"2017-10-26T06:00:00.000Z","lastupdt":"2017-10-26T06:00:00.000Z","housenumber":"","road":"Salvador","city":"","region":"","country":"PH","netid":"00:13:33:FE:CC:B8","name":null,"type":"infra","comment":null,"wep":"2","channel":1,"bcninterval":0,"freenet":"?","dhcp":"?","paynet":"?","userfound":false,"encryption":"wpa2"},{"trilat":14.6468076699999993905976225505582988262176513671875,"trilong":121.061279299999995373582351021468639373779296875,"ssid":"PLDTHOMEDSL","qos":1,"transid":"20170303-00000","firsttime":"2017-03-03T20:00:00.000Z","lasttime":"2017-07-15T01:00:00.000Z","lastupdt":"2017-07-15T01:00:00.000Z","housenumber":"60","road":"Magiting","city":"","region":"","country":"PH","netid":"00:13:33:FE:E4:AA","name":null,"type":"infra","comment":null,"wep":"2","channel":11,"bcninterval":0,"freenet":"?","dhcp":"?","paynet":"?","userfound":false,"encryption":"wpa2"},{"trilat":14.6462774299999995974985722568817436695098876953125,"trilong":121.0624389599999943811781122349202632904052734375,"ssid":"PLDTHOMEDSL","qos":2,"transid":"20170715-00000","firsttime":"2017-07-09T14:00:00.000Z","lasttime":"2017-07-29T13:00:00.000Z","lastupdt":"2017-07-29T13:00:00.000Z","housenumber":"","road":"V. Francisco","city":"","region":"","country":"PH","netid":"00:13:33:ED:A2:BA","name":null,"type":"infra","comment":null,"wep":"2","channel":1,"bcninterval":0,"freenet":"?","dhcp":"?","paynet":"?","userfound":false,"encryption":"wpa2"},{"trilat":14.646095280000000826703399070538580417633056640625,"trilong":121.060119630000002644010237418115139007568359375,"ssid":"PLDTHOMEDSL","qos":2,"transid":"20150812-00000","firsttime":"2015-08-12T21:00:00.000Z","lasttime":"2017-07-29T13:00:00.000Z","lastupdt":"2017-07-29T13:00:00.000Z","housenumber":"","road":"Maginhawa","city":"","region":"","country":"PH","netid":"00:13:33:E1:C9:15","name":null,"type":"infra","comment":null,"wep":"2","channel":11,"bcninterval":0,"freenet":"?","dhcp":"?","paynet":"?","userfound":false,"encryption":"wpa2"},{"trilat":14.6458578100000007538028512499295175075531005859375,"trilong":121.06096648999999842999386601150035858154296875,"ssid":"PLDTHOMEDSLDAL1","qos":5,"transid":"20150726-00000","firsttime":"2015-07-11T18:00:00.000Z","lasttime":"2017-07-29T13:00:00.000Z","lastupdt":"2017-07-29T13:00:00.000Z","housenumber":"","road":"Masinsinan","city":"","region":"","country":"PH","netid":"00:13:33:DC:91:AF","name":null,"type":"infra","comment":null,"wep":"2","channel":11,"bcninterval":0,"freenet":"?","dhcp":"?","paynet":"?","userfound":false,"encryption":"wpa2"},{"trilat":14.6471033100000003202012521796859800815582275390625,"trilong":121.0575561499999963643858791328966617584228515625,"ssid":"PLDTHOMEDSL","qos":3,"transid":"20150808-00000","firsttime":"2015-08-07T17:00:00.000Z","lasttime":"2017-06-09T05:00:00.000Z","lastupdt":"2017-06-09T05:00:00.000Z","housenumber":null,"road":null,"city":null,"region":null,"country":null,"netid":"00:13:33:D3:4B:09","name":null,"type":"infra","comment":null,"wep":"2","channel":11,"bcninterval":0,"freenet":"?","dhcp":"?","paynet":"?","userfound":false,"encryption":"wpa2"},{"trilat":14.6499481199999994629479260765947401523590087890625,"trilong":121.05744934000000512241967953741550445556640625,"ssid":"PLDTHOMEDSL","qos":0,"transid":"20170609-00000","firsttime":"2017-06-03T18:00:00.000Z","lasttime":"2017-06-09T05:00:00.000Z","lastupdt":"2017-06-09T05:00:00.000Z","housenumber":null,"road":null,"city":null,"region":null,"country":null,"netid":"00:13:33:C0:E2:7A","name":null,"type":"infra","comment":null,"wep":"2","channel":11,"bcninterval":0,"freenet":"?","dhcp":"?","paynet":"?","userfound":false,"encryption":"wpa2"},{"trilat":14.647041319999999586798367090523242950439453125,"trilong":121.0624694800000042960164137184619903564453125,"ssid":null,"qos":6,"transid":"20160907-00000","firsttime":"2016-09-03T21:00:00.000Z","lasttime":"2017-10-26T06:00:00.000Z","lastupdt":"2017-10-26T06:00:00.000Z","housenumber":"","road":"Emilio Jacinto","city":"Quezon City","region":"","country":"PH","netid":"00:13:33:FA:E4:77","name":null,"type":"infra","comment":null,"wep":"2","channel":8,"bcninterval":0,"freenet":"?","dhcp":"?","paynet":"?","userfound":false,"encryption":"wpa2"},{"trilat":14.646310809999999236197254504077136516571044921875,"trilong":121.06280517999999801759258843958377838134765625,"ssid":"PLDTHOMEDSL_arhnelie","qos":4,"transid":"20170715-00000","firsttime":"2017-06-23T08:00:00.000Z","lasttime":"2017-10-15T10:00:00.000Z","lastupdt":"2017-10-15T10:00:00.000Z","housenumber":"","road":"Salvador","city":"","region":"","country":"PH","netid":"00:13:33:FE:CC:AE","name":null,"type":"infra","comment":null,"wep":"2","channel":8,"bcninterval":0,"freenet":"?","dhcp":"?","paynet":"?","userfound":false,"encryption":"wpa2"},{"trilat":14.6464109400000008776032700552605092525482177734375,"trilong":121.05954742000000123880454339087009429931640625,"ssid":"PLDTHOMEDSL","qos":2,"transid":"20160227-00000","firsttime":"2016-02-27T20:00:00.000Z","lasttime":"2017-04-04T04:00:00.000Z","lastupdt":"2017-04-04T04:00:00.000Z","housenumber":null,"road":null,"city":null,"region":null,"country":null,"netid":"00:13:33:D6:2C:6B","name":null,"type":"infra","comment":null,"wep":"2","channel":11,"bcninterval":0,"freenet":"?","dhcp":"?","paynet":"?","userfound":false,"encryption":"wpa2"},{"trilat":14.646329879999999690198819735087454319000244140625,"trilong":121.062103269999994381578289903700351715087890625,"ssid":"PLDTHOMEDSL","qos":0,"transid":"20170715-00000","firsttime":"2017-07-15T16:00:00.000Z","lasttime":"2017-07-15T01:00:00.000Z","lastupdt":"2017-07-15T01:00:00.000Z","housenumber":"","road":"V. Francisco","city":"","region":"","country":"PH","netid":"00:13:33:F2:89:1A","name":null,"type":"infra","comment":null,"wep":"2","channel":1,"bcninterval":0,"freenet":"?","dhcp":"?","paynet":"?","userfound":false,"encryption":"wpa2"},{"trilat":14.6478395500000004858520696870982646942138671875,"trilong":121.05718994000000066080247052013874053955078125,"ssid":"PLDTHOMEDSL","qos":1,"transid":"20170609-00000","firsttime":"2017-06-03T18:00:00.000Z","lasttime":"2017-07-29T13:00:00.000Z","lastupdt":"2017-07-29T13:00:00.000Z","housenumber":"65","road":"Maginhawa","city":"","region":"","country":"PH","netid":"00:13:33:F4:48:42","name":null,"type":"infra","comment":null,"wep":"2","channel":10,"bcninterval":0,"freenet":"?","dhcp":"?","paynet":"?","userfound":false,"encryption":"wpa2"},{"trilat":14.6474065800000001758007783791981637477874755859375,"trilong":121.058631899999994629979482851922512054443359375,"ssid":"PLDTHOMEDSL","qos":5,"transid":"20150808-00000","firsttime":"2015-08-07T17:00:00.000Z","lasttime":"2017-07-29T13:00:00.000Z","lastupdt":"2017-07-29T13:00:00.000Z","housenumber":"23","road":"Mapayapa","city":"","region":"","country":"PH","netid":"00:13:33:E1:C7:E9","name":null,"type":"infra","comment":null,"wep":"2","channel":11,"bcninterval":0,"freenet":"?","dhcp":"?","paynet":"?","userfound":false,"encryption":"wpa2"},{"trilat":14.646838190000000423651727032847702503204345703125,"trilong":121.0621185300000064444247982464730739593505859375,"ssid":"PLDTHOMEDSL","qos":5,"transid":"20160227-00000","firsttime":"2016-01-29T18:00:00.000Z","lasttime":"2017-07-15T01:00:00.000Z","lastupdt":"2017-07-15T01:00:00.000Z","housenumber":"","road":"B. Baluyot","city":"Quezon City","region":"","country":"PH","netid":"00:13:33:ED:62:7D","name":null,"type":"infra","comment":null,"wep":"2","channel":2,"bcninterval":0,"freenet":"?","dhcp":"?","paynet":"?","userfound":false,"encryption":"wpa2"},{"trilat":14.6503591499999998859493643976747989654541015625,"trilong":121.0623016400000011572046787478029727935791015625,"ssid":"PLDTHOMEDSLNoConnection","qos":6,"transid":"20160320-00000","firsttime":"2016-03-20T20:00:00.000Z","lasttime":"2017-05-07T05:00:00.000Z","lastupdt":"2017-05-07T05:00:00.000Z","housenumber":null,"road":null,"city":null,"region":null,"country":null,"netid":"00:13:33:F0:A2:99","name":null,"type":"infra","comment":null,"wep":"2","channel":11,"bcninterval":0,"freenet":"?","dhcp":"?","paynet":"?","userfound":false,"encryption":"wpa2"},{"trilat":14.646856310000000434001776739023625850677490234375,"trilong":121.0619735700000063616244005970656871795654296875,"ssid":"PLDTHOMEDSL_Queeny","qos":3,"transid":"20160227-00000","firsttime":"2016-02-27T20:00:00.000Z","lasttime":"2017-07-15T01:00:00.000Z","lastupdt":"2017-07-15T01:00:00.000Z","housenumber":"","road":"B. Baluyot","city":"Quezon City","region":"","country":"PH","netid":"00:13:33:E7:6C:14","name":null,"type":"infra","comment":null,"wep":"2","channel":11,"bcninterval":0,"freenet":"?","dhcp":"?","paynet":"?","userfound":false,"encryption":"wpa2"},{"trilat":14.6468086199999998342491380753926932811737060546875,"trilong":121.061668400000002066008164547383785247802734375,"ssid":null,"qos":0,"transid":"20170715-00000","firsttime":"2017-07-15T16:00:00.000Z","lasttime":"2017-07-15T01:00:00.000Z","lastupdt":"2017-07-15T01:00:00.000Z","housenumber":"","road":"B. Baluyot","city":"Quezon City","region":"","country":"PH","netid":"00:13:33:E7:6C:15","name":null,"type":"infra","comment":null,"wep":"2","channel":11,"bcninterval":0,"freenet":"?","dhcp":"?","paynet":"?","userfound":false,"encryption":"wpa2"},{"trilat":14.6497182800000000924001142266206443309783935546875,"trilong":121.0621719399999989263960742391645908355712890625,"ssid":"PLDTHOMEDSL302","qos":5,"transid":"20160103-00000","firsttime":"2001-01-01T08:00:00.000Z","lasttime":"2017-05-07T05:00:00.000Z","lastupdt":"2017-05-07T05:00:00.000Z","housenumber":null,"road":null,"city":null,"region":null,"country":null,"netid":"00:13:33:E8:F6:83","name":null,"type":"infra","comment":null,"wep":"2","channel":11,"bcninterval":0,"freenet":"?","dhcp":"?","paynet":"?","userfound":false,"encryption":"wpa2"},{"trilat":14.650217059999999236197254504077136516571044921875,"trilong":121.053047179999992977172951214015483856201171875,"ssid":"Wireless Projector","qos":5,"transid":"20160227-00000","firsttime":"2001-01-01T08:00:00.000Z","lasttime":"2017-05-07T05:00:00.000Z","lastupdt":"2017-05-07T05:00:00.000Z","housenumber":null,"road":null,"city":null,"region":null,"country":null,"netid":"00:12:5F:08:E7:8E","name":null,"type":"infra","comment":null,"wep":"?","channel":1,"bcninterval":0,"freenet":"?","dhcp":"?","paynet":"?","userfound":false,"encryption":"unknown"},{"trilat":14.6463785200000007336029739235527813434600830078125,"trilong":121.0606155400000005784022505395114421844482421875,"ssid":"PLDTHOMEDSL","qos":5,"transid":"20150120-00000","firsttime":"2015-01-11T19:00:00.000Z","lasttime":"2017-06-09T05:00:00.000Z","lastupdt":"2017-06-09T05:00:00.000Z","housenumber":null,"road":null,"city":null,"region":null,"country":null,"netid":"00:13:33:C0:57:33","name":null,"type":"infra","comment":null,"wep":"2","channel":11,"bcninterval":0,"freenet":"?","dhcp":"?","paynet":"?","userfound":false,"encryption":"wpa2"},{"trilat":14.6469535799999999170495357248000800609588623046875,"trilong":121.062637330000001156804501079022884368896484375,"ssid":"PLDTHOMEDSL","qos":5,"transid":"20150726-00000","firsttime":"2015-04-27T15:00:00.000Z","lasttime":"2017-10-15T10:00:00.000Z","lastupdt":"2017-10-15T10:00:00.000Z","housenumber":"","road":"Emilio Jacinto","city":"Quezon City","region":"","country":"PH","netid":"00:13:33:D2:49:C5","name":null,"type":"infra","comment":null,"wep":"2","channel":6,"bcninterval":0,"freenet":"?","dhcp":"?","paynet":"?","userfound":false,"encryption":"wpa2"},{"trilat":14.6457614899999999380497683887369930744171142578125,"trilong":121.0623092700000000832005753181874752044677734375,"ssid":"PLDTHOMEDSL_Ai","qos":2,"transid":"20170715-00000","firsttime":"2017-06-23T08:00:00.000Z","lasttime":"2017-07-29T13:00:00.000Z","lastupdt":"2017-07-29T13:00:00.000Z","housenumber":"","road":"P. Francisco","city":"","region":"","country":"PH","netid":"00:13:33:F1:1B:5C","name":null,"type":"infra","comment":null,"wep":"2","channel":6,"bcninterval":0,"freenet":"?","dhcp":"?","paynet":"?","userfound":false,"encryption":"wpa2"},{"trilat":14.6460838300000002476508598192594945430755615234375,"trilong":121.0629577600000033044125302694737911224365234375,"ssid":"PLDTHOMEDSL","qos":2,"transid":"20170715-00000","firsttime":"2017-07-09T14:00:00.000Z","lasttime":"2017-10-26T06:00:00.000Z","lastupdt":"2017-10-26T06:00:00.000Z","housenumber":"","road":"Salvador","city":"","region":"","country":"PH","netid":"00:13:33:F4:4B:D5","name":null,"type":"infra","comment":null,"wep":"2","channel":8,"bcninterval":0,"freenet":"?","dhcp":"?","paynet":"?","userfound":false,"encryption":"wpa2"},{"trilat":14.64958857999999963794834911823272705078125,"trilong":121.062377929999996695187292061746120452880859375,"ssid":"PLDTHOMEDSL","qos":5,"transid":"20160509-00000","firsttime":"2016-05-04T10:00:00.000Z","lasttime":"2017-05-07T05:00:00.000Z","lastupdt":"2017-05-07T05:00:00.000Z","housenumber":null,"road":null,"city":null,"region":null,"country":null,"netid":"00:13:33:F6:C3:4C","name":null,"type":"infra","comment":null,"wep":"2","channel":10,"bcninterval":0,"freenet":"?","dhcp":"?","paynet":"?","userfound":false,"encryption":"wpa2"},{"trilat":14.646311759999999679848770028911530971527099609375,"trilong":121.06261444000000437881681136786937713623046875,"ssid":"PLDTHOMEDSL","qos":4,"transid":"20150808-00000","firsttime":"2015-08-04T13:00:00.000Z","lasttime":"2017-10-15T10:00:00.000Z","lastupdt":"2017-10-15T10:00:00.000Z","housenumber":"","road":"Salvador","city":"","region":"","country":"PH","netid":"00:13:33:E0:3E:83","name":null,"type":"infra","comment":null,"wep":"2","channel":11,"bcninterval":0,"freenet":"?","dhcp":"?","paynet":"?","userfound":false,"encryption":"wpa2"},{"trilat":14.645859720000000692152752890251576900482177734375,"trilong":121.0606689499999930603735265322029590606689453125,"ssid":null,"qos":0,"transid":"20170715-00000","firsttime":"2017-07-15T16:00:00.000Z","lasttime":"2017-07-15T01:00:00.000Z","lastupdt":"2017-07-15T01:00:00.000Z","housenumber":"","road":"Maginhawa","city":"","region":"","country":"PH","netid":"00:13:33:FB:45:3D","name":null,"type":"infra","comment":null,"wep":"?","channel":1,"bcninterval":0,"freenet":"?","dhcp":"?","paynet":"?","userfound":false,"encryption":"unknown"},{"trilat":14.6469879200000008268034434877336025238037109375,"trilong":121.0624694800000042960164137184619903564453125,"ssid":"PLDTHOMEDSLGRABTAPSI","qos":6,"transid":"20160321-00000","firsttime":"2016-03-21T19:00:00.000Z","lasttime":"2017-10-28T06:00:00.000Z","lastupdt":"2017-10-28T06:00:00.000Z","housenumber":"","road":"Emilio Jacinto","city":"Quezon City","region":"","country":"PH","netid":"00:13:33:FC:69:69","name":null,"type":"infra","comment":null,"wep":"2","channel":11,"bcninterval":0,"freenet":"?","dhcp":"?","paynet":"?","userfound":false,"encryption":"wpa2"},{"trilat":14.646249770000000722802724339999258518218994140625,"trilong":121.0624694800000042960164137184619903564453125,"ssid":"PLDTHOMEDSL","qos":3,"transid":"20170715-00000","firsttime":"2017-06-23T08:00:00.000Z","lasttime":"2017-07-29T13:00:00.000Z","lastupdt":"2017-07-29T13:00:00.000Z","housenumber":"","road":"V. Francisco","city":"","region":"","country":"PH","netid":"00:13:33:FC:CE:59","name":null,"type":"infra","comment":null,"wep":"2","channel":5,"bcninterval":0,"freenet":"?","dhcp":"?","paynet":"?","userfound":false,"encryption":"wpa2"},{"trilat":14.6464185699999998035991666256450116634368896484375,"trilong":121.062103269999994381578289903700351715087890625,"ssid":"PLDTHOMEDSL","qos":0,"transid":"20170715-00000","firsttime":"2017-07-15T16:00:00.000Z","lasttime":"2017-07-15T01:00:00.000Z","lastupdt":"2017-07-15T01:00:00.000Z","housenumber":"","road":"V. Francisco","city":"","region":"","country":"PH","netid":"00:13:33:FC:D0:AC","name":null,"type":"infra","comment":null,"wep":"2","channel":1,"bcninterval":0,"freenet":"?","dhcp":"?","paynet":"?","userfound":false,"encryption":"wpa2"},{"trilat":14.649075509999999411547833005897700786590576171875,"trilong":121.063652039999993803576217032968997955322265625,"ssid":"PLDTHOMEDSLamansec","qos":0,"transid":"20170507-00000","firsttime":"2017-04-20T20:00:00.000Z","lasttime":"2017-05-07T05:00:00.000Z","lastupdt":"2017-05-07T05:00:00.000Z","housenumber":null,"road":null,"city":null,"region":null,"country":null,"netid":"00:13:33:E7:6A:F7","name":null,"type":"infra","comment":null,"wep":"2","channel":11,"bcninterval":0,"freenet":"?","dhcp":"?","paynet":"?","userfound":false,"encryption":"wpa2"},{"trilat":14.646909709999999193996700341813266277313232421875,"trilong":121.061088560000001734806573949754238128662109375,"ssid":"PLDTHOMEDSLTRIDENTWOOD","qos":5,"transid":"20160227-00000","firsttime":"2016-01-29T18:00:00.000Z","lasttime":"2017-07-15T01:00:00.000Z","lastupdt":"2017-07-15T01:00:00.000Z","housenumber":"60","road":"Magiting","city":"","region":"","country":"PH","netid":"00:13:33:E8:F4:DF","name":null,"type":"infra","comment":null,"wep":"2","channel":11,"bcninterval":0,"freenet":"?","dhcp":"?","paynet":"?","userfound":false,"encryption":"wpa2"},{"trilat":14.6469488099999995966982169193215668201446533203125,"trilong":121.0627365099999934727748041041195392608642578125,"ssid":"PLDTHOMEDSLvirus","qos":3,"transid":"20160907-00000","firsttime":"2016-09-03T21:00:00.000Z","lasttime":"2017-10-15T10:00:00.000Z","lastupdt":"2017-10-15T10:00:00.000Z","housenumber":"","road":"Emilio Jacinto","city":"Quezon City","region":"","country":"PH","netid":"00:13:33:D4:A9:4F","name":null,"type":"infra","comment":null,"wep":"2","channel":11,"bcninterval":0,"freenet":"?","dhcp":"?","paynet":"?","userfound":false,"encryption":"wpa2"},{"trilat":14.6462984099999999898500391282141208648681640625,"trilong":121.0628280600000010736039257608354091644287109375,"ssid":"PLDTHOMEDSL","qos":2,"transid":"20170715-00000","firsttime":"2017-06-23T08:00:00.000Z","lasttime":"2017-07-15T01:00:00.000Z","lastupdt":"2017-07-15T01:00:00.000Z","housenumber":"","road":"Salvador","city":"","region":"","country":"PH","netid":"00:13:33:D6:BB:B3","name":null,"type":"infra","comment":null,"wep":"2","channel":11,"bcninterval":0,"freenet":"?","dhcp":"?","paynet":"?","userfound":false,"encryption":"wpa2"},{"trilat":14.64709567999999961784851620905101299285888671875,"trilong":121.0620498699999956215833663009107112884521484375,"ssid":"PLDTHOMEDSLsanji","qos":5,"transid":"20150726-00000","firsttime":"2015-07-25T23:00:00.000Z","lasttime":"2017-07-15T01:00:00.000Z","lastupdt":"2017-07-15T01:00:00.000Z","housenumber":"","road":"Emilio Jacinto","city":"Quezon City","region":"","country":"PH","netid":"00:13:33:E1:98:5F","name":null,"type":"infra","comment":null,"wep":"2","channel":11,"bcninterval":0,"freenet":"?","dhcp":"?","paynet":"?","userfound":false,"encryption":"wpa2"},{"trilat":14.645769120000000640402504359371960163116455078125,"trilong":121.0630264299999936383755994029343128204345703125,"ssid":"PLDTHOMEDSL","qos":0,"transid":"20171026-00000","firsttime":"2017-10-26T20:00:00.000Z","lasttime":"2017-10-26T06:00:00.000Z","lastupdt":"2017-10-26T06:00:00.000Z","housenumber":"","road":"Salvador","city":"","region":"","country":"PH","netid":"00:13:33:EC:21:4C","name":null,"type":"infra","comment":null,"wep":"2","channel":11,"bcninterval":0,"freenet":"?","dhcp":"?","paynet":"?","userfound":false,"encryption":"wpa2"},{"trilat":14.6502294499999994314975992892868816852569580078125,"trilong":121.0632934599999970259887049905955791473388671875,"ssid":null,"qos":0,"transid":"20170507-00000","firsttime":"2017-04-10T17:00:00.000Z","lasttime":"2017-05-07T05:00:00.000Z","lastupdt":"2017-05-07T05:00:00.000Z","housenumber":null,"road":null,"city":null,"region":null,"country":null,"netid":"00:13:33:EE:D8:06","name":null,"type":"infra","comment":null,"wep":"2","channel":1,"bcninterval":0,"freenet":"?","dhcp":"?","paynet":"?","userfound":false,"encryption":"wpa2"},{"trilat":14.646524429999999483698047697544097900390625,"trilong":121.061958309999994298777892254292964935302734375,"ssid":"PLDTHOMEDSL","qos":2,"transid":"20160227-00000","firsttime":"2016-01-29T18:00:00.000Z","lasttime":"2017-07-15T01:00:00.000Z","lastupdt":"2017-07-15T01:00:00.000Z","housenumber":"","road":"V. Francisco","city":"","region":"","country":"PH","netid":"00:13:33:EA:87:F5","name":null,"type":"infra","comment":null,"wep":"2","channel":11,"bcninterval":0,"freenet":"?","dhcp":"?","paynet":"?","userfound":false,"encryption":"wpa2"},{"trilat":14.6463689800000000929003363125957548618316650390625,"trilong":121.0611953699999929767727735452353954315185546875,"ssid":"PLDTHOMEDSL","qos":5,"transid":"20150120-00000","firsttime":"2015-01-10T19:00:00.000Z","lasttime":"2017-07-15T01:00:00.000Z","lastupdt":"2017-07-15T01:00:00.000Z","housenumber":"","road":"Masinsinan","city":"","region":"","country":"PH","netid":"00:13:33:C6:D0:DA","name":null,"type":"infra","comment":null,"wep":"2","channel":11,"bcninterval":0,"freenet":"?","dhcp":"?","paynet":"?","userfound":false,"encryption":"wpa2"},{"trilat":14.6471986800000006923028195160441100597381591796875,"trilong":121.0618820199999987607952789403498172760009765625,"ssid":"PLDTHOMEDSL","qos":6,"transid":"20160227-00000","firsttime":"2016-02-27T19:00:00.000Z","lasttime":"2017-07-15T01:00:00.000Z","lastupdt":"2017-07-15T01:00:00.000Z","housenumber":"","road":"Carlos P. Garcia Avenue","city":"Quezon City","region":"","country":"PH","netid":"00:13:33:FA:E3:A5","name":null,"type":"infra","comment":null,"wep":"2","channel":2,"bcninterval":0,"freenet":"?","dhcp":"?","paynet":"?","userfound":false,"encryption":"wpa2"},{"trilat":14.647068980000000237851054407656192779541015625,"trilong":121.0619049099999955387829686515033245086669921875,"ssid":null,"qos":5,"transid":"20170112-00000","firsttime":"2017-01-12T19:00:00.000Z","lasttime":"2017-07-15T01:00:00.000Z","lastupdt":"2017-07-15T01:00:00.000Z","housenumber":"","road":"Carlos P. Garcia Avenue","city":"Quezon City","region":"","country":"PH","netid":"00:13:33:FA:E3:A8","name":null,"type":"infra","comment":null,"wep":"2","channel":2,"bcninterval":0,"freenet":"?","dhcp":"?","paynet":"?","userfound":false,"encryption":"wpa2"},{"trilat":14.646865840000000247300704359076917171478271484375,"trilong":121.0581512499999945475792628712952136993408203125,"ssid":"PLDTHOMEDSLbellabonita","qos":5,"transid":"20160227-00000","firsttime":"2016-02-27T20:00:00.000Z","lasttime":"2017-07-29T13:00:00.000Z","lastupdt":"2017-07-29T13:00:00.000Z","housenumber":"79","road":"Maginhawa","city":"","region":"","country":"PH","netid":"00:13:33:FB:46:83","name":null,"type":"infra","comment":null,"wep":"2","channel":2,"bcninterval":0,"freenet":"?","dhcp":"?","paynet":"?","userfound":false,"encryption":"wpa2"},{"trilat":14.64947987000000040325176087208092212677001953125,"trilong":121.0575332599999995863981894217431545257568359375,"ssid":"PLDTHOMEDSLACSUP","qos":0,"transid":"20170609-00000","firsttime":"2017-06-03T18:00:00.000Z","lasttime":"2017-06-09T05:00:00.000Z","lastupdt":"2017-06-09T05:00:00.000Z","housenumber":null,"road":null,"city":null,"region":null,"country":null,"netid":"00:13:33:FC:66:80","name":null,"type":"infra","comment":null,"wep":"2","channel":1,"bcninterval":0,"freenet":"?","dhcp":"?","paynet":"?","userfound":false,"encryption":"wpa2"},{"trilat":14.6470804199999999894998836680315434932708740234375,"trilong":121.0632781999999991739969118498265743255615234375,"ssid":"PLDTHOMEDSLLUCERO","qos":0,"transid":"20170303-00000","firsttime":"2017-03-03T20:00:00.000Z","lasttime":"2017-03-03T07:00:00.000Z","lastupdt":"2017-03-03T07:00:00.000Z","housenumber":null,"road":null,"city":null,"region":null,"country":null,"netid":"00:13:33:FD:B7:FB","name":null,"type":"infra","comment":null,"wep":"2","channel":6,"bcninterval":0,"freenet":"?","dhcp":"?","paynet":"?","userfound":false,"encryption":"wpa2"},{"trilat":14.6464414600000001343005351372994482517242431640625,"trilong":121.0627288799999945467789075337350368499755859375,"ssid":"PLDTHOMEDSLVAJ","qos":5,"transid":"20170715-00000","firsttime":"2017-06-23T08:00:00.000Z","lasttime":"2017-10-26T06:00:00.000Z","lastupdt":"2017-10-26T06:00:00.000Z","housenumber":"","road":"Salvador","city":"","region":"","country":"PH","netid":"00:13:33:FE:97:66","name":null,"type":"infra","comment":null,"wep":"2","channel":9,"bcninterval":0,"freenet":"?","dhcp":"?","paynet":"?","userfound":false,"encryption":"wpa2"},{"trilat":14.649882319999999680248947697691619396209716796875,"trilong":121.0572357199999942167778499424457550048828125,"ssid":"PLDTHOMEDSL","qos":3,"transid":"20161207-00000","firsttime":"2016-12-07T18:00:00.000Z","lasttime":"2017-03-16T08:00:00.000Z","lastupdt":"2017-03-22T04:00:00.000Z","housenumber":null,"road":null,"city":null,"region":null,"country":null,"netid":"00:13:33:FE:E0:9F","name":null,"type":"infra","comment":null,"wep":"2","channel":11,"bcninterval":0,"freenet":"?","dhcp":"?","paynet":"?","userfound":false,"encryption":"wpa2"},{"trilat":14.6466855999999996384985934128053486347198486328125,"trilong":121.0627136199999966947871143929660320281982421875,"ssid":"PLDTHOMEDSL","qos":0,"transid":"20171015-00000","firsttime":"2017-10-15T23:00:00.000Z","lasttime":"2017-10-15T10:00:00.000Z","lastupdt":"2017-10-15T10:00:00.000Z","housenumber":"","road":"Salvador","city":"","region":"","country":"PH","netid":"00:13:33:FE:E3:0B","name":null,"type":"infra","comment":null,"wep":"2","channel":1,"bcninterval":0,"freenet":"?","dhcp":"?","paynet":"?","userfound":false,"encryption":"wpa2"},{"trilat":14.6465396899999991120466802385635673999786376953125,"trilong":121.0613174399999962815854814834892749786376953125,"ssid":"PLDTHOMEDSLAN","qos":2,"transid":"20160227-00000","firsttime":"2016-02-27T20:00:00.000Z","lasttime":"2017-03-03T07:00:00.000Z","lastupdt":"2017-03-03T07:00:00.000Z","housenumber":null,"road":null,"city":null,"region":null,"country":null,"netid":"00:13:33:F1:CA:A2","name":null,"type":"infra","comment":null,"wep":"2","channel":1,"bcninterval":0,"freenet":"?","dhcp":"?","paynet":"?","userfound":false,"encryption":"wpa2"},{"trilat":14.647926330000000660902514937333762645721435546875,"trilong":121.0571212800000040488157537765800952911376953125,"ssid":"PLDTHOMEDSLBILL","qos":2,"transid":"20170404-00000","firsttime":"2017-03-31T19:00:00.000Z","lasttime":"2017-07-29T13:00:00.000Z","lastupdt":"2017-07-29T13:00:00.000Z","housenumber":"65","road":"Maginhawa","city":"","region":"","country":"PH","netid":"00:13:33:F4:27:EF","name":null,"type":"infra","comment":null,"wep":"2","channel":1,"bcninterval":0,"freenet":"?","dhcp":"?","paynet":"?","userfound":false,"encryption":"wpa2"},{"trilat":14.6468677500000001856506059993989765644073486328125,"trilong":121.06180573000000322281266562640666961669921875,"ssid":null,"qos":5,"transid":"20160907-00000","firsttime":"2016-09-03T21:00:00.000Z","lasttime":"2017-10-26T06:00:00.000Z","lastupdt":"2017-10-26T06:00:00.000Z","housenumber":"","road":"B. Baluyot","city":"","region":"","country":"PH","netid":"00:13:33:F4:2A:F7","name":null,"type":"infra","comment":null,"wep":"2","channel":1,"bcninterval":0,"freenet":"?","dhcp":"?","paynet":"?","userfound":false,"encryption":"wpa2"},{"trilat":14.64674377000000049520167522132396697998046875,"trilong":121.060249330000004874818841926753520965576171875,"ssid":"PLDTHOMEDSL","qos":3,"transid":"20160227-00000","firsttime":"2001-01-01T08:00:00.000Z","lasttime":"2017-03-03T07:00:00.000Z","lastupdt":"2017-03-03T07:00:00.000Z","housenumber":null,"road":null,"city":null,"region":null,"country":null,"netid":"00:13:33:E8:F1:E7","name":null,"type":"infra","comment":null,"wep":"2","channel":11,"bcninterval":0,"freenet":"?","dhcp":"?","paynet":"?","userfound":false,"encryption":"wpa2"},{"trilat":14.6510906199999997312488630996085703372955322265625,"trilong":121.0546340899999933071740088053047657012939453125,"ssid":"PLDTHOMEDSL","qos":4,"transid":"20150808-00000","firsttime":"2015-08-07T17:00:00.000Z","lasttime":"2017-07-29T13:00:00.000Z","lastupdt":"2017-07-29T13:00:00.000Z","housenumber":"5","road":"Mayaman","city":"Quezon City","region":"","country":"PH","netid":"00:13:33:DB:90:5C","name":null,"type":"infra","comment":null,"wep":"2","channel":11,"bcninterval":0,"freenet":"?","dhcp":"?","paynet":"?","userfound":false,"encryption":"wpa2"},{"trilat":14.6465139400000001757007339620031416416168212890625,"trilong":121.0592346199999980171924107708036899566650390625,"ssid":"PLDTHOMEDSL","qos":5,"transid":"20150726-00000","firsttime":"2015-07-25T23:00:00.000Z","lasttime":"2017-07-29T13:00:00.000Z","lastupdt":"2017-07-29T13:00:00.000Z","housenumber":"","road":"Magiting","city":"","region":"","country":"PH","netid":"00:13:33:DF:9B:B8","name":null,"type":"infra","comment":null,"wep":"2","channel":11,"bcninterval":0,"freenet":"?","dhcp":"?","paynet":"?","userfound":false,"encryption":"wpa2"},{"trilat":14.6461505899999995250482243136502802371978759765625,"trilong":121.062782290000001239604898728430271148681640625,"ssid":"PLDTHOMEDSL","qos":1,"transid":"20170715-00000","firsttime":"2017-07-09T14:00:00.000Z","lasttime":"2017-10-26T06:00:00.000Z","lastupdt":"2017-10-26T06:00:00.000Z","housenumber":"","road":"Salvador","city":"","region":"","country":"PH","netid":"00:13:33:DF:CF:BB","name":null,"type":"infra","comment":null,"wep":"2","channel":11,"bcninterval":0,"freenet":"?","dhcp":"?","paynet":"?","userfound":false,"encryption":"wpa2"},{"trilat":14.646365169999999267247403622604906558990478515625,"trilong":121.05954742000000123880454339087009429931640625,"ssid":"PLDTHOMEDSL","qos":5,"transid":"20150812-00000","firsttime":"2015-08-12T21:00:00.000Z","lasttime":"2017-07-29T13:00:00.000Z","lastupdt":"2017-07-29T13:00:00.000Z","housenumber":"","road":"Maginhawa","city":"","region":"","country":"PH","netid":"00:13:33:E1:63:DF","name":null,"type":"infra","comment":null,"wep":"2","channel":11,"bcninterval":0,"freenet":"?","dhcp":"?","paynet":"?","userfound":false,"encryption":"wpa2"},{"trilat":14.6465539899999992456969266640953719615936279296875,"trilong":121.0591812100000055352211347781121730804443359375,"ssid":"PLDTHOMEDSLadmin","qos":5,"transid":"20160227-00000","firsttime":"2001-01-01T08:00:00.000Z","lasttime":"2017-07-29T13:00:00.000Z","lastupdt":"2017-07-29T13:00:00.000Z","housenumber":"","road":"Magiting","city":"","region":"","country":"PH","netid":"00:13:33:EA:7B:20","name":null,"type":"infra","comment":null,"wep":"2","channel":5,"bcninterval":0,"freenet":"?","dhcp":"?","paynet":"?","userfound":false,"encryption":"wpa2"},{"trilat":14.6465625799999994427480487502180039882659912109375,"trilong":121.059150700000003553213900886476039886474609375,"ssid":"trendzoneqc","qos":5,"transid":"20160227-00000","firsttime":"2001-01-01T08:00:00.000Z","lasttime":"2017-07-29T13:00:00.000Z","lastupdt":"2017-07-29T13:00:00.000Z","housenumber":"","road":"Magiting","city":"","region":"","country":"PH","netid":"00:13:33:EA:7B:21","name":null,"type":"infra","comment":null,"wep":"2","channel":5,"bcninterval":0,"freenet":"?","dhcp":"?","paynet":"?","userfound":false,"encryption":"wpa2"},{"trilat":14.6466083499999992767470757826231420040130615234375,"trilong":121.06040192000000388361513614654541015625,"ssid":"PLDTSMART","qos":6,"transid":"20130419-00000","firsttime":"2013-04-18T20:00:00.000Z","lasttime":"2017-05-07T05:00:00.000Z","lastupdt":"2017-05-07T05:00:00.000Z","housenumber":null,"road":null,"city":null,"region":"Metro Manila","country":"PH","netid":"00:18:25:03:49:C4","name":null,"type":"infra","comment":null,"wep":"2","channel":3,"bcninterval":0,"freenet":"?","dhcp":"?","paynet":"?","userfound":false,"encryption":"wpa2"},{"trilat":14.64628124000000042315150494687259197235107421875,"trilong":121.0596389800000025616100174374878406524658203125,"ssid":"saugerties2","qos":2,"transid":"20170609-00000","firsttime":"2017-06-03T18:00:00.000Z","lasttime":"2017-07-29T13:00:00.000Z","lastupdt":"2017-07-29T13:00:00.000Z","housenumber":"","road":"Maginhawa","city":"","region":"","country":"PH","netid":"00:1B:2F:E2:2E:EC","name":null,"type":"infra","comment":null,"wep":"2","channel":2,"bcninterval":0,"freenet":"?","dhcp":"?","paynet":"?","userfound":false,"encryption":"wpa2"},{"trilat":14.646845819999999349647623603232204914093017578125,"trilong":121.0579757699999987607952789403498172760009765625,"ssid":"TROJAN VIRUS!","qos":1,"transid":"20170303-00000","firsttime":"2017-03-03T20:00:00.000Z","lasttime":"2017-07-29T13:00:00.000Z","lastupdt":"2017-07-29T13:00:00.000Z","housenumber":"79","road":"Maginhawa","city":"","region":"","country":"PH","netid":"00:1A:EF:48:77:0B","name":null,"type":"infra","comment":null,"wep":"2","channel":10,"bcninterval":0,"freenet":"?","dhcp":"?","paynet":"?","userfound":false,"encryption":"wpa2"},{"trilat":14.6472616200000000930003807297907769680023193359375,"trilong":121.056343080000004874818841926753520965576171875,"ssid":"PLDT Smart WiFi Zone","qos":6,"transid":"20140813-00000","firsttime":"2014-08-13T19:00:00.000Z","lasttime":"2017-05-07T05:00:00.000Z","lastupdt":"2017-05-07T05:00:00.000Z","housenumber":null,"road":null,"city":null,"region":null,"country":null,"netid":"00:18:25:05:95:D0","name":null,"type":"infra","comment":null,"wep":"?","channel":2,"bcninterval":0,"freenet":"?","dhcp":"?","paynet":"?","userfound":false,"encryption":"unknown"},{"trilat":14.6466865500000000821501089376397430896759033203125,"trilong":121.0586852999999933899744064547121524810791015625,"ssid":"PLDT Smart WiFi Zone","qos":1,"transid":"20170303-00000","firsttime":"2017-03-03T19:00:00.000Z","lasttime":"2017-04-04T04:00:00.000Z","lastupdt":"2017-04-04T04:00:00.000Z","housenumber":null,"road":null,"city":null,"region":null,"country":null,"netid":"00:18:25:05:95:E0","name":null,"type":"infra","comment":null,"wep":"?","channel":120,"bcninterval":0,"freenet":"?","dhcp":"?","paynet":"?","userfound":false,"encryption":"unknown"},{"trilat":14.646141050000000660702426102943718433380126953125,"trilong":121.0600662199999959511842462234199047088623046875,"ssid":"PLDT Smart WiFi Zone","qos":6,"transid":"20130207-00000","firsttime":"2013-02-07T21:00:00.000Z","lasttime":"2017-05-07T05:00:00.000Z","lastupdt":"2017-05-07T05:00:00.000Z","housenumber":null,"road":null,"city":null,"region":"Metro Manila","country":"PH","netid":"00:18:25:03:49:C0","name":null,"type":"infra","comment":null,"wep":"N","channel":3,"bcninterval":0,"freenet":"?","dhcp":"?","paynet":"?","userfound":false,"encryption":"none"},{"trilat":14.647944450000000671252564643509685993194580078125,"trilong":121.0542373699999956215833663009107112884521484375,"ssid":"PLDT Smart WiFi Zone","qos":5,"transid":"20130222-00000","firsttime":"2001-01-01T07:00:00.000Z","lasttime":"2017-04-04T04:00:00.000Z","lastupdt":"2017-04-04T04:00:00.000Z","housenumber":null,"road":null,"city":null,"region":"Metro Manila","country":"PH","netid":"00:18:25:03:49:E0","name":null,"type":"infra","comment":null,"wep":"N","channel":2,"bcninterval":0,"freenet":"?","dhcp":"?","paynet":"?","userfound":false,"encryption":"none"},{"trilat":14.6468000400000004646017259801737964153289794921875,"trilong":121.0583877600000022312087821774184703826904296875,"ssid":"PLDT Smart WiFi Zone","qos":1,"transid":"20170303-00000","firsttime":"2017-03-03T19:00:00.000Z","lasttime":"2017-04-04T04:00:00.000Z","lastupdt":"2017-04-04T04:00:00.000Z","housenumber":null,"road":null,"city":null,"region":null,"country":null,"netid":"00:18:25:03:49:F0","name":null,"type":"infra","comment":null,"wep":"?","channel":120,"bcninterval":0,"freenet":"?","dhcp":"?","paynet":"?","userfound":false,"encryption":"unknown"},{"trilat":14.6474790600000002172009772039018571376800537109375,"trilong":121.0574035599999973555895849131047725677490234375,"ssid":"HOLYFAMILY","qos":1,"transid":"20170609-00000","firsttime":"2017-06-03T18:00:00.000Z","lasttime":"2017-07-29T13:00:00.000Z","lastupdt":"2017-07-29T13:00:00.000Z","housenumber":"73","road":"Maginhawa","city":"","region":"","country":"PH","netid":"00:1A:EF:48:8A:D3","name":null,"type":"infra","comment":null,"wep":"2","channel":2,"bcninterval":0,"freenet":"?","dhcp":"?","paynet":"?","userfound":false,"encryption":"wpa2"},{"trilat":14.649801249999999441797626786865293979644775390625,"trilong":121.0622940100000022312087821774184703826904296875,"ssid":"WiFi","qos":6,"transid":"20151015-00000","firsttime":"2015-09-23T20:00:00.000Z","lasttime":"2017-05-07T05:00:00.000Z","lastupdt":"2017-05-07T05:00:00.000Z","housenumber":null,"road":null,"city":null,"region":null,"country":null,"netid":"00:19:BE:80:83:AC","name":null,"type":"infra","comment":null,"wep":"2","channel":6,"bcninterval":0,"freenet":"?","dhcp":"?","paynet":"?","userfound":false,"encryption":"wpa2"},{"trilat":14.646184919999999607398422085680067539215087890625,"trilong":121.059860229999998182393028400838375091552734375,"ssid":"MRS","qos":5,"transid":"20130222-00000","firsttime":"2013-02-22T22:00:00.000Z","lasttime":"2017-07-29T13:00:00.000Z","lastupdt":"2017-07-29T13:00:00.000Z","housenumber":"","road":"Maginhawa","city":"","region":"","country":"PH","netid":"00:18:4D:95:5D:B0","name":null,"type":"infra","comment":null,"wep":"W","channel":11,"bcninterval":0,"freenet":"?","dhcp":"?","paynet":"?","userfound":false,"encryption":"wpa"},{"trilat":14.6467046700000000925001586438156664371490478515625,"trilong":121.0627136199999966947871143929660320281982421875,"ssid":"Maineden","qos":1,"transid":"20171015-00000","firsttime":"2017-10-15T23:00:00.000Z","lasttime":"2017-10-26T06:00:00.000Z","lastupdt":"2017-10-26T06:00:00.000Z","housenumber":"","road":"Salvador","city":"","region":"","country":"PH","netid":"00:1A:EF:2A:94:09","name":null,"type":"infra","comment":null,"wep":"2","channel":1,"bcninterval":0,"freenet":"?","dhcp":"?","paynet":"?","userfound":false,"encryption":"wpa2"},{"trilat":14.6501474399999995767984728445298969745635986328125,"trilong":121.0574035599999973555895849131047725677490234375,"ssid":"CD-R_KING_11n","qos":0,"transid":"20170609-00000","firsttime":"2017-06-03T18:00:00.000Z","lasttime":"2017-06-09T05:00:00.000Z","lastupdt":"2017-06-09T05:00:00.000Z","housenumber":null,"road":null,"city":null,"region":null,"country":null,"netid":"00:1A:EF:2D:E3:24","name":null,"type":"infra","comment":null,"wep":"2","channel":5,"bcninterval":0,"freenet":"?","dhcp":"?","paynet":"?","userfound":false,"encryption":"wpa2"},{"trilat":14.647236819999999823949110577814280986785888671875,"trilong":121.06274414000000660962541587650775909423828125,"ssid":"Hybridwerx","qos":6,"transid":"20130206-00000","firsttime":"2013-02-07T07:00:00.000Z","lasttime":"2017-05-07T05:00:00.000Z","lastupdt":"2017-05-07T05:00:00.000Z","housenumber":null,"road":null,"city":null,"region":"Metro Manila","country":"PH","netid":"00:1A:EF:2E:AA:8D","name":null,"type":"infra","comment":null,"wep":"2","channel":1,"bcninterval":0,"freenet":"?","dhcp":"?","paynet":"?","userfound":false,"encryption":"wpa2"},{"trilat":14.64955235000000044465195969678461551666259765625,"trilong":121.057518009999995456382748670876026153564453125,"ssid":"Maayusin","qos":0,"transid":"20170609-00000","firsttime":"2017-06-03T18:00:00.000Z","lasttime":"2017-06-09T05:00:00.000Z","lastupdt":"2017-06-09T05:00:00.000Z","housenumber":null,"road":null,"city":null,"region":null,"country":null,"netid":"00:18:F8:70:EE:6E","name":null,"type":"infra","comment":null,"wep":"2","channel":11,"bcninterval":0,"freenet":"?","dhcp":"?","paynet":"?","userfound":false,"encryption":"wpa2"},{"trilat":14.6497707399999992361472322954796254634857177734375,"trilong":121.0569457999999940511770546436309814453125,"ssid":"Altai_Wifi","qos":4,"transid":"20160907-00000","firsttime":"2016-09-03T21:00:00.000Z","lasttime":"2017-07-29T13:00:00.000Z","lastupdt":"2017-07-29T13:00:00.000Z","housenumber":"43","road":"Maginhawa","city":"","region":"","country":"PH","netid":"00:19:BE:81:32:E2","name":null,"type":"infra","comment":null,"wep":"2","channel":6,"bcninterval":0,"freenet":"?","dhcp":"?","paynet":"?","userfound":false,"encryption":"wpa2"},{"trilat":14.6504373599999997423992681433446705341339111328125,"trilong":121.061248779999999669598764739930629730224609375,"ssid":"H9300G","qos":5,"transid":"20130309-00000","firsttime":"2013-03-09T20:00:00.000Z","lasttime":"2017-04-04T04:00:00.000Z","lastupdt":"2017-04-04T04:00:00.000Z","housenumber":null,"road":null,"city":null,"region":"Metro Manila","country":"PH","netid":"00:1D:92:10:DF:E3","name":null,"type":"infra","comment":null,"wep":"W","channel":1,"bcninterval":0,"freenet":"?","dhcp":"?","paynet":"?","userfound":false,"encryption":"wpa"},{"trilat":14.646166799999999597048372379504144191741943359375,"trilong":121.0597534200000069404268288053572177886962890625,"ssid":"Magiting S2","qos":6,"transid":"20130621-00000","firsttime":"2013-06-11T20:00:00.000Z","lasttime":"2017-05-07T05:00:00.000Z","lastupdt":"2017-05-07T05:00:00.000Z","housenumber":null,"road":null,"city":null,"region":"Metro Manila","country":"PH","netid":"00:18:25:03:49:C1","name":null,"type":"infra","comment":null,"wep":"W","channel":3,"bcninterval":0,"freenet":"?","dhcp":"?","paynet":"?","userfound":false,"encryption":"wpa"},{"trilat":14.6467638000000004439016265678219497203826904296875,"trilong":121.0544662500000043792169890366494655609130859375,"ssid":"Magiting S3","qos":5,"transid":"20130621-00000","firsttime":"2013-06-11T20:00:00.000Z","lasttime":"2017-04-04T04:00:00.000Z","lastupdt":"2017-04-04T04:00:00.000Z","housenumber":null,"road":null,"city":null,"region":"Metro Manila","country":"PH","netid":"00:18:25:03:49:E1","name":null,"type":"infra","comment":null,"wep":"W","channel":2,"bcninterval":0,"freenet":"?","dhcp":"?","paynet":"?","userfound":false,"encryption":"wpa"},{"trilat":14.646675110000000330501279677264392375946044921875,"trilong":121.0587539699999979347921907901763916015625,"ssid":"PLDTSMART","qos":1,"transid":"20170303-00000","firsttime":"2017-03-03T19:00:00.000Z","lasttime":"2017-04-04T04:00:00.000Z","lastupdt":"2017-04-04T04:00:00.000Z","housenumber":null,"road":null,"city":null,"region":null,"country":null,"netid":"00:18:25:05:95:E4","name":null,"type":"infra","comment":null,"wep":"2","channel":120,"bcninterval":0,"freenet":"?","dhcp":"?","paynet":"?","userfound":false,"encryption":"wpa2"},{"trilat":14.64675236000000069225279730744659900665283203125,"trilong":121.054115300000006527625373564660549163818359375,"ssid":"PLDTSMART","qos":5,"transid":"20130419-00000","firsttime":"2013-04-19T17:00:00.000Z","lasttime":"2017-04-04T04:00:00.000Z","lastupdt":"2017-04-04T04:00:00.000Z","housenumber":null,"road":null,"city":null,"region":"Metro Manila","country":"PH","netid":"00:18:25:03:49:E4","name":null,"type":"infra","comment":null,"wep":"2","channel":2,"bcninterval":0,"freenet":"?","dhcp":"?","paynet":"?","userfound":false,"encryption":"wpa2"},{"trilat":14.6467933699999992569473761250264942646026611328125,"trilong":121.0583801300000033052128856070339679718017578125,"ssid":"PLDTSMART","qos":1,"transid":"20170303-00000","firsttime":"2017-03-03T19:00:00.000Z","lasttime":"2017-04-04T04:00:00.000Z","lastupdt":"2017-04-04T04:00:00.000Z","housenumber":null,"road":null,"city":null,"region":null,"country":null,"netid":"00:18:25:03:49:F4","name":null,"type":"infra","comment":null,"wep":"2","channel":120,"bcninterval":0,"freenet":"?","dhcp":"?","paynet":"?","userfound":false,"encryption":"wpa2"},{"trilat":14.6468496300000001753005562932230532169342041015625,"trilong":121.057357789999997521590557880699634552001953125,"ssid":"Magiting S1","qos":6,"transid":"20140813-00000","firsttime":"2014-08-13T19:00:00.000Z","lasttime":"2017-05-07T05:00:00.000Z","lastupdt":"2017-05-07T05:00:00.000Z","housenumber":null,"road":null,"city":null,"region":null,"country":null,"netid":"00:18:25:05:95:D1","name":null,"type":"infra","comment":null,"wep":"W","channel":2,"bcninterval":0,"freenet":"?","dhcp":"?","paynet":"?","userfound":false,"encryption":"wpa"},{"trilat":14.6468172100000000313002601615153253078460693359375,"trilong":121.0575485199999974383899825625121593475341796875,"ssid":"PLDTSMART","qos":6,"transid":"20140813-00000","firsttime":"2014-08-13T19:00:00.000Z","lasttime":"2017-05-07T05:00:00.000Z","lastupdt":"2017-05-07T05:00:00.000Z","housenumber":null,"road":null,"city":null,"region":null,"country":null,"netid":"00:18:25:05:95:D4","name":null,"type":"infra","comment":null,"wep":"2","channel":2,"bcninterval":0,"freenet":"?","dhcp":"?","paynet":"?","userfound":false,"encryption":"wpa2"},{"trilat":14.6491231899999991838967616786248981952667236328125,"trilong":121.06362914999999702558852732181549072265625,"ssid":"MMMN","qos":0,"transid":"20170507-00000","firsttime":"2017-04-20T20:00:00.000Z","lasttime":"2017-05-07T05:00:00.000Z","lastupdt":"2017-05-07T05:00:00.000Z","housenumber":null,"road":null,"city":null,"region":null,"country":null,"netid":"00:1A:EF:29:B5:F4","name":null,"type":"infra","comment":null,"wep":"2","channel":1,"bcninterval":0,"freenet":"?","dhcp":"?","paynet":"?","userfound":false,"encryption":"wpa2"},{"trilat":14.6469802900000001244507075170986354351043701171875,"trilong":121.0620346099999977695915731601417064666748046875,"ssid":"MacNet","qos":3,"transid":"20160907-00000","firsttime":"2016-09-03T21:00:00.000Z","lasttime":"2017-03-04T06:00:00.000Z","lastupdt":"2017-03-04T06:00:00.000Z","housenumber":null,"road":null,"city":null,"region":null,"country":null,"netid":"00:1A:EF:48:A3:BA","name":null,"type":"infra","comment":null,"wep":"Y","channel":6,"bcninterval":0,"freenet":"?","dhcp":"?","paynet":"?","userfound":false,"encryption":"wep"},{"trilat":14.647617340000000041300154407508671283721923828125,"trilong":121.063781739999996034384821541607379913330078125,"ssid":"HomeBro_ULTERA","qos":4,"transid":"20170507-00000","firsttime":"2017-04-10T18:00:00.000Z","lasttime":"2017-05-07T05:00:00.000Z","lastupdt":"2017-05-07T05:00:00.000Z","housenumber":null,"road":null,"city":null,"region":null,"country":null,"netid":"00:1F:FB:BA:B8:DF","name":null,"type":"infra","comment":null,"wep":"2","channel":1,"bcninterval":0,"freenet":"?","dhcp":"?","paynet":"?","userfound":false,"encryption":"wpa2"},{"trilat":14.647608760000000671652742312289774417877197265625,"trilong":121.063591000000002395609044469892978668212890625,"ssid":"DiKaMakaKonekNoh","qos":0,"transid":"20170507-00000","firsttime":"2017-04-25T12:00:00.000Z","lasttime":"2017-05-07T05:00:00.000Z","lastupdt":"2017-05-07T05:00:00.000Z","housenumber":null,"road":null,"city":null,"region":null,"country":null,"netid":"00:1F:FB:BA:F8:35","name":null,"type":"infra","comment":null,"wep":"2","channel":10,"bcninterval":0,"freenet":"?","dhcp":"?","paynet":"?","userfound":false,"encryption":"wpa2"},{"trilat":14.6478366900000001038506525219418108463287353515625,"trilong":121.0603485099999971907891449518501758575439453125,"ssid":"jennyjuly06","qos":5,"transid":"20160227-00000","firsttime":"2016-02-27T20:00:00.000Z","lasttime":"2017-10-26T06:00:00.000Z","lastupdt":"2017-10-26T06:00:00.000Z","housenumber":"","road":"Carlos P. Garcia Avenue","city":"Quezon City","region":"","country":"PH","netid":"00:1F:FB:A5:21:19","name":null,"type":"infra","comment":null,"wep":"2","channel":10,"bcninterval":0,"freenet":"?","dhcp":"?","paynet":"?","userfound":false,"encryption":"wpa2"},{"trilat":14.6469850499999996173983163316734135150909423828125,"trilong":121.0521392800000057832221500575542449951171875,"ssid":"M. Marasigan (Restricted)","qos":0,"transid":"20171016-00000","firsttime":"2017-10-17T10:00:00.000Z","lasttime":"2017-10-17T04:00:00.000Z","lastupdt":"2017-10-17T04:00:00.000Z","housenumber":"","road":"Kalayaan","city":"Quezon City","region":"","country":"PH","netid":"00:21:E9:F7:89:A1","name":null,"type":"infra","comment":null,"wep":"2","channel":1,"bcninterval":0,"freenet":"?","dhcp":"?","paynet":"?","userfound":false,"encryption":"wpa2"},{"trilat":14.647616389999999597648638882674276828765869140625,"trilong":121.063781739999996034384821541607379913330078125,"ssid":null,"qos":0,"transid":"20170316-00000","firsttime":"2017-03-15T21:00:00.000Z","lasttime":"2017-03-16T08:00:00.000Z","lastupdt":"2017-03-16T08:00:00.000Z","housenumber":null,"road":null,"city":null,"region":null,"country":null,"netid":"00:1F:FB:A1:CF:B3","name":null,"type":"infra","comment":null,"wep":"2","channel":11,"bcninterval":0,"freenet":"?","dhcp":"?","paynet":"?","userfound":false,"encryption":"wpa2"},{"trilat":14.6464805600000005370020517148077487945556640625,"trilong":121.06274414000000660962541587650775909423828125,"ssid":"BSG_75","qos":5,"transid":"20170715-00000","firsttime":"2017-06-23T08:00:00.000Z","lasttime":"2017-10-26T06:00:00.000Z","lastupdt":"2017-10-26T06:00:00.000Z","housenumber":"","road":"Salvador","city":"","region":"","country":"PH","netid":"00:1F:FB:B7:C7:81","name":null,"type":"infra","comment":null,"wep":"2","channel":11,"bcninterval":0,"freenet":"?","dhcp":"?","paynet":"?","userfound":false,"encryption":"wpa2"},{"trilat":14.6514625499999997515487848431803286075592041015625,"trilong":121.06445311999999603358446620404720306396484375,"ssid":"HomeBro_ULTERA","qos":0,"transid":"20170507-00000","firsttime":"2017-04-20T20:00:00.000Z","lasttime":"2017-05-07T05:00:00.000Z","lastupdt":"2017-05-07T05:00:00.000Z","housenumber":null,"road":null,"city":null,"region":null,"country":null,"netid":"00:1F:FB:BA:F8:37","name":null,"type":"infra","comment":null,"wep":"2","channel":1,"bcninterval":0,"freenet":"?","dhcp":"?","paynet":"?","userfound":false,"encryption":"wpa2"},{"trilat":14.645904540000000082500264397822320461273193359375,"trilong":121.0623016400000011572046787478029727935791015625,"ssid":"lorelove","qos":1,"transid":"20170715-00000","firsttime":"2017-07-09T14:00:00.000Z","lasttime":"2017-07-29T13:00:00.000Z","lastupdt":"2017-07-29T13:00:00.000Z","housenumber":"","road":"V. Francisco","city":"","region":"","country":"PH","netid":"00:1F:FB:BB:30:8B","name":null,"type":"infra","comment":null,"wep":"2","channel":2,"bcninterval":0,"freenet":"?","dhcp":"?","paynet":"?","userfound":false,"encryption":"wpa2"},{"trilat":14.64708805000000069185261963866651058197021484375,"trilong":121.0616073599999964471862767823040485382080078125,"ssid":"NEDAMLA","qos":0,"transid":"20170507-00000","firsttime":"2017-05-06T19:00:00.000Z","lasttime":"2017-05-07T05:00:00.000Z","lastupdt":"2017-05-07T05:00:00.000Z","housenumber":null,"road":null,"city":null,"region":null,"country":null,"netid":"00:1F:FB:BB:10:89","name":null,"type":"infra","comment":null,"wep":"2","channel":2,"bcninterval":0,"freenet":"?","dhcp":"?","paynet":"?","userfound":false,"encryption":"wpa2"},{"trilat":14.6495313599999992248967828345485031604766845703125,"trilong":121.0622940100000022312087821774184703826904296875,"ssid":"HomeBro_ULTERA","qos":5,"transid":"20170112-00000","firsttime":"2017-01-12T19:00:00.000Z","lasttime":"2017-05-07T05:00:00.000Z","lastupdt":"2017-05-07T05:00:00.000Z","housenumber":null,"road":null,"city":null,"region":null,"country":null,"netid":"00:1F:FB:BA:68:87","name":null,"type":"infra","comment":null,"wep":"2","channel":1,"bcninterval":0,"freenet":"?","dhcp":"?","paynet":"?","userfound":false,"encryption":"wpa2"},{"trilat":14.6476468999999998032990333740599453449249267578125,"trilong":121.0638351399999947943797451443970203399658203125,"ssid":"HomeBro_ULTERA","qos":5,"transid":"20170223-00000","firsttime":"2017-02-23T13:00:00.000Z","lasttime":"2017-07-15T01:00:00.000Z","lastupdt":"2017-07-15T01:00:00.000Z","housenumber":"","road":"B. Baluyot","city":"Quezon City","region":"","country":"PH","netid":"00:1F:FB:BA:CA:63","name":null,"type":"infra","comment":null,"wep":"2","channel":11,"bcninterval":0,"freenet":"?","dhcp":"?","paynet":"?","userfound":false,"encryption":"wpa2"}]}