{"success":true,"totalResults":1315,"search_after":79126172,"first":1,"last":100,"resultCount":100,"results":[{"trilat":14.6468181600000004749517756863497197628021240234375,"trilong":121.0599136400000048752190195955336093902587890625,"ssid":"HUAWEI-E5330-B877","qos":0,"transid":"20170303-00000","firsttime":"2017-03-03T20:00:00.000Z","lasttime":"2017-03-03T07:00:00.000Z","lastupdt":"2017-03-03T07:00:00.000Z","housenumber":null,"road":null,"city":null,"region":null,"country":null,"netid":"0C:D6:BD:3F:B8:77","name":null,"type":"infra","comment":null,"wep":"2","channel":11,"bcninterval":0,"freenet":"?","dhcp":"?","paynet":"?","userfound":false,"encryption":"wpa2"},{"trilat":14.6490202000000007132030077627860009670257568359375,"trilong":121.063575740000004543617251329123973846435546875,"ssid":"PLDTHOMEDSL9c","qos":7,"transid":"20160707-00000","firsttime":"2001-01-01T08:00:00.000Z","lasttime":"2017-05-07T05:00:00.000Z","lastupdt":"2017-05-07T05:00:00.000Z","housenumber":null,"road":null,"city":null,"region":null,"country":null,"netid":"90:61:0C:2E:02:5D","name":null,"type":"infra","comment":null,"wep":"2","channel":1,"bcninterval":0,"freenet":"?","dhcp":"?","paynet":"?","userfound":false,"encryption":"wpa2"},{"trilat":14.64697838000000018610080587677657604217529296875,"trilong":121.0615997299999975211903802119195461273193359375,"ssid":"PLDTHOMEDSL00755","qos":5,"transid":"20160907-00000","firsttime":"2016-09-03T21:00:00.000Z","lasttime":"2017-07-15T01:00:00.000Z","lastupdt":"2017-07-15T01:00:00.000Z","housenumber":"","road":"B. Baluyot","city":"Quezon City","region":"","country":"PH","netid":"90:61:0C:2E:02:F3","name":null,"type":"infra","comment":null,"wep":"2","channel":1,"bcninterval":0,"freenet":"?","dhcp":"?","paynet":"?","userfound":false,"encryption":"wpa2"},{"trilat":14.647527690000000433201421401463449001312255859375,"trilong":121.0573349000000007436028681695461273193359375,"ssid":"PLDTHOMEDSL43632","qos":2,"transid":"20170404-00000","firsttime":"2017-03-31T19:00:00.000Z","lasttime":"2017-07-29T13:00:00.000Z","lastupdt":"2017-07-29T13:00:00.000Z","housenumber":"","road":"Maginhawa","city":"","region":"","country":"PH","netid":"90:61:0C:33:AA:70","name":null,"type":"infra","comment":null,"wep":"2","channel":11,"bcninterval":0,"freenet":"?","dhcp":"?","paynet":"?","userfound":false,"encryption":"wpa2"},{"trilat":14.647618290000000484951669932343065738677978515625,"trilong":121.0632934599999970259887049905955791473388671875,"ssid":"M E R C U R I O","qos":0,"transid":"20171015-00000","firsttime":"2017-10-15T23:00:00.000Z","lasttime":"2017-10-15T10:00:00.000Z","lastupdt":"2017-10-15T10:00:00.000Z","housenumber":"","road":"B. Baluyot","city":"","region":"","country":"PH","netid":"90:61:0C:35:45:A1","name":null,"type":"infra","comment":null,"wep":"2","channel":1,"bcninterval":0,"freenet":"?","dhcp":"?","paynet":"?","userfound":false,"encryption":"wpa2"},{"trilat":14.6469764700000002477509042364545166492462158203125,"trilong":121.062599180000006526825018227100372314453125,"ssid":"PLDTHOMEDSL35859","qos":1,"transid":"20171015-00000","firsttime":"2017-10-15T23:00:00.000Z","lasttime":"2017-10-26T06:00:00.000Z","lastupdt":"2017-10-26T06:00:00.000Z","housenumber":"","road":"Emilio Jacinto","city":"Quezon City","region":"","country":"PH","netid":"90:61:0C:35:8C:13","name":null,"type":"infra","comment":null,"wep":"2","channel":2,"bcninterval":0,"freenet":"?","dhcp":"?","paynet":"?","userfound":false,"encryption":"wpa2"},{"trilat":14.64686870999999968034899211488664150238037109375,"trilong":121.0578002900000029740112950094044208526611328125,"ssid":"PLDTHOMEDSL57828_MDV","qos":0,"transid":"20170609-00000","firsttime":"2017-06-03T18:00:00.000Z","lasttime":"2017-06-09T05:00:00.000Z","lastupdt":"2017-06-09T05:00:00.000Z","housenumber":null,"road":null,"city":null,"region":null,"country":null,"netid":"90:61:0C:2C:E1:E4","name":null,"type":"infra","comment":null,"wep":"2","channel":1,"bcninterval":0,"freenet":"?","dhcp":"?","paynet":"?","userfound":false,"encryption":"wpa2"},{"trilat":14.6511774100000007337030183407478034496307373046875,"trilong":121.0571746800000028088106773793697357177734375,"ssid":"SM_BAGUIO","qos":0,"transid":"20170609-00000","firsttime":"2017-06-03T18:00:00.000Z","lasttime":"2017-06-09T05:00:00.000Z","lastupdt":"2017-06-09T05:00:00.000Z","housenumber":null,"road":null,"city":null,"region":null,"country":null,"netid":"90:61:0C:2C:E2:A1","name":null,"type":"infra","comment":null,"wep":"2","channel":2,"bcninterval":0,"freenet":"?","dhcp":"?","paynet":"?","userfound":false,"encryption":"wpa2"},{"trilat":14.646068570000000619302227278240025043487548828125,"trilong":121.0603027300000036348137655295431613922119140625,"ssid":"Pancake","qos":0,"transid":"20170715-00000","firsttime":"2017-07-15T16:00:00.000Z","lasttime":"2017-07-15T01:00:00.000Z","lastupdt":"2017-07-15T01:00:00.000Z","housenumber":"","road":"Maginhawa","city":"","region":"","country":"PH","netid":"0E:12:62:7F:B3:7C","name":null,"type":"infra","comment":null,"wep":"2","channel":6,"bcninterval":0,"freenet":"?","dhcp":"?","paynet":"?","userfound":false,"encryption":"wpa2"},{"trilat":14.6465177499999992249968272517435252666473388671875,"trilong":121.0587844799999999167994246818125247955322265625,"ssid":"Hiei@Wifi","qos":2,"transid":"20170609-00000","firsttime":"2017-06-03T18:00:00.000Z","lasttime":"2017-07-29T13:00:00.000Z","lastupdt":"2017-07-29T13:00:00.000Z","housenumber":"88","road":"Maginhawa","city":"","region":"","country":"PH","netid":"0C:F4:D5:55:99:2C","name":null,"type":"infra","comment":null,"wep":"2","channel":124,"bcninterval":0,"freenet":"?","dhcp":"?","paynet":"?","userfound":false,"encryption":"wpa2"},{"trilat":14.646629329999999669098542653955519199371337890625,"trilong":121.059005740000003470413503237068653106689453125,"ssid":"#SmartWifi @StrEATMag","qos":2,"transid":"20170609-00000","firsttime":"2017-06-03T18:00:00.000Z","lasttime":"2017-07-29T13:00:00.000Z","lastupdt":"2017-07-29T13:00:00.000Z","housenumber":"","road":"Magiting","city":"","region":"","country":"PH","netid":"0C:F4:D5:15:99:28","name":null,"type":"infra","comment":null,"wep":"?","channel":11,"bcninterval":0,"freenet":"?","dhcp":"?","paynet":"?","userfound":false,"encryption":"unknown"},{"trilat":14.6467409100000001132002580561675131320953369140625,"trilong":121.0593414300000034700133255682885646820068359375,"ssid":"BOLj-cm8ua2VhdGluZzE5Nzc","qos":0,"transid":"20170303-00000","firsttime":"2017-03-03T20:00:00.000Z","lasttime":"2017-03-03T07:00:00.000Z","lastupdt":"2017-03-03T07:00:00.000Z","housenumber":null,"road":null,"city":null,"region":null,"country":null,"netid":"02:08:22:00:BD:06","name":null,"type":"infra","comment":null,"wep":"Y","channel":6,"bcninterval":0,"freenet":"?","dhcp":"?","paynet":"?","userfound":false,"encryption":"wep"},{"trilat":14.6465997699999999070996636874042451381683349609375,"trilong":121.0591049199999957863838062621653079986572265625,"ssid":"YICarCam_faeecc","qos":0,"transid":"20170303-00000","firsttime":"2017-03-03T19:00:00.000Z","lasttime":"2017-03-03T04:00:00.000Z","lastupdt":"2017-03-03T04:00:00.000Z","housenumber":null,"road":null,"city":null,"region":null,"country":null,"netid":"58:70:C6:FA:EE:CC","name":null,"type":"infra","comment":null,"wep":"2","channel":5,"bcninterval":0,"freenet":"?","dhcp":"?","paynet":"?","userfound":false,"encryption":"wpa2"},{"trilat":14.6485300099999999901001501712016761302947998046875,"trilong":121.0569152799999983471934683620929718017578125,"ssid":"SKYbroadbandF18E","qos":0,"transid":"20170609-00000","firsttime":"2017-06-03T18:00:00.000Z","lasttime":"2017-06-09T05:00:00.000Z","lastupdt":"2017-06-09T05:00:00.000Z","housenumber":null,"road":null,"city":null,"region":null,"country":null,"netid":"50:09:59:84:F1:91","name":null,"type":"infra","comment":null,"wep":"2","channel":1,"bcninterval":0,"freenet":"?","dhcp":"?","paynet":"?","userfound":false,"encryption":"wpa2"},{"trilat":14.647861479999999545498212683014571666717529296875,"trilong":121.0626602199999979347921907901763916015625,"ssid":"HabagatWiFi","qos":2,"transid":"20161206-00000","firsttime":"2016-12-06T11:00:00.000Z","lasttime":"2017-01-29T10:00:00.000Z","lastupdt":"2017-01-29T10:00:00.000Z","housenumber":null,"road":null,"city":null,"region":null,"country":null,"netid":"50:68:0A:A0:A6:81","name":null,"type":"infra","comment":null,"wep":"2","channel":1,"bcninterval":0,"freenet":"?","dhcp":"?","paynet":"?","userfound":false,"encryption":"wpa2"},{"trilat":14.650218960000000123500285553745925426483154296875,"trilong":121.063346859999995785983628593385219573974609375,"ssid":"bayanDSL","qos":0,"transid":"20170507-00000","firsttime":"2017-04-10T17:00:00.000Z","lasttime":"2017-05-07T05:00:00.000Z","lastupdt":"2017-05-07T05:00:00.000Z","housenumber":null,"road":null,"city":null,"region":null,"country":null,"netid":"54:22:F8:F1:83:40","name":null,"type":"infra","comment":null,"wep":"W","channel":4,"bcninterval":0,"freenet":"?","dhcp":"?","paynet":"?","userfound":false,"encryption":"wpa"},{"trilat":14.646403310000000175250534084625542163848876953125,"trilong":121.059440609999995785983628593385219573974609375,"ssid":"TwinxGuileRyzenRiza","qos":5,"transid":"20160227-00000","firsttime":"2016-02-27T20:00:00.000Z","lasttime":"2017-07-29T13:00:00.000Z","lastupdt":"2017-07-29T13:00:00.000Z","housenumber":"","road":"Maginhawa","city":"","region":"","country":"PH","netid":"94:A7:B7:3D:01:90","name":null,"type":"infra","comment":null,"wep":"2","channel":7,"bcninterval":0,"freenet":"?","dhcp":"?","paynet":"?","userfound":false,"encryption":"wpa2"},{"trilat":14.6501932099999994107974998769350349903106689453125,"trilong":121.059310909999993555175024084746837615966796875,"ssid":"bayanDSLWIFI_471B","qos":5,"transid":"20160417-00000","firsttime":"2016-04-17T14:00:00.000Z","lasttime":"2017-05-07T05:00:00.000Z","lastupdt":"2017-05-07T05:00:00.000Z","housenumber":null,"road":null,"city":null,"region":null,"country":null,"netid":"94:A7:B7:26:47:1B","name":null,"type":"infra","comment":null,"wep":"2","channel":1,"bcninterval":0,"freenet":"?","dhcp":"?","paynet":"?","userfound":false,"encryption":"wpa2"},{"trilat":14.646792409999999762248990009538829326629638671875,"trilong":121.0620193499999999175997800193727016448974609375,"ssid":"bayanDSLWIFI_717F","qos":4,"transid":"20160227-00000","firsttime":"2016-01-29T18:00:00.000Z","lasttime":"2017-07-15T01:00:00.000Z","lastupdt":"2017-07-15T01:00:00.000Z","housenumber":"","road":"V. Francisco","city":"","region":"","country":"PH","netid":"94:A7:B7:26:71:7F","name":null,"type":"infra","comment":null,"wep":"2","channel":3,"bcninterval":0,"freenet":"?","dhcp":"?","paynet":"?","userfound":false,"encryption":"wpa2"},{"trilat":14.6510810899999999179499354795552790164947509765625,"trilong":121.0590515100000033044125302694737911224365234375,"ssid":"FAD-2G","qos":0,"transid":"20170311-00000","firsttime":"2017-03-10T19:00:00.000Z","lasttime":"2017-03-11T06:00:00.000Z","lastupdt":"2017-03-11T06:00:00.000Z","housenumber":null,"road":null,"city":null,"region":null,"country":null,"netid":"0A:A6:F7:4D:72:69","name":null,"type":"infra","comment":null,"wep":"2","channel":1,"bcninterval":0,"freenet":"?","dhcp":"?","paynet":"?","userfound":false,"encryption":"wpa2"},{"trilat":14.65129375000000067075234255753457546234130859375,"trilong":121.0590896599999979343920131213963031768798828125,"ssid":"MIS-5G","qos":4,"transid":"20170223-00000","firsttime":"2017-02-23T13:00:00.000Z","lasttime":"2017-05-07T05:00:00.000Z","lastupdt":"2017-05-07T05:00:00.000Z","housenumber":null,"road":null,"city":null,"region":null,"country":null,"netid":"0A:A6:F7:4E:72:69","name":null,"type":"infra","comment":null,"wep":"2","channel":40,"bcninterval":0,"freenet":"?","dhcp":"?","paynet":"?","userfound":false,"encryption":"wpa2"},{"trilat":14.6512985199999992147468219627626240253448486328125,"trilong":121.0590896599999979343920131213963031768798828125,"ssid":"VMEPD-5G","qos":4,"transid":"20170223-00000","firsttime":"2017-02-23T13:00:00.000Z","lasttime":"2017-05-07T05:00:00.000Z","lastupdt":"2017-05-07T05:00:00.000Z","housenumber":null,"road":null,"city":null,"region":null,"country":null,"netid":"0A:A6:F7:4E:72:6B","name":null,"type":"infra","comment":null,"wep":"2","channel":40,"bcninterval":0,"freenet":"?","dhcp":"?","paynet":"?","userfound":false,"encryption":"wpa2"},{"trilat":14.6473331499999996907490640296600759029388427734375,"trilong":121.0629653900000022304084268398582935333251953125,"ssid":"HUAWEI-E5330-A01F","qos":0,"transid":"20170112-00000","firsttime":"2017-01-12T19:00:00.000Z","lasttime":"2017-01-12T04:00:00.000Z","lastupdt":"2017-01-12T04:00:00.000Z","housenumber":null,"road":null,"city":null,"region":null,"country":null,"netid":"94:FE:22:F0:A0:1F","name":null,"type":"infra","comment":null,"wep":"2","channel":10,"bcninterval":0,"freenet":"?","dhcp":"?","paynet":"?","userfound":false,"encryption":"wpa2"},{"trilat":14.6460914599999991736467563896439969539642333984375,"trilong":121.0621643100000000004001776687800884246826171875,"ssid":"HUAWEI-E5330-A7AF","qos":0,"transid":"20170715-00000","firsttime":"2017-06-23T08:00:00.000Z","lasttime":"2017-07-15T01:00:00.000Z","lastupdt":"2017-07-15T01:00:00.000Z","housenumber":"","road":"V. Francisco","city":"","region":"","country":"PH","netid":"94:FE:22:F0:A7:AF","name":null,"type":"infra","comment":null,"wep":"2","channel":6,"bcninterval":0,"freenet":"?","dhcp":"?","paynet":"?","userfound":false,"encryption":"wpa2"},{"trilat":14.649791719999999628498699166812002658843994140625,"trilong":121.0622940100000022312087821774184703826904296875,"ssid":"wifi ng ina mo!","qos":6,"transid":"20151015-00000","firsttime":"2015-09-23T20:00:00.000Z","lasttime":"2017-05-07T05:00:00.000Z","lastupdt":"2017-05-07T05:00:00.000Z","housenumber":null,"road":null,"city":null,"region":null,"country":null,"netid":"0A:19:BE:80:83:AC","name":null,"type":"infra","comment":null,"wep":"2","channel":6,"bcninterval":0,"freenet":"?","dhcp":"?","paynet":"?","userfound":false,"encryption":"wpa2"},{"trilat":14.6470661199999998558496372424997389316558837890625,"trilong":121.06306458000000247920979745686054229736328125,"ssid":"WEST PHILIPPINE SEA","qos":5,"transid":"20160907-00000","firsttime":"2016-09-03T21:00:00.000Z","lasttime":"2017-10-26T06:00:00.000Z","lastupdt":"2017-10-26T06:00:00.000Z","housenumber":"","road":"B. Baluyot","city":"","region":"","country":"PH","netid":"94:FE:22:B1:B6:14","name":null,"type":"infra","comment":null,"wep":"2","channel":10,"bcninterval":0,"freenet":"?","dhcp":"?","paynet":"?","userfound":false,"encryption":"wpa2"},{"trilat":14.6473350500000005780520950793288648128509521484375,"trilong":121.06040192000000388361513614654541015625,"ssid":"BiGW-UGhvbmU","qos":0,"transid":"20170307-00000","firsttime":"2017-03-07T18:00:00.000Z","lasttime":"2017-03-07T18:00:00.000Z","lastupdt":"2017-03-07T18:00:00.000Z","housenumber":null,"road":null,"city":null,"region":null,"country":null,"netid":"00:27:15:0C:D1:F8","name":null,"type":"infra","comment":null,"wep":"?","channel":6,"bcninterval":0,"freenet":"?","dhcp":"?","paynet":"?","userfound":false,"encryption":"unknown"},{"trilat":14.6475944499999997105987858958542346954345703125,"trilong":121.0639877299999938031760393641889095306396484375,"ssid":"SYNC_00000000","qos":0,"transid":"20170314-00000","firsttime":"2017-03-14T18:00:00.000Z","lasttime":"2017-03-14T21:00:00.000Z","lastupdt":"2017-03-14T21:00:00.000Z","housenumber":null,"road":null,"city":null,"region":null,"country":null,"netid":"00:26:B4:3D:78:36","name":null,"type":"infra","comment":null,"wep":"2","channel":1,"bcninterval":0,"freenet":"?","dhcp":"?","paynet":"?","userfound":false,"encryption":"wpa2"},{"trilat":14.6457939100000000820500645204447209835052490234375,"trilong":121.0538101199999942991780699230730533599853515625,"ssid":"V2X-2098","qos":1,"transid":"20160626-00000","firsttime":"2016-06-26T21:00:00.000Z","lasttime":"2017-02-26T10:00:00.000Z","lastupdt":"2017-02-26T10:00:00.000Z","housenumber":null,"road":null,"city":null,"region":null,"country":null,"netid":"1A:4F:32:66:EB:BB","name":null,"type":"infra","comment":null,"wep":"2","channel":11,"bcninterval":0,"freenet":"?","dhcp":"?","paynet":"?","userfound":false,"encryption":"wpa2"},{"trilat":14.64904403999999971119905239902436733245849609375,"trilong":121.06346892999999909079633653163909912109375,"ssid":"Wifibashaeee","qos":0,"transid":"20170507-00000","firsttime":"2017-04-20T20:00:00.000Z","lasttime":"2017-05-07T05:00:00.000Z","lastupdt":"2017-05-07T05:00:00.000Z","housenumber":null,"road":null,"city":null,"region":null,"country":null,"netid":"00:26:75:AB:A2:33","name":null,"type":"infra","comment":null,"wep":"2","channel":10,"bcninterval":0,"freenet":"?","dhcp":"?","paynet":"?","userfound":false,"encryption":"wpa2"},{"trilat":14.64609908999999987599949236027896404266357421875,"trilong":121.0621795699999978523919708095490932464599609375,"ssid":"EMP","qos":2,"transid":"20170715-00000","firsttime":"2017-06-23T08:00:00.000Z","lasttime":"2017-07-29T13:00:00.000Z","lastupdt":"2017-07-29T13:00:00.000Z","housenumber":"","road":"V. Francisco","city":"","region":"","country":"PH","netid":"00:26:75:AB:B3:F9","name":null,"type":"infra","comment":null,"wep":"2","channel":8,"bcninterval":0,"freenet":"?","dhcp":"?","paynet":"?","userfound":false,"encryption":"wpa2"},{"trilat":14.649229999999999307647158275358378887176513671875,"trilong":121.06306458000000247920979745686054229736328125,"ssid":"bayanDSL","qos":0,"transid":"20170507-00000","firsttime":"2017-04-20T20:00:00.000Z","lasttime":"2017-05-07T05:00:00.000Z","lastupdt":"2017-05-07T05:00:00.000Z","housenumber":null,"road":null,"city":null,"region":null,"country":null,"netid":"00:26:75:AC:30:22","name":null,"type":"infra","comment":null,"wep":"2","channel":1,"bcninterval":0,"freenet":"?","dhcp":"?","paynet":"?","userfound":false,"encryption":"wpa2"},{"trilat":14.6482391399999993808478393475525081157684326171875,"trilong":121.0597534200000069404268288053572177886962890625,"ssid":"The Cabotage  Realty","qos":4,"transid":"20140508-00000","firsttime":"2014-04-26T21:00:00.000Z","lasttime":"2017-05-07T05:00:00.000Z","lastupdt":"2017-05-07T05:00:00.000Z","housenumber":null,"road":null,"city":null,"region":null,"country":null,"netid":"50:9F:27:0C:47:39","name":null,"type":"infra","comment":null,"wep":"2","channel":6,"bcninterval":0,"freenet":"?","dhcp":"?","paynet":"?","userfound":false,"encryption":"wpa2"},{"trilat":14.6499299999999994525978763704188168048858642578125,"trilong":121.06445311999999603358446620404720306396484375,"ssid":"HUAWEI-E5330-AEC6","qos":0,"transid":"20170507-00000","firsttime":"2017-04-20T20:00:00.000Z","lasttime":"2017-05-07T05:00:00.000Z","lastupdt":"2017-05-07T05:00:00.000Z","housenumber":null,"road":null,"city":null,"region":null,"country":null,"netid":"50:68:0A:BD:AE:C6","name":null,"type":"infra","comment":null,"wep":"2","channel":3,"bcninterval":0,"freenet":"?","dhcp":"?","paynet":"?","userfound":false,"encryption":"wpa2"},{"trilat":14.6461553599999998453995431191287934780120849609375,"trilong":121.0571136500000051228198572061955928802490234375,"ssid":"HUAWEI-E5330-FC88","qos":1,"transid":"20170129-00000","firsttime":"2001-01-01T08:00:00.000Z","lasttime":"2017-10-17T04:00:00.000Z","lastupdt":"2017-10-17T04:00:00.000Z","housenumber":"","road":"Matimtiman","city":"","region":"","country":"PH","netid":"50:68:0A:C4:FC:88","name":null,"type":"infra","comment":null,"wep":"2","channel":8,"bcninterval":0,"freenet":"?","dhcp":"?","paynet":"?","userfound":false,"encryption":"wpa2"},{"trilat":14.6483030299999992251969160861335694789886474609375,"trilong":121.060020449999996117185219191014766693115234375,"ssid":"ThePlaceToBe","qos":5,"transid":"20130309-00000","firsttime":"2013-03-09T20:00:00.000Z","lasttime":"2017-07-29T13:00:00.000Z","lastupdt":"2017-07-29T13:00:00.000Z","housenumber":"27","road":"Maayusin","city":"","region":"","country":"PH","netid":"00:26:75:79:72:04","name":null,"type":"infra","comment":null,"wep":"2","channel":1,"bcninterval":0,"freenet":"?","dhcp":"?","paynet":"?","userfound":false,"encryption":"wpa2"},{"trilat":14.6491146099999998142493495834060013294219970703125,"trilong":121.063941959999993969177012331783771514892578125,"ssid":"Free Wifi","qos":0,"transid":"20170507-00000","firsttime":"2017-04-20T20:00:00.000Z","lasttime":"2017-05-07T05:00:00.000Z","lastupdt":"2017-05-07T05:00:00.000Z","housenumber":null,"road":null,"city":null,"region":null,"country":null,"netid":"00:26:75:F9:CE:D6","name":null,"type":"infra","comment":null,"wep":"2","channel":1,"bcninterval":0,"freenet":"Y","dhcp":"?","paynet":"?","userfound":false,"encryption":"wpa2"},{"trilat":14.6459798800000005059018803876824676990509033203125,"trilong":121.0622863800000033052128856070339679718017578125,"ssid":"VIRUSDETECTED","qos":1,"transid":"20170715-00000","firsttime":"2017-07-09T14:00:00.000Z","lasttime":"2017-07-29T13:00:00.000Z","lastupdt":"2017-07-29T13:00:00.000Z","housenumber":"","road":"V. Francisco","city":"","region":"","country":"PH","netid":"00:26:75:F4:4D:45","name":null,"type":"infra","comment":null,"wep":"2","channel":11,"bcninterval":0,"freenet":"?","dhcp":"?","paynet":"?","userfound":false,"encryption":"wpa2"},{"trilat":14.64619923000000056845237850211560726165771484375,"trilong":121.062248229999994464378687553107738494873046875,"ssid":"bayanDSLWiFi_013D","qos":3,"transid":"20170715-00000","firsttime":"2017-06-23T08:00:00.000Z","lasttime":"2017-07-29T13:00:00.000Z","lastupdt":"2017-07-29T13:00:00.000Z","housenumber":"","road":"V. Francisco","city":"","region":"","country":"PH","netid":"00:26:75:AC:01:3D","name":null,"type":"infra","comment":null,"wep":"2","channel":3,"bcninterval":0,"freenet":"?","dhcp":"?","paynet":"?","userfound":false,"encryption":"wpa2"},{"trilat":14.6470804199999999894998836680315434932708740234375,"trilong":121.0632781999999991739969118498265743255615234375,"ssid":"Public WiFi","qos":0,"transid":"20170303-00000","firsttime":"2017-03-03T20:00:00.000Z","lasttime":"2017-03-03T07:00:00.000Z","lastupdt":"2017-03-03T07:00:00.000Z","housenumber":null,"road":null,"city":null,"region":null,"country":null,"netid":"1A:A6:F7:75:7F:13","name":null,"type":"infra","comment":null,"wep":"2","channel":9,"bcninterval":0,"freenet":"?","dhcp":"?","paynet":"?","userfound":false,"encryption":"wpa2"},{"trilat":14.649675370000000640402504359371960163116455078125,"trilong":121.05751037999999653038685210049152374267578125,"ssid":"MIGUEL","qos":0,"transid":"20170609-00000","firsttime":"2017-06-03T18:00:00.000Z","lasttime":"2017-06-09T05:00:00.000Z","lastupdt":"2017-06-09T05:00:00.000Z","housenumber":null,"road":null,"city":null,"region":null,"country":null,"netid":"5C:D9:98:5E:C1:28","name":null,"type":"infra","comment":null,"wep":"W","channel":1,"bcninterval":0,"freenet":"?","dhcp":"?","paynet":"?","userfound":false,"encryption":"wpa"},{"trilat":14.6511897999999991526465237257070839405059814453125,"trilong":121.062316890000005287220119498670101165771484375,"ssid":"HUAWEI-ADE8","qos":0,"transid":"20170326-00000","firsttime":"2017-03-25T13:00:00.000Z","lasttime":"2017-03-26T07:00:00.000Z","lastupdt":"2017-03-26T07:00:00.000Z","housenumber":null,"road":null,"city":null,"region":null,"country":null,"netid":"5C:A8:6A:49:AD:E8","name":null,"type":"infra","comment":null,"wep":"2","channel":3,"bcninterval":0,"freenet":"?","dhcp":"?","paynet":"?","userfound":false,"encryption":"wpa2"},{"trilat":14.6465959500000000303998604067601263523101806640625,"trilong":121.0595321699999971087891026400029659271240234375,"ssid":"2nd Floor","qos":1,"transid":"20170715-00000","firsttime":"2017-07-15T16:00:00.000Z","lasttime":"2017-07-29T13:00:00.000Z","lastupdt":"2017-07-29T13:00:00.000Z","housenumber":"","road":"Maginhawa","city":"","region":"","country":"PH","netid":"18:A6:F7:EA:A2:02","name":null,"type":"infra","comment":null,"wep":"2","channel":6,"bcninterval":0,"freenet":"?","dhcp":"?","paynet":"?","userfound":false,"encryption":"wpa2"},{"trilat":14.650725359999999142246451810933649539947509765625,"trilong":121.057327270000001817606971599161624908447265625,"ssid":"HUAWEI-E5330-D607","qos":2,"transid":"20170304-00000","firsttime":"2017-03-04T20:00:00.000Z","lasttime":"2017-05-07T05:00:00.000Z","lastupdt":"2017-08-16T08:00:00.000Z","housenumber":"14","road":"Maayusin","city":"","region":"","country":"PH","netid":"1C:67:58:BD:D6:07","name":null,"type":"infra","comment":null,"wep":"2","channel":2,"bcninterval":0,"freenet":"?","dhcp":"?","paynet":"?","userfound":false,"encryption":"wpa2"},{"trilat":14.646746639999999928249962977133691310882568359375,"trilong":121.05828857000000198240741156041622161865234375,"ssid":"PLDTHOMEDSL3SQBI","qos":1,"transid":"20170609-00000","firsttime":"2017-06-03T18:00:00.000Z","lasttime":"2017-07-29T13:00:00.000Z","lastupdt":"2017-07-29T13:00:00.000Z","housenumber":"83","road":"Maginhawa","city":"","region":"","country":"PH","netid":"1C:74:0D:17:57:88","name":null,"type":"infra","comment":null,"wep":"2","channel":4,"bcninterval":0,"freenet":"?","dhcp":"?","paynet":"?","userfound":false,"encryption":"wpa2"},{"trilat":14.6460914599999991736467563896439969539642333984375,"trilong":121.0621643100000000004001776687800884246826171875,"ssid":"Shishi","qos":0,"transid":"20170715-00000","firsttime":"2017-06-23T08:00:00.000Z","lasttime":"2017-07-15T01:00:00.000Z","lastupdt":"2017-07-15T01:00:00.000Z","housenumber":"","road":"V. Francisco","city":"","region":"","country":"PH","netid":"1C:67:58:25:34:A1","name":null,"type":"infra","comment":null,"wep":"2","channel":10,"bcninterval":0,"freenet":"?","dhcp":"?","paynet":"?","userfound":false,"encryption":"wpa2"},{"trilat":14.64650630999999947334799799136817455291748046875,"trilong":121.0590591400000022304084268398582935333251953125,"ssid":"markylicious","qos":0,"transid":"20170729-00000","firsttime":"2017-07-16T19:00:00.000Z","lasttime":"2017-07-29T13:00:00.000Z","lastupdt":"2017-07-29T13:00:00.000Z","housenumber":"","road":"Maginhawa","city":"","region":"","country":"PH","netid":"14:1F:78:97:20:DE","name":null,"type":"infra","comment":null,"wep":"2","channel":6,"bcninterval":0,"freenet":"?","dhcp":"?","paynet":"?","userfound":false,"encryption":"wpa2"},{"trilat":14.6475410499999991742470228928141295909881591796875,"trilong":121.0633087199999948779804981313645839691162109375,"ssid":"bayanDSLWiFi_1A44","qos":6,"transid":"20160227-00000","firsttime":"2016-02-27T19:00:00.000Z","lasttime":"2017-05-07T05:00:00.000Z","lastupdt":"2017-05-07T05:00:00.000Z","housenumber":null,"road":null,"city":null,"region":null,"country":null,"netid":"14:60:80:99:1A:44","name":null,"type":"infra","comment":null,"wep":"2","channel":2,"bcninterval":0,"freenet":"?","dhcp":"?","paynet":"?","userfound":false,"encryption":"wpa2"},{"trilat":14.647507669999999535548340645618736743927001953125,"trilong":121.05944823999999471197952516376972198486328125,"ssid":"mendoza","qos":5,"transid":"20140805-00000","firsttime":"2014-08-05T21:00:00.000Z","lasttime":"2017-03-03T07:00:00.000Z","lastupdt":"2017-03-03T07:00:00.000Z","housenumber":null,"road":null,"city":null,"region":null,"country":null,"netid":"14:60:80:99:51:7C","name":null,"type":"infra","comment":null,"wep":"2","channel":13,"bcninterval":0,"freenet":"?","dhcp":"?","paynet":"?","userfound":false,"encryption":"wpa2"},{"trilat":14.647616389999999597648638882674276828765869140625,"trilong":121.063781739999996034384821541607379913330078125,"ssid":"MyPhone my82 DTV Wi-Fi hotspot","qos":0,"transid":"20170316-00000","firsttime":"2017-03-15T21:00:00.000Z","lasttime":"2017-03-16T08:00:00.000Z","lastupdt":"2017-03-16T08:00:00.000Z","housenumber":null,"road":null,"city":null,"region":null,"country":null,"netid":"04:8C:07:88:4B:28","name":null,"type":"infra","comment":null,"wep":"2","channel":6,"bcninterval":0,"freenet":"?","dhcp":"?","paynet":"Y","userfound":false,"encryption":"wpa2"},{"trilat":14.6462879200000006818527253926731646060943603515625,"trilong":121.059700010000000247600837610661983489990234375,"ssid":"DIRECT-Jx-BRAVIA","qos":0,"transid":"20170729-00000","firsttime":"2017-07-16T19:00:00.000Z","lasttime":"2017-07-29T13:00:00.000Z","lastupdt":"2017-07-29T13:00:00.000Z","housenumber":"","road":"Maginhawa","city":"","region":"","country":"PH","netid":"1A:4F:32:45:96:6B","name":null,"type":"infra","comment":null,"wep":"2","channel":1,"bcninterval":0,"freenet":"?","dhcp":"?","paynet":"?","userfound":false,"encryption":"wpa2"},{"trilat":14.64668750999999957684849505312740802764892578125,"trilong":121.0595931999999947947799228131771087646484375,"ssid":"Spynet","qos":5,"transid":"20160227-00000","firsttime":"2001-01-01T08:00:00.000Z","lasttime":"2017-07-29T13:00:00.000Z","lastupdt":"2017-07-29T13:00:00.000Z","housenumber":"","road":"Magiting","city":"","region":"","country":"PH","netid":"14:AB:F0:4C:C1:B0","name":null,"type":"infra","comment":null,"wep":"2","channel":1,"bcninterval":0,"freenet":"?","dhcp":"?","paynet":"?","userfound":false,"encryption":"wpa2"},{"trilat":14.6465902299999992663970260764472186565399169921875,"trilong":121.058746339999999008796294219791889190673828125,"ssid":"ARRIS-9D82","qos":5,"transid":"20160227-00000","firsttime":"2016-02-27T20:00:00.000Z","lasttime":"2017-07-29T13:00:00.000Z","lastupdt":"2017-07-29T13:00:00.000Z","housenumber":"89","road":"Maginhawa","city":"","region":"","country":"PH","netid":"14:AB:F0:4D:9D:80","name":null,"type":"infra","comment":null,"wep":"2","channel":11,"bcninterval":0,"freenet":"?","dhcp":"?","paynet":"?","userfound":false,"encryption":"wpa2"},{"trilat":14.6473112099999998036992110428400337696075439453125,"trilong":121.0574035599999973555895849131047725677490234375,"ssid":"Ryza02","qos":0,"transid":"20170404-00000","firsttime":"2017-03-31T19:00:00.000Z","lasttime":"2017-04-04T04:00:00.000Z","lastupdt":"2017-04-04T04:00:00.000Z","housenumber":null,"road":null,"city":null,"region":null,"country":null,"netid":"5C:F2:86:2D:A5:7F","name":null,"type":"infra","comment":null,"wep":"2","channel":11,"bcninterval":0,"freenet":"?","dhcp":"?","paynet":"?","userfound":false,"encryption":"wpa2"},{"trilat":14.647695540000000846703187562525272369384765625,"trilong":121.0643463100000047916182666085660457611083984375,"ssid":"Globe_LTE MIFI_C893","qos":0,"transid":"20170307-00000","firsttime":"2017-03-07T19:00:00.000Z","lasttime":"2017-03-07T18:00:00.000Z","lastupdt":"2017-03-07T18:00:00.000Z","housenumber":null,"road":null,"city":null,"region":null,"country":null,"netid":"5C:F2:86:2D:C8:93","name":null,"type":"infra","comment":null,"wep":"2","channel":9,"bcninterval":0,"freenet":"?","dhcp":"?","paynet":"?","userfound":false,"encryption":"wpa2"},{"trilat":14.64723301000000077465301728807389736175537109375,"trilong":121.05751037999999653038685210049152374267578125,"ssid":"Luvsky","qos":0,"transid":"20170609-00000","firsttime":"2017-06-03T18:00:00.000Z","lasttime":"2017-06-09T05:00:00.000Z","lastupdt":"2017-06-09T05:00:00.000Z","housenumber":null,"road":null,"city":null,"region":null,"country":null,"netid":"5C:F2:86:2E:63:C4","name":null,"type":"infra","comment":null,"wep":"2","channel":7,"bcninterval":0,"freenet":"?","dhcp":"?","paynet":"?","userfound":false,"encryption":"wpa2"},{"trilat":14.6478185700000000935006028157658874988555908203125,"trilong":121.0572586100000052056202548556029796600341796875,"ssid":"Globe_LTE MIFI_C549","qos":0,"transid":"20170729-00000","firsttime":"2017-07-16T19:00:00.000Z","lasttime":"2017-07-29T13:00:00.000Z","lastupdt":"2017-07-29T13:00:00.000Z","housenumber":"67","road":"Maginhawa","city":"","region":"","country":"PH","netid":"5C:F2:86:2E:C5:49","name":null,"type":"infra","comment":null,"wep":"2","channel":7,"bcninterval":0,"freenet":"?","dhcp":"?","paynet":"?","userfound":false,"encryption":"wpa2"},{"trilat":14.6467895499999993802475728443823754787445068359375,"trilong":121.0607910199999963651862344704568386077880859375,"ssid":"WEL LTE","qos":0,"transid":"20170303-00000","firsttime":"2017-03-03T20:00:00.000Z","lasttime":"2017-03-03T07:00:00.000Z","lastupdt":"2017-03-03T07:00:00.000Z","housenumber":null,"road":null,"city":null,"region":null,"country":null,"netid":"5C:F2:86:2D:1C:B1","name":null,"type":"infra","comment":null,"wep":"2","channel":8,"bcninterval":0,"freenet":"?","dhcp":"?","paynet":"?","userfound":false,"encryption":"wpa2"},{"trilat":14.6476554900000000003501554601825773715972900390625,"trilong":121.0642089800000036348137655295431613922119140625,"ssid":"Globe_LTE MIFI_5807","qos":1,"transid":"20170109-00000","firsttime":"2017-01-09T19:00:00.000Z","lasttime":"2017-03-21T21:00:00.000Z","lastupdt":"2017-03-21T21:00:00.000Z","housenumber":null,"road":null,"city":null,"region":null,"country":null,"netid":"5C:F2:86:2B:58:07","name":null,"type":"infra","comment":null,"wep":"2","channel":7,"bcninterval":0,"freenet":"?","dhcp":"?","paynet":"?","userfound":false,"encryption":"wpa2"},{"trilat":14.64569091999999983499947120435535907745361328125,"trilong":121.0631332399999990911965142004191875457763671875,"ssid":"ELLA","qos":0,"transid":"20171026-00000","firsttime":"2017-10-26T20:00:00.000Z","lasttime":"2017-10-26T06:00:00.000Z","lastupdt":"2017-10-26T06:00:00.000Z","housenumber":"","road":"Salvador","city":"","region":"","country":"PH","netid":"5C:F2:86:25:57:F2","name":null,"type":"infra","comment":null,"wep":"2","channel":8,"bcninterval":0,"freenet":"?","dhcp":"?","paynet":"?","userfound":false,"encryption":"wpa2"},{"trilat":14.64628028999999997949998942203819751739501953125,"trilong":121.062477110000003222012310288846492767333984375,"ssid":"BIGBOY","qos":1,"transid":"20170715-00000","firsttime":"2017-07-09T14:00:00.000Z","lasttime":"2017-07-29T13:00:00.000Z","lastupdt":"2017-08-30T08:00:00.000Z","housenumber":"","road":"Salvador","city":"","region":"","country":"PH","netid":"5C:F2:86:25:66:9F","name":null,"type":"infra","comment":null,"wep":"2","channel":7,"bcninterval":0,"freenet":"?","dhcp":"?","paynet":"?","userfound":false,"encryption":"wpa2"},{"trilat":14.650308609999999731599018559791147708892822265625,"trilong":121.0631561299999958691842039115726947784423828125,"ssid":"LAINEZCONDE","qos":0,"transid":"20170507-00000","firsttime":"2017-04-10T17:00:00.000Z","lasttime":"2017-05-07T05:00:00.000Z","lastupdt":"2017-05-07T05:00:00.000Z","housenumber":null,"road":null,"city":null,"region":null,"country":null,"netid":"5C:F2:86:25:7A:58","name":null,"type":"infra","comment":null,"wep":"2","channel":7,"bcninterval":0,"freenet":"?","dhcp":"?","paynet":"?","userfound":false,"encryption":"wpa2"},{"trilat":14.647485729999999648498487658798694610595703125,"trilong":121.06280517999999801759258843958377838134765625,"ssid":"Dampa sa Commonwealth","qos":0,"transid":"20170324-00000","firsttime":"2017-03-24T19:00:00.000Z","lasttime":"2017-03-24T04:00:00.000Z","lastupdt":"2017-03-24T04:00:00.000Z","housenumber":null,"road":null,"city":null,"region":null,"country":null,"netid":"5C:F2:86:27:C6:BE","name":null,"type":"infra","comment":null,"wep":"2","channel":8,"bcninterval":0,"freenet":"?","dhcp":"?","paynet":"?","userfound":false,"encryption":"wpa2"},{"trilat":14.6477117499999991423464962281286716461181640625,"trilong":121.0643844599999994215977494604885578155517578125,"ssid":"R2","qos":0,"transid":"20170507-00000","firsttime":"2017-04-10T18:00:00.000Z","lasttime":"2017-05-07T05:00:00.000Z","lastupdt":"2017-05-07T05:00:00.000Z","housenumber":null,"road":null,"city":null,"region":null,"country":null,"netid":"D2:5B:A8:23:08:CC","name":null,"type":"infra","comment":null,"wep":"2","channel":13,"bcninterval":0,"freenet":"?","dhcp":"?","paynet":"?","userfound":false,"encryption":"wpa2"},{"trilat":14.6492805500000002894012141041457653045654296875,"trilong":121.0623016400000011572046787478029727935791015625,"ssid":"PLDTHOMEDSLMikeAbee","qos":4,"transid":"20161129-00000","firsttime":"2016-11-27T19:00:00.000Z","lasttime":"2017-05-07T05:00:00.000Z","lastupdt":"2017-05-07T05:00:00.000Z","housenumber":null,"road":null,"city":null,"region":null,"country":null,"netid":"1C:74:0D:19:23:B8","name":null,"type":"infra","comment":null,"wep":"2","channel":5,"bcninterval":0,"freenet":"?","dhcp":"?","paynet":"?","userfound":false,"encryption":"wpa2"},{"trilat":14.645977970000000567551978747360408306121826171875,"trilong":121.0606155400000005784022505395114421844482421875,"ssid":"bayanDSLWiFi_3D48","qos":5,"transid":"20150726-00000","firsttime":"2015-07-11T18:00:00.000Z","lasttime":"2017-07-29T13:00:00.000Z","lastupdt":"2017-07-29T13:00:00.000Z","housenumber":"","road":"Maginhawa","city":"","region":"","country":"PH","netid":"38:D8:2F:22:3D:48","name":null,"type":"infra","comment":null,"wep":"2","channel":1,"bcninterval":0,"freenet":"?","dhcp":"?","paynet":"?","userfound":false,"encryption":"wpa2"},{"trilat":14.65124798000000083675331552512943744659423828125,"trilong":121.06235503999999991719960235059261322021484375,"ssid":"Cratouz","qos":4,"transid":"20160103-00000","firsttime":"2001-01-01T08:00:00.000Z","lasttime":"2017-03-26T07:00:00.000Z","lastupdt":"2017-03-26T07:00:00.000Z","housenumber":null,"road":null,"city":null,"region":null,"country":null,"netid":"38:D8:2F:22:7C:44","name":null,"type":"infra","comment":null,"wep":"2","channel":6,"bcninterval":0,"freenet":"?","dhcp":"?","paynet":"?","userfound":false,"encryption":"wpa2"},{"trilat":14.6504573800000006400523488991893827915191650390625,"trilong":121.06403351000000157000613398849964141845703125,"ssid":"System","qos":1,"transid":"20170507-00000","firsttime":"2017-04-10T17:00:00.000Z","lasttime":"2017-05-07T05:00:00.000Z","lastupdt":"2017-05-07T05:00:00.000Z","housenumber":null,"road":null,"city":null,"region":null,"country":null,"netid":"38:D8:2F:2B:CF:28","name":null,"type":"infra","comment":null,"wep":"2","channel":10,"bcninterval":0,"freenet":"?","dhcp":"?","paynet":"?","userfound":false,"encryption":"wpa2"},{"trilat":14.6466903699999999588499122182838618755340576171875,"trilong":121.0593643200000002480010152794420719146728515625,"ssid":"B6Ka-Tmlja28","qos":0,"transid":"20170303-00000","firsttime":"2017-03-03T19:00:00.000Z","lasttime":"2017-03-03T04:00:00.000Z","lastupdt":"2017-03-03T04:00:00.000Z","housenumber":null,"road":null,"city":null,"region":null,"country":null,"netid":"74:23:44:F3:44:4F","name":null,"type":"infra","comment":null,"wep":"2","channel":11,"bcninterval":0,"freenet":"?","dhcp":"?","paynet":"?","userfound":false,"encryption":"wpa2"},{"trilat":14.64695071999999953504811855964362621307373046875,"trilong":121.0593643200000002480010152794420719146728515625,"ssid":"iPhone","qos":0,"transid":"20170404-00000","firsttime":"2017-03-31T19:00:00.000Z","lasttime":"2017-04-04T04:00:00.000Z","lastupdt":"2017-04-04T04:00:00.000Z","housenumber":null,"road":null,"city":null,"region":null,"country":null,"netid":"72:EC:E4:3B:00:1E","name":null,"type":"infra","comment":null,"wep":"2","channel":1,"bcninterval":0,"freenet":"?","dhcp":"?","paynet":"?","userfound":false,"encryption":"wpa2"},{"trilat":14.6465368300000005064021024736575782299041748046875,"trilong":121.0591125499999947123797028325498104095458984375,"ssid":"SunkenGalleon","qos":5,"transid":"20140422-00000","firsttime":"2014-04-22T20:00:00.000Z","lasttime":"2017-07-29T13:00:00.000Z","lastupdt":"2017-07-29T13:00:00.000Z","housenumber":"","road":"Magiting","city":"","region":"","country":"PH","netid":"00:90:A9:10:89:7B","name":null,"type":"infra","comment":null,"wep":"2","channel":6,"bcninterval":0,"freenet":"?","dhcp":"?","paynet":"?","userfound":false,"encryption":"wpa2"},{"trilat":14.646549220000000701702447258867323398590087890625,"trilong":121.0590515100000033044125302694737911224365234375,"ssid":"GuestWiFi","qos":5,"transid":"20140422-00000","firsttime":"2014-04-22T20:00:00.000Z","lasttime":"2017-07-29T13:00:00.000Z","lastupdt":"2017-07-29T13:00:00.000Z","housenumber":"","road":"Magiting","city":"","region":"","country":"PH","netid":"00:90:A9:10:89:7C","name":null,"type":"infra","comment":null,"wep":"2","channel":6,"bcninterval":0,"freenet":"?","dhcp":"?","paynet":"?","userfound":false,"encryption":"wpa2"},{"trilat":14.6465444599999994323979990440420806407928466796875,"trilong":121.058761599999996860788087360560894012451171875,"ssid":"CallaoMan 5","qos":0,"transid":"20170729-00000","firsttime":"2017-07-16T19:00:00.000Z","lasttime":"2017-07-29T13:00:00.000Z","lastupdt":"2017-07-29T13:00:00.000Z","housenumber":"","road":"Maginhawa","city":"","region":"","country":"PH","netid":"00:90:A9:0E:55:0D","name":null,"type":"infra","comment":null,"wep":"2","channel":149,"bcninterval":0,"freenet":"?","dhcp":"?","paynet":"?","userfound":false,"encryption":"wpa2"},{"trilat":14.647426610000000124500729725696146488189697265625,"trilong":121.0628433199999989255957189016044139862060546875,"ssid":"Bst1-bmFkaW5lbHVzdHJl8J+YmPCfmJg","qos":0,"transid":"20170609-00000","firsttime":"2017-05-26T10:00:00.000Z","lasttime":"2017-06-09T05:00:00.000Z","lastupdt":"2017-06-09T05:00:00.000Z","housenumber":null,"road":null,"city":null,"region":null,"country":null,"netid":"00:87:01:4A:C8:48","name":null,"type":"infra","comment":null,"wep":"?","channel":6,"bcninterval":0,"freenet":"?","dhcp":"?","paynet":"?","userfound":false,"encryption":"unknown"},{"trilat":14.6490907700000008162533049471676349639892578125,"trilong":121.0639190699999971911893226206302642822265625,"ssid":"bayanDSLWiFi_2950","qos":0,"transid":"20170507-00000","firsttime":"2017-04-20T20:00:00.000Z","lasttime":"2017-05-07T05:00:00.000Z","lastupdt":"2017-05-07T05:00:00.000Z","housenumber":null,"road":null,"city":null,"region":null,"country":null,"netid":"70:9F:2D:A0:29:50","name":null,"type":"infra","comment":null,"wep":"2","channel":10,"bcninterval":0,"freenet":"?","dhcp":"?","paynet":"?","userfound":false,"encryption":"wpa2"},{"trilat":14.6462831500000003615014065871946513652801513671875,"trilong":121.0621108999999933075741864740848541259765625,"ssid":"bayanDSLWiFi_417C","qos":0,"transid":"20170715-00000","firsttime":"2017-07-15T16:00:00.000Z","lasttime":"2017-07-15T01:00:00.000Z","lastupdt":"2017-07-15T01:00:00.000Z","housenumber":"","road":"V. Francisco","city":"","region":"","country":"PH","netid":"70:9F:2D:A1:41:7C","name":null,"type":"infra","comment":null,"wep":"2","channel":5,"bcninterval":0,"freenet":"?","dhcp":"?","paynet":"?","userfound":false,"encryption":"wpa2"},{"trilat":14.6473970399999995350981407682411372661590576171875,"trilong":121.0625762899999955379826133139431476593017578125,"ssid":"skye","qos":0,"transid":"20170309-00000","firsttime":"2017-03-09T18:00:00.000Z","lasttime":"2017-03-09T02:00:00.000Z","lastupdt":"2017-03-09T02:00:00.000Z","housenumber":null,"road":null,"city":null,"region":null,"country":null,"netid":"DC:EE:06:C0:96:68","name":null,"type":"infra","comment":null,"wep":"Y","channel":6,"bcninterval":0,"freenet":"?","dhcp":"?","paynet":"?","userfound":false,"encryption":"wep"},{"trilat":14.65140247000000073285264079459011554718017578125,"trilong":121.0617141700000019000071915797889232635498046875,"ssid":"SAPIDO_RB-1632_cf0f20","qos":1,"transid":"20150726-00000","firsttime":"2014-09-09T20:00:00.000Z","lasttime":"2017-03-07T18:00:00.000Z","lastupdt":"2017-03-07T18:00:00.000Z","housenumber":null,"road":null,"city":null,"region":null,"country":null,"netid":"00:D0:41:CF:0F:1F","name":null,"type":"infra","comment":null,"wep":"Y","channel":11,"bcninterval":0,"freenet":"?","dhcp":"?","paynet":"?","userfound":false,"encryption":"wep"},{"trilat":14.6480359999999993902974892989732325077056884765625,"trilong":121.0609054600000007440030458383262157440185546875,"ssid":"SAPIDO_RB-1632_cff7db","qos":1,"transid":"20131030-00000","firsttime":"2013-10-19T19:00:00.000Z","lasttime":"2015-01-06T21:00:00.000Z","lastupdt":"2017-05-24T06:00:00.000Z","housenumber":null,"road":null,"city":null,"region":"Metro Manila","country":"PH","netid":"00:D0:41:CF:F7:DA","name":null,"type":"infra","comment":null,"wep":"Y","channel":11,"bcninterval":0,"freenet":"?","dhcp":"?","paynet":"?","userfound":false,"encryption":"wep"},{"trilat":14.6465091699999998553494151565246284008026123046875,"trilong":121.058990480000005618421710096299648284912109375,"ssid":"JoSa","qos":0,"transid":"20170729-00000","firsttime":"2017-07-16T19:00:00.000Z","lasttime":"2017-07-29T13:00:00.000Z","lastupdt":"2017-07-29T13:00:00.000Z","housenumber":"","road":"Maginhawa","city":"","region":"","country":"PH","netid":"2E:F0:A2:64:14:E8","name":null,"type":"infra","comment":null,"wep":"2","channel":1,"bcninterval":0,"freenet":"?","dhcp":"?","paynet":"?","userfound":false,"encryption":"wpa2"},{"trilat":14.647671700000000072350303526036441326141357421875,"trilong":121.0641250599999949599805404432117938995361328125,"ssid":"Caramels","qos":0,"transid":"20170129-00000","firsttime":"2017-01-23T20:00:00.000Z","lasttime":"2017-01-29T10:00:00.000Z","lastupdt":"2017-01-29T10:00:00.000Z","housenumber":null,"road":null,"city":null,"region":null,"country":null,"netid":"80:71:7A:E9:5A:C1","name":null,"type":"infra","comment":null,"wep":"2","channel":6,"bcninterval":0,"freenet":"?","dhcp":"?","paynet":"?","userfound":false,"encryption":"wpa2"},{"trilat":14.6462373699999997000986695638857781887054443359375,"trilong":121.05967712000000346961314789950847625732421875,"ssid":"ACPRINTS","qos":5,"transid":"20130722-00000","firsttime":"2013-07-22T12:00:00.000Z","lasttime":"2017-04-04T04:00:00.000Z","lastupdt":"2017-04-04T04:00:00.000Z","housenumber":null,"road":null,"city":null,"region":"Metro Manila","country":"PH","netid":"08:10:73:63:33:68","name":null,"type":"infra","comment":null,"wep":"W","channel":1,"bcninterval":0,"freenet":"?","dhcp":"?","paynet":"?","userfound":false,"encryption":"wpa"},{"trilat":14.649239539999999948349795886315405368804931640625,"trilong":121.0575637799999952903817757032811641693115234375,"ssid":"IMVA","qos":0,"transid":"20170609-00000","firsttime":"2017-06-03T18:00:00.000Z","lasttime":"2017-06-09T05:00:00.000Z","lastupdt":"2017-06-09T05:00:00.000Z","housenumber":null,"road":null,"city":null,"region":null,"country":null,"netid":"08:10:74:68:C0:CA","name":null,"type":"infra","comment":null,"wep":"W","channel":6,"bcninterval":0,"freenet":"?","dhcp":"?","paynet":"?","userfound":false,"encryption":"wpa"},{"trilat":14.646421430000000185600583790801465511322021484375,"trilong":121.0524978600000025608096620999276638031005859375,"ssid":"PLDTHOMEDSLEntresibling","qos":0,"transid":"20171016-00000","firsttime":"2017-10-17T10:00:00.000Z","lasttime":"2017-10-17T04:00:00.000Z","lastupdt":"2017-10-17T04:00:00.000Z","housenumber":"","road":"Mayaman","city":"Quezon City","region":"","country":"PH","netid":"D8:37:BE:FD:64:53","name":null,"type":"infra","comment":null,"wep":"2","channel":2,"bcninterval":0,"freenet":"?","dhcp":"?","paynet":"?","userfound":false,"encryption":"wpa2"},{"trilat":14.646886829999999690699041821062564849853515625,"trilong":121.0589599599999957035834086127579212188720703125,"ssid":"CalataganPot","qos":5,"transid":"20140508-00000","firsttime":"2014-05-01T21:00:00.000Z","lasttime":"2017-07-29T13:00:00.000Z","lastupdt":"2017-07-29T13:00:00.000Z","housenumber":"66","road":"Maayusin","city":"","region":"","country":"PH","netid":"00:90:A9:10:93:EB","name":null,"type":"infra","comment":null,"wep":"2","channel":11,"bcninterval":0,"freenet":"?","dhcp":"?","paynet":"?","userfound":false,"encryption":"wpa2"},{"trilat":14.6501722300000007948028724058531224727630615234375,"trilong":121.0602722200000016528065316379070281982421875,"ssid":"RoadSafetyLab","qos":6,"transid":"20130304-00000","firsttime":"2013-03-04T18:00:00.000Z","lasttime":"2017-06-09T05:00:00.000Z","lastupdt":"2017-06-09T05:00:00.000Z","housenumber":null,"road":null,"city":null,"region":"Metro Manila","country":"PH","netid":"00:B0:C0:01:99:68","name":null,"type":"infra","comment":null,"wep":"2","channel":7,"bcninterval":0,"freenet":"?","dhcp":"?","paynet":"?","userfound":false,"encryption":"wpa2"},{"trilat":14.646162029999999276697053574025630950927734375,"trilong":121.0602264399999938859764370135962963104248046875,"ssid":"CM.02.02","qos":0,"transid":"20170729-00000","firsttime":"2017-07-16T19:00:00.000Z","lasttime":"2017-07-29T13:00:00.000Z","lastupdt":"2017-07-29T13:00:00.000Z","housenumber":"","road":"Maginhawa","city":"","region":"","country":"PH","netid":"34:8A:7B:4D:38:A2","name":null,"type":"infra","comment":null,"wep":"2","channel":6,"bcninterval":0,"freenet":"?","dhcp":"?","paynet":"?","userfound":false,"encryption":"wpa2"},{"trilat":14.6480579399999992773473422857932746410369873046875,"trilong":121.0622863800000033052128856070339679718017578125,"ssid":"My ASUS","qos":0,"transid":"20170313-00000","firsttime":"2017-03-13T21:00:00.000Z","lasttime":"2017-03-13T07:00:00.000Z","lastupdt":"2017-03-13T07:00:00.000Z","housenumber":null,"road":null,"city":null,"region":null,"country":null,"netid":"34:97:F6:BC:B9:37","name":null,"type":"infra","comment":null,"wep":"2","channel":1,"bcninterval":0,"freenet":"?","dhcp":"?","paynet":"?","userfound":false,"encryption":"wpa2"},{"trilat":14.64627933999999953584847389720380306243896484375,"trilong":121.059730529999995951584423892199993133544921875,"ssid":"MBOSOFFICE","qos":2,"transid":"20170609-00000","firsttime":"2017-06-03T18:00:00.000Z","lasttime":"2017-07-29T13:00:00.000Z","lastupdt":"2017-07-29T13:00:00.000Z","housenumber":"","road":"Maginhawa","city":"","region":"","country":"PH","netid":"74:CC:39:BA:CD:F0","name":null,"type":"infra","comment":null,"wep":"2","channel":3,"bcninterval":0,"freenet":"?","dhcp":"?","paynet":"?","userfound":false,"encryption":"wpa2"},{"trilat":14.6467046700000000925001586438156664371490478515625,"trilong":121.06002807999999504318111576139926910400390625,"ssid":"PLDTHOMEFIBRb5160","qos":3,"transid":"20170303-00000","firsttime":"2017-03-03T19:00:00.000Z","lasttime":"2017-07-29T13:00:00.000Z","lastupdt":"2017-07-29T13:00:00.000Z","housenumber":"","road":"Maginhawa","city":"","region":"","country":"PH","netid":"74:CC:39:BB:51:60","name":null,"type":"infra","comment":null,"wep":"2","channel":9,"bcninterval":0,"freenet":"?","dhcp":"?","paynet":"?","userfound":false,"encryption":"wpa2"},{"trilat":14.646048549999999721649146522395312786102294921875,"trilong":121.0526885999999961995854391716420650482177734375,"ssid":"PLDTHOMEFIBR102b8","qos":0,"transid":"20171016-00000","firsttime":"2017-10-17T10:00:00.000Z","lasttime":"2017-10-17T04:00:00.000Z","lastupdt":"2017-10-17T04:00:00.000Z","housenumber":"","road":"Makatarungan","city":"Quezon City","region":"","country":"PH","netid":"74:CC:39:C1:02:B8","name":null,"type":"infra","comment":null,"wep":"2","channel":5,"bcninterval":0,"freenet":"?","dhcp":"?","paynet":"?","userfound":false,"encryption":"wpa2"},{"trilat":14.647652629999999618348738295026123523712158203125,"trilong":121.06419372999999950479832477867603302001953125,"ssid":"BttS-bW9kZXJud2FyejAx","qos":0,"transid":"20170311-00000","firsttime":"2017-03-11T20:00:00.000Z","lasttime":"2017-03-11T06:00:00.000Z","lastupdt":"2017-03-11T06:00:00.000Z","housenumber":null,"road":null,"city":null,"region":null,"country":null,"netid":"00:27:15:28:98:2D","name":null,"type":"infra","comment":null,"wep":"?","channel":6,"bcninterval":0,"freenet":"?","dhcp":"?","paynet":"?","userfound":false,"encryption":"unknown"},{"trilat":14.6488895400000007640528565389104187488555908203125,"trilong":121.059555050000000164800439961254596710205078125,"ssid":"BdDh-bWo","qos":0,"transid":"20170311-00000","firsttime":"2017-03-10T19:00:00.000Z","lasttime":"2017-03-11T06:00:00.000Z","lastupdt":"2017-03-11T06:00:00.000Z","housenumber":null,"road":null,"city":null,"region":null,"country":null,"netid":"00:27:15:85:43:1E","name":null,"type":"infra","comment":null,"wep":"?","channel":6,"bcninterval":0,"freenet":"?","dhcp":"?","paynet":"?","userfound":false,"encryption":"unknown"},{"trilat":14.64683342000000010330040822736918926239013671875,"trilong":121.0615005500000052052200771868228912353515625,"ssid":"titikyu ;)","qos":0,"transid":"20170303-00000","firsttime":"2017-03-03T20:00:00.000Z","lasttime":"2017-03-03T07:00:00.000Z","lastupdt":"2017-03-03T07:00:00.000Z","housenumber":null,"road":null,"city":null,"region":null,"country":null,"netid":"02:08:22:EC:E9:69","name":null,"type":"infra","comment":null,"wep":"2","channel":6,"bcninterval":0,"freenet":"?","dhcp":"?","paynet":"?","userfound":false,"encryption":"wpa2"},{"trilat":14.6460161200000005266019798000343143939971923828125,"trilong":121.0605850200000048744186642579734325408935546875,"ssid":"DIRECT-tgSCX-3400","qos":5,"transid":"20150216-00000","firsttime":"2015-02-09T17:00:00.000Z","lasttime":"2017-03-03T07:00:00.000Z","lastupdt":"2017-03-03T07:00:00.000Z","housenumber":null,"road":null,"city":null,"region":null,"country":null,"netid":"02:15:99:B6:54:C8","name":null,"type":"infra","comment":null,"wep":"2","channel":1,"bcninterval":0,"freenet":"?","dhcp":"?","paynet":"?","userfound":false,"encryption":"wpa2"},{"trilat":14.6475429500000000615500539424829185009002685546875,"trilong":121.0633010899999959519846015609800815582275390625,"ssid":"WGS84_Major-Axis","qos":6,"transid":"20160707-00000","firsttime":"2001-01-01T08:00:00.000Z","lasttime":"2017-05-07T05:00:00.000Z","lastupdt":"2017-05-07T05:00:00.000Z","housenumber":null,"road":null,"city":null,"region":null,"country":null,"netid":"DC:09:4C:B5:B3:39","name":null,"type":"infra","comment":null,"wep":"2","channel":1,"bcninterval":0,"freenet":"?","dhcp":"?","paynet":"?","userfound":false,"encryption":"wpa2"},{"trilat":14.646274569999999215497155091725289821624755859375,"trilong":121.062606810000005452820914797484874725341796875,"ssid":"Bong992186","qos":1,"transid":"20170715-00000","firsttime":"2017-07-15T16:00:00.000Z","lasttime":"2017-07-29T13:00:00.000Z","lastupdt":"2017-07-29T13:00:00.000Z","housenumber":"","road":"Salvador","city":"","region":"","country":"PH","netid":"DC:EE:06:11:A5:8F","name":null,"type":"infra","comment":null,"wep":"2","channel":11,"bcninterval":0,"freenet":"?","dhcp":"?","paynet":"?","userfound":false,"encryption":"wpa2"},{"trilat":14.6461696599999999790497895446605980396270751953125,"trilong":121.062896730000005618421710096299648284912109375,"ssid":"no free wifi for you","qos":3,"transid":"20170715-00000","firsttime":"2017-07-09T14:00:00.000Z","lasttime":"2017-10-26T06:00:00.000Z","lastupdt":"2017-10-26T06:00:00.000Z","housenumber":"","road":"Salvador","city":"","region":"","country":"PH","netid":"4C:09:B4:A2:FA:AD","name":null,"type":"infra","comment":null,"wep":"W","channel":2,"bcninterval":0,"freenet":"Y","dhcp":"?","paynet":"?","userfound":false,"encryption":"wpa"},{"trilat":14.6495628399999997526492734323255717754364013671875,"trilong":121.0575256300000006604022928513586521148681640625,"ssid":"Lizada","qos":0,"transid":"20170609-00000","firsttime":"2017-06-03T18:00:00.000Z","lasttime":"2017-06-09T05:00:00.000Z","lastupdt":"2017-06-09T05:00:00.000Z","housenumber":null,"road":null,"city":null,"region":null,"country":null,"netid":"C0:A0:BB:21:AC:68","name":null,"type":"infra","comment":null,"wep":"2","channel":1,"bcninterval":0,"freenet":"?","dhcp":"?","paynet":"?","userfound":false,"encryption":"wpa2"},{"trilat":14.647652629999999618348738295026123523712158203125,"trilong":121.064170840000002726810635067522525787353515625,"ssid":"FJM_WIFI","qos":0,"transid":"20170310-00000","firsttime":"2017-03-10T19:00:00.000Z","lasttime":"2017-03-10T03:00:00.000Z","lastupdt":"2017-03-10T03:00:00.000Z","housenumber":null,"road":null,"city":null,"region":null,"country":null,"netid":"00:9A:CD:43:3B:82","name":null,"type":"infra","comment":null,"wep":"2","channel":8,"bcninterval":0,"freenet":"?","dhcp":"?","paynet":"?","userfound":false,"encryption":"wpa2"}]}