{"success":true,"totalResults":2103,"search_after":71604831,"first":1,"last":100,"resultCount":100,"results":[{"trilat":14.644903180000000020299921743571758270263671875,"trilong":121.0610504200000008268034434877336025238037109375,"ssid":"unit102","qos":0,"transid":"20170729-00000","firsttime":"2017-07-16T19:00:00.000Z","lasttime":"2017-07-29T13:00:00.000Z","lastupdt":"2017-07-29T13:00:00.000Z","housenumber":"","road":"Maginhawa","city":"","region":"","country":"PH","netid":"F0:98:38:07:58:34","name":null,"type":"infra","comment":null,"wep":"2","channel":8,"bcninterval":0,"freenet":"?","dhcp":"?","paynet":"?","userfound":false,"encryption":"wpa2"},{"trilat":14.64603518999999920424670563079416751861572265625,"trilong":121.06040192000000388361513614654541015625,"ssid":"Fiber200","qos":1,"transid":"20170715-00000","firsttime":"2017-07-15T16:00:00.000Z","lasttime":"2017-07-29T13:00:00.000Z","lastupdt":"2017-07-29T13:00:00.000Z","housenumber":"","road":"Maginhawa","city":"","region":"","country":"PH","netid":"F0:98:38:F9:14:28","name":null,"type":"infra","comment":null,"wep":"2","channel":5,"bcninterval":0,"freenet":"?","dhcp":"?","paynet":"?","userfound":false,"encryption":"wpa2"},{"trilat":14.64646149000000008300048648379743099212646484375,"trilong":121.0586547900000056188218877650797367095947265625,"ssid":"DANNAH","qos":0,"transid":"20160227-00000","firsttime":"2001-01-01T08:00:00.000Z","lasttime":"2017-06-09T05:00:00.000Z","lastupdt":"2017-06-09T05:00:00.000Z","housenumber":null,"road":null,"city":null,"region":null,"country":null,"netid":"EE:1D:7F:A1:32:B7","name":null,"type":"infra","comment":null,"wep":"2","channel":1,"bcninterval":0,"freenet":"?","dhcp":"?","paynet":"?","userfound":false,"encryption":"wpa2"},{"trilat":14.6429367100000007440030458383262157440185546875,"trilong":121.060539250000005040419637225568294525146484375,"ssid":"DNPE","qos":0,"transid":"20161206-00000","firsttime":"2016-12-04T20:00:00.000Z","lasttime":"2016-12-06T07:00:00.000Z","lastupdt":"2016-12-06T07:00:00.000Z","housenumber":null,"road":null,"city":null,"region":null,"country":null,"netid":"00:26:75:F4:48:B9","name":null,"type":"infra","comment":null,"wep":"2","channel":11,"bcninterval":0,"freenet":"?","dhcp":"?","paynet":"?","userfound":false,"encryption":"wpa2"},{"trilat":14.6458787899999993697974787210114300251007080078125,"trilong":121.06069182999999611638486385345458984375,"ssid":"HELLOW :)","qos":1,"transid":"20150120-00000","firsttime":"2015-01-10T18:00:00.000Z","lasttime":"2015-07-26T00:00:00.000Z","lastupdt":"2015-07-26T00:00:00.000Z","housenumber":null,"road":null,"city":null,"region":null,"country":null,"netid":"00:26:75:E3:D2:BC","name":null,"type":"infra","comment":null,"wep":"W","channel":11,"bcninterval":0,"freenet":"?","dhcp":"?","paynet":"?","userfound":false,"encryption":"wpa"},{"trilat":14.64676951999999943154762149788439273834228515625,"trilong":121.0580139199999933907747617922723293304443359375,"ssid":"iPhone","qos":0,"transid":"20150726-00000","firsttime":"2015-02-27T19:00:00.000Z","lasttime":"2015-07-26T00:00:00.000Z","lastupdt":"2015-07-26T00:00:00.000Z","housenumber":null,"road":null,"city":null,"region":null,"country":null,"netid":"EE:35:86:63:10:14","name":null,"type":"infra","comment":null,"wep":"2","channel":1,"bcninterval":0,"freenet":"?","dhcp":"?","paynet":"?","userfound":false,"encryption":"wpa2"},{"trilat":14.6454095800000008154029274010099470615386962890625,"trilong":121.0610275300000040488157537765800952911376953125,"ssid":"Cates5C","qos":0,"transid":"20150726-00000","firsttime":"2015-02-25T20:00:00.000Z","lasttime":"2015-07-26T00:00:00.000Z","lastupdt":"2015-07-26T00:00:00.000Z","housenumber":null,"road":null,"city":null,"region":null,"country":null,"netid":"F2:C1:F1:0F:95:85","name":null,"type":"infra","comment":null,"wep":"2","channel":1,"bcninterval":0,"freenet":"?","dhcp":"?","paynet":"?","userfound":false,"encryption":"wpa2"},{"trilat":14.6467895499999993802475728443823754787445068359375,"trilong":121.0581054700000009916038834489881992340087890625,"ssid":"Guest","qos":1,"transid":"20130924-00000","firsttime":"2013-09-22T16:00:00.000Z","lasttime":"2015-01-21T20:00:00.000Z","lastupdt":"2015-07-26T00:00:00.000Z","housenumber":null,"road":null,"city":null,"region":"Metro Manila","country":"PH","netid":"F2:D1:A9:0D:A6:C0","name":null,"type":"infra","comment":null,"wep":"2","channel":11,"bcninterval":0,"freenet":"?","dhcp":"?","paynet":"?","userfound":false,"encryption":"wpa2"},{"trilat":14.6465625799999994427480487502180039882659912109375,"trilong":121.058715820000003304812707938253879547119140625,"ssid":"jnvtours","qos":5,"transid":"20130621-00000","firsttime":"2013-06-02T19:00:00.000Z","lasttime":"2014-02-13T15:00:00.000Z","lastupdt":"2015-07-26T00:00:00.000Z","housenumber":null,"road":null,"city":null,"region":"Metro Manila","country":"PH","netid":"2C:26:C5:16:7D:FC","name":null,"type":"infra","comment":null,"wep":"W","channel":4,"bcninterval":0,"freenet":"?","dhcp":"?","paynet":"?","userfound":false,"encryption":"wpa"},{"trilat":14.64270972999999997909981175325810909271240234375,"trilong":121.0576629600000018172067939303815364837646484375,"ssid":"cclaw","qos":0,"transid":"20161206-00000","firsttime":"2016-12-04T20:00:00.000Z","lasttime":"2016-12-06T07:00:00.000Z","lastupdt":"2016-12-06T07:00:00.000Z","housenumber":null,"road":null,"city":null,"region":null,"country":null,"netid":"2C:26:C5:16:D0:B8","name":null,"type":"infra","comment":null,"wep":"W","channel":1,"bcninterval":0,"freenet":"?","dhcp":"?","paynet":"?","userfound":false,"encryption":"wpa"},{"trilat":14.6428575500000004439016265678219497203826904296875,"trilong":121.0603713999999939687768346630036830902099609375,"ssid":"bayanDSL","qos":0,"transid":"20131130-00000","firsttime":"2013-11-30T13:00:00.000Z","lasttime":"2013-11-30T01:00:00.000Z","lastupdt":"2013-11-29T23:00:00.000Z","housenumber":null,"road":null,"city":null,"region":"Metro Manila","country":"PH","netid":"2C:26:C5:16:FA:24","name":null,"type":"infra","comment":null,"wep":"W","channel":1,"bcninterval":0,"freenet":"?","dhcp":"?","paynet":"?","userfound":false,"encryption":"wpa"},{"trilat":14.6471338299999995768985172617249190807342529296875,"trilong":121.0576705900000007432026905007660388946533203125,"ssid":"bayanDSL","qos":0,"transid":"20130924-00000","firsttime":"2013-09-22T16:00:00.000Z","lasttime":"2013-09-24T19:00:00.000Z","lastupdt":"2013-09-24T17:00:00.000Z","housenumber":null,"road":null,"city":null,"region":"Metro Manila","country":"PH","netid":"2C:26:C5:17:D8:08","name":null,"type":"infra","comment":null,"wep":"W","channel":1,"bcninterval":0,"freenet":"?","dhcp":"?","paynet":"?","userfound":false,"encryption":"wpa"},{"trilat":14.645332339999999504698280361481010913848876953125,"trilong":121.060989379999995207981555722653865814208984375,"ssid":"bayanDSL","qos":0,"transid":"20130419-00000","firsttime":"2013-04-18T20:00:00.000Z","lasttime":"2013-04-19T08:00:00.000Z","lastupdt":"2013-04-19T06:00:00.000Z","housenumber":null,"road":null,"city":null,"region":"Metro Manila","country":"PH","netid":"2C:26:C5:18:02:A0","name":null,"type":"infra","comment":null,"wep":"W","channel":2,"bcninterval":0,"freenet":"?","dhcp":"?","paynet":"?","userfound":false,"encryption":"wpa"},{"trilat":14.646828649999999782949089421890676021575927734375,"trilong":121.059570309999998016792233102023601531982421875,"ssid":"TrojanHorse","qos":5,"transid":"20130222-00000","firsttime":"2013-02-22T22:00:00.000Z","lasttime":"2013-07-19T09:00:00.000Z","lastupdt":"2013-07-19T07:00:00.000Z","housenumber":null,"road":null,"city":null,"region":"Metro Manila","country":"PH","netid":"38:46:08:E5:76:48","name":null,"type":"infra","comment":null,"wep":"W","channel":1,"bcninterval":0,"freenet":"?","dhcp":"?","paynet":"?","userfound":false,"encryption":"wpa"},{"trilat":14.64686870999999968034899211488664150238037109375,"trilong":121.05944823999999471197952516376972198486328125,"ssid":"AndroidAP","qos":0,"transid":"20160907-00000","firsttime":"2016-09-03T21:00:00.000Z","lasttime":"2016-09-07T19:00:00.000Z","lastupdt":"2016-09-07T19:00:00.000Z","housenumber":null,"road":null,"city":null,"region":null,"country":null,"netid":"E8:3A:12:73:9F:C5","name":null,"type":"infra","comment":null,"wep":"2","channel":11,"bcninterval":0,"freenet":"?","dhcp":"?","paynet":"?","userfound":false,"encryption":"wpa2"},{"trilat":14.646212580000000258451109402813017368316650390625,"trilong":121.0608825700000039660153561271727085113525390625,"ssid":"TP-LINK_396C74","qos":1,"transid":"20131030-00000","firsttime":"2013-10-20T14:00:00.000Z","lasttime":"2013-11-30T01:00:00.000Z","lastupdt":"2013-11-29T23:00:00.000Z","housenumber":null,"road":null,"city":null,"region":"Metro Manila","country":"PH","netid":"F8:D1:11:39:6C:74","name":null,"type":"infra","comment":null,"wep":"2","channel":1,"bcninterval":0,"freenet":"?","dhcp":"?","paynet":"?","userfound":false,"encryption":"wpa2"},{"trilat":14.6465959500000000303998604067601263523101806640625,"trilong":121.0595321699999971087891026400029659271240234375,"ssid":"2nd Floor","qos":1,"transid":"20170715-00000","firsttime":"2017-07-15T16:00:00.000Z","lasttime":"2017-07-29T13:00:00.000Z","lastupdt":"2017-07-29T13:00:00.000Z","housenumber":"","road":"Maginhawa","city":"","region":"","country":"PH","netid":"18:A6:F7:EA:A2:02","name":null,"type":"infra","comment":null,"wep":"2","channel":6,"bcninterval":0,"freenet":"?","dhcp":"?","paynet":"?","userfound":false,"encryption":"wpa2"},{"trilat":14.6464500399999995039479472325183451175689697265625,"trilong":121.058860780000003387613105587661266326904296875,"ssid":"iPad","qos":0,"transid":"20160907-00000","firsttime":"2016-09-03T21:00:00.000Z","lasttime":"2016-09-07T19:00:00.000Z","lastupdt":"2016-09-07T19:00:00.000Z","housenumber":null,"road":null,"city":null,"region":null,"country":null,"netid":"36:12:98:4C:DA:A0","name":null,"type":"infra","comment":null,"wep":"2","channel":11,"bcninterval":0,"freenet":"?","dhcp":"?","paynet":"?","userfound":false,"encryption":"wpa2"},{"trilat":14.6419515600000007538028512499295175075531005859375,"trilong":121.0604705800000004956018528901040554046630859375,"ssid":"c58c0c","qos":0,"transid":"20131130-00000","firsttime":"2013-11-30T13:00:00.000Z","lasttime":"2013-11-30T01:00:00.000Z","lastupdt":"2013-11-29T23:00:00.000Z","housenumber":null,"road":null,"city":null,"region":"Metro Manila","country":"PH","netid":"E8:40:F2:3B:28:39","name":null,"type":"infra","comment":null,"wep":"W","channel":6,"bcninterval":0,"freenet":"?","dhcp":"?","paynet":"?","userfound":false,"encryption":"wpa"},{"trilat":14.646746639999999928249962977133691310882568359375,"trilong":121.05828857000000198240741156041622161865234375,"ssid":"PLDTHOMEDSL3SQBI","qos":1,"transid":"20170609-00000","firsttime":"2017-06-03T18:00:00.000Z","lasttime":"2017-07-29T13:00:00.000Z","lastupdt":"2017-07-29T13:00:00.000Z","housenumber":"83","road":"Maginhawa","city":"","region":"","country":"PH","netid":"1C:74:0D:17:57:88","name":null,"type":"infra","comment":null,"wep":"2","channel":4,"bcninterval":0,"freenet":"?","dhcp":"?","paynet":"?","userfound":false,"encryption":"wpa2"},{"trilat":14.6468143499999996492988429963588714599609375,"trilong":121.06112670999999636478605680167675018310546875,"ssid":"Joy26","qos":0,"transid":"20130322-00000","firsttime":"2013-03-22T23:00:00.000Z","lasttime":"2013-03-22T18:00:00.000Z","lastupdt":"2013-03-22T16:00:00.000Z","housenumber":null,"road":null,"city":null,"region":"Metro Manila","country":"PH","netid":"F8:DF:A8:30:81:9C","name":null,"type":"infra","comment":null,"wep":"2","channel":1,"bcninterval":0,"freenet":"?","dhcp":"?","paynet":"?","userfound":false,"encryption":"wpa2"},{"trilat":14.646896359999999503997969441115856170654296875,"trilong":121.06112670999999636478605680167675018310546875,"ssid":"Nightwing30","qos":0,"transid":"20150120-00000","firsttime":"2015-01-11T19:00:00.000Z","lasttime":"2015-01-21T20:00:00.000Z","lastupdt":"2015-07-26T00:00:00.000Z","housenumber":null,"road":null,"city":null,"region":null,"country":null,"netid":"F8:DF:A8:0B:C5:FC","name":null,"type":"infra","comment":null,"wep":"2","channel":11,"bcninterval":0,"freenet":"?","dhcp":"?","paynet":"?","userfound":false,"encryption":"wpa2"},{"trilat":14.6469488099999995966982169193215668201446533203125,"trilong":121.059295649999995703183230943977832794189453125,"ssid":"CCCG","qos":1,"transid":"20130314-00000","firsttime":"2013-03-13T23:00:00.000Z","lasttime":"2013-10-30T03:00:00.000Z","lastupdt":"2015-07-26T00:00:00.000Z","housenumber":null,"road":null,"city":null,"region":"Metro Manila","country":"PH","netid":"F8:DF:A8:0B:D9:13","name":null,"type":"infra","comment":null,"wep":"2","channel":11,"bcninterval":0,"freenet":"?","dhcp":"?","paynet":"?","userfound":false,"encryption":"wpa2"},{"trilat":14.645107270000000454501787316985428333282470703125,"trilong":121.0610122700000061968239606358110904693603515625,"ssid":"spiderman","qos":5,"transid":"20130209-00000","firsttime":"2013-02-10T13:00:00.000Z","lasttime":"2013-11-10T08:00:00.000Z","lastupdt":"2013-11-10T06:00:00.000Z","housenumber":null,"road":null,"city":null,"region":"Metro Manila","country":"PH","netid":"38:46:08:F2:EB:04","name":null,"type":"infra","comment":null,"wep":"W","channel":10,"bcninterval":0,"freenet":"?","dhcp":"?","paynet":"?","userfound":false,"encryption":"wpa"},{"trilat":14.645805360000000661102603771723806858062744140625,"trilong":121.057373049999995373582351021468639373779296875,"ssid":"BOOMER","qos":1,"transid":"20150726-00000","firsttime":"2015-02-28T19:00:00.000Z","lasttime":"2015-07-26T00:00:00.000Z","lastupdt":"2015-07-26T00:00:00.000Z","housenumber":null,"road":null,"city":null,"region":null,"country":null,"netid":"38:46:08:F3:3D:24","name":null,"type":"infra","comment":null,"wep":"W","channel":1,"bcninterval":0,"freenet":"?","dhcp":"?","paynet":"?","userfound":false,"encryption":"wpa"},{"trilat":14.64285373999999961824869387783110141754150390625,"trilong":121.0593719499999991739969118498265743255615234375,"ssid":"VITTORIO","qos":0,"transid":"20161206-00000","firsttime":"2016-12-04T20:00:00.000Z","lasttime":"2016-12-06T07:00:00.000Z","lastupdt":"2016-12-06T07:00:00.000Z","housenumber":null,"road":null,"city":null,"region":null,"country":null,"netid":"E8:08:8B:C0:6E:65","name":null,"type":"infra","comment":null,"wep":"2","channel":1,"bcninterval":0,"freenet":"?","dhcp":"?","paynet":"?","userfound":false,"encryption":"wpa2"},{"trilat":14.6436080900000007432026905007660388946533203125,"trilong":121.058776859999994712779880501329898834228515625,"ssid":"Wizart","qos":1,"transid":"20150216-00000","firsttime":"2015-02-13T11:00:00.000Z","lasttime":"2015-02-16T06:00:00.000Z","lastupdt":"2015-07-26T00:00:00.000Z","housenumber":null,"road":null,"city":null,"region":null,"country":null,"netid":"36:99:E2:71:DC:7D","name":null,"type":"infra","comment":null,"wep":"2","channel":1,"bcninterval":0,"freenet":"?","dhcp":"?","paynet":"?","userfound":false,"encryption":"wpa2"},{"trilat":14.646741869999999607898644171655178070068359375,"trilong":121.0593414300000034700133255682885646820068359375,"ssid":"rencekat","qos":0,"transid":"20150808-00000","firsttime":"2015-08-07T17:00:00.000Z","lasttime":"2015-08-08T09:00:00.000Z","lastupdt":"2015-08-08T09:00:00.000Z","housenumber":null,"road":null,"city":null,"region":null,"country":null,"netid":"36:DE:34:08:8D:77","name":null,"type":"infra","comment":null,"wep":"2","channel":6,"bcninterval":0,"freenet":"?","dhcp":"?","paynet":"?","userfound":false,"encryption":"wpa2"},{"trilat":14.64664364000000063015249907039105892181396484375,"trilong":121.0592041000000023132088244892656803131103515625,"ssid":"THIRDY","qos":0,"transid":"20150120-00000","firsttime":"2015-01-11T19:00:00.000Z","lasttime":"2015-01-21T20:00:00.000Z","lastupdt":"2015-07-26T00:00:00.000Z","housenumber":null,"road":null,"city":null,"region":null,"country":null,"netid":"36:DE:34:09:34:A4","name":null,"type":"infra","comment":null,"wep":"2","channel":1,"bcninterval":0,"freenet":"?","dhcp":"?","paynet":"?","userfound":false,"encryption":"wpa2"},{"trilat":14.6471204799999998868997863610275089740753173828125,"trilong":121.05747986000000082640326581895351409912109375,"ssid":"My ASUS","qos":0,"transid":"20160227-00000","firsttime":"2016-02-13T21:00:00.000Z","lasttime":"2016-02-27T07:00:00.000Z","lastupdt":"2016-02-27T07:00:00.000Z","housenumber":null,"road":null,"city":null,"region":null,"country":null,"netid":"38:2C:4A:1D:FE:04","name":null,"type":"infra","comment":null,"wep":"2","channel":6,"bcninterval":0,"freenet":"?","dhcp":"?","paynet":"?","userfound":false,"encryption":"wpa2"},{"trilat":14.6470403699999991431468515656888484954833984375,"trilong":121.060264590000002726810635067522525787353515625,"ssid":"PS4-D0131101B5C1","qos":5,"transid":"20150120-00000","firsttime":"2015-01-10T18:00:00.000Z","lasttime":"2017-04-04T04:00:00.000Z","lastupdt":"2017-04-04T04:00:00.000Z","housenumber":null,"road":null,"city":null,"region":null,"country":null,"netid":"E8:61:7E:8D:13:D7","name":null,"type":"infra","comment":null,"wep":"2","channel":11,"bcninterval":0,"freenet":"?","dhcp":"?","paynet":"?","userfound":false,"encryption":"wpa2"},{"trilat":14.6425075499999994832478478201664984226226806640625,"trilong":121.061103819999999586798367090523242950439453125,"ssid":"ALBANO NETWORK","qos":0,"transid":"20131030-00000","firsttime":"2013-10-21T17:00:00.000Z","lasttime":"2013-10-30T05:00:00.000Z","lastupdt":"2013-10-30T03:00:00.000Z","housenumber":null,"road":null,"city":null,"region":"Metro Manila","country":"PH","netid":"F4:EC:38:DD:CA:DE","name":null,"type":"infra","comment":null,"wep":"Y","channel":4,"bcninterval":0,"freenet":"?","dhcp":"?","paynet":"?","userfound":false,"encryption":"wep"},{"trilat":14.6426944700000003507511792122386395931243896484375,"trilong":121.060974119999997355989762581884860992431640625,"ssid":"TP-LINK_D7D984","qos":2,"transid":"20130309-00000","firsttime":"2013-03-09T18:00:00.000Z","lasttime":"2013-11-30T01:00:00.000Z","lastupdt":"2013-11-29T23:00:00.000Z","housenumber":null,"road":null,"city":null,"region":"Metro Manila","country":"PH","netid":"F4:EC:38:D7:D9:84","name":null,"type":"infra","comment":null,"wep":"Y","channel":1,"bcninterval":0,"freenet":"?","dhcp":"?","paynet":"?","userfound":false,"encryption":"wep"},{"trilat":14.6447410599999994218478605034761130809783935546875,"trilong":121.0611953699999929767727735452353954315185546875,"ssid":"bietinhaia0416","qos":1,"transid":"20131110-00000","firsttime":"2013-11-09T18:00:00.000Z","lasttime":"2013-11-22T22:00:00.000Z","lastupdt":"2013-11-22T20:00:00.000Z","housenumber":null,"road":null,"city":null,"region":"Metro Manila","country":"PH","netid":"F8:DF:A8:30:78:01","name":null,"type":"infra","comment":null,"wep":"2","channel":1,"bcninterval":0,"freenet":"?","dhcp":"?","paynet":"?","userfound":false,"encryption":"wpa2"},{"trilat":14.6462879200000006818527253926731646060943603515625,"trilong":121.059700010000000247600837610661983489990234375,"ssid":"DIRECT-Jx-BRAVIA","qos":0,"transid":"20170729-00000","firsttime":"2017-07-16T19:00:00.000Z","lasttime":"2017-07-29T13:00:00.000Z","lastupdt":"2017-07-29T13:00:00.000Z","housenumber":"","road":"Maginhawa","city":"","region":"","country":"PH","netid":"1A:4F:32:45:96:6B","name":null,"type":"infra","comment":null,"wep":"2","channel":1,"bcninterval":0,"freenet":"?","dhcp":"?","paynet":"?","userfound":false,"encryption":"wpa2"},{"trilat":14.6447649000000001962007445399649441242218017578125,"trilong":121.057365419999996447586454451084136962890625,"ssid":"PS3-3913151","qos":0,"transid":"20130309-00000","firsttime":"2013-03-09T20:00:00.000Z","lasttime":"2013-03-11T16:00:00.000Z","lastupdt":"2013-03-11T14:00:00.000Z","housenumber":null,"road":null,"city":null,"region":"Metro Manila","country":"PH","netid":"00:26:5C:53:E5:12","name":null,"type":"infra","comment":null,"wep":"W","channel":6,"bcninterval":0,"freenet":"?","dhcp":"?","paynet":"?","userfound":false,"encryption":"wpa"},{"trilat":14.6414966599999996077485775458626449108123779296875,"trilong":121.0605087299999951255813357420265674591064453125,"ssid":"BANLAOI_WIFI","qos":0,"transid":"20130414-00000","firsttime":"2013-04-14T14:00:00.000Z","lasttime":"2013-04-14T06:00:00.000Z","lastupdt":"2013-04-14T04:00:00.000Z","housenumber":null,"road":null,"city":null,"region":"Metro Manila","country":"PH","netid":"1C:AF:F7:84:4F:5C","name":null,"type":"infra","comment":null,"wep":"2","channel":11,"bcninterval":0,"freenet":"?","dhcp":"?","paynet":"?","userfound":false,"encryption":"wpa2"},{"trilat":14.6466598500000007021526471362449228763580322265625,"trilong":121.061073300000003882814780808985233306884765625,"ssid":"MHI_office","qos":1,"transid":"20160227-00000","firsttime":"2016-02-27T20:00:00.000Z","lasttime":"2016-06-04T16:00:00.000Z","lastupdt":"2016-06-04T16:00:00.000Z","housenumber":null,"road":null,"city":null,"region":null,"country":null,"netid":"00:26:75:F4:70:4D","name":null,"type":"infra","comment":null,"wep":"2","channel":1,"bcninterval":0,"freenet":"?","dhcp":"?","paynet":"?","userfound":false,"encryption":"wpa2"},{"trilat":14.6470432299999995251482687308453023433685302734375,"trilong":121.0577239999999932251739664934575557708740234375,"ssid":"Aztech5018_6013A","qos":5,"transid":"20150808-00000","firsttime":"2015-08-07T17:00:00.000Z","lasttime":"2017-07-29T13:00:00.000Z","lastupdt":"2017-07-29T13:00:00.000Z","housenumber":"","road":"Maginhawa","city":"","region":"","country":"PH","netid":"00:26:75:F6:01:38","name":null,"type":"infra","comment":null,"wep":"W","channel":3,"bcninterval":0,"freenet":"?","dhcp":"?","paynet":"?","userfound":false,"encryption":"wpa"},{"trilat":14.6470899600000006302025212789885699748992919921875,"trilong":121.059585569999995868784026242792606353759765625,"ssid":"Aztech5018_61526","qos":1,"transid":"20150812-00000","firsttime":"2015-08-12T17:00:00.000Z","lasttime":"2015-08-12T07:00:00.000Z","lastupdt":"2015-08-12T07:00:00.000Z","housenumber":null,"road":null,"city":null,"region":null,"country":null,"netid":"00:26:75:F6:15:24","name":null,"type":"infra","comment":null,"wep":"W","channel":4,"bcninterval":0,"freenet":"?","dhcp":"?","paynet":"?","userfound":false,"encryption":"wpa"},{"trilat":14.646902080000000268000803771428763866424560546875,"trilong":121.061103819999999586798367090523242950439453125,"ssid":"Pepper-Huawei","qos":0,"transid":"20160604-00000","firsttime":"2016-05-27T19:00:00.000Z","lasttime":"2016-06-04T16:00:00.000Z","lastupdt":"2016-06-04T16:00:00.000Z","housenumber":null,"road":null,"city":null,"region":null,"country":null,"netid":"D0:7A:B5:D3:FE:51","name":null,"type":"infra","comment":null,"wep":"2","channel":6,"bcninterval":0,"freenet":"?","dhcp":"?","paynet":"?","userfound":false,"encryption":"wpa2"},{"trilat":14.6459932300000001959006112883798778057098388671875,"trilong":121.057518009999995456382748670876026153564453125,"ssid":"she112630","qos":0,"transid":"20160227-00000","firsttime":"2016-02-13T21:00:00.000Z","lasttime":"2016-02-27T07:00:00.000Z","lastupdt":"2016-02-27T07:00:00.000Z","housenumber":null,"road":null,"city":null,"region":null,"country":null,"netid":"D0:7A:B5:4C:01:64","name":null,"type":"infra","comment":null,"wep":"2","channel":6,"bcninterval":0,"freenet":"?","dhcp":"?","paynet":"?","userfound":false,"encryption":"wpa2"},{"trilat":14.64679622999999963894879329018294811248779296875,"trilong":121.05764007999999876119545660912990570068359375,"ssid":"HUAWEI-E5220-03d1","qos":0,"transid":"20140805-00000","firsttime":"2014-08-05T20:00:00.000Z","lasttime":"2014-08-05T06:00:00.000Z","lastupdt":"2015-07-26T00:00:00.000Z","housenumber":null,"road":null,"city":null,"region":null,"country":null,"netid":"D0:7A:B5:4C:03:D1","name":null,"type":"infra","comment":null,"wep":"2","channel":11,"bcninterval":0,"freenet":"?","dhcp":"?","paynet":"?","userfound":false,"encryption":"wpa2"},{"trilat":14.646629329999999669098542653955519199371337890625,"trilong":121.06069182999999611638486385345458984375,"ssid":"Smart Bro_2B90FC","qos":1,"transid":"20160227-00000","firsttime":"2016-02-27T20:00:00.000Z","lasttime":"2016-06-04T16:00:00.000Z","lastupdt":"2016-06-04T16:00:00.000Z","housenumber":null,"road":null,"city":null,"region":null,"country":null,"netid":"D2:5B:A8:2B:90:FC","name":null,"type":"infra","comment":null,"wep":"2","channel":13,"bcninterval":0,"freenet":"?","dhcp":"?","paynet":"?","userfound":false,"encryption":"wpa2"},{"trilat":14.64606380000000029895090847276151180267333984375,"trilong":121.0612411500000007436028681695461273193359375,"ssid":"daniel86cksc","qos":0,"transid":"20160227-00000","firsttime":"2016-02-27T20:00:00.000Z","lasttime":"2016-02-27T07:00:00.000Z","lastupdt":"2016-02-27T07:00:00.000Z","housenumber":null,"road":null,"city":null,"region":null,"country":null,"netid":"D2:5B:A8:A7:7D:A0","name":null,"type":"infra","comment":null,"wep":"2","channel":1,"bcninterval":0,"freenet":"?","dhcp":"?","paynet":"?","userfound":false,"encryption":"wpa2"},{"trilat":14.646846769999999793299139128066599369049072265625,"trilong":121.0595016500000014048055163584649562835693359375,"ssid":"AndroidAP","qos":0,"transid":"20130810-00000","firsttime":"2013-08-07T21:00:00.000Z","lasttime":"2013-08-10T02:00:00.000Z","lastupdt":"2013-08-10T00:00:00.000Z","housenumber":null,"road":null,"city":null,"region":"Metro Manila","country":"PH","netid":"D0:DF:C7:07:1A:4E","name":null,"type":"infra","comment":null,"wep":"N","channel":6,"bcninterval":0,"freenet":"?","dhcp":"?","paynet":"?","userfound":false,"encryption":"none"},{"trilat":14.646748540000000815552994026802480220794677734375,"trilong":121.0593490600000023960092221386730670928955078125,"ssid":"Bai-Cha","qos":0,"transid":"20130429-00000","firsttime":"2013-04-27T20:00:00.000Z","lasttime":"2013-04-29T11:00:00.000Z","lastupdt":"2013-04-29T09:00:00.000Z","housenumber":null,"road":null,"city":null,"region":"Metro Manila","country":"PH","netid":"D4:20:6D:90:F9:7E","name":null,"type":"infra","comment":null,"wep":"2","channel":1,"bcninterval":0,"freenet":"?","dhcp":"?","paynet":"?","userfound":false,"encryption":"wpa2"},{"trilat":14.6468362800000004853018253925256431102752685546875,"trilong":121.0601882899999992559969541616737842559814453125,"ssid":"wala akong wifi :))","qos":0,"transid":"20130320-00000","firsttime":"2013-03-19T21:00:00.000Z","lasttime":"2013-03-20T06:00:00.000Z","lastupdt":"2013-03-20T04:00:00.000Z","housenumber":null,"road":null,"city":null,"region":"Metro Manila","country":"PH","netid":"46:91:DB:52:B8:C2","name":null,"type":"infra","comment":null,"wep":"2","channel":1,"bcninterval":0,"freenet":"?","dhcp":"?","paynet":"?","userfound":false,"encryption":"wpa2"},{"trilat":14.6413469299999992045968610909767448902130126953125,"trilong":121.059860229999998182393028400838375091552734375,"ssid":"PLDT SMART WiFi Zone","qos":6,"transid":"20130621-00000","firsttime":"2013-05-10T12:00:00.000Z","lasttime":"2017-10-15T10:00:00.000Z","lastupdt":"2017-10-15T10:00:00.000Z","housenumber":"","road":"Mahiyain","city":"","region":"","country":"PH","netid":"40:4A:03:DB:88:BA","name":null,"type":"infra","comment":null,"wep":"N","channel":11,"bcninterval":0,"freenet":"?","dhcp":"?","paynet":"?","userfound":false,"encryption":"none"},{"trilat":14.6461191199999998246994437067769467830657958984375,"trilong":121.057373049999995373582351021468639373779296875,"ssid":"GetYourOwnWifi","qos":0,"transid":"20131030-00000","firsttime":"2013-10-19T20:00:00.000Z","lasttime":"2013-10-30T05:00:00.000Z","lastupdt":"2013-10-30T03:00:00.000Z","housenumber":null,"road":null,"city":null,"region":"Metro Manila","country":"PH","netid":"40:4D:8E:6D:0C:BC","name":null,"type":"infra","comment":null,"wep":"2","channel":6,"bcninterval":0,"freenet":"?","dhcp":"?","paynet":"?","userfound":false,"encryption":"wpa2"},{"trilat":14.642913820000000413301677326671779155731201171875,"trilong":121.0609817499999962819856591522693634033203125,"ssid":"IMBayan","qos":1,"transid":"20130324-00000","firsttime":"2013-03-23T17:00:00.000Z","lasttime":"2013-04-14T06:00:00.000Z","lastupdt":"2013-04-14T04:00:00.000Z","housenumber":null,"road":null,"city":null,"region":"Metro Manila","country":"PH","netid":"00:0B:86:F1:97:C2","name":null,"type":"infra","comment":null,"wep":"N","channel":11,"bcninterval":0,"freenet":"?","dhcp":"?","paynet":"?","userfound":false,"encryption":"none"},{"trilat":14.6437234899999992876473697833716869354248046875,"trilong":121.061058040000006030822987668216228485107421875,"ssid":"Bayan Guest","qos":5,"transid":"20130209-00000","firsttime":"2013-02-09T20:00:00.000Z","lasttime":"2013-11-30T20:00:00.000Z","lastupdt":"2013-11-30T18:00:00.000Z","housenumber":null,"road":null,"city":null,"region":"Metro Manila","country":"PH","netid":"00:0B:86:F2:FB:40","name":null,"type":"infra","comment":null,"wep":"N","channel":11,"bcninterval":0,"freenet":"?","dhcp":"?","paynet":"?","userfound":false,"encryption":"none"},{"trilat":14.6429738999999994319978213752619922161102294921875,"trilong":121.060989379999995207981555722653865814208984375,"ssid":"Bayan Wi-Fi+","qos":1,"transid":"20130309-00000","firsttime":"2013-03-09T20:00:00.000Z","lasttime":"2013-04-14T06:00:00.000Z","lastupdt":"2013-04-14T04:00:00.000Z","housenumber":null,"road":null,"city":null,"region":"Metro Manila","country":"PH","netid":"00:0B:86:F3:14:21","name":null,"type":"infra","comment":null,"wep":"W","channel":11,"bcninterval":0,"freenet":"?","dhcp":"?","paynet":"?","userfound":false,"encryption":"wpa"},{"trilat":14.6432285300000000205500327865593135356903076171875,"trilong":121.0610427900000019008075469173491001129150390625,"ssid":"IMBayan","qos":5,"transid":"20130309-00000","firsttime":"2013-03-08T23:00:00.000Z","lasttime":"2017-09-29T18:00:00.000Z","lastupdt":"2017-09-29T18:00:00.000Z","housenumber":"","road":"Matimtiman","city":"","region":"","country":"PH","netid":"00:0B:86:F3:16:22","name":null,"type":"infra","comment":null,"wep":"N","channel":11,"bcninterval":0,"freenet":"?","dhcp":"?","paynet":"?","userfound":false,"encryption":"none"},{"trilat":14.6431140899999991944469002191908657550811767578125,"trilong":121.0610809300000028088106773793697357177734375,"ssid":null,"qos":0,"transid":"20170929-00000","firsttime":"2017-09-30T08:00:00.000Z","lasttime":"2017-09-29T18:00:00.000Z","lastupdt":"2017-09-29T18:00:00.000Z","housenumber":"","road":"Matimtiman","city":"","region":"","country":"PH","netid":"00:0B:86:F3:16:31","name":null,"type":"infra","comment":null,"wep":"W","channel":140,"bcninterval":0,"freenet":"?","dhcp":"?","paynet":"?","userfound":false,"encryption":"wpa"},{"trilat":14.6467895499999993802475728443823754787445068359375,"trilong":121.0606307999999984303940436802804470062255859375,"ssid":"Kiko?s iPhone","qos":1,"transid":"20130506-00000","firsttime":"2001-01-01T08:00:00.000Z","lasttime":"2013-06-21T06:00:00.000Z","lastupdt":"2013-06-21T04:00:00.000Z","housenumber":null,"road":null,"city":null,"region":"Metro Manila","country":"PH","netid":"3E:D0:F8:80:51:AA","name":null,"type":"infra","comment":null,"wep":"2","channel":2,"bcninterval":0,"freenet":"?","dhcp":"?","paynet":"?","userfound":false,"encryption":"wpa2"},{"trilat":14.6472444500000005263018465484492480754852294921875,"trilong":121.0602264399999938859764370135962963104248046875,"ssid":"hotspot mo to","qos":0,"transid":"20170507-00000","firsttime":"2017-04-25T12:00:00.000Z","lasttime":"2017-05-07T05:00:00.000Z","lastupdt":"2017-05-07T05:00:00.000Z","housenumber":null,"road":null,"city":null,"region":null,"country":null,"netid":"40:45:DA:27:CF:AC","name":null,"type":"infra","comment":null,"wep":"?","channel":11,"bcninterval":0,"freenet":"?","dhcp":"?","paynet":"Y","userfound":false,"encryption":"unknown"},{"trilat":14.646592139999999204746927716769278049468994140625,"trilong":121.058555600000005370020517148077487945556640625,"ssid":"823823","qos":0,"transid":"20150726-00000","firsttime":"2015-07-25T23:00:00.000Z","lasttime":"2015-07-26T00:00:00.000Z","lastupdt":"2015-07-26T00:00:00.000Z","housenumber":null,"road":null,"city":null,"region":null,"country":null,"netid":"3C:DF:BD:7F:09:A5","name":null,"type":"infra","comment":null,"wep":"2","channel":1,"bcninterval":0,"freenet":"?","dhcp":"?","paynet":"?","userfound":false,"encryption":"wpa2"},{"trilat":14.64606380000000029895090847276151180267333984375,"trilong":121.0612411500000007436028681695461273193359375,"ssid":"HUAWEI-E5220-041b","qos":0,"transid":"20160227-00000","firsttime":"2016-02-27T20:00:00.000Z","lasttime":"2016-02-27T07:00:00.000Z","lastupdt":"2016-02-27T07:00:00.000Z","housenumber":null,"road":null,"city":null,"region":null,"country":null,"netid":"3C:DF:BD:0F:04:1B","name":null,"type":"infra","comment":null,"wep":"2","channel":1,"bcninterval":0,"freenet":"?","dhcp":"?","paynet":"?","userfound":false,"encryption":"wpa2"},{"trilat":14.6454162599999992977473084465600550174713134765625,"trilong":121.06099700999999413397745229303836822509765625,"ssid":"Red Room Wifi","qos":0,"transid":"20150812-00000","firsttime":"2015-08-12T20:00:00.000Z","lasttime":"2015-08-12T07:00:00.000Z","lastupdt":"2015-08-12T07:00:00.000Z","housenumber":null,"road":null,"city":null,"region":null,"country":null,"netid":"3C:DF:BD:27:E1:80","name":null,"type":"infra","comment":null,"wep":"2","channel":6,"bcninterval":0,"freenet":"?","dhcp":"?","paynet":"?","userfound":false,"encryption":"wpa2"},{"trilat":14.6465454099999998760495145688764750957489013671875,"trilong":121.0610427900000019008075469173491001129150390625,"ssid":"HUAWEI-E5220-a722","qos":4,"transid":"20140805-00000","firsttime":"2014-08-05T19:00:00.000Z","lasttime":"2015-02-16T06:00:00.000Z","lastupdt":"2015-07-26T00:00:00.000Z","housenumber":null,"road":null,"city":null,"region":null,"country":null,"netid":"3C:DF:BD:45:A7:22","name":null,"type":"infra","comment":null,"wep":"2","channel":6,"bcninterval":0,"freenet":"?","dhcp":"?","paynet":"?","userfound":false,"encryption":"wpa2"},{"trilat":14.6468172100000000313002601615153253078460693359375,"trilong":121.061004639999993059973348863422870635986328125,"ssid":"ceedeeaewei?s iPhone 4s","qos":0,"transid":"20130429-00000","firsttime":"2013-04-27T20:00:00.000Z","lasttime":"2013-04-29T11:00:00.000Z","lastupdt":"2013-04-29T09:00:00.000Z","housenumber":null,"road":null,"city":null,"region":"Metro Manila","country":"PH","netid":"3A:34:51:C5:B5:D0","name":null,"type":"infra","comment":null,"wep":"2","channel":2,"bcninterval":0,"freenet":"?","dhcp":"?","paynet":"?","userfound":false,"encryption":"wpa2"},{"trilat":14.64672374999999959754859446547925472259521484375,"trilong":121.058174129999997603590600192546844482421875,"ssid":"Free WiFi","qos":2,"transid":"20130316-00000","firsttime":"2013-03-15T23:00:00.000Z","lasttime":"2015-01-21T20:00:00.000Z","lastupdt":"2015-07-26T00:00:00.000Z","housenumber":null,"road":null,"city":null,"region":"Metro Manila","country":"PH","netid":"08:10:74:68:D9:32","name":null,"type":"infra","comment":null,"wep":"2","channel":6,"bcninterval":0,"freenet":"Y","dhcp":"?","paynet":"?","userfound":false,"encryption":"wpa2"},{"trilat":14.64685154000000011365045793354511260986328125,"trilong":121.0597763100000037184145185165107250213623046875,"ssid":"Sraosha","qos":0,"transid":"20160907-00000","firsttime":"2016-09-03T21:00:00.000Z","lasttime":"2016-09-07T19:00:00.000Z","lastupdt":"2016-09-07T19:00:00.000Z","housenumber":null,"road":null,"city":null,"region":null,"country":null,"netid":"8E:79:67:97:98:0F","name":null,"type":"infra","comment":null,"wep":"2","channel":13,"bcninterval":0,"freenet":"?","dhcp":"?","paynet":"?","userfound":false,"encryption":"wpa2"},{"trilat":14.6464109400000008776032700552605092525482177734375,"trilong":121.0588226299999945467789075337350368499755859375,"ssid":"Almond","qos":0,"transid":"20170129-00000","firsttime":"2017-01-29T20:00:00.000Z","lasttime":"2017-06-09T05:00:00.000Z","lastupdt":"2017-06-09T05:00:00.000Z","housenumber":null,"road":null,"city":null,"region":null,"country":null,"netid":"8E:79:67:93:50:44","name":null,"type":"infra","comment":null,"wep":"2","channel":11,"bcninterval":0,"freenet":"?","dhcp":"?","paynet":"?","userfound":false,"encryption":"wpa2"},{"trilat":14.6467866900000007746029950794763863086700439453125,"trilong":121.05915833000000247920979745686054229736328125,"ssid":"Hol-U19 AP","qos":0,"transid":"20150808-00000","firsttime":"2015-08-07T22:00:00.000Z","lasttime":"2015-08-08T09:00:00.000Z","lastupdt":"2015-08-08T09:00:00.000Z","housenumber":null,"road":null,"city":null,"region":null,"country":null,"netid":"3E:47:11:76:6E:3C","name":null,"type":"infra","comment":null,"wep":"2","channel":6,"bcninterval":0,"freenet":"?","dhcp":"?","paynet":"?","userfound":false,"encryption":"wpa2"},{"trilat":14.6466331499999995457983459345996379852294921875,"trilong":121.0582275400000042964165913872420787811279296875,"ssid":"vinvinz10","qos":0,"transid":"20150916-00000","firsttime":"2015-09-04T19:00:00.000Z","lasttime":"2015-09-16T09:00:00.000Z","lastupdt":"2015-09-16T09:00:00.000Z","housenumber":null,"road":null,"city":null,"region":null,"country":null,"netid":"40:6F:2A:E4:88:7E","name":null,"type":"infra","comment":null,"wep":"2","channel":11,"bcninterval":0,"freenet":"?","dhcp":"?","paynet":"?","userfound":false,"encryption":"wpa2"},{"trilat":14.646974560000000309401002596132457256317138671875,"trilong":121.061119079999997438790160231292247772216796875,"ssid":"Aldwin 3G","qos":0,"transid":"20170129-00000","firsttime":"2001-01-01T08:00:00.000Z","lasttime":"2017-04-04T04:00:00.000Z","lastupdt":"2017-04-04T04:00:00.000Z","housenumber":null,"road":null,"city":null,"region":null,"country":null,"netid":"8E:79:67:5A:31:5E","name":null,"type":"infra","comment":null,"wep":"2","channel":1,"bcninterval":0,"freenet":"?","dhcp":"?","paynet":"?","userfound":false,"encryption":"wpa2"},{"trilat":14.6470746999999992254970493377186357975006103515625,"trilong":121.057746890000004214016371406614780426025390625,"ssid":"JayRJayRem","qos":0,"transid":"20130831-00000","firsttime":"2013-08-31T19:00:00.000Z","lasttime":"2013-08-31T17:00:00.000Z","lastupdt":"2013-08-31T15:00:00.000Z","housenumber":null,"road":null,"city":null,"region":"Metro Manila","country":"PH","netid":"D8:31:CF:5B:19:2F","name":null,"type":"infra","comment":null,"wep":"2","channel":6,"bcninterval":0,"freenet":"?","dhcp":"?","paynet":"?","userfound":false,"encryption":"wpa2"},{"trilat":14.64628124000000042315150494687259197235107421875,"trilong":121.059585569999995868784026242792606353759765625,"ssid":"AndroidAP","qos":0,"transid":"20130222-00000","firsttime":"2013-02-22T22:00:00.000Z","lasttime":"2013-02-22T10:00:00.000Z","lastupdt":"2013-02-22T08:00:00.000Z","housenumber":null,"road":null,"city":null,"region":"Metro Manila","country":"PH","netid":"90:18:7C:2B:B7:4E","name":null,"type":"infra","comment":null,"wep":"2","channel":6,"bcninterval":0,"freenet":"?","dhcp":"?","paynet":"?","userfound":false,"encryption":"wpa2"},{"trilat":14.646900179999999380697772721759974956512451171875,"trilong":121.060539250000005040419637225568294525146484375,"ssid":"RMN716","qos":0,"transid":"20141121-00000","firsttime":"2014-11-21T18:00:00.000Z","lasttime":"2015-07-26T00:00:00.000Z","lastupdt":"2015-07-26T00:00:00.000Z","housenumber":null,"road":null,"city":null,"region":null,"country":null,"netid":"90:1D:27:77:41:EF","name":null,"type":"infra","comment":null,"wep":"2","channel":11,"bcninterval":0,"freenet":"?","dhcp":"?","paynet":"?","userfound":false,"encryption":"wpa2"},{"trilat":14.6467866900000007746029950794763863086700439453125,"trilong":121.0608749400000050400194595567882061004638671875,"ssid":"only diday...","qos":0,"transid":"20160604-00000","firsttime":"2016-05-27T19:00:00.000Z","lasttime":"2016-06-04T16:00:00.000Z","lastupdt":"2016-06-04T16:00:00.000Z","housenumber":null,"road":null,"city":null,"region":null,"country":null,"netid":"00:00:02:C4:B7:34","name":null,"type":"infra","comment":null,"wep":"2","channel":6,"bcninterval":0,"freenet":"?","dhcp":"?","paynet":"?","userfound":false,"encryption":"wpa2"},{"trilat":14.6467361500000006202526492415927350521087646484375,"trilong":121.0613098099999973555895849131047725677490234375,"ssid":"homewifi","qos":6,"transid":"20130206-00000","firsttime":"2013-02-07T07:00:00.000Z","lasttime":"2013-04-21T03:00:00.000Z","lastupdt":"2013-04-21T01:00:00.000Z","housenumber":null,"road":null,"city":null,"region":"Metro Manila","country":"PH","netid":"00:02:CF:B2:07:9E","name":null,"type":"infra","comment":null,"wep":"W","channel":6,"bcninterval":0,"freenet":"?","dhcp":"?","paynet":"?","userfound":false,"encryption":"wpa"},{"trilat":14.646547319999999814399416209198534488677978515625,"trilong":121.058036799999996446786099113523960113525390625,"ssid":"MotorGirl","qos":5,"transid":"20130831-00000","firsttime":"2013-08-31T19:00:00.000Z","lasttime":"2017-07-29T13:00:00.000Z","lastupdt":"2017-07-29T13:00:00.000Z","housenumber":"84","road":"Maginhawa","city":"","region":"","country":"PH","netid":"48:F8:B3:0F:D9:65","name":null,"type":"infra","comment":null,"wep":"2","channel":1,"bcninterval":0,"freenet":"?","dhcp":"?","paynet":"?","userfound":false,"encryption":"wpa2"},{"trilat":14.6468181600000004749517756863497197628021240234375,"trilong":121.0613326999999941335772746242582798004150390625,"ssid":"paolos hot spot","qos":0,"transid":"20130810-00000","firsttime":"2013-08-09T22:00:00.000Z","lasttime":"2013-08-10T02:00:00.000Z","lastupdt":"2013-08-10T00:00:00.000Z","housenumber":null,"road":null,"city":null,"region":"Metro Manila","country":"PH","netid":"02:23:15:00:04:02","name":null,"type":"ad-hoc","comment":null,"wep":"Y","channel":11,"bcninterval":0,"freenet":"?","dhcp":"?","paynet":"?","userfound":false,"encryption":"wep"},{"trilat":14.646779060000000072250259108841419219970703125,"trilong":121.058021550000006527625373564660549163818359375,"ssid":"Jek's Kubo","qos":5,"transid":"20130720-00000","firsttime":"2013-07-20T00:00:00.000Z","lasttime":"2015-07-26T00:00:00.000Z","lastupdt":"2015-07-26T00:00:00.000Z","housenumber":null,"road":null,"city":null,"region":"Metro Manila","country":"PH","netid":"CC:1A:FA:97:E8:60","name":null,"type":"infra","comment":null,"wep":"W","channel":1,"bcninterval":0,"freenet":"?","dhcp":"?","paynet":"?","userfound":false,"encryption":"wpa"},{"trilat":14.6467056299999995871985447593033313751220703125,"trilong":121.0609054600000007440030458383262157440185546875,"ssid":"RMotel","qos":5,"transid":"20130222-00000","firsttime":"2013-02-22T22:00:00.000Z","lasttime":"2014-09-22T08:00:00.000Z","lastupdt":"2015-07-26T00:00:00.000Z","housenumber":null,"road":null,"city":null,"region":"Metro Manila","country":"PH","netid":"00:02:6F:94:DF:24","name":null,"type":"infra","comment":null,"wep":"2","channel":11,"bcninterval":0,"freenet":"?","dhcp":"?","paynet":"?","userfound":false,"encryption":"wpa2"},{"trilat":14.6455316500000005675019565387628972530364990234375,"trilong":121.0609130899999996699989424087107181549072265625,"ssid":"Tracer Juan","qos":0,"transid":"20150726-00000","firsttime":"2015-04-27T15:00:00.000Z","lasttime":"2015-07-26T00:00:00.000Z","lastupdt":"2015-07-26T00:00:00.000Z","housenumber":null,"road":null,"city":null,"region":null,"country":null,"netid":"88:9B:39:1A:0F:54","name":null,"type":"infra","comment":null,"wep":"2","channel":6,"bcninterval":0,"freenet":"?","dhcp":"?","paynet":"?","userfound":false,"encryption":"wpa2"},{"trilat":14.6467142100000007332027962547726929187774658203125,"trilong":121.059021000000001322405296377837657928466796875,"ssid":"GoodVibesLang","qos":1,"transid":"20160907-00000","firsttime":"2016-09-03T21:00:00.000Z","lasttime":"2017-04-04T04:00:00.000Z","lastupdt":"2017-04-04T04:00:00.000Z","housenumber":null,"road":null,"city":null,"region":null,"country":null,"netid":"36:69:87:29:B3:38","name":null,"type":"infra","comment":null,"wep":"2","channel":1,"bcninterval":0,"freenet":"?","dhcp":"?","paynet":"?","userfound":false,"encryption":"wpa2"},{"trilat":14.6463060400000006922027750988490879535675048828125,"trilong":121.0598525999999992563971318304538726806640625,"ssid":"neon-s","qos":0,"transid":"20170729-00000","firsttime":"2017-07-16T19:00:00.000Z","lasttime":"2017-07-29T13:00:00.000Z","lastupdt":"2017-07-29T13:00:00.000Z","housenumber":"","road":"Maginhawa","city":"","region":"","country":"PH","netid":"36:69:87:A1:A6:57","name":null,"type":"infra","comment":null,"wep":"2","channel":1,"bcninterval":0,"freenet":"?","dhcp":"?","paynet":"?","userfound":false,"encryption":"wpa2"},{"trilat":14.64690685000000058835212257690727710723876953125,"trilong":121.0601959199999981819928507320582866668701171875,"ssid":"AndroidAP","qos":0,"transid":"20170404-00000","firsttime":"2017-03-31T19:00:00.000Z","lasttime":"2017-04-04T04:00:00.000Z","lastupdt":"2017-04-04T04:00:00.000Z","housenumber":null,"road":null,"city":null,"region":null,"country":null,"netid":"86:98:66:7D:EB:0D","name":null,"type":"infra","comment":null,"wep":"2","channel":6,"bcninterval":0,"freenet":"?","dhcp":"?","paynet":"?","userfound":false,"encryption":"wpa2"},{"trilat":14.6467275600000004232015271554701030254364013671875,"trilong":121.06070708999999396837665699422359466552734375,"ssid":"Malto Domain","qos":2,"transid":"20150120-00000","firsttime":"2015-01-11T19:00:00.000Z","lasttime":"2016-06-04T16:00:00.000Z","lastupdt":"2016-06-04T16:00:00.000Z","housenumber":null,"road":null,"city":null,"region":null,"country":null,"netid":"44:94:FC:55:F3:00","name":null,"type":"infra","comment":null,"wep":"2","channel":7,"bcninterval":0,"freenet":"?","dhcp":"?","paynet":"?","userfound":false,"encryption":"wpa2"},{"trilat":14.64248371000000048525180318392813205718994140625,"trilong":121.06106567000000495681888423860073089599609375,"ssid":"PLDTMyDSL","qos":1,"transid":"20130309-00000","firsttime":"2013-03-09T18:00:00.000Z","lasttime":"2013-03-22T22:00:00.000Z","lastupdt":"2013-03-22T20:00:00.000Z","housenumber":null,"road":null,"city":null,"region":"Metro Manila","country":"PH","netid":"00:07:26:28:C8:61","name":null,"type":"infra","comment":null,"wep":"2","channel":11,"bcninterval":0,"freenet":"?","dhcp":"?","paynet":"?","userfound":false,"encryption":"wpa2"},{"trilat":14.6453294799999991226968631963245570659637451171875,"trilong":121.0610275300000040488157537765800952911376953125,"ssid":"virusalert","qos":2,"transid":"20130317-00000","firsttime":"2013-03-17T21:00:00.000Z","lasttime":"2013-06-21T06:00:00.000Z","lastupdt":"2013-06-21T04:00:00.000Z","housenumber":null,"road":null,"city":null,"region":"Metro Manila","country":"PH","netid":"E0:46:9A:47:8F:14","name":null,"type":"infra","comment":null,"wep":"2","channel":2,"bcninterval":0,"freenet":"?","dhcp":"?","paynet":"?","userfound":false,"encryption":"wpa2"},{"trilat":14.646700859999999266847225953824818134307861328125,"trilong":121.0611419699999942167778499424457550048828125,"ssid":"PLDTHOMEDSL","qos":5,"transid":"20140805-00000","firsttime":"2014-08-05T19:00:00.000Z","lasttime":"2015-07-26T00:00:00.000Z","lastupdt":"2015-07-26T00:00:00.000Z","housenumber":null,"road":null,"city":null,"region":null,"country":null,"netid":"90:61:0C:19:BE:5C","name":null,"type":"infra","comment":null,"wep":"2","channel":11,"bcninterval":0,"freenet":"?","dhcp":"?","paynet":"?","userfound":false,"encryption":"wpa2"},{"trilat":14.6464958200000001653506842558272182941436767578125,"trilong":121.0588073699999966947871143929660320281982421875,"ssid":"Free Public WiFi","qos":0,"transid":"20130322-00000","firsttime":"2013-03-22T22:00:00.000Z","lasttime":"2013-03-22T18:00:00.000Z","lastupdt":"2013-03-22T16:00:00.000Z","housenumber":null,"road":null,"city":null,"region":"Metro Manila","country":"PH","netid":"02:11:87:4D:2C:05","name":null,"type":"ad-hoc","comment":null,"wep":"N","channel":1,"bcninterval":0,"freenet":"Y","dhcp":"?","paynet":"?","userfound":false,"encryption":"none"},{"trilat":14.646791459999999318597474484704434871673583984375,"trilong":121.0603713999999939687768346630036830902099609375,"ssid":"I <3 Electromagnetics","qos":0,"transid":"20150812-00000","firsttime":"2015-08-12T21:00:00.000Z","lasttime":"2015-08-12T07:00:00.000Z","lastupdt":"2015-08-12T07:00:00.000Z","housenumber":null,"road":null,"city":null,"region":null,"country":null,"netid":"02:0C:E7:51:AD:DA","name":null,"type":"infra","comment":null,"wep":"2","channel":6,"bcninterval":0,"freenet":"?","dhcp":"?","paynet":"?","userfound":false,"encryption":"wpa2"},{"trilat":14.6468000400000004646017259801737964153289794921875,"trilong":121.0581359899999966955874697305262088775634765625,"ssid":"BALTA! ","qos":0,"transid":"20140508-00000","firsttime":"2014-05-01T21:00:00.000Z","lasttime":"2014-05-09T05:00:00.000Z","lastupdt":"2015-07-26T00:00:00.000Z","housenumber":null,"road":null,"city":null,"region":null,"country":null,"netid":"02:04:62:B9:A2:4B","name":null,"type":"infra","comment":null,"wep":"2","channel":1,"bcninterval":0,"freenet":"?","dhcp":"?","paynet":"?","userfound":false,"encryption":"wpa2"},{"trilat":14.646121029999999763049345347099006175994873046875,"trilong":121.0582504300000010744042810983955860137939453125,"ssid":"ACE F100","qos":1,"transid":"20150120-00000","firsttime":"2001-01-01T08:00:00.000Z","lasttime":"2015-01-21T20:00:00.000Z","lastupdt":"2015-07-26T00:00:00.000Z","housenumber":null,"road":null,"city":null,"region":null,"country":null,"netid":"00:F4:EE:C2:43:4E","name":null,"type":"infra","comment":null,"wep":"2","channel":6,"bcninterval":0,"freenet":"?","dhcp":"?","paynet":"?","userfound":false,"encryption":"wpa2"},{"trilat":14.6410160099999995253483575652353465557098388671875,"trilong":121.0607681299999995871985447593033313751220703125,"ssid":"NeverSayDie Ginebra","qos":3,"transid":"20130309-00000","firsttime":"2013-03-09T18:00:00.000Z","lasttime":"2013-11-30T01:00:00.000Z","lastupdt":"2013-11-29T23:00:00.000Z","housenumber":null,"road":null,"city":null,"region":"Metro Manila","country":"PH","netid":"00:B0:0C:57:A4:F0","name":null,"type":"infra","comment":null,"wep":"W","channel":6,"bcninterval":0,"freenet":"?","dhcp":"?","paynet":"?","userfound":false,"encryption":"wpa"},{"trilat":14.6468448599999998549492374877445399761199951171875,"trilong":121.0607452400000028092108550481498241424560546875,"ssid":"Smart Bro_45A2","qos":0,"transid":"20130621-00000","firsttime":"2013-06-11T21:00:00.000Z","lasttime":"2013-06-21T06:00:00.000Z","lastupdt":"2013-06-21T04:00:00.000Z","housenumber":null,"road":null,"city":null,"region":"Metro Manila","country":"PH","netid":"90:5F:2E:6F:45:A2","name":null,"type":"infra","comment":null,"wep":"2","channel":4,"bcninterval":0,"freenet":"?","dhcp":"?","paynet":"?","userfound":false,"encryption":"wpa2"},{"trilat":14.643992420000000009849827620200812816619873046875,"trilong":121.0610122700000061968239606358110904693603515625,"ssid":"PLDTMyDSL","qos":0,"transid":"20130414-00000","firsttime":"2013-04-14T14:00:00.000Z","lasttime":"2013-04-14T06:00:00.000Z","lastupdt":"2013-04-14T04:00:00.000Z","housenumber":null,"road":null,"city":null,"region":"Metro Manila","country":"PH","netid":"90:61:0C:05:B8:B9","name":null,"type":"infra","comment":null,"wep":"2","channel":11,"bcninterval":0,"freenet":"?","dhcp":"?","paynet":"?","userfound":false,"encryption":"wpa2"},{"trilat":14.64687823999999949364791973493993282318115234375,"trilong":121.0580902100000031396120903082191944122314453125,"ssid":"PROLiNK_H5001N_64d9c","qos":3,"transid":"20130309-00000","firsttime":"2013-03-09T20:00:00.000Z","lasttime":"2013-03-22T18:00:00.000Z","lastupdt":"2013-03-22T16:00:00.000Z","housenumber":null,"road":null,"city":null,"region":"Metro Manila","country":"PH","netid":"90:61:0C:06:4D:9C","name":null,"type":"infra","comment":null,"wep":"W","channel":6,"bcninterval":0,"freenet":"?","dhcp":"?","paynet":"?","userfound":false,"encryption":"wpa"},{"trilat":14.6427650499999995048483469872735440731048583984375,"trilong":121.0583801300000033052128856070339679718017578125,"ssid":"PLDTMyDSL","qos":0,"transid":"20130309-00000","firsttime":"2013-03-09T20:00:00.000Z","lasttime":"2013-03-11T16:00:00.000Z","lastupdt":"2013-03-11T14:00:00.000Z","housenumber":null,"road":null,"city":null,"region":"Metro Manila","country":"PH","netid":"90:61:0C:08:84:42","name":null,"type":"infra","comment":null,"wep":"2","channel":11,"bcninterval":0,"freenet":"?","dhcp":"?","paynet":"?","userfound":false,"encryption":"wpa2"},{"trilat":14.6456584900000006399523044819943606853485107421875,"trilong":121.060829159999997273189364932477474212646484375,"ssid":"PLDTMyDSLluisa","qos":5,"transid":"20130222-00000","firsttime":"2013-02-22T22:00:00.000Z","lasttime":"2014-08-17T06:00:00.000Z","lastupdt":"2015-07-26T00:00:00.000Z","housenumber":null,"road":null,"city":null,"region":"Metro Manila","country":"PH","netid":"90:61:0C:0D:A9:0F","name":null,"type":"infra","comment":null,"wep":"2","channel":11,"bcninterval":0,"freenet":"?","dhcp":"?","paynet":"?","userfound":false,"encryption":"wpa2"},{"trilat":14.6458387400000002998012860189191997051239013671875,"trilong":121.0606002800000027264104573987424373626708984375,"ssid":"PLDTMyDSL","qos":2,"transid":"20130621-00000","firsttime":"2013-06-02T19:00:00.000Z","lasttime":"2014-09-22T08:00:00.000Z","lastupdt":"2015-07-26T00:00:00.000Z","housenumber":null,"road":null,"city":null,"region":"Metro Manila","country":"PH","netid":"90:61:0C:0E:B2:39","name":null,"type":"infra","comment":null,"wep":"2","channel":11,"bcninterval":0,"freenet":"?","dhcp":"?","paynet":"?","userfound":false,"encryption":"wpa2"},{"trilat":14.64683246999999965964889270253479480743408203125,"trilong":121.0580062899999944647788652218878269195556640625,"ssid":"exploringpi","qos":0,"transid":"20130408-00000","firsttime":"2013-04-08T21:00:00.000Z","lasttime":"2013-04-08T10:00:00.000Z","lastupdt":"2013-04-08T08:00:00.000Z","housenumber":null,"road":null,"city":null,"region":"Metro Manila","country":"PH","netid":"90:5F:2E:3C:F7:DF","name":null,"type":"infra","comment":null,"wep":"2","channel":2,"bcninterval":0,"freenet":"?","dhcp":"?","paynet":"?","userfound":false,"encryption":"wpa2"},{"trilat":14.6425094599999994215977494604885578155517578125,"trilong":121.0599365199999937203756417147815227508544921875,"ssid":"ATEACHER","qos":0,"transid":"20131130-00000","firsttime":"2013-11-30T13:00:00.000Z","lasttime":"2013-11-30T01:00:00.000Z","lastupdt":"2013-11-29T23:00:00.000Z","housenumber":null,"road":null,"city":null,"region":"Metro Manila","country":"PH","netid":"90:5F:2E:3E:C4:4E","name":null,"type":"infra","comment":null,"wep":"2","channel":2,"bcninterval":0,"freenet":"?","dhcp":"?","paynet":"?","userfound":false,"encryption":"wpa2"},{"trilat":14.64686870999999968034899211488664150238037109375,"trilong":121.0578002900000029740112950094044208526611328125,"ssid":"PLDTHOMEDSL57828_MDV","qos":0,"transid":"20170609-00000","firsttime":"2017-06-03T18:00:00.000Z","lasttime":"2017-06-09T05:00:00.000Z","lastupdt":"2017-06-09T05:00:00.000Z","housenumber":null,"road":null,"city":null,"region":null,"country":null,"netid":"90:61:0C:2C:E1:E4","name":null,"type":"infra","comment":null,"wep":"2","channel":1,"bcninterval":0,"freenet":"?","dhcp":"?","paynet":"?","userfound":false,"encryption":"wpa2"},{"trilat":14.6465101200000002990009306813590228557586669921875,"trilong":121.05973815999999487758032046258449554443359375,"ssid":"bayanDSL","qos":5,"transid":"20130621-00000","firsttime":"2013-06-11T21:00:00.000Z","lasttime":"2016-06-04T16:00:00.000Z","lastupdt":"2016-06-04T16:00:00.000Z","housenumber":null,"road":null,"city":null,"region":"Metro Manila","country":"PH","netid":"4C:09:B4:A1:F0:BD","name":null,"type":"infra","comment":null,"wep":"W","channel":4,"bcninterval":0,"freenet":"?","dhcp":"?","paynet":"?","userfound":false,"encryption":"wpa"}]}