{"success":true,"totalResults":2103,"search_after":102993079,"first":1,"last":72,"resultCount":72,"results":[{"trilat":14.643955229999999545498212683014571666717529296875,"trilong":121.0610504200000008268034434877336025238037109375,"ssid":"SKYbroadband8CD4","qos":0,"transid":"20180216-00000","firsttime":"2017-11-23T21:00:00.000Z","lasttime":"2018-02-16T02:00:00.000Z","lastupdt":"2018-02-16T02:00:00.000Z","housenumber":"","road":"P. Francisco","city":"","region":"","country":"PH","netid":"14:B7:F8:0B:8C:D7","name":null,"type":"infra","comment":null,"wep":"2","channel":1,"bcninterval":0,"freenet":"?","dhcp":"?","paynet":"?","userfound":false,"encryption":"wpa2"},{"trilat":14.6448678999999994942982084467075765132904052734375,"trilong":121.0611648600000052056202548556029796600341796875,"ssid":"PLDTHOMEDSLMIRANDA","qos":1,"transid":"20170729-00000","firsttime":"2017-07-16T19:00:00.000Z","lasttime":"2018-02-16T02:00:00.000Z","lastupdt":"2018-02-16T02:00:00.000Z","housenumber":"","road":"P. Francisco","city":"","region":"","country":"PH","netid":"00:13:33:F4:45:9F","name":null,"type":"infra","comment":null,"wep":"2","channel":1,"bcninterval":0,"freenet":"?","dhcp":"?","paynet":"?","userfound":false,"encryption":"wpa2"},{"trilat":14.64260005999999947334799799136817455291748046875,"trilong":121.060943600000001652006176300346851348876953125,"ssid":"WiFi@Bayan","qos":2,"transid":"20161206-00000","firsttime":"2016-12-04T20:00:00.000Z","lasttime":"2018-02-16T02:00:00.000Z","lastupdt":"2018-02-16T02:00:00.000Z","housenumber":"","road":"Maginhawa","city":"","region":"","country":"PH","netid":"74:A0:2F:FD:F2:C1","name":null,"type":"infra","comment":null,"wep":"2","channel":6,"bcninterval":0,"freenet":"?","dhcp":"?","paynet":"?","userfound":false,"encryption":"wpa2"},{"trilat":14.6428928400000000209502104553394019603729248046875,"trilong":121.0611419699999942167778499424457550048828125,"ssid":"SWS Guest","qos":0,"transid":"20180216-00000","firsttime":"2017-11-23T21:00:00.000Z","lasttime":"2018-02-16T02:00:00.000Z","lastupdt":"2018-02-16T02:00:00.000Z","housenumber":"","road":"Matimtiman","city":"","region":"","country":"PH","netid":"F2:9F:C2:3D:D6:40","name":null,"type":"infra","comment":null,"wep":"2","channel":11,"bcninterval":0,"freenet":"?","dhcp":"?","paynet":"?","userfound":false,"encryption":"wpa2"},{"trilat":14.6411933899999997521490513463504612445831298828125,"trilong":121.061279299999995373582351021468639373779296875,"ssid":"PROLiNk_PRN3001","qos":0,"transid":"20180216-00000","firsttime":"2017-11-23T21:00:00.000Z","lasttime":"2018-02-16T02:00:00.000Z","lastupdt":"2018-02-16T02:00:00.000Z","housenumber":"","road":"Maginhawa","city":"","region":"","country":"PH","netid":"90:61:0C:13:F9:9C","name":null,"type":"infra","comment":null,"wep":"2","channel":11,"bcninterval":0,"freenet":"?","dhcp":"?","paynet":"?","userfound":false,"encryption":"wpa2"},{"trilat":14.6429424299999997316490407683886587619781494140625,"trilong":121.06093597000000272601027972996234893798828125,"ssid":"RBGM Training Room","qos":4,"transid":"20131030-00000","firsttime":"2013-10-21T17:00:00.000Z","lasttime":"2018-02-16T02:00:00.000Z","lastupdt":"2018-02-16T02:00:00.000Z","housenumber":"","road":"Matimtiman","city":"","region":"","country":"PH","netid":"A0:F3:C1:56:D7:DA","name":null,"type":"infra","comment":null,"wep":"2","channel":7,"bcninterval":0,"freenet":"?","dhcp":"?","paynet":"?","userfound":false,"encryption":"wpa2"},{"trilat":14.644945140000000805002855486236512660980224609375,"trilong":121.061111449999998512794263660907745361328125,"ssid":"Cura","qos":2,"transid":"20161206-00000","firsttime":"2016-12-04T20:00:00.000Z","lasttime":"2018-02-16T02:00:00.000Z","lastupdt":"2018-02-16T02:00:00.000Z","housenumber":"","road":"Maginhawa","city":"","region":"","country":"PH","netid":"E0:8E:3C:1F:F5:73","name":null,"type":"infra","comment":null,"wep":"2","channel":10,"bcninterval":0,"freenet":"?","dhcp":"?","paynet":"?","userfound":false,"encryption":"wpa2"},{"trilat":14.6414680500000002894012141041457653045654296875,"trilong":121.061264039999997521590557880699634552001953125,"ssid":"Astig01","qos":0,"transid":"20180216-00000","firsttime":"2017-11-23T21:00:00.000Z","lasttime":"2018-02-16T02:00:00.000Z","lastupdt":"2018-02-16T02:00:00.000Z","housenumber":"","road":"Maginhawa","city":"","region":"","country":"PH","netid":"F0:98:38:9F:C8:A0","name":null,"type":"infra","comment":null,"wep":"2","channel":2,"bcninterval":0,"freenet":"?","dhcp":"?","paynet":"?","userfound":false,"encryption":"wpa2"},{"trilat":14.644700050000000857153281685896217823028564453125,"trilong":121.0609817499999962819856591522693634033203125,"ssid":"Heets Net Cafe","qos":0,"transid":"20180216-00000","firsttime":"2017-11-23T21:00:00.000Z","lasttime":"2018-02-16T02:00:00.000Z","lastupdt":"2018-02-16T02:00:00.000Z","housenumber":"","road":"P. Francisco","city":"","region":"","country":"PH","netid":"CC:06:77:6E:C8:58","name":null,"type":"infra","comment":null,"wep":"2","channel":5,"bcninterval":0,"freenet":"?","dhcp":"?","paynet":"?","userfound":false,"encryption":"wpa2"},{"trilat":14.6411933899999997521490513463504612445831298828125,"trilong":121.061279299999995373582351021468639373779296875,"ssid":"SKYbroadband28E4","qos":0,"transid":"20180216-00000","firsttime":"2017-11-23T21:00:00.000Z","lasttime":"2018-02-16T02:00:00.000Z","lastupdt":"2018-02-16T02:00:00.000Z","housenumber":"","road":"Maginhawa","city":"","region":"","country":"PH","netid":"D0:B2:C4:57:28:E7","name":null,"type":"infra","comment":null,"wep":"2","channel":11,"bcninterval":0,"freenet":"?","dhcp":"?","paynet":"?","userfound":false,"encryption":"wpa2"},{"trilat":14.643846509999999483397914445959031581878662109375,"trilong":121.061073300000003882814780808985233306884765625,"ssid":"Bayan Guest","qos":5,"transid":"20130309-00000","firsttime":"2013-03-08T23:00:00.000Z","lasttime":"2018-02-16T02:00:00.000Z","lastupdt":"2018-02-16T02:00:00.000Z","housenumber":"","road":"P. Francisco","city":"","region":"","country":"PH","netid":"00:0B:86:F2:FB:00","name":null,"type":"infra","comment":null,"wep":"N","channel":11,"bcninterval":0,"freenet":"?","dhcp":"?","paynet":"?","userfound":false,"encryption":"none"},{"trilat":14.644933699999999276997186825610697269439697265625,"trilong":121.060958859999999503997969441115856170654296875,"ssid":"HUAWEI-uAu6","qos":0,"transid":"20180216-00000","firsttime":"2017-11-23T21:00:00.000Z","lasttime":"2018-02-16T02:00:00.000Z","lastupdt":"2018-02-16T02:00:00.000Z","housenumber":"","road":"Maginhawa","city":"","region":"","country":"PH","netid":"18:DE:D7:34:4C:CC","name":null,"type":"infra","comment":null,"wep":"2","channel":5,"bcninterval":0,"freenet":"?","dhcp":"?","paynet":"?","userfound":false,"encryption":"wpa2"},{"trilat":14.641835209999999989349817042239010334014892578125,"trilong":121.06121063000000503961928188800811767578125,"ssid":"Empire Maginhawa","qos":1,"transid":"20170929-00000","firsttime":"2017-09-30T08:00:00.000Z","lasttime":"2018-02-16T02:00:00.000Z","lastupdt":"2018-02-16T02:00:00.000Z","housenumber":"","road":"Maginhawa","city":"","region":"","country":"PH","netid":"BC:C0:0F:1F:8A:68","name":null,"type":"infra","comment":null,"wep":"2","channel":7,"bcninterval":0,"freenet":"?","dhcp":"?","paynet":"?","userfound":false,"encryption":"wpa2"},{"trilat":14.6417274499999994219479049206711351871490478515625,"trilong":121.0612411500000007436028681695461273193359375,"ssid":"PLDTHOMEFIBRLayBare","qos":0,"transid":"20180216-00000","firsttime":"2017-11-23T21:00:00.000Z","lasttime":"2018-02-16T02:00:00.000Z","lastupdt":"2018-02-16T02:00:00.000Z","housenumber":"","road":"Maginhawa","city":"","region":"","country":"PH","netid":"74:CC:39:3C:F3:E8","name":null,"type":"infra","comment":null,"wep":"2","channel":11,"bcninterval":0,"freenet":"?","dhcp":"?","paynet":"?","userfound":false,"encryption":"wpa2"},{"trilat":14.641389849999999483998180949129164218902587890625,"trilong":121.0611877399999940507768769748508930206298828125,"ssid":"PINOY_OREOS","qos":3,"transid":"20130309-00000","firsttime":"2013-03-09T18:00:00.000Z","lasttime":"2018-02-16T02:00:00.000Z","lastupdt":"2018-02-16T02:00:00.000Z","housenumber":"","road":"Maginhawa","city":"","region":"","country":"PH","netid":"00:1C:DF:C4:54:19","name":null,"type":"infra","comment":null,"wep":"W","channel":10,"bcninterval":0,"freenet":"?","dhcp":"?","paynet":"?","userfound":false,"encryption":"wpa"},{"trilat":14.64583587999999991779986885376274585723876953125,"trilong":121.060928340000003800014383159577846527099609375,"ssid":null,"qos":0,"transid":"20180216-00000","firsttime":"2017-11-23T21:00:00.000Z","lasttime":"2018-02-16T02:00:00.000Z","lastupdt":"2018-02-16T02:00:00.000Z","housenumber":"","road":"Masinsinan","city":"","region":"","country":"PH","netid":"00:13:33:FB:45:3B","name":null,"type":"infra","comment":null,"wep":"?","channel":1,"bcninterval":0,"freenet":"?","dhcp":"?","paynet":"?","userfound":false,"encryption":"unknown"},{"trilat":14.645297049999999927649696473963558673858642578125,"trilong":121.06096648999999842999386601150035858154296875,"ssid":null,"qos":0,"transid":"20180216-00000","firsttime":"2017-11-23T21:00:00.000Z","lasttime":"2018-02-16T02:00:00.000Z","lastupdt":"2018-02-16T02:00:00.000Z","housenumber":"","road":"Maginhawa","city":"","region":"","country":"PH","netid":"00:13:33:FB:45:3C","name":null,"type":"infra","comment":null,"wep":"?","channel":1,"bcninterval":0,"freenet":"?","dhcp":"?","paynet":"?","userfound":false,"encryption":"unknown"},{"trilat":14.6413936600000003096511136391200125217437744140625,"trilong":121.0611953699999929767727735452353954315185546875,"ssid":"dd-wrt","qos":2,"transid":"20130322-00000","firsttime":"2013-03-23T10:00:00.000Z","lasttime":"2018-02-16T02:00:00.000Z","lastupdt":"2018-02-16T02:00:00.000Z","housenumber":"","road":"Maginhawa","city":"","region":"","country":"PH","netid":"08:10:75:A5:40:60","name":null,"type":"infra","comment":null,"wep":"2","channel":6,"bcninterval":0,"freenet":"?","dhcp":"?","paynet":"?","userfound":false,"encryption":"wpa2"},{"trilat":14.64657878999999951474819681607186794281005859375,"trilong":121.0611648600000052056202548556029796600341796875,"ssid":"glyph","qos":6,"transid":"20140422-00000","firsttime":"2014-04-22T20:00:00.000Z","lasttime":"2018-02-16T02:00:00.000Z","lastupdt":"2018-02-16T02:00:00.000Z","housenumber":"60","road":"Magiting","city":"","region":"","country":"PH","netid":"E8:CD:2D:7F:11:4D","name":null,"type":"infra","comment":null,"wep":"2","channel":8,"bcninterval":0,"freenet":"?","dhcp":"?","paynet":"?","userfound":false,"encryption":"wpa2"},{"trilat":14.6419277199999999794499672134406864643096923828125,"trilong":121.06121063000000503961928188800811767578125,"ssid":"bayanDSLWiFi_F3BA","qos":0,"transid":"20180216-00000","firsttime":"2017-11-23T21:00:00.000Z","lasttime":"2018-02-16T02:00:00.000Z","lastupdt":"2018-02-16T02:00:00.000Z","housenumber":"","road":"Maginhawa","city":"","region":"","country":"PH","netid":"00:26:75:F9:F3:BA","name":null,"type":"infra","comment":null,"wep":"2","channel":1,"bcninterval":0,"freenet":"?","dhcp":"?","paynet":"?","userfound":false,"encryption":"wpa2"},{"trilat":14.6423845299999992874973031575791537761688232421875,"trilong":121.0611877399999940507768769748508930206298828125,"ssid":"SWS Guest","qos":0,"transid":"20180216-00000","firsttime":"2017-11-23T21:00:00.000Z","lasttime":"2018-02-16T02:00:00.000Z","lastupdt":"2018-02-16T02:00:00.000Z","housenumber":"","road":"Maginhawa","city":"","region":"","country":"PH","netid":"02:9F:C2:3E:D6:40","name":null,"type":"infra","comment":null,"wep":"2","channel":149,"bcninterval":0,"freenet":"?","dhcp":"?","paynet":"?","userfound":false,"encryption":"wpa2"},{"trilat":14.6467809700000000106001607491634786128997802734375,"trilong":121.060829159999997273189364932477474212646484375,"ssid":"PSCSEND-Conference","qos":0,"transid":"20180216-00000","firsttime":"2017-11-23T21:00:00.000Z","lasttime":"2018-02-16T02:00:00.000Z","lastupdt":"2018-02-16T02:00:00.000Z","housenumber":"60","road":"Magiting","city":"","region":"","country":"PH","netid":"18:A6:F7:8E:EF:AC","name":null,"type":"infra","comment":null,"wep":"2","channel":10,"bcninterval":0,"freenet":"?","dhcp":"?","paynet":"?","userfound":false,"encryption":"wpa2"},{"trilat":14.6421403899999997832992448820732533931732177734375,"trilong":121.0611953699999929767727735452353954315185546875,"ssid":"Huawei-AE11","qos":0,"transid":"20180216-00000","firsttime":"2017-11-23T21:00:00.000Z","lasttime":"2018-02-16T02:00:00.000Z","lastupdt":"2018-02-16T02:00:00.000Z","housenumber":"","road":"Maginhawa","city":"","region":"","country":"PH","netid":"54:25:EA:96:AE:11","name":null,"type":"infra","comment":null,"wep":"2","channel":7,"bcninterval":0,"freenet":"?","dhcp":"?","paynet":"?","userfound":false,"encryption":"wpa2"},{"trilat":14.64260100999999991699951351620256900787353515625,"trilong":121.060951230000000578002072870731353759765625,"ssid":"BYOD@Bayan","qos":2,"transid":"20161206-00000","firsttime":"2016-12-04T20:00:00.000Z","lasttime":"2018-02-16T02:00:00.000Z","lastupdt":"2018-02-16T02:00:00.000Z","housenumber":"","road":"Maginhawa","city":"","region":"","country":"PH","netid":"74:A0:2F:FD:F2:C0","name":null,"type":"infra","comment":null,"wep":"?","channel":6,"bcninterval":0,"freenet":"?","dhcp":"?","paynet":"?","userfound":false,"encryption":"unknown"},{"trilat":14.641001700000000340651240549050271511077880859375,"trilong":121.061294559999993225574144162237644195556640625,"ssid":"balaybagnet","qos":0,"transid":"20180216-00000","firsttime":"2017-11-23T21:00:00.000Z","lasttime":"2018-02-16T02:00:00.000Z","lastupdt":"2018-02-16T02:00:00.000Z","housenumber":"","road":"Maginhawa","city":"","region":"","country":"PH","netid":"9A:10:94:75:E4:97","name":null,"type":"infra","comment":null,"wep":"2","channel":6,"bcninterval":0,"freenet":"?","dhcp":"?","paynet":"?","userfound":false,"encryption":"wpa2"},{"trilat":14.6455621699999998241992216208018362522125244140625,"trilong":121.06083678999999619918526150286197662353515625,"ssid":"PLDTHOMEDSL7G7G0","qos":3,"transid":"20170609-00000","firsttime":"2017-06-03T18:00:00.000Z","lasttime":"2018-02-16T02:00:00.000Z","lastupdt":"2018-02-16T02:00:00.000Z","housenumber":"","road":"Masinsinan","city":"","region":"","country":"PH","netid":"94:46:96:18:F4:C9","name":null,"type":"infra","comment":null,"wep":"2","channel":5,"bcninterval":0,"freenet":"?","dhcp":"?","paynet":"?","userfound":false,"encryption":"wpa2"},{"trilat":14.6426191299999999273495632223784923553466796875,"trilong":121.0610427900000019008075469173491001129150390625,"ssid":"RBGM Sir Don","qos":2,"transid":"20161206-00000","firsttime":"2016-12-04T20:00:00.000Z","lasttime":"2018-02-16T02:00:00.000Z","lastupdt":"2018-02-16T02:00:00.000Z","housenumber":"","road":"Maginhawa","city":"","region":"","country":"PH","netid":"A0:F3:C1:C1:01:C4","name":null,"type":"infra","comment":null,"wep":"2","channel":6,"bcninterval":0,"freenet":"?","dhcp":"?","paynet":"?","userfound":false,"encryption":"wpa2"},{"trilat":14.643955229999999545498212683014571666717529296875,"trilong":121.0610504200000008268034434877336025238037109375,"ssid":"BlackZoneNorth","qos":0,"transid":"20180216-00000","firsttime":"2017-11-23T21:00:00.000Z","lasttime":"2018-02-16T02:00:00.000Z","lastupdt":"2018-02-16T02:00:00.000Z","housenumber":"","road":"P. Francisco","city":"","region":"","country":"PH","netid":"CC:06:77:21:02:B0","name":null,"type":"infra","comment":null,"wep":"2","channel":1,"bcninterval":0,"freenet":"?","dhcp":"?","paynet":"?","userfound":false,"encryption":"wpa2"},{"trilat":14.645515440000000495501808472909033298492431640625,"trilong":121.060928340000003800014383159577846527099609375,"ssid":"PLDTHOMEDSL","qos":0,"transid":"20180216-00000","firsttime":"2017-11-23T21:00:00.000Z","lasttime":"2018-02-16T02:00:00.000Z","lastupdt":"2018-02-16T02:00:00.000Z","housenumber":"","road":"Masinsinan","city":"","region":"","country":"PH","netid":"00:13:33:FB:45:39","name":null,"type":"infra","comment":null,"wep":"2","channel":1,"bcninterval":0,"freenet":"?","dhcp":"?","paynet":"?","userfound":false,"encryption":"wpa2"},{"trilat":14.6429023699999998342491380753926932811737060546875,"trilong":121.061088560000001734806573949754238128662109375,"ssid":"RBGM Sales Department","qos":2,"transid":"20161206-00000","firsttime":"2016-12-04T20:00:00.000Z","lasttime":"2018-02-16T02:00:00.000Z","lastupdt":"2018-02-16T02:00:00.000Z","housenumber":"","road":"Matimtiman","city":"","region":"","country":"PH","netid":"18:A6:F7:76:32:A6","name":null,"type":"infra","comment":null,"wep":"2","channel":1,"bcninterval":0,"freenet":"?","dhcp":"?","paynet":"?","userfound":false,"encryption":"wpa2"},{"trilat":14.6436424299999998765997588634490966796875,"trilong":121.0610809300000028088106773793697357177734375,"ssid":"bayanDSLWIFI_1864","qos":0,"transid":"20180216-00000","firsttime":"2017-11-23T21:00:00.000Z","lasttime":"2018-02-16T02:00:00.000Z","lastupdt":"2018-02-16T02:00:00.000Z","housenumber":"","road":"Matimtiman","city":"","region":"","country":"PH","netid":"9C:6F:52:35:18:64","name":null,"type":"infra","comment":null,"wep":"2","channel":10,"bcninterval":0,"freenet":"?","dhcp":"?","paynet":"?","userfound":false,"encryption":"wpa2"},{"trilat":14.642597200000000867703420226462185382843017578125,"trilong":121.0611572300000062796243582852184772491455078125,"ssid":"QueenBee","qos":0,"transid":"20161211-00000","firsttime":"2016-12-07T00:00:00.000Z","lasttime":"2018-02-16T02:00:00.000Z","lastupdt":"2018-02-16T02:00:00.000Z","housenumber":"","road":"Maginhawa","city":"","region":"","country":"PH","netid":"AA:A6:68:B4:D5:A1","name":null,"type":"infra","comment":null,"wep":"2","channel":13,"bcninterval":0,"freenet":"?","dhcp":"?","paynet":"?","userfound":false,"encryption":"wpa2"},{"trilat":14.6453733400000007947028279886581003665924072265625,"trilong":121.06093597000000272601027972996234893798828125,"ssid":"abegnot","qos":0,"transid":"20180216-00000","firsttime":"2017-11-23T21:00:00.000Z","lasttime":"2018-02-16T02:00:00.000Z","lastupdt":"2018-02-16T02:00:00.000Z","housenumber":"","road":"Maginhawa","city":"","region":"","country":"PH","netid":"88:D2:74:86:D2:0F","name":null,"type":"infra","comment":null,"wep":"2","channel":1,"bcninterval":0,"freenet":"?","dhcp":"?","paynet":"?","userfound":false,"encryption":"wpa2"},{"trilat":14.643684390000000661302692606113851070404052734375,"trilong":121.06106567000000495681888423860073089599609375,"ssid":"GloboAsiatico","qos":1,"transid":"20161206-00000","firsttime":"2016-12-04T20:00:00.000Z","lasttime":"2018-02-16T02:00:00.000Z","lastupdt":"2018-02-16T02:00:00.000Z","housenumber":"","road":"Matimtiman","city":"","region":"","country":"PH","netid":"E4:8D:8C:AE:62:A2","name":null,"type":"infra","comment":null,"wep":"2","channel":6,"bcninterval":0,"freenet":"?","dhcp":"?","paynet":"?","userfound":false,"encryption":"wpa2"},{"trilat":14.643683429999999390247467090375721454620361328125,"trilong":121.06106567000000495681888423860073089599609375,"ssid":"PCSO","qos":1,"transid":"20161206-00000","firsttime":"2016-12-04T20:00:00.000Z","lasttime":"2018-02-16T02:00:00.000Z","lastupdt":"2018-02-16T02:00:00.000Z","housenumber":"","road":"Matimtiman","city":"","region":"","country":"PH","netid":"E6:8D:8C:AE:62:A4","name":null,"type":"infra","comment":null,"wep":"?","channel":6,"bcninterval":0,"freenet":"?","dhcp":"?","paynet":"?","userfound":false,"encryption":"unknown"},{"trilat":14.6443615000000004755520421895198523998260498046875,"trilong":121.061058040000006030822987668216228485107421875,"ssid":"bayanDSLWIFI_BF9C","qos":1,"transid":"20170729-00000","firsttime":"2017-07-16T19:00:00.000Z","lasttime":"2018-02-16T02:00:00.000Z","lastupdt":"2018-02-16T02:00:00.000Z","housenumber":"","road":"Mahabagin","city":"","region":"","country":"PH","netid":"88:D2:74:86:BF:9C","name":null,"type":"infra","comment":null,"wep":"2","channel":11,"bcninterval":0,"freenet":"?","dhcp":"?","paynet":"?","userfound":false,"encryption":"wpa2"},{"trilat":14.6468305599999997212989910622127354145050048828125,"trilong":121.0600433299999991731965565122663974761962890625,"ssid":"For Programmer Only","qos":5,"transid":"20140805-00000","firsttime":"2014-08-05T19:00:00.000Z","lasttime":"2018-02-16T02:00:00.000Z","lastupdt":"2018-02-16T02:00:00.000Z","housenumber":"","road":"Magiting","city":"","region":"","country":"PH","netid":"90:F6:52:30:CB:26","name":null,"type":"infra","comment":null,"wep":"2","channel":6,"bcninterval":0,"freenet":"?","dhcp":"?","paynet":"?","userfound":false,"encryption":"wpa2"},{"trilat":14.6448411899999992868970366544090211391448974609375,"trilong":121.061004639999993059973348863422870635986328125,"ssid":"Bloom n Dash","qos":2,"transid":"20161206-00000","firsttime":"2016-12-04T20:00:00.000Z","lasttime":"2018-02-16T02:00:00.000Z","lastupdt":"2018-02-16T02:00:00.000Z","housenumber":"","road":"Maginhawa","city":"","region":"","country":"PH","netid":"E0:8E:3C:1B:9E:CF","name":null,"type":"infra","comment":null,"wep":"2","channel":1,"bcninterval":0,"freenet":"?","dhcp":"?","paynet":"?","userfound":false,"encryption":"wpa2"},{"trilat":14.6434106800000005677020453731529414653778076171875,"trilong":121.061088560000001734806573949754238128662109375,"ssid":"TIERRA'S CAFE","qos":0,"transid":"20180216-00000","firsttime":"2017-11-23T21:00:00.000Z","lasttime":"2018-02-16T02:00:00.000Z","lastupdt":"2018-02-16T02:00:00.000Z","housenumber":"","road":"Matimtiman","city":"","region":"","country":"PH","netid":"F2:9F:C2:81:4A:9B","name":null,"type":"infra","comment":null,"wep":"2","channel":1,"bcninterval":0,"freenet":"?","dhcp":"?","paynet":"?","userfound":false,"encryption":"wpa2"},{"trilat":14.643977169999999432548065669834613800048828125,"trilong":121.061088560000001734806573949754238128662109375,"ssid":"IMBayan","qos":5,"transid":"20130309-00000","firsttime":"2013-03-09T18:00:00.000Z","lasttime":"2018-02-16T02:00:00.000Z","lastupdt":"2018-02-16T02:00:00.000Z","housenumber":"","road":"P. Francisco","city":"","region":"","country":"PH","netid":"00:0B:86:F2:FA:A2","name":null,"type":"infra","comment":null,"wep":"N","channel":11,"bcninterval":0,"freenet":"?","dhcp":"?","paynet":"?","userfound":false,"encryption":"none"},{"trilat":14.6457166700000005477022568811662495136260986328125,"trilong":121.0606613199999941343776299618184566497802734375,"ssid":"globe","qos":5,"transid":"20140813-00000","firsttime":"2014-08-09T16:00:00.000Z","lasttime":"2018-02-16T02:00:00.000Z","lastupdt":"2018-02-16T02:00:00.000Z","housenumber":"","road":"Maginhawa","city":"","region":"","country":"PH","netid":"00:26:75:CA:B5:F0","name":null,"type":"infra","comment":null,"wep":"W","channel":11,"bcninterval":0,"freenet":"?","dhcp":"?","paynet":"?","userfound":false,"encryption":"wpa"},{"trilat":14.644700050000000857153281685896217823028564453125,"trilong":121.0609817499999962819856591522693634033203125,"ssid":"BlackZoneNorth","qos":0,"transid":"20180216-00000","firsttime":"2017-11-23T21:00:00.000Z","lasttime":"2018-02-16T02:00:00.000Z","lastupdt":"2018-02-16T02:00:00.000Z","housenumber":"","road":"P. Francisco","city":"","region":"","country":"PH","netid":"0E:41:58:00:F4:F8","name":null,"type":"infra","comment":null,"wep":"2","channel":1,"bcninterval":0,"freenet":"?","dhcp":"?","paynet":"?","userfound":false,"encryption":"wpa2"},{"trilat":14.641001700000000340651240549050271511077880859375,"trilong":121.061294559999993225574144162237644195556640625,"ssid":null,"qos":0,"transid":"20180216-00000","firsttime":"2017-11-23T21:00:00.000Z","lasttime":"2018-02-16T02:00:00.000Z","lastupdt":"2018-02-16T02:00:00.000Z","housenumber":"","road":"Maginhawa","city":"","region":"","country":"PH","netid":"90:61:0C:3A:48:70","name":null,"type":"infra","comment":null,"wep":"2","channel":7,"bcninterval":0,"freenet":"?","dhcp":"?","paynet":"?","userfound":false,"encryption":"wpa2"},{"trilat":14.644945140000000805002855486236512660980224609375,"trilong":121.061004639999993059973348863422870635986328125,"ssid":"FINNLEY","qos":2,"transid":"20161206-00000","firsttime":"2016-12-04T20:00:00.000Z","lasttime":"2018-02-16T02:00:00.000Z","lastupdt":"2018-02-16T02:00:00.000Z","housenumber":"","road":"Maginhawa","city":"","region":"","country":"PH","netid":"E0:8E:3C:26:15:1C","name":null,"type":"infra","comment":null,"wep":"W","channel":2,"bcninterval":0,"freenet":"?","dhcp":"?","paynet":"?","userfound":false,"encryption":"wpa"},{"trilat":14.643329619999999380297595052979886531829833984375,"trilong":121.061103819999999586798367090523242950439453125,"ssid":"Social Weather Stations","qos":0,"transid":"20180216-00000","firsttime":"2017-11-23T21:00:00.000Z","lasttime":"2018-02-16T02:00:00.000Z","lastupdt":"2018-02-16T02:00:00.000Z","housenumber":"Quezon City 0","road":"Maginhawa","city":"","region":"","country":"PH","netid":"F0:9F:C2:3D:D6:40","name":null,"type":"infra","comment":null,"wep":"2","channel":11,"bcninterval":0,"freenet":"?","dhcp":"?","paynet":"?","userfound":false,"encryption":"wpa2"},{"trilat":14.64182090999999985569957061670720577239990234375,"trilong":121.06121063000000503961928188800811767578125,"ssid":"Shots","qos":1,"transid":"20170929-00000","firsttime":"2017-09-30T08:00:00.000Z","lasttime":"2018-02-16T02:00:00.000Z","lastupdt":"2018-02-16T02:00:00.000Z","housenumber":"","road":"Maginhawa","city":"","region":"","country":"PH","netid":"88:3F:D3:06:28:08","name":null,"type":"infra","comment":null,"wep":"2","channel":7,"bcninterval":0,"freenet":"?","dhcp":"?","paynet":"?","userfound":false,"encryption":"wpa2"},{"trilat":14.6437368400000007540029400843195617198944091796875,"trilong":121.061073300000003882814780808985233306884765625,"ssid":"Bayan Guest","qos":5,"transid":"20130309-00000","firsttime":"2013-03-09T18:00:00.000Z","lasttime":"2018-02-16T02:00:00.000Z","lastupdt":"2018-02-16T02:00:00.000Z","housenumber":"","road":"Matimtiman","city":"","region":"","country":"PH","netid":"00:0B:86:F2:FA:A0","name":null,"type":"infra","comment":null,"wep":"N","channel":11,"bcninterval":0,"freenet":"?","dhcp":"?","paynet":"?","userfound":false,"encryption":"none"},{"trilat":14.6449689900000006304026101133786141872406005859375,"trilong":121.0610351600000029748116503469645977020263671875,"ssid":"Premiera Dentista","qos":1,"transid":"20170729-00000","firsttime":"2017-07-16T19:00:00.000Z","lasttime":"2018-02-16T02:00:00.000Z","lastupdt":"2018-02-16T02:00:00.000Z","housenumber":"","road":"Maginhawa","city":"","region":"","country":"PH","netid":"00:26:75:F5:FE:BC","name":null,"type":"infra","comment":null,"wep":"W","channel":8,"bcninterval":0,"freenet":"?","dhcp":"?","paynet":"?","userfound":false,"encryption":"wpa"},{"trilat":14.6419830300000004541516318568028509616851806640625,"trilong":121.061203000000006113623385317623615264892578125,"ssid":"Tereso","qos":1,"transid":"20170929-00000","firsttime":"2017-09-30T08:00:00.000Z","lasttime":"2018-02-16T02:00:00.000Z","lastupdt":"2018-02-16T02:00:00.000Z","housenumber":"","road":"Maginhawa","city":"","region":"","country":"PH","netid":"4C:81:20:F3:29:DF","name":null,"type":"infra","comment":null,"wep":"2","channel":5,"bcninterval":0,"freenet":"?","dhcp":"?","paynet":"?","userfound":false,"encryption":"wpa2"},{"trilat":14.64488315999999912264684098772704601287841796875,"trilong":121.061004639999993059973348863422870635986328125,"ssid":"PLDTHOMEDSL","qos":1,"transid":"20170729-00000","firsttime":"2017-07-16T19:00:00.000Z","lasttime":"2018-02-16T02:00:00.000Z","lastupdt":"2018-02-16T02:00:00.000Z","housenumber":"","road":"Maginhawa","city":"","region":"","country":"PH","netid":"00:13:33:DA:F9:62","name":null,"type":"infra","comment":null,"wep":"2","channel":6,"bcninterval":0,"freenet":"?","dhcp":"?","paynet":"?","userfound":false,"encryption":"wpa2"},{"trilat":14.6446371099999996800988810718990862369537353515625,"trilong":121.0609817499999962819856591522693634033203125,"ssid":"MikroTik-Dynadish-A","qos":2,"transid":"20170609-00000","firsttime":"2017-06-03T18:00:00.000Z","lasttime":"2018-02-16T02:00:00.000Z","lastupdt":"2018-02-16T02:00:00.000Z","housenumber":"","road":"P. Francisco","city":"","region":"","country":"PH","netid":"6C:3B:6B:AD:9E:9D","name":null,"type":"infra","comment":null,"wep":"2","channel":56,"bcninterval":0,"freenet":"?","dhcp":"?","paynet":"?","userfound":false,"encryption":"wpa2"},{"trilat":14.64386177000000088810338638722896575927734375,"trilong":121.0610351600000029748116503469645977020263671875,"ssid":"PGS-UNICEF","qos":1,"transid":"20170929-00000","firsttime":"2017-09-30T08:00:00.000Z","lasttime":"2018-02-16T02:00:00.000Z","lastupdt":"2018-02-16T02:00:00.000Z","housenumber":"126","road":"Maginhawa","city":"","region":"","country":"PH","netid":"E0:8E:3C:22:4E:DB","name":null,"type":"infra","comment":null,"wep":"2","channel":1,"bcninterval":0,"freenet":"?","dhcp":"?","paynet":"?","userfound":false,"encryption":"wpa2"},{"trilat":14.6414680500000002894012141041457653045654296875,"trilong":121.061264039999997521590557880699634552001953125,"ssid":"Diaz","qos":0,"transid":"20180216-00000","firsttime":"2017-11-23T21:00:00.000Z","lasttime":"2018-02-16T02:00:00.000Z","lastupdt":"2018-02-16T02:00:00.000Z","housenumber":"","road":"Maginhawa","city":"","region":"","country":"PH","netid":"F0:98:38:3E:30:48","name":null,"type":"infra","comment":null,"wep":"2","channel":1,"bcninterval":0,"freenet":"?","dhcp":"?","paynet":"?","userfound":false,"encryption":"wpa2"},{"trilat":14.6429472000000000520003595738671720027923583984375,"trilong":121.061111449999998512794263660907745361328125,"ssid":"Guest@Bayan","qos":2,"transid":"20161206-00000","firsttime":"2016-12-04T20:00:00.000Z","lasttime":"2018-02-16T02:00:00.000Z","lastupdt":"2018-02-16T02:00:00.000Z","housenumber":"","road":"Matimtiman","city":"","region":"","country":"PH","netid":"F4:CF:E2:32:DB:02","name":null,"type":"infra","comment":null,"wep":"?","channel":6,"bcninterval":0,"freenet":"?","dhcp":"?","paynet":"?","userfound":false,"encryption":"unknown"},{"trilat":14.6411933899999997521490513463504612445831298828125,"trilong":121.061279299999995373582351021468639373779296875,"ssid":"HUAWEI-3348","qos":0,"transid":"20180216-00000","firsttime":"2017-11-23T21:00:00.000Z","lasttime":"2018-02-16T02:00:00.000Z","lastupdt":"2018-02-16T02:00:00.000Z","housenumber":"","road":"Maginhawa","city":"","region":"","country":"PH","netid":"88:28:B3:EF:33:48","name":null,"type":"infra","comment":null,"wep":"2","channel":5,"bcninterval":0,"freenet":"?","dhcp":"?","paynet":"?","userfound":false,"encryption":"wpa2"},{"trilat":14.64375972999999930834746919572353363037109375,"trilong":121.061073300000003882814780808985233306884765625,"ssid":null,"qos":0,"transid":"20180216-00000","firsttime":"2017-11-23T21:00:00.000Z","lasttime":"2018-02-16T02:00:00.000Z","lastupdt":"2018-02-16T02:00:00.000Z","housenumber":"","road":"Matimtiman","city":"","region":"","country":"PH","netid":"E6:8D:8C:AE:62:A5","name":null,"type":"infra","comment":null,"wep":"?","channel":6,"bcninterval":0,"freenet":"?","dhcp":"?","paynet":"?","userfound":false,"encryption":"unknown"},{"trilat":14.6417512900000001963007889571599662303924560546875,"trilong":121.06122589000000289161107502877712249755859375,"ssid":"PLDTHOMEDSL","qos":1,"transid":"20170929-00000","firsttime":"2017-09-30T08:00:00.000Z","lasttime":"2018-02-16T02:00:00.000Z","lastupdt":"2018-02-16T02:00:00.000Z","housenumber":"","road":"Maginhawa","city":"","region":"","country":"PH","netid":"00:13:33:BE:98:67","name":null,"type":"infra","comment":null,"wep":"2","channel":11,"bcninterval":0,"freenet":"?","dhcp":"?","paynet":"?","userfound":false,"encryption":"wpa2"},{"trilat":14.6430263499999995246980688534677028656005859375,"trilong":121.06106567000000495681888423860073089599609375,"ssid":"HomeBro_ULTERA","qos":1,"transid":"20161206-00000","firsttime":"2016-12-04T20:00:00.000Z","lasttime":"2018-02-16T02:00:00.000Z","lastupdt":"2018-02-16T02:00:00.000Z","housenumber":"","road":"Matimtiman","city":"","region":"","country":"PH","netid":"00:1F:FB:AB:F3:33","name":null,"type":"infra","comment":null,"wep":"2","channel":1,"bcninterval":0,"freenet":"?","dhcp":"?","paynet":"?","userfound":false,"encryption":"wpa2"},{"trilat":14.64422320999999982404915499500930309295654296875,"trilong":121.0610427900000019008075469173491001129150390625,"ssid":"SPCC","qos":5,"transid":"20130209-00000","firsttime":"2013-02-09T20:00:00.000Z","lasttime":"2018-02-16T02:00:00.000Z","lastupdt":"2018-02-16T02:00:00.000Z","housenumber":"","road":"P. Francisco","city":"","region":"","country":"PH","netid":"20:AA:4B:56:CF:AD","name":null,"type":"infra","comment":null,"wep":"2","channel":11,"bcninterval":0,"freenet":"?","dhcp":"?","paynet":"?","userfound":false,"encryption":"wpa2"},{"trilat":14.6433687199999997829991116304881870746612548828125,"trilong":121.0610809300000028088106773793697357177734375,"ssid":"bayanDSLWiFi_D87C","qos":1,"transid":"20161206-00000","firsttime":"2016-12-04T20:00:00.000Z","lasttime":"2018-02-16T02:00:00.000Z","lastupdt":"2018-02-16T02:00:00.000Z","housenumber":"","road":"Matimtiman","city":"","region":"","country":"PH","netid":"38:D8:2F:2B:D8:7C","name":null,"type":"infra","comment":null,"wep":"2","channel":1,"bcninterval":0,"freenet":"?","dhcp":"?","paynet":"?","userfound":false,"encryption":"wpa2"},{"trilat":14.6434106800000005677020453731529414653778076171875,"trilong":121.061088560000001734806573949754238128662109375,"ssid":"Social Weather Stations","qos":0,"transid":"20180216-00000","firsttime":"2017-11-23T21:00:00.000Z","lasttime":"2018-02-16T02:00:00.000Z","lastupdt":"2018-02-16T02:00:00.000Z","housenumber":"","road":"Matimtiman","city":"","region":"","country":"PH","netid":"44:D9:E7:FA:02:EA","name":null,"type":"infra","comment":null,"wep":"2","channel":11,"bcninterval":0,"freenet":"?","dhcp":"?","paynet":"?","userfound":false,"encryption":"wpa2"},{"trilat":14.642246249999999463398125953972339630126953125,"trilong":121.0611648600000052056202548556029796600341796875,"ssid":"ZTEH108N_4D2D4","qos":1,"transid":"20170929-00000","firsttime":"2017-09-30T08:00:00.000Z","lasttime":"2018-02-16T02:00:00.000Z","lastupdt":"2018-02-16T02:00:00.000Z","housenumber":"","road":"Maginhawa","city":"","region":"","country":"PH","netid":"78:C1:A7:04:D2:D4","name":null,"type":"infra","comment":null,"wep":"W","channel":11,"bcninterval":0,"freenet":"?","dhcp":"?","paynet":"?","userfound":false,"encryption":"wpa"},{"trilat":14.6434726699999995247480910620652139186859130859375,"trilong":121.061073300000003882814780808985233306884765625,"ssid":"Globo-Associates","qos":2,"transid":"20161206-00000","firsttime":"2016-12-04T20:00:00.000Z","lasttime":"2018-02-16T02:00:00.000Z","lastupdt":"2018-02-16T02:00:00.000Z","housenumber":"","road":"Matimtiman","city":"","region":"","country":"PH","netid":"E6:8D:8C:5A:8B:3B","name":null,"type":"infra","comment":null,"wep":"?","channel":6,"bcninterval":0,"freenet":"?","dhcp":"?","paynet":"?","userfound":false,"encryption":"unknown"},{"trilat":14.6438445999999995450480128056369721889495849609375,"trilong":121.0610809300000028088106773793697357177734375,"ssid":"Bayan Wi-Fi+","qos":5,"transid":"20130309-00000","firsttime":"2013-03-08T23:00:00.000Z","lasttime":"2018-02-16T02:00:00.000Z","lastupdt":"2018-02-16T02:00:00.000Z","housenumber":"","road":"P. Francisco","city":"","region":"","country":"PH","netid":"00:0B:86:F2:FB:01","name":null,"type":"infra","comment":null,"wep":"W","channel":11,"bcninterval":0,"freenet":"?","dhcp":"?","paynet":"?","userfound":false,"encryption":"wpa"},{"trilat":14.6437501900000004440016709850169718265533447265625,"trilong":121.0610809300000028088106773793697357177734375,"ssid":"IMBayan","qos":5,"transid":"20130309-00000","firsttime":"2013-03-08T23:00:00.000Z","lasttime":"2018-02-16T02:00:00.000Z","lastupdt":"2018-02-16T02:00:00.000Z","housenumber":"","road":"Matimtiman","city":"","region":"","country":"PH","netid":"00:0B:86:F2:FB:02","name":null,"type":"infra","comment":null,"wep":"N","channel":11,"bcninterval":0,"freenet":"?","dhcp":"?","paynet":"?","userfound":false,"encryption":"none"},{"trilat":14.6466484099999991741469784756191074848175048828125,"trilong":121.060829159999997273189364932477474212646484375,"ssid":"PLDTHOMEDSL","qos":0,"transid":"20180216-00000","firsttime":"2017-11-23T21:00:00.000Z","lasttime":"2018-02-16T02:00:00.000Z","lastupdt":"2018-02-16T02:00:00.000Z","housenumber":"60","road":"Magiting","city":"","region":"","country":"PH","netid":"00:13:33:E3:B0:3B","name":null,"type":"infra","comment":null,"wep":"2","channel":11,"bcninterval":0,"freenet":"?","dhcp":"?","paynet":"?","userfound":false,"encryption":"wpa2"},{"trilat":14.6424856200000004236017048242501914501190185546875,"trilong":121.0611572300000062796243582852184772491455078125,"ssid":"WCC Flight Attendand Wifi","qos":1,"transid":"20170929-00000","firsttime":"2017-09-30T08:00:00.000Z","lasttime":"2018-02-16T02:00:00.000Z","lastupdt":"2018-02-16T02:00:00.000Z","housenumber":"","road":"Maginhawa","city":"","region":"","country":"PH","netid":"10:7B:44:55:CE:A0","name":null,"type":"infra","comment":null,"wep":"2","channel":6,"bcninterval":0,"freenet":"?","dhcp":"?","paynet":"?","userfound":false,"encryption":"wpa2"},{"trilat":14.6414680500000002894012141041457653045654296875,"trilong":121.061264039999997521590557880699634552001953125,"ssid":"SKYbroadband7A1D","qos":0,"transid":"20180216-00000","firsttime":"2017-11-23T21:00:00.000Z","lasttime":"2018-02-16T02:00:00.000Z","lastupdt":"2018-02-16T02:00:00.000Z","housenumber":"","road":"Maginhawa","city":"","region":"","country":"PH","netid":"D4:7B:B0:53:C0:38","name":null,"type":"infra","comment":null,"wep":"2","channel":1,"bcninterval":0,"freenet":"?","dhcp":"?","paynet":"?","userfound":false,"encryption":"wpa2"},{"trilat":14.6451368300000002165006662835367023944854736328125,"trilong":121.0609817499999962819856591522693634033203125,"ssid":"flyff for fun","qos":2,"transid":"20170609-00000","firsttime":"2017-06-03T18:00:00.000Z","lasttime":"2018-02-16T02:00:00.000Z","lastupdt":"2018-02-16T02:00:00.000Z","housenumber":"","road":"Maginhawa","city":"","region":"","country":"PH","netid":"84:16:F9:ED:7D:F4","name":null,"type":"infra","comment":null,"wep":"2","channel":1,"bcninterval":0,"freenet":"?","dhcp":"?","paynet":"?","userfound":false,"encryption":"wpa2"},{"trilat":14.644499780000000299651219393126666545867919921875,"trilong":121.0610427900000019008075469173491001129150390625,"ssid":"PLDTHOMEDSLNFNQ0","qos":1,"transid":"20170729-00000","firsttime":"2017-07-16T19:00:00.000Z","lasttime":"2018-02-16T02:00:00.000Z","lastupdt":"2018-02-16T02:00:00.000Z","housenumber":"","road":"P. Francisco","city":"","region":"","country":"PH","netid":"94:46:96:19:2A:3E","name":null,"type":"infra","comment":null,"wep":"2","channel":11,"bcninterval":0,"freenet":"?","dhcp":"?","paynet":"?","userfound":false,"encryption":"wpa2"},{"trilat":14.644961359999999928049874142743647098541259765625,"trilong":121.06093597000000272601027972996234893798828125,"ssid":"A4 Site","qos":5,"transid":"20130209-00000","firsttime":"2013-02-09T20:00:00.000Z","lasttime":"2018-02-16T02:00:00.000Z","lastupdt":"2018-02-16T02:00:00.000Z","housenumber":"","road":"Maginhawa","city":"","region":"","country":"PH","netid":"84:C9:B2:52:16:E9","name":null,"type":"infra","comment":null,"wep":"2","channel":11,"bcninterval":0,"freenet":"?","dhcp":"?","paynet":"?","userfound":false,"encryption":"wpa2"},{"trilat":14.643755909999999431647665915079414844512939453125,"trilong":121.061088560000001734806573949754238128662109375,"ssid":"Bayan Wi-Fi+","qos":5,"transid":"20130309-00000","firsttime":"2013-03-09T18:00:00.000Z","lasttime":"2018-02-16T02:00:00.000Z","lastupdt":"2018-02-16T02:00:00.000Z","housenumber":"","road":"Matimtiman","city":"","region":"","country":"PH","netid":"00:0B:86:F2:FA:A1","name":null,"type":"infra","comment":null,"wep":"W","channel":11,"bcninterval":0,"freenet":"?","dhcp":"?","paynet":"?","userfound":false,"encryption":"wpa"}]}