{"success":true,"totalResults":1315,"search_after":87587487,"first":1,"last":100,"resultCount":100,"results":[{"trilat":14.646519659999999163346728892065584659576416015625,"trilong":121.0589141800000021476080291904509067535400390625,"ssid":"pb","qos":0,"transid":"20170729-00000","firsttime":"2017-07-16T19:00:00.000Z","lasttime":"2017-07-29T13:00:00.000Z","lastupdt":"2017-07-29T13:00:00.000Z","housenumber":"","road":"Maginhawa","city":"","region":"","country":"PH","netid":"8C:34:FD:CA:22:45","name":null,"type":"infra","comment":null,"wep":"2","channel":3,"bcninterval":0,"freenet":"?","dhcp":"?","paynet":"?","userfound":false,"encryption":"wpa2"},{"trilat":14.6476945900000004030516720376908779144287109375,"trilong":121.064056399999998347993823699653148651123046875,"ssid":"PMCJ Mobile Wifi","qos":0,"transid":"20170129-00000","firsttime":"2017-01-23T20:00:00.000Z","lasttime":"2017-01-29T10:00:00.000Z","lastupdt":"2017-01-29T10:00:00.000Z","housenumber":null,"road":null,"city":null,"region":null,"country":null,"netid":"8C:34:FD:68:E9:B2","name":null,"type":"infra","comment":null,"wep":"2","channel":2,"bcninterval":0,"freenet":"?","dhcp":"?","paynet":"Y","userfound":false,"encryption":"wpa2"},{"trilat":14.6473770099999995863981894217431545257568359375,"trilong":121.057357789999997521590557880699634552001953125,"ssid":"HUAWEI-E5330-DE0D","qos":0,"transid":"20170303-00000","firsttime":"2017-03-03T20:00:00.000Z","lasttime":"2017-03-03T07:00:00.000Z","lastupdt":"2017-03-03T07:00:00.000Z","housenumber":null,"road":null,"city":null,"region":null,"country":null,"netid":"8C:34:FD:42:DE:0D","name":null,"type":"infra","comment":null,"wep":"2","channel":3,"bcninterval":0,"freenet":"?","dhcp":"?","paynet":"?","userfound":false,"encryption":"wpa2"},{"trilat":14.64827441999999990684955264441668987274169921875,"trilong":121.0569839500000028920112526975572109222412109375,"ssid":"Mitsubishi Wireless TV 285","qos":0,"transid":"20170609-00000","firsttime":"2017-06-03T18:00:00.000Z","lasttime":"2017-06-09T05:00:00.000Z","lastupdt":"2017-06-09T05:00:00.000Z","housenumber":null,"road":null,"city":null,"region":null,"country":null,"netid":"8C:18:D9:66:52:D5","name":null,"type":"infra","comment":null,"wep":"?","channel":1,"bcninterval":0,"freenet":"?","dhcp":"?","paynet":"?","userfound":false,"encryption":"unknown"},{"trilat":14.647589679999999390247467090375721454620361328125,"trilong":121.0622863800000033052128856070339679718017578125,"ssid":"Mitsubishi Wireless TV 181","qos":0,"transid":"20170507-00000","firsttime":"2017-04-10T17:00:00.000Z","lasttime":"2017-05-07T05:00:00.000Z","lastupdt":"2017-05-07T05:00:00.000Z","housenumber":null,"road":null,"city":null,"region":null,"country":null,"netid":"8C:18:D9:67:78:2D","name":null,"type":"infra","comment":null,"wep":"?","channel":1,"bcninterval":0,"freenet":"?","dhcp":"?","paynet":"?","userfound":false,"encryption":"unknown"},{"trilat":14.646909709999999193996700341813266277313232421875,"trilong":121.062683109999994712779880501329898834228515625,"ssid":"HUAWEI-8DFF","qos":0,"transid":"20170303-00000","firsttime":"2017-03-03T20:00:00.000Z","lasttime":"2017-03-03T07:00:00.000Z","lastupdt":"2017-03-03T07:00:00.000Z","housenumber":null,"road":null,"city":null,"region":null,"country":null,"netid":"60:83:34:CB:8D:FF","name":null,"type":"infra","comment":null,"wep":"2","channel":6,"bcninterval":0,"freenet":"?","dhcp":"?","paynet":"?","userfound":false,"encryption":"wpa2"},{"trilat":14.6472387299999997622990122181363403797149658203125,"trilong":121.0636978099999936375752440653741359710693359375,"ssid":"bayanDSLWIFI_100B","qos":4,"transid":"20161208-00000","firsttime":"2016-12-08T20:00:00.000Z","lasttime":"2017-09-21T05:00:00.000Z","lastupdt":"2017-09-21T05:00:00.000Z","housenumber":"","road":"B. Baluyot","city":"","region":"","country":"PH","netid":"E0:8E:3C:20:10:0B","name":null,"type":"infra","comment":null,"wep":"2","channel":1,"bcninterval":0,"freenet":"?","dhcp":"?","paynet":"?","userfound":false,"encryption":"wpa2"},{"trilat":14.6475200700000005582523954217322170734405517578125,"trilong":121.06280517999999801759258843958377838134765625,"ssid":"bayanDSLWIFI_1817","qos":5,"transid":"20170222-00000","firsttime":"2017-02-14T19:00:00.000Z","lasttime":"2017-05-07T05:00:00.000Z","lastupdt":"2017-05-07T05:00:00.000Z","housenumber":null,"road":null,"city":null,"region":null,"country":null,"netid":"E0:8E:3C:20:18:17","name":null,"type":"infra","comment":null,"wep":"2","channel":10,"bcninterval":0,"freenet":"?","dhcp":"?","paynet":"?","userfound":false,"encryption":"wpa2"},{"trilat":14.6465730700000005271022018860094249248504638671875,"trilong":121.0589294399999999995998223312199115753173828125,"ssid":"Aztech5068_99CBB","qos":5,"transid":"20160604-00000","firsttime":"2016-05-27T19:00:00.000Z","lasttime":"2017-07-29T13:00:00.000Z","lastupdt":"2017-07-29T13:00:00.000Z","housenumber":"","road":"Maginhawa","city":"","region":"","country":"PH","netid":"E0:8E:3C:19:9C:BB","name":null,"type":"infra","comment":null,"wep":"W","channel":10,"bcninterval":0,"freenet":"?","dhcp":"?","paynet":"?","userfound":false,"encryption":"wpa"},{"trilat":14.6467628500000000002501110429875552654266357421875,"trilong":121.0599288899999947943797451443970203399658203125,"ssid":"RTJDESIGNERS","qos":1,"transid":"20170715-00000","firsttime":"2017-07-15T16:00:00.000Z","lasttime":"2017-07-29T13:00:00.000Z","lastupdt":"2017-07-29T13:00:00.000Z","housenumber":"","road":"Magiting","city":"","region":"","country":"PH","netid":"E0:8E:3C:1A:61:4B","name":null,"type":"infra","comment":null,"wep":"2","channel":10,"bcninterval":0,"freenet":"?","dhcp":"?","paynet":"?","userfound":false,"encryption":"wpa2"},{"trilat":14.648741720000000299251041724346578121185302734375,"trilong":121.0569915800000018180071492679417133331298828125,"ssid":"bayanDSLWIFI_86D7","qos":0,"transid":"20170609-00000","firsttime":"2017-06-03T18:00:00.000Z","lasttime":"2017-06-09T05:00:00.000Z","lastupdt":"2017-06-09T05:00:00.000Z","housenumber":null,"road":null,"city":null,"region":null,"country":null,"netid":"E0:8E:3C:1A:86:D7","name":null,"type":"infra","comment":null,"wep":"2","channel":1,"bcninterval":0,"freenet":"?","dhcp":"?","paynet":"?","userfound":false,"encryption":"wpa2"},{"trilat":14.6499795899999991632967066834680736064910888671875,"trilong":121.062347410000000991203705780208110809326171875,"ssid":"Aztech","qos":3,"transid":"20161129-00000","firsttime":"2016-11-27T19:00:00.000Z","lasttime":"2017-01-12T04:00:00.000Z","lastupdt":"2017-01-12T04:00:00.000Z","housenumber":null,"road":null,"city":null,"region":null,"country":null,"netid":"E0:8E:3C:1A:CE:7B","name":null,"type":"infra","comment":null,"wep":"2","channel":10,"bcninterval":0,"freenet":"?","dhcp":"?","paynet":"?","userfound":false,"encryption":"wpa2"},{"trilat":14.64904403999999971119905239902436733245849609375,"trilong":121.06346892999999909079633653163909912109375,"ssid":"bayanDSLWIFI_D027","qos":0,"transid":"20170507-00000","firsttime":"2017-04-20T20:00:00.000Z","lasttime":"2017-05-07T05:00:00.000Z","lastupdt":"2017-05-07T05:00:00.000Z","housenumber":null,"road":null,"city":null,"region":null,"country":null,"netid":"E0:8E:3C:1A:D0:27","name":null,"type":"infra","comment":null,"wep":"2","channel":11,"bcninterval":0,"freenet":"?","dhcp":"?","paynet":"?","userfound":false,"encryption":"wpa2"},{"trilat":14.6480455400000000310001269099302589893341064453125,"trilong":121.0602035499999971079887473024427890777587890625,"ssid":"yuriyumi","qos":5,"transid":"20161117-00000","firsttime":"2016-11-17T23:00:00.000Z","lasttime":"2017-06-09T05:00:00.000Z","lastupdt":"2017-06-09T05:00:00.000Z","housenumber":null,"road":null,"city":null,"region":null,"country":null,"netid":"E0:8E:3C:1A:E5:4B","name":null,"type":"infra","comment":null,"wep":"2","channel":1,"bcninterval":0,"freenet":"?","dhcp":"?","paynet":"?","userfound":false,"encryption":"wpa2"},{"trilat":14.6471405000000007845528671168722212314605712890625,"trilong":121.062767030000003387613105587661266326904296875,"ssid":"Tong's World","qos":4,"transid":"20160907-00000","firsttime":"2016-09-03T21:00:00.000Z","lasttime":"2017-05-07T05:00:00.000Z","lastupdt":"2017-05-07T05:00:00.000Z","housenumber":null,"road":null,"city":null,"region":null,"country":null,"netid":"E0:8E:3C:1A:EB:83","name":null,"type":"infra","comment":null,"wep":"2","channel":1,"bcninterval":0,"freenet":"?","dhcp":"?","paynet":"?","userfound":false,"encryption":"wpa2"},{"trilat":14.6491603900000004756520866067148745059967041015625,"trilong":121.0644760100000070224268711172044277191162109375,"ssid":"amihan","qos":6,"transid":"20161129-00000","firsttime":"2016-11-27T19:00:00.000Z","lasttime":"2017-05-07T05:00:00.000Z","lastupdt":"2017-05-07T05:00:00.000Z","housenumber":null,"road":null,"city":null,"region":null,"country":null,"netid":"E0:8E:3C:1B:3E:83","name":null,"type":"infra","comment":null,"wep":"2","channel":4,"bcninterval":0,"freenet":"?","dhcp":"?","paynet":"?","userfound":false,"encryption":"wpa2"},{"trilat":14.650362969999999762649167678318917751312255859375,"trilong":121.064010620000004792018444277346134185791015625,"ssid":"bayanDSLWIFI_8A33","qos":1,"transid":"20170507-00000","firsttime":"2017-04-10T17:00:00.000Z","lasttime":"2017-05-07T05:00:00.000Z","lastupdt":"2017-05-07T05:00:00.000Z","housenumber":null,"road":null,"city":null,"region":null,"country":null,"netid":"E0:8E:3C:1B:8A:33","name":null,"type":"infra","comment":null,"wep":"2","channel":1,"bcninterval":0,"freenet":"?","dhcp":"?","paynet":"?","userfound":false,"encryption":"wpa2"},{"trilat":14.64613628000000034035110729746520519256591796875,"trilong":121.0621719399999989263960742391645908355712890625,"ssid":"SMFreeWifi","qos":3,"transid":"20170715-00000","firsttime":"2017-06-23T08:00:00.000Z","lasttime":"2017-07-29T13:00:00.000Z","lastupdt":"2017-07-29T13:00:00.000Z","housenumber":"","road":"V. Francisco","city":"","region":"","country":"PH","netid":"E0:8E:3C:21:4C:23","name":null,"type":"infra","comment":null,"wep":"2","channel":1,"bcninterval":0,"freenet":"?","dhcp":"?","paynet":"?","userfound":false,"encryption":"wpa2"},{"trilat":14.6502027500000000515001374878920614719390869140625,"trilong":121.06293488000000024840119294822216033935546875,"ssid":"bayanDSLWIFI_50AB","qos":0,"transid":"20170507-00000","firsttime":"2017-04-10T17:00:00.000Z","lasttime":"2017-05-07T05:00:00.000Z","lastupdt":"2017-05-07T05:00:00.000Z","housenumber":null,"road":null,"city":null,"region":null,"country":null,"netid":"E0:8E:3C:21:50:AB","name":null,"type":"infra","comment":null,"wep":"2","channel":1,"bcninterval":0,"freenet":"?","dhcp":"?","paynet":"?","userfound":false,"encryption":"wpa2"},{"trilat":14.6459074000000004645016815629787743091583251953125,"trilong":121.0622863800000033052128856070339679718017578125,"ssid":"bayanDSLWIFI_614F","qos":2,"transid":"20170715-00000","firsttime":"2017-06-23T08:00:00.000Z","lasttime":"2017-07-29T13:00:00.000Z","lastupdt":"2017-07-29T13:00:00.000Z","housenumber":"","road":"V. Francisco","city":"","region":"","country":"PH","netid":"E0:8E:3C:21:61:4F","name":null,"type":"infra","comment":null,"wep":"2","channel":1,"bcninterval":0,"freenet":"?","dhcp":"?","paynet":"?","userfound":false,"encryption":"wpa2"},{"trilat":14.64591788999999977249899529851973056793212890625,"trilong":121.0630264299999936383755994029343128204345703125,"ssid":"bayanDSLWIFI_54E9","qos":1,"transid":"20170715-00000","firsttime":"2017-07-09T14:00:00.000Z","lasttime":"2017-10-26T06:00:00.000Z","lastupdt":"2017-10-26T06:00:00.000Z","housenumber":"","road":"Salvador","city":"","region":"","country":"PH","netid":"E0:8E:3C:16:54:E9","name":null,"type":"infra","comment":null,"wep":"2","channel":2,"bcninterval":0,"freenet":"?","dhcp":"?","paynet":"?","userfound":false,"encryption":"wpa2"},{"trilat":14.6477966300000002064507498289458453655242919921875,"trilong":121.0601120000000037180143408477306365966796875,"ssid":"eragon","qos":5,"transid":"20160417-00000","firsttime":"2016-04-17T14:00:00.000Z","lasttime":"2017-10-26T06:00:00.000Z","lastupdt":"2017-10-26T06:00:00.000Z","housenumber":"35","road":"Maayusin","city":"","region":"","country":"PH","netid":"E0:8E:3C:16:76:65","name":null,"type":"infra","comment":null,"wep":"2","channel":1,"bcninterval":0,"freenet":"?","dhcp":"?","paynet":"?","userfound":false,"encryption":"wpa2"},{"trilat":14.647690770000000526351868757046759128570556640625,"trilong":121.063888550000001487205736339092254638671875,"ssid":"bayanDSLWIFI_0347","qos":0,"transid":"20170609-00000","firsttime":"2017-05-26T10:00:00.000Z","lasttime":"2017-06-09T05:00:00.000Z","lastupdt":"2017-06-09T05:00:00.000Z","housenumber":null,"road":null,"city":null,"region":null,"country":null,"netid":"E0:8E:3C:06:03:47","name":null,"type":"infra","comment":null,"wep":"2","channel":1,"bcninterval":0,"freenet":"?","dhcp":"?","paynet":"?","userfound":false,"encryption":"wpa2"},{"trilat":14.6500482600000001554008122184313833713531494140625,"trilong":121.062332150000003139211912639439105987548828125,"ssid":"bayanDSLWIFI_DDBB","qos":5,"transid":"20170129-00000","firsttime":"2017-01-23T20:00:00.000Z","lasttime":"2017-05-07T05:00:00.000Z","lastupdt":"2017-05-07T05:00:00.000Z","housenumber":null,"road":null,"city":null,"region":null,"country":null,"netid":"E0:8E:3C:21:DD:BB","name":null,"type":"infra","comment":null,"wep":"2","channel":1,"bcninterval":0,"freenet":"?","dhcp":"?","paynet":"?","userfound":false,"encryption":"wpa2"},{"trilat":14.6483249699999991122467690729536116123199462890625,"trilong":121.05702972000000272601027972996234893798828125,"ssid":"HOLYFAMILY","qos":1,"transid":"20170609-00000","firsttime":"2017-06-03T18:00:00.000Z","lasttime":"2017-07-29T13:00:00.000Z","lastupdt":"2017-07-29T13:00:00.000Z","housenumber":"59","road":"Maginhawa","city":"","region":"","country":"PH","netid":"E0:8E:3C:21:E8:EB","name":null,"type":"infra","comment":null,"wep":"2","channel":1,"bcninterval":0,"freenet":"?","dhcp":"?","paynet":"?","userfound":false,"encryption":"wpa2"},{"trilat":14.6469764700000002477509042364545166492462158203125,"trilong":121.0608749400000050400194595567882061004638671875,"ssid":"bayanDSLWIFI_F2CB","qos":5,"transid":"20170303-00000","firsttime":"2017-03-03T19:00:00.000Z","lasttime":"2017-10-26T06:00:00.000Z","lastupdt":"2017-10-26T06:00:00.000Z","housenumber":"60","road":"Magiting","city":"","region":"","country":"PH","netid":"E0:8E:3C:21:F2:CB","name":null,"type":"infra","comment":null,"wep":"2","channel":1,"bcninterval":0,"freenet":"?","dhcp":"?","paynet":"?","userfound":false,"encryption":"wpa2"},{"trilat":14.6482458100000005885021892026998102664947509765625,"trilong":121.0607528700000017352067516185343265533447265625,"ssid":"MHI OFFICE","qos":2,"transid":"20170715-00000","firsttime":"2017-07-15T16:00:00.000Z","lasttime":"2017-07-29T13:00:00.000Z","lastupdt":"2017-07-29T13:00:00.000Z","housenumber":"","road":"Carlos P. Garcia Avenue","city":"Quezon City","region":"","country":"PH","netid":"E0:8E:3C:22:26:C3","name":null,"type":"infra","comment":null,"wep":"2","channel":1,"bcninterval":0,"freenet":"?","dhcp":"?","paynet":"?","userfound":false,"encryption":"wpa2"},{"trilat":14.6462259299999999484498403035104274749755859375,"trilong":121.0622711200000054532210924662649631500244140625,"ssid":"Spybutt","qos":3,"transid":"20170715-00000","firsttime":"2017-06-23T08:00:00.000Z","lasttime":"2017-07-29T13:00:00.000Z","lastupdt":"2017-07-29T13:00:00.000Z","housenumber":"","road":"V. Francisco","city":"","region":"","country":"PH","netid":"E0:8E:3C:22:59:A7","name":null,"type":"infra","comment":null,"wep":"2","channel":1,"bcninterval":0,"freenet":"?","dhcp":"?","paynet":"?","userfound":false,"encryption":"wpa2"},{"trilat":14.6487941700000003919512892025522887706756591796875,"trilong":121.0572357199999942167778499424457550048828125,"ssid":"DIRECT-BV-Galaxy S6","qos":0,"transid":"20170609-00000","firsttime":"2017-06-03T18:00:00.000Z","lasttime":"2017-06-09T05:00:00.000Z","lastupdt":"2017-06-09T05:00:00.000Z","housenumber":null,"road":null,"city":null,"region":null,"country":null,"netid":"EA:50:8B:E2:1B:BE","name":null,"type":"infra","comment":null,"wep":"2","channel":6,"bcninterval":0,"freenet":"?","dhcp":"?","paynet":"?","userfound":false,"encryption":"wpa2"},{"trilat":14.6469678900000008781034921412356197834014892578125,"trilong":121.0630035399999968603879096917808055877685546875,"ssid":"WiTV_0320896","qos":0,"transid":"20170303-00000","firsttime":"2017-03-03T20:00:00.000Z","lasttime":"2017-03-03T07:00:00.000Z","lastupdt":"2017-03-03T07:00:00.000Z","housenumber":null,"road":null,"city":null,"region":null,"country":null,"netid":"88:61:5A:32:08:96","name":null,"type":"infra","comment":null,"wep":"?","channel":6,"bcninterval":0,"freenet":"?","dhcp":"?","paynet":"?","userfound":false,"encryption":"unknown"},{"trilat":14.6460924099999996172982719144783914089202880859375,"trilong":121.0603713999999939687768346630036830902099609375,"ssid":"Jets04","qos":0,"transid":"20170729-00000","firsttime":"2017-07-16T19:00:00.000Z","lasttime":"2017-07-29T13:00:00.000Z","lastupdt":"2017-07-29T13:00:00.000Z","housenumber":"","road":"Maginhawa","city":"","region":"","country":"PH","netid":"E0:A3:AC:DA:95:C2","name":null,"type":"infra","comment":null,"wep":"2","channel":4,"bcninterval":0,"freenet":"?","dhcp":"?","paynet":"?","userfound":false,"encryption":"wpa2"},{"trilat":14.64705943999999959714841679669916629791259765625,"trilong":121.06378936999999496038071811199188232421875,"ssid":"joyce","qos":2,"transid":"20161211-00000","firsttime":"2016-12-05T00:00:00.000Z","lasttime":"2017-09-21T05:00:00.000Z","lastupdt":"2017-09-21T05:00:00.000Z","housenumber":"","road":"B. Baluyot","city":"","region":"","country":"PH","netid":"60:83:34:4D:F8:13","name":null,"type":"infra","comment":null,"wep":"2","channel":5,"bcninterval":0,"freenet":"?","dhcp":"?","paynet":"?","userfound":false,"encryption":"wpa2"},{"trilat":14.6473569900000004651019480661489069461822509765625,"trilong":121.063850400000006857226253487169742584228515625,"ssid":"Panthera Hotspot","qos":0,"transid":"20170921-00000","firsttime":"2017-09-21T20:00:00.000Z","lasttime":"2017-09-21T05:00:00.000Z","lastupdt":"2017-09-21T05:00:00.000Z","housenumber":"","road":"B. Baluyot","city":"","region":"","country":"PH","netid":"E6:8D:8C:55:5E:73","name":null,"type":"infra","comment":null,"wep":"?","channel":5,"bcninterval":0,"freenet":"?","dhcp":"?","paynet":"Y","userfound":false,"encryption":"unknown"},{"trilat":14.6473798800000007958033165778033435344696044921875,"trilong":121.05735015999999859559466131031513214111328125,"ssid":"zero.3","qos":0,"transid":"20170303-00000","firsttime":"2017-03-03T19:00:00.000Z","lasttime":"2017-03-03T04:00:00.000Z","lastupdt":"2017-03-03T04:00:00.000Z","housenumber":null,"road":null,"city":null,"region":null,"country":null,"netid":"8E:79:67:B3:13:C2","name":null,"type":"infra","comment":null,"wep":"2","channel":13,"bcninterval":0,"freenet":"?","dhcp":"?","paynet":"?","userfound":false,"encryption":"wpa2"},{"trilat":14.6474885900000000304999048239551484584808349609375,"trilong":121.06232452000000421321601606905460357666015625,"ssid":"Smart Bro_86DC26","qos":0,"transid":"20170404-00000","firsttime":"2017-04-02T19:00:00.000Z","lasttime":"2017-04-04T04:00:00.000Z","lastupdt":"2017-04-04T04:00:00.000Z","housenumber":null,"road":null,"city":null,"region":null,"country":null,"netid":"8E:79:67:86:DC:26","name":null,"type":"infra","comment":null,"wep":"2","channel":13,"bcninterval":0,"freenet":"?","dhcp":"?","paynet":"?","userfound":false,"encryption":"wpa2"},{"trilat":14.6465158500000001140506356023252010345458984375,"trilong":121.058471679999996695187292061746120452880859375,"ssid":"ZTE_93302E","qos":0,"transid":"20170303-00000","firsttime":"2017-03-03T20:00:00.000Z","lasttime":"2017-03-03T07:00:00.000Z","lastupdt":"2017-03-03T07:00:00.000Z","housenumber":null,"road":null,"city":null,"region":null,"country":null,"netid":"8E:79:67:93:30:2E","name":null,"type":"infra","comment":null,"wep":"2","channel":6,"bcninterval":0,"freenet":"?","dhcp":"?","paynet":"?","userfound":false,"encryption":"wpa2"},{"trilat":14.64712429000000071255271905101835727691650390625,"trilong":121.0624694800000042960164137184619903564453125,"ssid":"PLDT Negosyo Boost_Educ","qos":2,"transid":"20170129-00000","firsttime":"2017-01-23T20:00:00.000Z","lasttime":"2017-03-20T22:00:00.000Z","lastupdt":"2017-03-20T22:00:00.000Z","housenumber":null,"road":null,"city":null,"region":null,"country":null,"netid":"90:1D:27:77:44:0B","name":null,"type":"infra","comment":null,"wep":"2","channel":6,"bcninterval":0,"freenet":"?","dhcp":"?","paynet":"?","userfound":false,"encryption":"wpa2"},{"trilat":14.64685154000000011365045793354511260986328125,"trilong":121.0614471399999985123940859921276569366455078125,"ssid":"H-spot","qos":0,"transid":"20170715-00000","firsttime":"2017-07-15T16:00:00.000Z","lasttime":"2017-07-15T01:00:00.000Z","lastupdt":"2017-07-15T01:00:00.000Z","housenumber":"","road":"B. Baluyot","city":"Quezon City","region":"","country":"PH","netid":"8E:F5:A3:BA:96:CA","name":null,"type":"infra","comment":null,"wep":"2","channel":6,"bcninterval":0,"freenet":"?","dhcp":"?","paynet":"?","userfound":false,"encryption":"wpa2"},{"trilat":14.64702319999999957644831738434731960296630859375,"trilong":121.0621795699999978523919708095490932464599609375,"ssid":"DARNA","qos":3,"transid":"20170507-00000","firsttime":"2017-04-20T20:00:00.000Z","lasttime":"2017-07-15T01:00:00.000Z","lastupdt":"2017-07-15T01:00:00.000Z","housenumber":"","road":"Emilio Jacinto","city":"Quezon City","region":"","country":"PH","netid":"E4:7D:EB:01:DC:F6","name":null,"type":"infra","comment":null,"wep":"2","channel":6,"bcninterval":0,"freenet":"?","dhcp":"?","paynet":"?","userfound":false,"encryption":"wpa2"},{"trilat":14.64867306000000013455064618028700351715087890625,"trilong":121.06141662999999653038685210049152374267578125,"ssid":"ArianePerry","qos":1,"transid":"20151018-00000","firsttime":"2015-10-18T18:00:00.000Z","lasttime":"2017-01-29T10:00:00.000Z","lastupdt":"2017-01-29T10:00:00.000Z","housenumber":null,"road":null,"city":null,"region":null,"country":null,"netid":"84:A8:E4:B1:09:4C","name":null,"type":"infra","comment":null,"wep":"2","channel":6,"bcninterval":0,"freenet":"?","dhcp":"?","paynet":"?","userfound":false,"encryption":"wpa2"},{"trilat":14.64656161999999994804966263473033905029296875,"trilong":121.0586547900000056188218877650797367095947265625,"ssid":"BOBO's PIZZERIA","qos":5,"transid":"20141013-00000","firsttime":"2014-10-10T19:00:00.000Z","lasttime":"2017-04-04T04:00:00.000Z","lastupdt":"2017-04-04T04:00:00.000Z","housenumber":null,"road":null,"city":null,"region":null,"country":null,"netid":"E4:77:23:A5:4E:04","name":null,"type":"infra","comment":null,"wep":"2","channel":1,"bcninterval":0,"freenet":"?","dhcp":"?","paynet":"?","userfound":false,"encryption":"wpa2"},{"trilat":14.6468315100000001649505065870471298694610595703125,"trilong":121.0611801099999951247809804044663906097412109375,"ssid":"RMotel Bayan","qos":5,"transid":"20150120-00000","firsttime":"2015-01-10T18:00:00.000Z","lasttime":"2017-10-26T06:00:00.000Z","lastupdt":"2017-10-26T06:00:00.000Z","housenumber":"60","road":"Magiting","city":"","region":"","country":"PH","netid":"E4:77:23:A5:9A:84","name":null,"type":"infra","comment":null,"wep":"2","channel":13,"bcninterval":0,"freenet":"?","dhcp":"?","paynet":"?","userfound":false,"encryption":"wpa2"},{"trilat":14.6472225199999996902988641522824764251708984375,"trilong":121.0631484999999969431883073411881923675537109375,"ssid":"encrypt","qos":5,"transid":"20140805-00000","firsttime":"2014-08-05T21:00:00.000Z","lasttime":"2017-03-03T07:00:00.000Z","lastupdt":"2017-03-03T07:00:00.000Z","housenumber":null,"road":null,"city":null,"region":null,"country":null,"netid":"E4:77:23:9D:6E:9C","name":null,"type":"infra","comment":null,"wep":"2","channel":11,"bcninterval":0,"freenet":"?","dhcp":"?","paynet":"?","userfound":false,"encryption":"wpa2"},{"trilat":14.6485452699999996184487827122211456298828125,"trilong":121.05690002000000049520167522132396697998046875,"ssid":"iPhone","qos":0,"transid":"20170609-00000","firsttime":"2017-06-03T18:00:00.000Z","lasttime":"2017-06-09T05:00:00.000Z","lastupdt":"2017-06-09T05:00:00.000Z","housenumber":null,"road":null,"city":null,"region":null,"country":null,"netid":"F2:C1:F1:17:93:0E","name":null,"type":"infra","comment":null,"wep":"2","channel":1,"bcninterval":0,"freenet":"?","dhcp":"?","paynet":"?","userfound":false,"encryption":"wpa2"},{"trilat":14.646093369999999111996658029966056346893310546875,"trilong":121.06222533999999768639099784195423126220703125,"ssid":"hindi nila alam","qos":3,"transid":"20170715-00000","firsttime":"2017-06-23T08:00:00.000Z","lasttime":"2017-07-29T13:00:00.000Z","lastupdt":"2017-07-29T13:00:00.000Z","housenumber":"","road":"V. Francisco","city":"","region":"","country":"PH","netid":"84:16:F9:B4:5B:70","name":null,"type":"infra","comment":null,"wep":"2","channel":7,"bcninterval":0,"freenet":"?","dhcp":"?","paynet":"?","userfound":false,"encryption":"wpa2"},{"trilat":14.6468305599999997212989910622127354145050048828125,"trilong":121.0600128199999971911893226206302642822265625,"ssid":"For Programmer Only","qos":5,"transid":"20140805-00000","firsttime":"2014-08-05T19:00:00.000Z","lasttime":"2017-03-03T07:00:00.000Z","lastupdt":"2017-03-03T07:00:00.000Z","housenumber":null,"road":null,"city":null,"region":null,"country":null,"netid":"90:F6:52:30:CB:26","name":null,"type":"infra","comment":null,"wep":"2","channel":6,"bcninterval":0,"freenet":"?","dhcp":"?","paynet":"?","userfound":false,"encryption":"wpa2"},{"trilat":14.6495046599999998448993210331536829471588134765625,"trilong":121.0575256300000006604022928513586521148681640625,"ssid":"PLDTHOMEDSL0FB84","qos":0,"transid":"20170609-00000","firsttime":"2017-06-03T18:00:00.000Z","lasttime":"2017-06-09T05:00:00.000Z","lastupdt":"2017-06-09T05:00:00.000Z","housenumber":null,"road":null,"city":null,"region":null,"country":null,"netid":"F4:9E:EF:A0:FB:84","name":null,"type":"infra","comment":null,"wep":"2","channel":3,"bcninterval":0,"freenet":"?","dhcp":"?","paynet":"?","userfound":false,"encryption":"wpa2"},{"trilat":14.64764023000000037200152291916310787200927734375,"trilong":121.0642547599999971907891449518501758575439453125,"ssid":"AndroidAP","qos":0,"transid":"20170115-00000","firsttime":"2017-01-15T20:00:00.000Z","lasttime":"2017-01-15T07:00:00.000Z","lastupdt":"2017-01-15T07:00:00.000Z","housenumber":null,"road":null,"city":null,"region":null,"country":null,"netid":"F4:42:8F:E0:CE:18","name":null,"type":"infra","comment":null,"wep":"2","channel":6,"bcninterval":0,"freenet":"?","dhcp":"?","paynet":"?","userfound":false,"encryption":"wpa2"},{"trilat":14.65070247999999963894879329018294811248779296875,"trilong":121.05915833000000247920979745686054229736328125,"ssid":"BK7c-bGV2eS5zYXJhdXM","qos":0,"transid":"20170609-00000","firsttime":"2017-05-26T09:00:00.000Z","lasttime":"2017-06-09T05:00:00.000Z","lastupdt":"2017-06-09T05:00:00.000Z","housenumber":null,"road":null,"city":null,"region":null,"country":null,"netid":"62:FE:1E:D3:DC:40","name":null,"type":"infra","comment":null,"wep":"?","channel":13,"bcninterval":0,"freenet":"?","dhcp":"?","paynet":"?","userfound":false,"encryption":"unknown"},{"trilat":14.64616299000000054775227908976376056671142578125,"trilong":121.0621643100000000004001776687800884246826171875,"ssid":"Northern House","qos":2,"transid":"20170715-00000","firsttime":"2017-06-23T08:00:00.000Z","lasttime":"2017-07-15T01:00:00.000Z","lastupdt":"2017-07-15T01:00:00.000Z","housenumber":"","road":"V. Francisco","city":"","region":"","country":"PH","netid":"60:E3:27:48:DA:09","name":null,"type":"infra","comment":null,"wep":"2","channel":1,"bcninterval":0,"freenet":"?","dhcp":"?","paynet":"?","userfound":false,"encryption":"wpa2"},{"trilat":14.6473169300000005677020453731529414653778076171875,"trilong":121.062522889999996777987689711153507232666015625,"ssid":"AndroidAP","qos":0,"transid":"20170326-00000","firsttime":"2017-03-25T13:00:00.000Z","lasttime":"2017-03-26T07:00:00.000Z","lastupdt":"2017-03-26T07:00:00.000Z","housenumber":null,"road":null,"city":null,"region":null,"country":null,"netid":"E8:50:8B:B7:40:0B","name":null,"type":"infra","comment":null,"wep":"2","channel":11,"bcninterval":0,"freenet":"?","dhcp":"?","paynet":"?","userfound":false,"encryption":"wpa2"},{"trilat":14.646847720000000236950654652900993824005126953125,"trilong":121.0596466100000014876059140078723430633544921875,"ssid":"Armstrong","qos":0,"transid":"20170715-00000","firsttime":"2017-07-15T16:00:00.000Z","lasttime":"2017-07-15T01:00:00.000Z","lastupdt":"2017-07-15T01:00:00.000Z","housenumber":"51","road":"Magiting","city":"","region":"","country":"PH","netid":"F0:98:38:07:A6:4C","name":null,"type":"infra","comment":null,"wep":"2","channel":6,"bcninterval":0,"freenet":"?","dhcp":"?","paynet":"?","userfound":false,"encryption":"wpa2"},{"trilat":14.6476135299999992156472217175178229808807373046875,"trilong":121.0642700199999950427809380926191806793212890625,"ssid":"The iPad","qos":0,"transid":"20170316-00000","firsttime":"2017-03-15T21:00:00.000Z","lasttime":"2017-03-16T08:00:00.000Z","lastupdt":"2017-03-16T08:00:00.000Z","housenumber":null,"road":null,"city":null,"region":null,"country":null,"netid":"AE:FD:EC:E7:50:F1","name":null,"type":"infra","comment":null,"wep":"2","channel":1,"bcninterval":0,"freenet":"?","dhcp":"?","paynet":"?","userfound":false,"encryption":"wpa2"},{"trilat":14.6472120300000003823015504167415201663970947265625,"trilong":121.0618896499999976867911755107343196868896484375,"ssid":"bayanDSLWiFi_8939","qos":5,"transid":"20150126-00000","firsttime":"2015-01-26T23:00:00.000Z","lasttime":"2017-03-03T07:00:00.000Z","lastupdt":"2017-03-03T07:00:00.000Z","housenumber":null,"road":null,"city":null,"region":null,"country":null,"netid":"EC:8A:4C:94:89:39","name":null,"type":"infra","comment":null,"wep":"2","channel":6,"bcninterval":0,"freenet":"?","dhcp":"?","paynet":"?","userfound":false,"encryption":"wpa2"},{"trilat":14.6467390099999992258972270064987242221832275390625,"trilong":121.0641097999999971079887473024427890777587890625,"ssid":"Searching...","qos":5,"transid":"20150216-00000","firsttime":"2015-02-09T18:00:00.000Z","lasttime":"2017-03-03T07:00:00.000Z","lastupdt":"2017-03-03T07:00:00.000Z","housenumber":null,"road":null,"city":null,"region":null,"country":null,"netid":"EC:8A:4C:94:C0:05","name":null,"type":"infra","comment":null,"wep":"2","channel":10,"bcninterval":0,"freenet":"?","dhcp":"?","paynet":"?","userfound":false,"encryption":"wpa2"},{"trilat":14.64906406000000060885213315486907958984375,"trilong":121.0575714099999942163776722736656665802001953125,"ssid":"bobocpindongan","qos":0,"transid":"20170609-00000","firsttime":"2017-06-03T18:00:00.000Z","lasttime":"2017-06-09T05:00:00.000Z","lastupdt":"2017-06-09T05:00:00.000Z","housenumber":null,"road":null,"city":null,"region":null,"country":null,"netid":"EC:08:6B:6B:81:AE","name":null,"type":"infra","comment":null,"wep":"2","channel":11,"bcninterval":0,"freenet":"?","dhcp":"?","paynet":"?","userfound":false,"encryption":"wpa2"},{"trilat":14.646039959999999524598024436272680759429931640625,"trilong":121.0622634900000065272251958958804607391357421875,"ssid":"lynus","qos":0,"transid":"20170715-00000","firsttime":"2017-07-09T14:00:00.000Z","lasttime":"2017-07-15T01:00:00.000Z","lastupdt":"2017-07-15T01:00:00.000Z","housenumber":"","road":"V. Francisco","city":"","region":"","country":"PH","netid":"B8:55:10:2A:01:68","name":null,"type":"infra","comment":null,"wep":"2","channel":11,"bcninterval":0,"freenet":"?","dhcp":"?","paynet":"?","userfound":false,"encryption":"wpa2"},{"trilat":14.6471080800000006405525709851644933223724365234375,"trilong":121.05762482000000090920366346836090087890625,"ssid":"Anteeewn","qos":0,"transid":"20170609-00000","firsttime":"2017-06-03T18:00:00.000Z","lasttime":"2017-06-09T05:00:00.000Z","lastupdt":"2017-06-09T05:00:00.000Z","housenumber":null,"road":null,"city":null,"region":null,"country":null,"netid":"EC:1F:72:EA:11:48","name":null,"type":"infra","comment":null,"wep":"2","channel":1,"bcninterval":0,"freenet":"?","dhcp":"?","paynet":"?","userfound":false,"encryption":"wpa2"},{"trilat":14.6466321900000000510999598191119730472564697265625,"trilong":121.0585174600000044620173866860568523406982421875,"ssid":"bayanDSLWiFi_09D8","qos":5,"transid":"20150120-00000","firsttime":"2015-01-11T19:00:00.000Z","lasttime":"2017-07-29T13:00:00.000Z","lastupdt":"2017-07-29T13:00:00.000Z","housenumber":"85","road":"Maginhawa","city":"","region":"","country":"PH","netid":"EC:8A:4C:A6:09:D8","name":null,"type":"infra","comment":null,"wep":"2","channel":5,"bcninterval":0,"freenet":"?","dhcp":"?","paynet":"?","userfound":false,"encryption":"wpa2"},{"trilat":14.6479826000000006303025656961835920810699462890625,"trilong":121.0571746800000028088106773793697357177734375,"ssid":"tugaff.j iPhone","qos":0,"transid":"20170729-00000","firsttime":"2017-07-16T19:00:00.000Z","lasttime":"2017-07-29T13:00:00.000Z","lastupdt":"2017-07-29T13:00:00.000Z","housenumber":"65","road":"Maginhawa","city":"","region":"","country":"PH","netid":"BA:09:8A:83:88:46","name":null,"type":"infra","comment":null,"wep":"2","channel":1,"bcninterval":0,"freenet":"?","dhcp":"?","paynet":"?","userfound":false,"encryption":"wpa2"},{"trilat":14.6476497699999992363473211298696696758270263671875,"trilong":121.064170840000002726810635067522525787353515625,"ssid":"Jonina","qos":0,"transid":"20170507-00000","firsttime":"2017-04-20T20:00:00.000Z","lasttime":"2017-05-07T05:00:00.000Z","lastupdt":"2017-05-07T05:00:00.000Z","housenumber":null,"road":null,"city":null,"region":null,"country":null,"netid":"FA:62:14:45:28:77","name":null,"type":"infra","comment":null,"wep":"2","channel":1,"bcninterval":0,"freenet":"?","dhcp":"?","paynet":"?","userfound":false,"encryption":"wpa2"},{"trilat":14.6504526100000003197010300937108695507049560546875,"trilong":121.0592269899999990911965142004191875457763671875,"ssid":"Chinito Boy","qos":0,"transid":"20170307-00000","firsttime":"2017-03-07T18:00:00.000Z","lasttime":"2017-03-07T18:00:00.000Z","lastupdt":"2017-03-07T18:00:00.000Z","housenumber":null,"road":null,"city":null,"region":null,"country":null,"netid":"AA:A6:68:2D:22:7F","name":null,"type":"infra","comment":null,"wep":"2","channel":13,"bcninterval":0,"freenet":"?","dhcp":"?","paynet":"?","userfound":false,"encryption":"wpa2"},{"trilat":14.650570869999999246147126541472971439361572265625,"trilong":121.0554656999999991739969118498265743255615234375,"ssid":"Riza and Raphie   ;)","qos":1,"transid":"20150812-00000","firsttime":"2015-08-12T17:00:00.000Z","lasttime":"2017-01-07T15:00:00.000Z","lastupdt":"2017-01-07T15:00:00.000Z","housenumber":null,"road":null,"city":null,"region":null,"country":null,"netid":"EE:78:5F:21:A9:A6","name":null,"type":"infra","comment":null,"wep":"2","channel":6,"bcninterval":0,"freenet":"?","dhcp":"?","paynet":"?","userfound":false,"encryption":"wpa2"},{"trilat":14.64840030999999953564838506281375885009765625,"trilong":121.0569610600000061140235629864037036895751953125,"ssid":"HOLYFAMILY","qos":0,"transid":"20170609-00000","firsttime":"2017-06-03T18:00:00.000Z","lasttime":"2017-06-09T05:00:00.000Z","lastupdt":"2017-06-09T05:00:00.000Z","housenumber":null,"road":null,"city":null,"region":null,"country":null,"netid":"F8:32:E4:B2:07:70","name":null,"type":"infra","comment":null,"wep":"2","channel":6,"bcninterval":0,"freenet":"?","dhcp":"?","paynet":"?","userfound":false,"encryption":"wpa2"},{"trilat":14.65132999000000069145244196988642215728759765625,"trilong":121.05999755999999933919752947986125946044921875,"ssid":"Mikh's Android","qos":1,"transid":"20170313-00000","firsttime":"2017-03-13T21:00:00.000Z","lasttime":"2017-03-15T09:00:00.000Z","lastupdt":"2017-03-15T09:00:00.000Z","housenumber":null,"road":null,"city":null,"region":null,"country":null,"netid":"A2:91:69:E7:AB:19","name":null,"type":"infra","comment":null,"wep":"2","channel":13,"bcninterval":0,"freenet":"?","dhcp":"?","paynet":"?","userfound":false,"encryption":"wpa2"},{"trilat":14.6465082199999994116978996316902339458465576171875,"trilong":121.0589828500000066924258135259151458740234375,"ssid":"uFi_90696D","qos":0,"transid":"20170729-00000","firsttime":"2017-07-16T19:00:00.000Z","lasttime":"2017-07-29T13:00:00.000Z","lastupdt":"2017-07-29T13:00:00.000Z","housenumber":"","road":"Maginhawa","city":"","region":"","country":"PH","netid":"EE:1D:7F:90:69:6D","name":null,"type":"infra","comment":null,"wep":"2","channel":1,"bcninterval":0,"freenet":"?","dhcp":"?","paynet":"?","userfound":false,"encryption":"wpa2"},{"trilat":14.6507244100000004749517756863497197628021240234375,"trilong":121.0593490600000023960092221386730670928955078125,"ssid":"bitoy","qos":0,"transid":"20170222-00000","firsttime":"2017-02-14T18:00:00.000Z","lasttime":"2017-02-22T15:00:00.000Z","lastupdt":"2017-02-22T15:00:00.000Z","housenumber":null,"road":null,"city":null,"region":null,"country":null,"netid":"EE:1D:7F:64:B9:07","name":null,"type":"infra","comment":null,"wep":"2","channel":1,"bcninterval":0,"freenet":"?","dhcp":"?","paynet":"?","userfound":false,"encryption":"wpa2"},{"trilat":14.6468934999999991219965522759594023227691650390625,"trilong":121.0616836500000061960236052982509136199951171875,"ssid":"uFi_6813DF","qos":0,"transid":"20170404-00000","firsttime":"2017-03-31T19:00:00.000Z","lasttime":"2017-04-04T04:00:00.000Z","lastupdt":"2017-04-04T04:00:00.000Z","housenumber":null,"road":null,"city":null,"region":null,"country":null,"netid":"EE:1D:7F:68:13:DF","name":null,"type":"infra","comment":null,"wep":"2","channel":10,"bcninterval":0,"freenet":"?","dhcp":"?","paynet":"?","userfound":false,"encryption":"wpa2"},{"trilat":14.6465911900000005374522515921853482723236083984375,"trilong":121.06293488000000024840119294822216033935546875,"ssid":"bayanDSLWiFi_62C0","qos":5,"transid":"20150120-00000","firsttime":"2015-01-11T20:00:00.000Z","lasttime":"2017-03-03T07:00:00.000Z","lastupdt":"2017-03-03T07:00:00.000Z","housenumber":null,"road":null,"city":null,"region":null,"country":null,"netid":"A4:7E:39:AE:62:C0","name":null,"type":"infra","comment":null,"wep":"2","channel":12,"bcninterval":0,"freenet":"?","dhcp":"?","paynet":"?","userfound":false,"encryption":"wpa2"},{"trilat":14.6476135299999992156472217175178229808807373046875,"trilong":121.06361388999999917359673418104648590087890625,"ssid":"yeng","qos":0,"transid":"20170309-00000","firsttime":"2017-03-09T18:00:00.000Z","lasttime":"2017-03-09T02:00:00.000Z","lastupdt":"2017-03-09T02:00:00.000Z","housenumber":null,"road":null,"city":null,"region":null,"country":null,"netid":"F0:79:59:2A:22:62","name":null,"type":"infra","comment":null,"wep":"2","channel":6,"bcninterval":0,"freenet":"?","dhcp":"?","paynet":"?","userfound":false,"encryption":"wpa2"},{"trilat":14.6466674799999996281485437066294252872467041015625,"trilong":121.052352909999996199985616840422153472900390625,"ssid":"iPhone","qos":0,"transid":"20171016-00000","firsttime":"2017-10-17T10:00:00.000Z","lasttime":"2017-10-17T04:00:00.000Z","lastupdt":"2017-10-17T04:00:00.000Z","housenumber":"","road":"Kalayaan","city":"Quezon City","region":"","country":"PH","netid":"B2:60:F1:44:28:D8","name":null,"type":"infra","comment":null,"wep":"2","channel":1,"bcninterval":0,"freenet":"?","dhcp":"?","paynet":"?","userfound":false,"encryption":"wpa2"},{"trilat":14.6479644800000006199525159900076687335968017578125,"trilong":121.0572357199999942167778499424457550048828125,"ssid":"XRZ-850","qos":3,"transid":"20170303-00000","firsttime":"2017-03-03T19:00:00.000Z","lasttime":"2017-07-29T13:00:00.000Z","lastupdt":"2017-07-29T13:00:00.000Z","housenumber":"65","road":"Maginhawa","city":"","region":"","country":"PH","netid":"F4:E3:FB:E5:49:FC","name":null,"type":"infra","comment":null,"wep":"2","channel":10,"bcninterval":0,"freenet":"?","dhcp":"?","paynet":"?","userfound":false,"encryption":"wpa2"},{"trilat":14.6474075300000006194522939040325582027435302734375,"trilong":121.05735015999999859559466131031513214111328125,"ssid":"TaNSan","qos":0,"transid":"20170303-00000","firsttime":"2017-03-03T19:00:00.000Z","lasttime":"2017-03-03T04:00:00.000Z","lastupdt":"2017-03-03T04:00:00.000Z","housenumber":null,"road":null,"city":null,"region":null,"country":null,"netid":"F8:01:13:CB:0B:F9","name":null,"type":"infra","comment":null,"wep":"2","channel":6,"bcninterval":0,"freenet":"?","dhcp":"?","paynet":"?","userfound":false,"encryption":"wpa2"},{"trilat":14.6464920000000002886508809751830995082855224609375,"trilong":121.0592498799999958691842039115726947784423828125,"ssid":"rosima","qos":1,"transid":"20150808-00000","firsttime":"2001-01-01T08:00:00.000Z","lasttime":"2017-06-09T05:00:00.000Z","lastupdt":"2017-06-09T05:00:00.000Z","housenumber":null,"road":null,"city":null,"region":null,"country":null,"netid":"AA:A6:68:DA:44:BD","name":null,"type":"infra","comment":null,"wep":"2","channel":1,"bcninterval":0,"freenet":"?","dhcp":"?","paynet":"?","userfound":false,"encryption":"wpa2"},{"trilat":14.6458072700000005994525054120458662509918212890625,"trilong":121.06261444000000437881681136786937713623046875,"ssid":"........................","qos":1,"transid":"20170715-00000","firsttime":"2017-07-09T14:00:00.000Z","lasttime":"2017-10-15T10:00:00.000Z","lastupdt":"2017-10-15T10:00:00.000Z","housenumber":"","road":"V. Francisco","city":"","region":"","country":"PH","netid":"AA:A6:68:DA:50:33","name":null,"type":"infra","comment":null,"wep":"2","channel":12,"bcninterval":0,"freenet":"?","dhcp":"?","paynet":"?","userfound":false,"encryption":"wpa2"},{"trilat":14.64734173000000083675331552512943744659423828125,"trilong":121.0624465899999933071740088053047657012939453125,"ssid":"TheTrees","qos":0,"transid":"20170404-00000","firsttime":"2017-04-02T19:00:00.000Z","lasttime":"2017-04-04T04:00:00.000Z","lastupdt":"2017-04-04T04:00:00.000Z","housenumber":null,"road":null,"city":null,"region":null,"country":null,"netid":"FC:DB:B3:EA:F9:01","name":null,"type":"infra","comment":null,"wep":"2","channel":11,"bcninterval":0,"freenet":"?","dhcp":"?","paynet":"?","userfound":false,"encryption":"wpa2"},{"trilat":14.64598274000000088790329755283892154693603515625,"trilong":121.0623702999999977691913954913616180419921875,"ssid":"B315_D7A99","qos":2,"transid":"20170715-00000","firsttime":"2017-06-23T08:00:00.000Z","lasttime":"2017-07-15T01:00:00.000Z","lastupdt":"2017-07-15T01:00:00.000Z","housenumber":"","road":"V. Francisco","city":"","region":"","country":"PH","netid":"A4:71:74:4D:7A:99","name":null,"type":"infra","comment":null,"wep":"2","channel":6,"bcninterval":0,"freenet":"?","dhcp":"?","paynet":"?","userfound":false,"encryption":"wpa2"},{"trilat":14.6475524900000007022526915534399449825286865234375,"trilong":121.063217159999993555175024084746837615966796875,"ssid":"Sun2016","qos":0,"transid":"20170304-00000","firsttime":"2017-03-04T19:00:00.000Z","lasttime":"2017-03-04T06:00:00.000Z","lastupdt":"2017-03-04T06:00:00.000Z","housenumber":null,"road":null,"city":null,"region":null,"country":null,"netid":"AA:A6:68:51:94:DE","name":null,"type":"infra","comment":null,"wep":"2","channel":13,"bcninterval":0,"freenet":"?","dhcp":"?","paynet":"?","userfound":false,"encryption":"wpa2"},{"trilat":14.6468133900000001546004568808712065219879150390625,"trilong":121.0615615800000028912108973599970340728759765625,"ssid":"DKNY","qos":0,"transid":"20170715-00000","firsttime":"2017-07-15T16:00:00.000Z","lasttime":"2017-07-15T01:00:00.000Z","lastupdt":"2017-07-15T01:00:00.000Z","housenumber":"","road":"B. Baluyot","city":"Quezon City","region":"","country":"PH","netid":"AA:A6:68:4A:79:B8","name":null,"type":"infra","comment":null,"wep":"2","channel":13,"bcninterval":0,"freenet":"?","dhcp":"?","paynet":"?","userfound":false,"encryption":"wpa2"},{"trilat":14.6510286300000007742028174106962978839874267578125,"trilong":121.059135440000005701222107745707035064697265625,"ssid":"Pinoy Big Sister","qos":1,"transid":"20160227-00000","firsttime":"2016-02-27T20:00:00.000Z","lasttime":"2017-01-21T00:00:00.000Z","lastupdt":"2017-01-21T00:00:00.000Z","housenumber":null,"road":null,"city":null,"region":null,"country":null,"netid":"AA:A6:68:33:86:3F","name":null,"type":"infra","comment":null,"wep":"2","channel":1,"bcninterval":0,"freenet":"?","dhcp":"?","paynet":"?","userfound":false,"encryption":"wpa2"},{"trilat":14.650290489999999721248968853615224361419677734375,"trilong":121.062507629999998925995896570384502410888671875,"ssid":"PLDTHOMEDSL Twi-Fi Zone","qos":1,"transid":"20170129-00000","firsttime":"2017-01-23T20:00:00.000Z","lasttime":"2017-05-07T05:00:00.000Z","lastupdt":"2017-05-07T05:00:00.000Z","housenumber":null,"road":null,"city":null,"region":null,"country":null,"netid":"F4:9E:EF:D0:B6:30","name":null,"type":"infra","comment":null,"wep":"2","channel":11,"bcninterval":0,"freenet":"?","dhcp":"?","paynet":"?","userfound":false,"encryption":"wpa2"},{"trilat":14.6459388700000001648504621698521077632904052734375,"trilong":121.06028747999999950479832477867603302001953125,"ssid":"baetweeds","qos":0,"transid":"20170609-00000","firsttime":"2017-06-03T18:00:00.000Z","lasttime":"2017-06-09T05:00:00.000Z","lastupdt":"2017-06-09T05:00:00.000Z","housenumber":null,"road":null,"city":null,"region":null,"country":null,"netid":"AA:A6:68:DD:47:44","name":null,"type":"infra","comment":null,"wep":"2","channel":1,"bcninterval":0,"freenet":"?","dhcp":"?","paynet":"?","userfound":false,"encryption":"wpa2"},{"trilat":14.64701557000000065045242081396281719207763671875,"trilong":121.062477110000003222012310288846492767333984375,"ssid":"Smart Bro_B97311","qos":1,"transid":"20150726-00000","firsttime":"2015-07-11T18:00:00.000Z","lasttime":"2017-07-15T01:00:00.000Z","lastupdt":"2017-07-15T01:00:00.000Z","housenumber":"","road":"Emilio Jacinto","city":"Quezon City","region":"","country":"PH","netid":"AA:A6:68:B9:73:11","name":null,"type":"infra","comment":null,"wep":"2","channel":1,"bcninterval":0,"freenet":"?","dhcp":"?","paynet":"?","userfound":false,"encryption":"wpa2"},{"trilat":14.6462688399999994004474501707591116428375244140625,"trilong":121.0596923800000013216049410402774810791015625,"ssid":"HUAWEI-4A32","qos":0,"transid":"20170715-00000","firsttime":"2017-07-15T16:00:00.000Z","lasttime":"2017-07-15T01:00:00.000Z","lastupdt":"2017-07-15T01:00:00.000Z","housenumber":"","road":"Maginhawa","city":"","region":"","country":"PH","netid":"F4:CB:52:8D:4A:32","name":null,"type":"infra","comment":null,"wep":"2","channel":4,"bcninterval":0,"freenet":"?","dhcp":"?","paynet":"?","userfound":false,"encryption":"wpa2"},{"trilat":14.646621700000000743102646083571016788482666015625,"trilong":121.06362914999999702558852732181549072265625,"ssid":"PLDTMyDSL","qos":6,"transid":"20130902-00000","firsttime":"2013-09-02T22:00:00.000Z","lasttime":"2017-09-21T05:00:00.000Z","lastupdt":"2017-09-21T05:00:00.000Z","housenumber":"","road":"B. Baluyot","city":"","region":"","country":"PH","netid":"FC:8B:97:38:EA:BB","name":null,"type":"infra","comment":null,"wep":"2","channel":11,"bcninterval":0,"freenet":"?","dhcp":"?","paynet":"?","userfound":false,"encryption":"wpa2"},{"trilat":14.6457900999999992563971318304538726806640625,"trilong":121.0622863800000033052128856070339679718017578125,"ssid":"PLDTMyDSL","qos":0,"transid":"20170715-00000","firsttime":"2017-06-23T08:00:00.000Z","lasttime":"2017-07-15T01:00:00.000Z","lastupdt":"2017-07-15T01:00:00.000Z","housenumber":"","road":"P. Francisco","city":"","region":"","country":"PH","netid":"FC:8B:97:35:42:57","name":null,"type":"infra","comment":null,"wep":"2","channel":11,"bcninterval":0,"freenet":"?","dhcp":"?","paynet":"?","userfound":false,"encryption":"wpa2"},{"trilat":14.65047741000000058875230024568736553192138671875,"trilong":121.062332150000003139211912639439105987548828125,"ssid":"PLDTMyDSL","qos":6,"transid":"20130831-00000","firsttime":"2013-08-31T18:00:00.000Z","lasttime":"2017-03-26T07:00:00.000Z","lastupdt":"2017-03-26T07:00:00.000Z","housenumber":null,"road":null,"city":null,"region":"Metro Manila","country":"PH","netid":"FC:8B:97:27:80:B6","name":null,"type":"infra","comment":null,"wep":"2","channel":11,"bcninterval":0,"freenet":"?","dhcp":"?","paynet":"?","userfound":false,"encryption":"wpa2"},{"trilat":14.6458263399999992770972312428057193756103515625,"trilong":121.063041690000005701222107745707035064697265625,"ssid":"TP-LINK","qos":1,"transid":"20170715-00000","firsttime":"2017-07-09T14:00:00.000Z","lasttime":"2017-10-26T06:00:00.000Z","lastupdt":"2017-10-26T06:00:00.000Z","housenumber":"","road":"Salvador","city":"","region":"","country":"PH","netid":"F4:F2:6D:96:1D:49","name":null,"type":"infra","comment":null,"wep":"2","channel":11,"bcninterval":0,"freenet":"?","dhcp":"?","paynet":"?","userfound":false,"encryption":"wpa2"},{"trilat":14.6468076699999993905976225505582988262176513671875,"trilong":121.058174129999997603590600192546844482421875,"ssid":"OrangeSegment2","qos":0,"transid":"20170729-00000","firsttime":"2017-07-16T19:00:00.000Z","lasttime":"2017-07-29T13:00:00.000Z","lastupdt":"2017-07-29T13:00:00.000Z","housenumber":"81","road":"Maginhawa","city":"","region":"","country":"PH","netid":"F4:F2:6D:94:56:12","name":null,"type":"infra","comment":null,"wep":"2","channel":149,"bcninterval":0,"freenet":"?","dhcp":"?","paynet":"Y","userfound":false,"encryption":"wpa2"},{"trilat":14.6467390099999992258972270064987242221832275390625,"trilong":121.058280940000003056411514990031719207763671875,"ssid":"OrangeSegment1","qos":5,"transid":"20160604-00000","firsttime":"2016-05-27T19:00:00.000Z","lasttime":"2017-07-29T13:00:00.000Z","lastupdt":"2017-07-29T13:00:00.000Z","housenumber":"83","road":"Maginhawa","city":"","region":"","country":"PH","netid":"F4:F2:6D:94:56:14","name":null,"type":"infra","comment":null,"wep":"2","channel":1,"bcninterval":0,"freenet":"?","dhcp":"?","paynet":"Y","userfound":false,"encryption":"wpa2"},{"trilat":14.6477012599999998343491824925877153873443603515625,"trilong":121.062202450000000908403308130800724029541015625,"ssid":"Connectify-me","qos":0,"transid":"20170129-00000","firsttime":"2017-01-23T20:00:00.000Z","lasttime":"2017-01-29T10:00:00.000Z","lastupdt":"2017-01-29T10:00:00.000Z","housenumber":null,"road":null,"city":null,"region":null,"country":null,"netid":"F4:F2:6D:0F:9A:83","name":null,"type":"infra","comment":null,"wep":"2","channel":11,"bcninterval":0,"freenet":"?","dhcp":"?","paynet":"?","userfound":false,"encryption":"wpa2"},{"trilat":14.648796080000000330301190842874348163604736328125,"trilong":121.052078249999993886376614682376384735107421875,"ssid":"JLI 8824","qos":5,"transid":"20161211-00000","firsttime":"2016-12-05T19:00:00.000Z","lasttime":"2017-08-30T08:00:00.000Z","lastupdt":"2017-08-30T08:00:00.000Z","housenumber":"","road":"Kalayaan","city":"Quezon City","region":"","country":"PH","netid":"EC:1D:7F:E7:13:EE","name":null,"type":"infra","comment":null,"wep":"2","channel":1,"bcninterval":0,"freenet":"?","dhcp":"?","paynet":"?","userfound":false,"encryption":"wpa2"},{"trilat":14.6458644899999992361472322954796254634857177734375,"trilong":121.061264039999997521590557880699634552001953125,"ssid":"Sexystoner","qos":0,"transid":"20170609-00000","firsttime":"2017-06-03T18:00:00.000Z","lasttime":"2017-06-09T05:00:00.000Z","lastupdt":"2017-06-09T05:00:00.000Z","housenumber":null,"road":null,"city":null,"region":null,"country":null,"netid":"A8:A6:68:E0:1A:38","name":null,"type":"infra","comment":null,"wep":"2","channel":6,"bcninterval":0,"freenet":"?","dhcp":"?","paynet":"?","userfound":false,"encryption":"wpa2"},{"trilat":14.64672374999999959754859446547925472259521484375,"trilong":121.0593261700000056180215324275195598602294921875,"ssid":"DiNET","qos":2,"transid":"20150726-00000","firsttime":"2015-07-25T23:00:00.000Z","lasttime":"2017-07-15T01:00:00.000Z","lastupdt":"2017-07-15T01:00:00.000Z","housenumber":"","road":"Magiting","city":"","region":"","country":"PH","netid":"A8:A6:68:E0:25:DF","name":null,"type":"infra","comment":null,"wep":"2","channel":11,"bcninterval":0,"freenet":"?","dhcp":"?","paynet":"?","userfound":false,"encryption":"wpa2"},{"trilat":14.6467685700000007642529453733004629611968994140625,"trilong":121.060928340000003800014383159577846527099609375,"ssid":null,"qos":0,"transid":"20171026-00000","firsttime":"2017-10-24T13:00:00.000Z","lasttime":"2017-10-26T06:00:00.000Z","lastupdt":"2017-10-26T06:00:00.000Z","housenumber":"60","road":"Magiting","city":"","region":"","country":"PH","netid":"FA:8F:CA:51:D7:CD","name":null,"type":"infra","comment":null,"wep":"?","channel":1,"bcninterval":0,"freenet":"?","dhcp":"?","paynet":"?","userfound":false,"encryption":"unknown"},{"trilat":14.6476497699999992363473211298696696758270263671875,"trilong":121.0643768300000004956018528901040554046630859375,"ssid":"Smart Bro_BA3C4A","qos":4,"transid":"20170129-00000","firsttime":"2017-01-23T20:00:00.000Z","lasttime":"2017-04-04T04:00:00.000Z","lastupdt":"2017-04-04T04:00:00.000Z","housenumber":null,"road":null,"city":null,"region":null,"country":null,"netid":"EE:1D:7F:BA:3C:4A","name":null,"type":"infra","comment":null,"wep":"2","channel":13,"bcninterval":0,"freenet":"?","dhcp":"?","paynet":"?","userfound":false,"encryption":"wpa2"},{"trilat":14.64735126000000065005224314518272876739501953125,"trilong":121.0626602199999979347921907901763916015625,"ssid":"HP-Print-36-LaserJet 400 color","qos":1,"transid":"20161221-00000","firsttime":"2016-12-14T17:00:00.000Z","lasttime":"2017-05-07T05:00:00.000Z","lastupdt":"2017-05-07T05:00:00.000Z","housenumber":null,"road":null,"city":null,"region":null,"country":null,"netid":"AC:D1:B8:53:DC:36","name":null,"type":"infra","comment":null,"wep":"?","channel":6,"bcninterval":0,"freenet":"?","dhcp":"?","paynet":"?","userfound":false,"encryption":"unknown"},{"trilat":14.646574969999999638048393535427749156951904296875,"trilong":121.0611648600000052056202548556029796600341796875,"ssid":"glyph","qos":6,"transid":"20140422-00000","firsttime":"2014-04-22T20:00:00.000Z","lasttime":"2017-10-26T06:00:00.000Z","lastupdt":"2017-10-26T06:00:00.000Z","housenumber":"60","road":"Magiting","city":"","region":"","country":"PH","netid":"E8:CD:2D:7F:11:4D","name":null,"type":"infra","comment":null,"wep":"2","channel":8,"bcninterval":0,"freenet":"?","dhcp":"?","paynet":"?","userfound":false,"encryption":"wpa2"},{"trilat":14.6467447299999999899000613368116319179534912109375,"trilong":121.062347410000000991203705780208110809326171875,"ssid":"Blue Zoom Water Refilling","qos":5,"transid":"20150120-00000","firsttime":"2015-01-11T20:00:00.000Z","lasttime":"2017-03-20T22:00:00.000Z","lastupdt":"2017-03-20T22:00:00.000Z","housenumber":null,"road":null,"city":null,"region":null,"country":null,"netid":"EC:8A:4C:A6:1C:C0","name":null,"type":"infra","comment":null,"wep":"2","channel":1,"bcninterval":0,"freenet":"?","dhcp":"?","paynet":"?","userfound":false,"encryption":"wpa2"},{"trilat":14.646548270000000258050931734032928943634033203125,"trilong":121.058990480000005618421710096299648284912109375,"ssid":"#SmartWifi @StrEATMag","qos":2,"transid":"20170609-00000","firsttime":"2017-06-03T18:00:00.000Z","lasttime":"2017-07-29T13:00:00.000Z","lastupdt":"2017-07-29T13:00:00.000Z","housenumber":"","road":"Maginhawa","city":"","region":"","country":"PH","netid":"EC:8C:A2:30:FF:2C","name":null,"type":"infra","comment":null,"wep":"?","channel":52,"bcninterval":0,"freenet":"?","dhcp":"?","paynet":"?","userfound":false,"encryption":"unknown"}]}