{"success":true,"totalResults":1315,"search_after":37983380,"first":1,"last":100,"resultCount":100,"results":[{"trilat":14.64685154000000011365045793354511260986328125,"trilong":121.0579910299999966127870720811188220977783203125,"ssid":"dlink","qos":5,"transid":"20140508-00000","firsttime":"2014-05-01T21:00:00.000Z","lasttime":"2017-07-29T13:00:00.000Z","lastupdt":"2017-07-29T13:00:00.000Z","housenumber":"79","road":"Maginhawa","city":"","region":"","country":"PH","netid":"C8:D3:A3:1B:8F:40","name":null,"type":"infra","comment":null,"wep":"2","channel":6,"bcninterval":0,"freenet":"?","dhcp":"?","paynet":"?","userfound":false,"encryption":"wpa2"},{"trilat":14.6465511300000006400523488991893827915191650390625,"trilong":121.05889892999999801759258843958377838134765625,"ssid":"PLDTHOMEFIBRe9090","qos":2,"transid":"20170609-00000","firsttime":"2017-06-03T18:00:00.000Z","lasttime":"2017-07-29T13:00:00.000Z","lastupdt":"2017-07-29T13:00:00.000Z","housenumber":"","road":"Maginhawa","city":"","region":"","country":"PH","netid":"BC:C0:0F:1E:90:90","name":null,"type":"infra","comment":null,"wep":"2","channel":11,"bcninterval":0,"freenet":"?","dhcp":"?","paynet":"?","userfound":false,"encryption":"wpa2"},{"trilat":14.6472854600000008673532647662796080112457275390625,"trilong":121.062522889999996777987689711153507232666015625,"ssid":"Globe Pocket","qos":0,"transid":"20170320-00000","firsttime":"2017-03-21T11:00:00.000Z","lasttime":"2017-03-20T22:00:00.000Z","lastupdt":"2017-03-20T22:00:00.000Z","housenumber":null,"road":null,"city":null,"region":null,"country":null,"netid":"BC:75:74:B6:0E:5B","name":null,"type":"infra","comment":null,"wep":"2","channel":10,"bcninterval":0,"freenet":"?","dhcp":"?","paynet":"?","userfound":false,"encryption":"wpa2"},{"trilat":14.64874554000000017595084500499069690704345703125,"trilong":121.05438232000000198240741156041622161865234375,"ssid":"DILNET-ATLETA1","qos":5,"transid":"20140508-00000","firsttime":"2014-05-05T10:00:00.000Z","lasttime":"2017-03-26T07:00:00.000Z","lastupdt":"2017-03-26T07:00:00.000Z","housenumber":null,"road":null,"city":null,"region":null,"country":null,"netid":"C8:D7:19:F1:D7:52","name":null,"type":"infra","comment":null,"wep":"N","channel":6,"bcninterval":0,"freenet":"?","dhcp":"?","paynet":"?","userfound":false,"encryption":"none"},{"trilat":14.647211070000000887603164301253855228424072265625,"trilong":121.062507629999998925995896570384502410888671875,"ssid":"DILNET-WIFI","qos":0,"transid":"20171028-00000","firsttime":"2017-10-27T08:00:00.000Z","lasttime":"2017-10-28T06:00:00.000Z","lastupdt":"2017-10-28T06:00:00.000Z","housenumber":"","road":"Emilio Jacinto","city":"Quezon City","region":"","country":"PH","netid":"2C:E6:CC:37:B9:A8","name":null,"type":"infra","comment":null,"wep":"?","channel":6,"bcninterval":0,"freenet":"?","dhcp":"?","paynet":"?","userfound":false,"encryption":"unknown"},{"trilat":14.6465005900000004857020030613057315349578857421875,"trilong":121.059021000000001322405296377837657928466796875,"ssid":"OPPO A37f","qos":0,"transid":"20170729-00000","firsttime":"2017-07-16T19:00:00.000Z","lasttime":"2017-07-29T13:00:00.000Z","lastupdt":"2017-07-29T13:00:00.000Z","housenumber":"","road":"Maginhawa","city":"","region":"","country":"PH","netid":"4C:1A:3D:22:A1:49","name":null,"type":"infra","comment":null,"wep":"W","channel":6,"bcninterval":0,"freenet":"?","dhcp":"?","paynet":"?","userfound":false,"encryption":"wpa"},{"trilat":14.6478595699999996071483110426925122737884521484375,"trilong":121.0623092700000000832005753181874752044677734375,"ssid":"DILNET-WIFI","qos":2,"transid":"20170222-00000","firsttime":"2017-02-14T19:00:00.000Z","lasttime":"2017-05-07T05:00:00.000Z","lastupdt":"2017-05-07T05:00:00.000Z","housenumber":null,"road":null,"city":null,"region":null,"country":null,"netid":"2C:5D:93:1A:B4:F8","name":null,"type":"infra","comment":null,"wep":"?","channel":1,"bcninterval":0,"freenet":"?","dhcp":"?","paynet":"?","userfound":false,"encryption":"unknown"},{"trilat":14.6481265999999994420477378298528492450714111328125,"trilong":121.062332150000003139211912639439105987548828125,"ssid":"DILNET-WIFI","qos":5,"transid":"20160907-00000","firsttime":"2016-09-04T20:00:00.000Z","lasttime":"2017-05-07T05:00:00.000Z","lastupdt":"2017-05-07T05:00:00.000Z","housenumber":null,"road":null,"city":null,"region":null,"country":null,"netid":"2C:5D:93:1A:B5:A8","name":null,"type":"infra","comment":null,"wep":"?","channel":9,"bcninterval":0,"freenet":"?","dhcp":"?","paynet":"?","userfound":false,"encryption":"unknown"},{"trilat":14.6477689699999995553980625118128955364227294921875,"trilong":121.0631103500000023132088244892656803131103515625,"ssid":"DILNET-WIFI","qos":6,"transid":"20160227-00000","firsttime":"2001-01-01T08:00:00.000Z","lasttime":"2017-06-09T05:00:00.000Z","lastupdt":"2017-06-09T05:00:00.000Z","housenumber":null,"road":null,"city":null,"region":null,"country":null,"netid":"2C:5D:93:1A:B5:D8","name":null,"type":"infra","comment":null,"wep":"?","channel":1,"bcninterval":0,"freenet":"?","dhcp":"?","paynet":"?","userfound":false,"encryption":"unknown"},{"trilat":14.64756775000000033060132409445941448211669921875,"trilong":121.0631561299999958691842039115726947784423828125,"ssid":"DILNET-WIFI","qos":6,"transid":"20160227-00000","firsttime":"2016-01-29T18:00:00.000Z","lasttime":"2017-10-28T06:00:00.000Z","lastupdt":"2017-10-28T06:00:00.000Z","housenumber":"","road":"Emilio Jacinto","city":"Quezon City","region":"","country":"PH","netid":"2C:5D:93:1A:B6:28","name":null,"type":"infra","comment":null,"wep":"?","channel":11,"bcninterval":0,"freenet":"?","dhcp":"?","paynet":"?","userfound":false,"encryption":"unknown"},{"trilat":14.6468582200000003723516783793456852436065673828125,"trilong":121.0580978400000020656079868786036968231201171875,"ssid":"FHE SANTOS 530","qos":0,"transid":"20170729-00000","firsttime":"2017-07-16T19:00:00.000Z","lasttime":"2017-07-29T13:00:00.000Z","lastupdt":"2017-07-29T13:00:00.000Z","housenumber":"79","road":"Maginhawa","city":"","region":"","country":"PH","netid":"50:9F:27:94:BB:13","name":null,"type":"infra","comment":null,"wep":"2","channel":6,"bcninterval":0,"freenet":"?","dhcp":"?","paynet":"?","userfound":false,"encryption":"wpa2"},{"trilat":14.6490116100000005161518856766633689403533935546875,"trilong":121.06225585999999339037458412349224090576171875,"ssid":"bayanDSLWiFi_A674","qos":5,"transid":"20160227-00000","firsttime":"2016-02-27T19:00:00.000Z","lasttime":"2017-05-07T05:00:00.000Z","lastupdt":"2017-05-07T05:00:00.000Z","housenumber":null,"road":null,"city":null,"region":null,"country":null,"netid":"38:D8:2F:2B:A6:74","name":null,"type":"infra","comment":null,"wep":"2","channel":1,"bcninterval":0,"freenet":"?","dhcp":"?","paynet":"?","userfound":false,"encryption":"wpa2"},{"trilat":14.646665569999999689798642066307365894317626953125,"trilong":121.058296200000000908403308130800724029541015625,"ssid":"#WestWoodph","qos":1,"transid":"20160907-00000","firsttime":"2016-09-03T21:00:00.000Z","lasttime":"2017-04-04T04:00:00.000Z","lastupdt":"2017-04-04T04:00:00.000Z","housenumber":null,"road":null,"city":null,"region":null,"country":null,"netid":"38:D8:2F:2B:CD:30","name":null,"type":"infra","comment":null,"wep":"2","channel":6,"bcninterval":0,"freenet":"?","dhcp":"?","paynet":"?","userfound":false,"encryption":"wpa2"},{"trilat":14.651414869999999979199856170453131198883056640625,"trilong":121.062332150000003139211912639439105987548828125,"ssid":"RONRON","qos":5,"transid":"20150808-00000","firsttime":"2001-01-01T08:00:00.000Z","lasttime":"2017-03-26T07:00:00.000Z","lastupdt":"2017-03-26T07:00:00.000Z","housenumber":null,"road":null,"city":null,"region":null,"country":null,"netid":"38:D8:2F:22:45:8C","name":null,"type":"infra","comment":null,"wep":"2","channel":2,"bcninterval":0,"freenet":"?","dhcp":"?","paynet":"?","userfound":false,"encryption":"wpa2"},{"trilat":14.6490278200000005881520337425172328948974609375,"trilong":121.0633850100000046268178266473114490509033203125,"ssid":"bayanDSLWiFi_59B4","qos":0,"transid":"20170507-00000","firsttime":"2017-04-20T20:00:00.000Z","lasttime":"2017-05-07T05:00:00.000Z","lastupdt":"2017-05-07T05:00:00.000Z","housenumber":null,"road":null,"city":null,"region":null,"country":null,"netid":"38:D8:2F:22:59:B4","name":null,"type":"infra","comment":null,"wep":"2","channel":10,"bcninterval":0,"freenet":"?","dhcp":"?","paynet":"?","userfound":false,"encryption":"wpa2"},{"trilat":14.650068279999999276697053574025630950927734375,"trilong":121.0622634900000065272251958958804607391357421875,"ssid":"LMMC","qos":5,"transid":"20130317-00000","firsttime":"2013-03-17T19:00:00.000Z","lasttime":"2017-03-26T07:00:00.000Z","lastupdt":"2017-03-26T07:00:00.000Z","housenumber":null,"road":null,"city":null,"region":"Metro Manila","country":"PH","netid":"4C:09:B4:A2:FE:BD","name":null,"type":"infra","comment":null,"wep":"W","channel":1,"bcninterval":0,"freenet":"?","dhcp":"?","paynet":"?","userfound":false,"encryption":"wpa"},{"trilat":14.6462917299999997311488186824135482311248779296875,"trilong":121.059555050000000164800439961254596710205078125,"ssid":null,"qos":2,"transid":"20170609-00000","firsttime":"2017-06-03T18:00:00.000Z","lasttime":"2017-07-29T13:00:00.000Z","lastupdt":"2017-07-29T13:00:00.000Z","housenumber":"","road":"Maginhawa","city":"","region":"","country":"PH","netid":"4C:60:DE:D0:03:EC","name":null,"type":"infra","comment":null,"wep":"2","channel":2,"bcninterval":0,"freenet":"?","dhcp":"?","paynet":"?","userfound":false,"encryption":"wpa2"},{"trilat":14.647625919999999410947566502727568149566650390625,"trilong":121.0641250599999949599805404432117938995361328125,"ssid":"IPAD.EM","qos":0,"transid":"20170316-00000","firsttime":"2017-03-15T21:00:00.000Z","lasttime":"2017-03-16T08:00:00.000Z","lastupdt":"2017-03-16T08:00:00.000Z","housenumber":null,"road":null,"city":null,"region":null,"country":null,"netid":"62:D9:C7:D2:82:14","name":null,"type":"infra","comment":null,"wep":"2","channel":6,"bcninterval":0,"freenet":"?","dhcp":"?","paynet":"?","userfound":false,"encryption":"wpa2"},{"trilat":14.6503524800000004546518539427779614925384521484375,"trilong":121.057388309999993225574144162237644195556640625,"ssid":"SKYbroadband7E8A","qos":0,"transid":"20170609-00000","firsttime":"2017-06-03T18:00:00.000Z","lasttime":"2017-06-09T05:00:00.000Z","lastupdt":"2017-06-09T05:00:00.000Z","housenumber":null,"road":null,"city":null,"region":null,"country":null,"netid":"50:09:59:83:7E:8D","name":null,"type":"infra","comment":null,"wep":"2","channel":11,"bcninterval":0,"freenet":"?","dhcp":"?","paynet":"?","userfound":false,"encryption":"wpa2"},{"trilat":14.648278239999999783549355925060808658599853515625,"trilong":121.05715942000000495681888423860073089599609375,"ssid":"HOLYFAMILY","qos":2,"transid":"20160227-00000","firsttime":"2016-02-13T21:00:00.000Z","lasttime":"2017-07-29T13:00:00.000Z","lastupdt":"2017-07-29T13:00:00.000Z","housenumber":"59","road":"Maginhawa","city":"","region":"","country":"PH","netid":"C4:12:F5:70:5E:98","name":null,"type":"infra","comment":null,"wep":"2","channel":10,"bcninterval":0,"freenet":"?","dhcp":"?","paynet":"?","userfound":false,"encryption":"wpa2"},{"trilat":14.6490964899999998038992998772300779819488525390625,"trilong":121.064056399999998347993823699653148651123046875,"ssid":"IP1725","qos":0,"transid":"20170507-00000","firsttime":"2017-04-20T20:00:00.000Z","lasttime":"2017-05-07T05:00:00.000Z","lastupdt":"2017-05-07T05:00:00.000Z","housenumber":null,"road":null,"city":null,"region":null,"country":null,"netid":"4C:81:20:92:E0:DE","name":null,"type":"infra","comment":null,"wep":"2","channel":11,"bcninterval":0,"freenet":"?","dhcp":"?","paynet":"?","userfound":false,"encryption":"wpa2"},{"trilat":14.6466598500000007021526471362449228763580322265625,"trilong":121.0585022000000066100255935452878475189208984375,"ssid":"PNRBRUDU","qos":0,"transid":"20170729-00000","firsttime":"2017-07-16T19:00:00.000Z","lasttime":"2017-07-29T13:00:00.000Z","lastupdt":"2017-07-29T13:00:00.000Z","housenumber":"85","road":"Maginhawa","city":"","region":"","country":"PH","netid":"4C:81:20:F3:97:9B","name":null,"type":"infra","comment":null,"wep":"2","channel":5,"bcninterval":0,"freenet":"?","dhcp":"?","paynet":"?","userfound":false,"encryption":"wpa2"},{"trilat":14.6472072600000000619502316112630069255828857421875,"trilong":121.057731630000006362024578265845775604248046875,"ssid":"HUAWEI-E5330-7039","qos":0,"transid":"20170404-00000","firsttime":"2017-03-31T19:00:00.000Z","lasttime":"2017-04-04T04:00:00.000Z","lastupdt":"2017-04-04T04:00:00.000Z","housenumber":null,"road":null,"city":null,"region":null,"country":null,"netid":"50:68:0A:68:70:39","name":null,"type":"infra","comment":null,"wep":"2","channel":3,"bcninterval":0,"freenet":"?","dhcp":"?","paynet":"?","userfound":false,"encryption":"wpa2"},{"trilat":14.6472835499999991526465237257070839405059814453125,"trilong":121.06222533999999768639099784195423126220703125,"ssid":"HUAWEI-6A91","qos":2,"transid":"20170320-00000","firsttime":"2017-03-21T11:00:00.000Z","lasttime":"2017-05-07T05:00:00.000Z","lastupdt":"2017-05-07T05:00:00.000Z","housenumber":null,"road":null,"city":null,"region":null,"country":null,"netid":"F4:CB:52:47:6A:91","name":null,"type":"infra","comment":null,"wep":"2","channel":10,"bcninterval":0,"freenet":"?","dhcp":"?","paynet":"?","userfound":false,"encryption":"wpa2"},{"trilat":14.6461334199999999583496901323087513446807861328125,"trilong":121.0601806600000003300010575912892818450927734375,"ssid":"Cheesering","qos":0,"transid":"20170715-00000","firsttime":"2017-07-15T16:00:00.000Z","lasttime":"2017-07-15T01:00:00.000Z","lastupdt":"2017-07-15T01:00:00.000Z","housenumber":"","road":"Maginhawa","city":"","region":"","country":"PH","netid":"50:68:0A:BD:69:1E","name":null,"type":"infra","comment":null,"wep":"2","channel":9,"bcninterval":0,"freenet":"?","dhcp":"?","paynet":"?","userfound":false,"encryption":"wpa2"},{"trilat":14.6468133900000001546004568808712065219879150390625,"trilong":121.061203000000006113623385317623615264892578125,"ssid":"HUAWEI-3593","qos":0,"transid":"20170303-00000","firsttime":"2017-03-03T20:00:00.000Z","lasttime":"2017-03-03T07:00:00.000Z","lastupdt":"2017-03-03T07:00:00.000Z","housenumber":null,"road":null,"city":null,"region":null,"country":null,"netid":"F4:CB:52:B1:35:93","name":null,"type":"infra","comment":null,"wep":"2","channel":5,"bcninterval":0,"freenet":"?","dhcp":"?","paynet":"?","userfound":false,"encryption":"wpa2"},{"trilat":14.6461963700000001864509613369591534137725830078125,"trilong":121.059944150000006857226253487169742584228515625,"ssid":"SKYbroadband6FF1","qos":2,"transid":"20170609-00000","firsttime":"2017-06-03T18:00:00.000Z","lasttime":"2017-07-29T13:00:00.000Z","lastupdt":"2017-07-29T13:00:00.000Z","housenumber":"","road":"Maginhawa","city":"","region":"","country":"PH","netid":"70:5A:9E:92:6F:F4","name":null,"type":"infra","comment":null,"wep":"2","channel":12,"bcninterval":0,"freenet":"?","dhcp":"?","paynet":"?","userfound":false,"encryption":"wpa2"},{"trilat":14.6466674799999996281485437066294252872467041015625,"trilong":121.052352909999996199985616840422153472900390625,"ssid":"bayanDSLWiFi_9BE4","qos":0,"transid":"20171016-00000","firsttime":"2017-10-17T10:00:00.000Z","lasttime":"2017-10-17T04:00:00.000Z","lastupdt":"2017-10-17T04:00:00.000Z","housenumber":"","road":"Kalayaan","city":"Quezon City","region":"","country":"PH","netid":"70:9F:2D:A0:9B:E4","name":null,"type":"infra","comment":null,"wep":"2","channel":1,"bcninterval":0,"freenet":"?","dhcp":"?","paynet":"?","userfound":false,"encryption":"wpa2"},{"trilat":14.646039959999999524598024436272680759429931640625,"trilong":121.0622634900000065272251958958804607391357421875,"ssid":"bayanDSLWiFi_DE20","qos":0,"transid":"20170715-00000","firsttime":"2017-07-09T14:00:00.000Z","lasttime":"2017-07-15T01:00:00.000Z","lastupdt":"2017-07-15T01:00:00.000Z","housenumber":"","road":"V. Francisco","city":"","region":"","country":"PH","netid":"70:9F:2D:A0:DE:20","name":null,"type":"infra","comment":null,"wep":"2","channel":6,"bcninterval":0,"freenet":"?","dhcp":"?","paynet":"?","userfound":false,"encryption":"wpa2"},{"trilat":14.6477460900000000521004039910621941089630126953125,"trilong":121.0642318700000004128014552406966686248779296875,"ssid":"Globe_LTE MIFI_20F0","qos":0,"transid":"20170322-00000","firsttime":"2017-03-22T19:00:00.000Z","lasttime":"2017-03-22T04:00:00.000Z","lastupdt":"2017-03-22T04:00:00.000Z","housenumber":null,"road":null,"city":null,"region":null,"country":null,"netid":"5C:F2:86:2D:20:F0","name":null,"type":"infra","comment":null,"wep":"2","channel":8,"bcninterval":0,"freenet":"?","dhcp":"?","paynet":"?","userfound":false,"encryption":"wpa2"},{"trilat":14.6473350500000005780520950793288648128509521484375,"trilong":121.0624237100000044620173866860568523406982421875,"ssid":"Globe_LTE MIFI_6D10","qos":0,"transid":"20170729-00000","firsttime":"2017-07-28T10:00:00.000Z","lasttime":"2017-07-29T13:00:00.000Z","lastupdt":"2017-07-29T13:00:00.000Z","housenumber":"","road":"Emilio Jacinto","city":"Quezon City","region":"","country":"PH","netid":"5C:F2:86:2D:6D:10","name":null,"type":"infra","comment":null,"wep":"2","channel":6,"bcninterval":0,"freenet":"?","dhcp":"?","paynet":"?","userfound":false,"encryption":"wpa2"},{"trilat":14.648750310000000496302163810469210147857666015625,"trilong":121.0621337900000042964165913872420787811279296875,"ssid":"Gabriel","qos":0,"transid":"20170112-00000","firsttime":"2017-01-12T19:00:00.000Z","lasttime":"2017-01-12T04:00:00.000Z","lastupdt":"2017-01-12T04:00:00.000Z","housenumber":null,"road":null,"city":null,"region":null,"country":null,"netid":"5C:F2:86:21:B0:74","name":null,"type":"infra","comment":null,"wep":"2","channel":8,"bcninterval":0,"freenet":"?","dhcp":"?","paynet":"?","userfound":false,"encryption":"wpa2"},{"trilat":14.64624500000000040245140553452074527740478515625,"trilong":121.0600128199999971911893226206302642822265625,"ssid":"grandwinner","qos":0,"transid":"20170729-00000","firsttime":"2017-07-16T19:00:00.000Z","lasttime":"2017-07-29T13:00:00.000Z","lastupdt":"2017-07-29T13:00:00.000Z","housenumber":"","road":"Maginhawa","city":"","region":"","country":"PH","netid":"5C:F2:86:21:FA:F8","name":null,"type":"infra","comment":null,"wep":"2","channel":6,"bcninterval":0,"freenet":"?","dhcp":"?","paynet":"?","userfound":false,"encryption":"wpa2"},{"trilat":14.64683437000000054695192375220358371734619140625,"trilong":121.060943600000001652006176300346851348876953125,"ssid":"VirusDetected","qos":0,"transid":"20170715-00000","firsttime":"2017-07-15T16:00:00.000Z","lasttime":"2017-07-15T01:00:00.000Z","lastupdt":"2017-07-15T01:00:00.000Z","housenumber":"60","road":"Magiting","city":"","region":"","country":"PH","netid":"5C:F2:86:22:81:02","name":null,"type":"infra","comment":null,"wep":"2","channel":8,"bcninterval":0,"freenet":"?","dhcp":"?","paynet":"?","userfound":false,"encryption":"wpa2"},{"trilat":14.64776802000000088810338638722896575927734375,"trilong":121.064300540000004957619239576160907745361328125,"ssid":"SmartBro_246EA8","qos":0,"transid":"20170921-00000","firsttime":"2017-09-21T20:00:00.000Z","lasttime":"2017-09-21T05:00:00.000Z","lastupdt":"2017-09-21T05:00:00.000Z","housenumber":"","road":"Delos Reyes","city":"Quezon City","region":"","country":"PH","netid":"5C:F2:86:24:6E:A8","name":null,"type":"infra","comment":null,"wep":"2","channel":9,"bcninterval":0,"freenet":"?","dhcp":"?","paynet":"?","userfound":false,"encryption":"wpa2"},{"trilat":14.648431779999999235997165669687092304229736328125,"trilong":121.0598525999999992563971318304538726806640625,"ssid":"hpsbbw888","qos":0,"transid":"20161222-00000","firsttime":"2016-12-22T16:00:00.000Z","lasttime":"2017-02-22T15:00:00.000Z","lastupdt":"2017-02-22T15:00:00.000Z","housenumber":null,"road":null,"city":null,"region":null,"country":null,"netid":"5C:F2:86:24:AF:02","name":null,"type":"infra","comment":null,"wep":"2","channel":6,"bcninterval":0,"freenet":"?","dhcp":"?","paynet":"?","userfound":false,"encryption":"wpa2"},{"trilat":14.6472072600000000619502316112630069255828857421875,"trilong":121.0625534100000066928259911946952342987060546875,"ssid":"babybear","qos":0,"transid":"20170326-00000","firsttime":"2017-03-25T13:00:00.000Z","lasttime":"2017-03-26T07:00:00.000Z","lastupdt":"2017-03-26T07:00:00.000Z","housenumber":null,"road":null,"city":null,"region":null,"country":null,"netid":"5C:F2:86:25:28:61","name":null,"type":"infra","comment":null,"wep":"2","channel":7,"bcninterval":0,"freenet":"?","dhcp":"?","paynet":"?","userfound":false,"encryption":"wpa2"},{"trilat":14.6508293199999997113991412334144115447998046875,"trilong":121.05912781000000677522621117532253265380859375,"ssid":"VirtualVirus","qos":0,"transid":"20170226-00000","firsttime":"2017-02-27T00:00:00.000Z","lasttime":"2017-02-26T10:00:00.000Z","lastupdt":"2017-02-26T10:00:00.000Z","housenumber":null,"road":null,"city":null,"region":null,"country":null,"netid":"5C:F2:86:25:29:E0","name":null,"type":"infra","comment":null,"wep":"2","channel":10,"bcninterval":0,"freenet":"?","dhcp":"?","paynet":"?","userfound":false,"encryption":"wpa2"},{"trilat":14.645941730000000546851879335008561611175537109375,"trilong":121.0527496299999938855762593448162078857421875,"ssid":"WILLIAM","qos":0,"transid":"20171016-00000","firsttime":"2017-10-17T10:00:00.000Z","lasttime":"2017-10-17T04:00:00.000Z","lastupdt":"2017-10-17T04:00:00.000Z","housenumber":"","road":"Makatarungan","city":"Quezon City","region":"","country":"PH","netid":"5C:F2:86:25:2A:92","name":null,"type":"infra","comment":null,"wep":"2","channel":6,"bcninterval":0,"freenet":"?","dhcp":"?","paynet":"?","userfound":false,"encryption":"wpa2"},{"trilat":14.6478185700000000935006028157658874988555908203125,"trilong":121.0572586100000052056202548556029796600341796875,"ssid":"www.dmcihomes4u.com","qos":0,"transid":"20170729-00000","firsttime":"2017-07-16T19:00:00.000Z","lasttime":"2017-07-29T13:00:00.000Z","lastupdt":"2017-07-29T13:00:00.000Z","housenumber":"67","road":"Maginhawa","city":"","region":"","country":"PH","netid":"5C:F2:86:2B:08:5B","name":null,"type":"infra","comment":null,"wep":"2","channel":7,"bcninterval":0,"freenet":"?","dhcp":"?","paynet":"?","userfound":false,"encryption":"wpa2"},{"trilat":14.6472845100000004237017492414452135562896728515625,"trilong":121.062507629999998925995896570384502410888671875,"ssid":"waddup","qos":0,"transid":"20170320-00000","firsttime":"2017-03-21T11:00:00.000Z","lasttime":"2017-03-20T22:00:00.000Z","lastupdt":"2017-03-20T22:00:00.000Z","housenumber":null,"road":null,"city":null,"region":null,"country":null,"netid":"5C:F2:86:25:A1:97","name":null,"type":"infra","comment":null,"wep":"2","channel":8,"bcninterval":0,"freenet":"?","dhcp":"?","paynet":"?","userfound":false,"encryption":"wpa2"},{"trilat":14.6501665100000000308000380755402147769927978515625,"trilong":121.062347410000000991203705780208110809326171875,"ssid":"Unidentified Network","qos":1,"transid":"20170311-00000","firsttime":"2017-03-11T20:00:00.000Z","lasttime":"2017-03-26T07:00:00.000Z","lastupdt":"2017-03-26T07:00:00.000Z","housenumber":null,"road":null,"city":null,"region":null,"country":null,"netid":"5C:F2:86:26:C4:44","name":null,"type":"infra","comment":null,"wep":"2","channel":8,"bcninterval":0,"freenet":"?","dhcp":"?","paynet":"?","userfound":false,"encryption":"wpa2"},{"trilat":14.6466674799999996281485437066294252872467041015625,"trilong":121.0591888400000044612170313484966754913330078125,"ssid":"Robelle Lyn?s iPhone","qos":0,"transid":"20170404-00000","firsttime":"2017-03-31T19:00:00.000Z","lasttime":"2017-04-04T04:00:00.000Z","lastupdt":"2017-04-04T04:00:00.000Z","housenumber":null,"road":null,"city":null,"region":null,"country":null,"netid":"72:70:0D:BC:09:C3","name":null,"type":"infra","comment":null,"wep":"2","channel":11,"bcninterval":0,"freenet":"?","dhcp":"?","paynet":"?","userfound":false,"encryption":"wpa2"},{"trilat":14.6498537100000003619015842559747397899627685546875,"trilong":121.05747986000000082640326581895351409912109375,"ssid":"a8372a","qos":0,"transid":"20170609-00000","firsttime":"2017-06-03T18:00:00.000Z","lasttime":"2017-06-09T05:00:00.000Z","lastupdt":"2017-06-09T05:00:00.000Z","housenumber":null,"road":null,"city":null,"region":null,"country":null,"netid":"60:02:92:3D:AE:B3","name":null,"type":"infra","comment":null,"wep":"2","channel":11,"bcninterval":0,"freenet":"?","dhcp":"?","paynet":"?","userfound":false,"encryption":"wpa2"},{"trilat":14.6503620100000002679507815628312528133392333984375,"trilong":121.0594711300000057008219300769269466400146484375,"ssid":"DimacaliWifi","qos":6,"transid":"20140224-00000","firsttime":"2014-02-20T09:00:00.000Z","lasttime":"2017-03-07T18:00:00.000Z","lastupdt":"2017-03-07T18:00:00.000Z","housenumber":null,"road":null,"city":null,"region":null,"country":null,"netid":"74:D0:2B:42:A8:90","name":null,"type":"infra","comment":null,"wep":"2","channel":7,"bcninterval":0,"freenet":"?","dhcp":"?","paynet":"?","userfound":false,"encryption":"wpa2"},{"trilat":14.6466960900000007228527465485967695713043212890625,"trilong":121.0602951000000047088178689591586589813232421875,"ssid":"Anytime Fitness Maginhawa","qos":5,"transid":"20170303-00000","firsttime":"2017-03-03T19:00:00.000Z","lasttime":"2017-07-29T13:00:00.000Z","lastupdt":"2017-07-29T13:00:00.000Z","housenumber":"60","road":"Magiting","city":"","region":"","country":"PH","netid":"74:CC:39:BB:7E:50","name":null,"type":"infra","comment":null,"wep":"2","channel":6,"bcninterval":0,"freenet":"?","dhcp":"?","paynet":"?","userfound":false,"encryption":"wpa2"},{"trilat":14.6463956799999994728977981139905750751495361328125,"trilong":121.0524902300000036348137655295431613922119140625,"ssid":"PLDTHOMEFIBRcc0d0","qos":0,"transid":"20171016-00000","firsttime":"2017-10-17T10:00:00.000Z","lasttime":"2017-10-17T04:00:00.000Z","lastupdt":"2017-10-17T04:00:00.000Z","housenumber":"","road":"Mayaman","city":"Quezon City","region":"","country":"PH","netid":"74:CC:39:BC:C0:D0","name":null,"type":"infra","comment":null,"wep":"2","channel":1,"bcninterval":0,"freenet":"?","dhcp":"?","paynet":"?","userfound":false,"encryption":"wpa2"},{"trilat":14.6462726599999992771472534514032304286956787109375,"trilong":121.05986785999999710838892497122287750244140625,"ssid":"PLDTHOMEFIBR0f108","qos":1,"transid":"20170715-00000","firsttime":"2017-07-15T16:00:00.000Z","lasttime":"2017-07-29T13:00:00.000Z","lastupdt":"2017-07-29T13:00:00.000Z","housenumber":"","road":"Maginhawa","city":"","region":"","country":"PH","netid":"74:CC:39:C0:F1:08","name":null,"type":"infra","comment":null,"wep":"2","channel":9,"bcninterval":0,"freenet":"?","dhcp":"?","paynet":"?","userfound":false,"encryption":"wpa2"},{"trilat":14.6465978599999999687497620470821857452392578125,"trilong":121.05834960999999339037458412349224090576171875,"ssid":"saxxy","qos":0,"transid":"20170609-00000","firsttime":"2017-06-03T18:00:00.000Z","lasttime":"2017-06-09T05:00:00.000Z","lastupdt":"2017-06-09T05:00:00.000Z","housenumber":null,"road":null,"city":null,"region":null,"country":null,"netid":"44:74:6C:C2:9C:88","name":null,"type":"infra","comment":null,"wep":"2","channel":1,"bcninterval":0,"freenet":"?","dhcp":"?","paynet":"?","userfound":false,"encryption":"wpa2"},{"trilat":14.6463594399999994521976987016387283802032470703125,"trilong":121.0628814699999935555752017535269260406494140625,"ssid":"HUAWEI GR3 2017","qos":0,"transid":"20171015-00000","firsttime":"2017-10-15T23:00:00.000Z","lasttime":"2017-10-15T10:00:00.000Z","lastupdt":"2017-10-15T10:00:00.000Z","housenumber":"","road":"Salvador","city":"","region":"","country":"PH","netid":"50:04:B8:0C:BD:48","name":null,"type":"infra","comment":null,"wep":"2","channel":6,"bcninterval":0,"freenet":"?","dhcp":"?","paynet":"?","userfound":false,"encryption":"wpa2"},{"trilat":14.6494741400000005882020559511147439479827880859375,"trilong":121.0575332599999995863981894217431545257568359375,"ssid":"SKYbroadband7837","qos":0,"transid":"20170609-00000","firsttime":"2017-06-03T18:00:00.000Z","lasttime":"2017-06-09T05:00:00.000Z","lastupdt":"2017-06-09T05:00:00.000Z","housenumber":null,"road":null,"city":null,"region":null,"country":null,"netid":"50:09:59:DB:78:3A","name":null,"type":"infra","comment":null,"wep":"2","channel":1,"bcninterval":0,"freenet":"?","dhcp":"?","paynet":"?","userfound":false,"encryption":"wpa2"},{"trilat":14.6462869599999994107974998769350349903106689453125,"trilong":121.0525665299999928947727312333881855010986328125,"ssid":"PLDTMyDSLBiz57790","qos":0,"transid":"20171016-00000","firsttime":"2017-10-17T10:00:00.000Z","lasttime":"2017-10-17T04:00:00.000Z","lastupdt":"2017-10-17T04:00:00.000Z","housenumber":"","road":"Mayaman","city":"Quezon City","region":"","country":"PH","netid":"60:31:97:DC:FE:A0","name":null,"type":"infra","comment":null,"wep":"2","channel":13,"bcninterval":0,"freenet":"?","dhcp":"?","paynet":"?","userfound":false,"encryption":"wpa2"},{"trilat":14.646421430000000185600583790801465511322021484375,"trilong":121.0524978600000025608096620999276638031005859375,"ssid":"DILG_Guest for Mobile Devices","qos":0,"transid":"20171016-00000","firsttime":"2017-10-17T10:00:00.000Z","lasttime":"2017-10-17T04:00:00.000Z","lastupdt":"2017-10-17T04:00:00.000Z","housenumber":"","road":"Mayaman","city":"Quezon City","region":"","country":"PH","netid":"60:A4:4C:78:44:FD","name":null,"type":"infra","comment":null,"wep":"2","channel":11,"bcninterval":0,"freenet":"?","dhcp":"?","paynet":"Y","userfound":false,"encryption":"wpa2"},{"trilat":14.6476335500000001133003024733625352382659912109375,"trilong":121.062751770000005535621312446892261505126953125,"ssid":"HUAWEI-181E","qos":0,"transid":"20170112-00000","firsttime":"2017-01-12T19:00:00.000Z","lasttime":"2017-01-12T04:00:00.000Z","lastupdt":"2017-01-12T04:00:00.000Z","housenumber":null,"road":null,"city":null,"region":null,"country":null,"netid":"60:83:34:0F:18:1E","name":null,"type":"infra","comment":null,"wep":"2","channel":1,"bcninterval":0,"freenet":"?","dhcp":"?","paynet":"?","userfound":false,"encryption":"wpa2"},{"trilat":14.64904403999999971119905239902436733245849609375,"trilong":121.06346892999999909079633653163909912109375,"ssid":"Basic Calculus","qos":0,"transid":"20170507-00000","firsttime":"2017-04-20T20:00:00.000Z","lasttime":"2017-05-07T05:00:00.000Z","lastupdt":"2017-05-07T05:00:00.000Z","housenumber":null,"road":null,"city":null,"region":null,"country":null,"netid":"60:83:34:4E:E1:2E","name":null,"type":"infra","comment":null,"wep":"2","channel":5,"bcninterval":0,"freenet":"?","dhcp":"?","paynet":"?","userfound":false,"encryption":"wpa2"},{"trilat":14.6470441799999999687997842556796967983245849609375,"trilong":121.0616226199999942991780699230730533599853515625,"ssid":"Puffyk024","qos":0,"transid":"20170223-00000","firsttime":"2017-02-23T13:00:00.000Z","lasttime":"2017-02-23T04:00:00.000Z","lastupdt":"2017-02-23T04:00:00.000Z","housenumber":null,"road":null,"city":null,"region":null,"country":null,"netid":"40:F3:08:55:9C:E8","name":null,"type":"infra","comment":null,"wep":"2","channel":6,"bcninterval":0,"freenet":"?","dhcp":"?","paynet":"?","userfound":false,"encryption":"wpa2"},{"trilat":14.646257399999999648798620910383760929107666015625,"trilong":121.062393189999994547179085202515125274658203125,"ssid":"Taitai","qos":2,"transid":"20170715-00000","firsttime":"2017-07-09T14:00:00.000Z","lasttime":"2017-07-29T13:00:00.000Z","lastupdt":"2017-07-29T13:00:00.000Z","housenumber":"","road":"V. Francisco","city":"","region":"","country":"PH","netid":"68:A0:F6:B7:3D:4E","name":null,"type":"infra","comment":null,"wep":"2","channel":11,"bcninterval":0,"freenet":"?","dhcp":"?","paynet":"?","userfound":false,"encryption":"wpa2"},{"trilat":14.6495399499999994219479049206711351871490478515625,"trilong":121.0624084500000066100255935452878475189208984375,"ssid":"AndroidAP","qos":0,"transid":"20170109-00000","firsttime":"2017-01-09T19:00:00.000Z","lasttime":"2017-01-12T04:00:00.000Z","lastupdt":"2017-01-12T04:00:00.000Z","housenumber":null,"road":null,"city":null,"region":null,"country":null,"netid":"70:28:8B:48:D7:72","name":null,"type":"infra","comment":null,"wep":"2","channel":6,"bcninterval":0,"freenet":"?","dhcp":"?","paynet":"?","userfound":false,"encryption":"wpa2"},{"trilat":14.647018429999999256096998578868806362152099609375,"trilong":121.0625839199999944639785098843276500701904296875,"ssid":"nolibagtas","qos":0,"transid":"20171015-00000","firsttime":"2017-10-15T23:00:00.000Z","lasttime":"2017-10-15T10:00:00.000Z","lastupdt":"2017-10-15T10:00:00.000Z","housenumber":"","road":"Emilio Jacinto","city":"Quezon City","region":"","country":"PH","netid":"58:70:C6:F4:43:98","name":null,"type":"infra","comment":null,"wep":"2","channel":6,"bcninterval":0,"freenet":"?","dhcp":"?","paynet":"?","userfound":false,"encryption":"wpa2"},{"trilat":14.6513471600000002581509761512279510498046875,"trilong":121.0529785199999963651862344704568386077880859375,"ssid":"YICarCam_fc948b","qos":2,"transid":"20161224-00000","firsttime":"2016-12-25T11:00:00.000Z","lasttime":"2017-03-08T03:00:00.000Z","lastupdt":"2017-03-08T03:00:00.000Z","housenumber":null,"road":null,"city":null,"region":null,"country":null,"netid":"58:70:C6:FC:94:8B","name":null,"type":"infra","comment":null,"wep":"2","channel":7,"bcninterval":0,"freenet":"?","dhcp":"?","paynet":"?","userfound":false,"encryption":"wpa2"},{"trilat":14.6466178899999999174497133935801684856414794921875,"trilong":121.0596313500000036356141208671033382415771484375,"ssid":"Get Your Own Wifi","qos":5,"transid":"20130719-00000","firsttime":"2013-07-19T21:00:00.000Z","lasttime":"2017-03-03T07:00:00.000Z","lastupdt":"2017-03-03T07:00:00.000Z","housenumber":null,"road":null,"city":null,"region":"Metro Manila","country":"PH","netid":"6C:8B:2F:5D:42:D8","name":null,"type":"infra","comment":null,"wep":"2","channel":6,"bcninterval":0,"freenet":"?","dhcp":"?","paynet":"?","userfound":false,"encryption":"wpa2"},{"trilat":14.64661502999999953544829622842371463775634765625,"trilong":121.05972289999999702558852732181549072265625,"ssid":"d0adfe","qos":5,"transid":"20130810-00000","firsttime":"2013-08-07T21:00:00.000Z","lasttime":"2017-04-04T04:00:00.000Z","lastupdt":"2017-04-04T04:00:00.000Z","housenumber":null,"road":null,"city":null,"region":"Metro Manila","country":"PH","netid":"70:54:D2:43:13:E1","name":null,"type":"infra","comment":null,"wep":"2","channel":1,"bcninterval":0,"freenet":"?","dhcp":"?","paynet":"?","userfound":false,"encryption":"wpa2"},{"trilat":14.6483621599999995765983840101398527622222900390625,"trilong":121.0570754999999962819856591522693634033203125,"ssid":"OPPO A37f","qos":0,"transid":"20170609-00000","firsttime":"2017-06-03T18:00:00.000Z","lasttime":"2017-06-09T05:00:00.000Z","lastupdt":"2017-06-09T05:00:00.000Z","housenumber":null,"road":null,"city":null,"region":null,"country":null,"netid":"4C:1A:3D:52:93:33","name":null,"type":"infra","comment":null,"wep":"2","channel":6,"bcninterval":0,"freenet":"?","dhcp":"?","paynet":"?","userfound":false,"encryption":"wpa2"},{"trilat":14.648205759999999742149157100357115268707275390625,"trilong":121.062332150000003139211912639439105987548828125,"ssid":"102HW-B1F862","qos":5,"transid":"20161207-00000","firsttime":"2016-12-07T18:00:00.000Z","lasttime":"2017-05-07T05:00:00.000Z","lastupdt":"2017-05-07T05:00:00.000Z","housenumber":null,"road":null,"city":null,"region":null,"country":null,"netid":"7A:F5:FD:B1:F8:63","name":null,"type":"infra","comment":null,"wep":"2","channel":6,"bcninterval":0,"freenet":"?","dhcp":"?","paynet":"?","userfound":false,"encryption":"wpa2"},{"trilat":14.6467571299999992362472767126746475696563720703125,"trilong":121.06267547999999578678398393094539642333984375,"ssid":"PLDTHOMEDSL2E1CE","qos":0,"transid":"20171026-00000","firsttime":"2017-10-26T20:00:00.000Z","lasttime":"2017-10-26T06:00:00.000Z","lastupdt":"2017-10-26T06:00:00.000Z","housenumber":"","road":"Salvador","city":"","region":"","country":"PH","netid":"4C:81:20:92:E1:CE","name":null,"type":"infra","comment":null,"wep":"2","channel":3,"bcninterval":0,"freenet":"?","dhcp":"?","paynet":"?","userfound":false,"encryption":"wpa2"},{"trilat":14.6461811100000005581023287959396839141845703125,"trilong":121.0526428200000026436100597493350505828857421875,"ssid":"FIGARO KALAYAAN","qos":0,"transid":"20171016-00000","firsttime":"2017-10-17T10:00:00.000Z","lasttime":"2017-10-17T04:00:00.000Z","lastupdt":"2017-10-17T04:00:00.000Z","housenumber":"","road":"Makatarungan","city":"Quezon City","region":"","country":"PH","netid":"5C:6A:80:A4:03:7B","name":null,"type":"infra","comment":null,"wep":"2","channel":13,"bcninterval":0,"freenet":"?","dhcp":"?","paynet":"?","userfound":false,"encryption":"wpa2"},{"trilat":14.645959850000000557201929041184484958648681640625,"trilong":121.0604858399999983475936460308730602264404296875,"ssid":"PLDTMyDSLBiz34670","qos":1,"transid":"20170715-00000","firsttime":"2017-07-15T16:00:00.000Z","lasttime":"2017-07-29T13:00:00.000Z","lastupdt":"2017-07-29T13:00:00.000Z","housenumber":"","road":"Maginhawa","city":"","region":"","country":"PH","netid":"5C:6A:80:1A:25:C6","name":null,"type":"infra","comment":null,"wep":"2","channel":9,"bcninterval":0,"freenet":"?","dhcp":"?","paynet":"?","userfound":false,"encryption":"wpa2"},{"trilat":14.6467800100000005159017746336758136749267578125,"trilong":121.058197019999994381578289903700351715087890625,"ssid":"XV","qos":0,"transid":"20170303-00000","firsttime":"2017-03-03T19:00:00.000Z","lasttime":"2017-03-03T04:00:00.000Z","lastupdt":"2017-03-03T04:00:00.000Z","housenumber":null,"road":null,"city":null,"region":null,"country":null,"netid":"3C:46:D8:38:FB:6E","name":null,"type":"infra","comment":null,"wep":"2","channel":1,"bcninterval":0,"freenet":"?","dhcp":"?","paynet":"?","userfound":false,"encryption":"wpa2"},{"trilat":14.647553439999999369547367678023874759674072265625,"trilong":121.0633010899999959519846015609800815582275390625,"ssid":"ASUS","qos":0,"transid":"20170226-00000","firsttime":"2017-02-27T00:00:00.000Z","lasttime":"2017-02-26T10:00:00.000Z","lastupdt":"2017-02-26T10:00:00.000Z","housenumber":null,"road":null,"city":null,"region":null,"country":null,"netid":"78:24:AF:5E:27:4B","name":null,"type":"infra","comment":null,"wep":"2","channel":6,"bcninterval":0,"freenet":"?","dhcp":"?","paynet":"?","userfound":false,"encryption":"wpa2"},{"trilat":14.64731407000000018570062820799648761749267578125,"trilong":121.0575714099999942163776722736656665802001953125,"ssid":"TheEmperor","qos":0,"transid":"20170729-00000","firsttime":"2017-07-16T19:00:00.000Z","lasttime":"2017-07-29T13:00:00.000Z","lastupdt":"2017-07-29T13:00:00.000Z","housenumber":"77","road":"Maginhawa","city":"","region":"","country":"PH","netid":"76:4A:A4:C9:21:E6","name":null,"type":"infra","comment":null,"wep":"2","channel":1,"bcninterval":0,"freenet":"?","dhcp":"?","paynet":"?","userfound":false,"encryption":"wpa2"},{"trilat":14.6470804199999999894998836680315434932708740234375,"trilong":121.06377410999999710838892497122287750244140625,"ssid":"AICP-AP","qos":0,"transid":"20170922-00000","firsttime":"2017-09-21T20:00:00.000Z","lasttime":"2017-09-22T19:00:00.000Z","lastupdt":"2017-09-22T19:00:00.000Z","housenumber":"","road":"B. Baluyot","city":"","region":"","country":"PH","netid":"40:B8:37:11:13:2D","name":null,"type":"infra","comment":null,"wep":"2","channel":1,"bcninterval":0,"freenet":"?","dhcp":"?","paynet":"?","userfound":false,"encryption":"wpa2"},{"trilat":14.6476917300000000210502548725344240665435791015625,"trilong":121.0623092700000000832005753181874752044677734375,"ssid":"ACTRC","qos":2,"transid":"20170313-00000","firsttime":"2017-03-13T21:00:00.000Z","lasttime":"2017-03-26T07:00:00.000Z","lastupdt":"2017-03-26T07:00:00.000Z","housenumber":null,"road":null,"city":null,"region":null,"country":null,"netid":"6C:19:8F:CD:BC:42","name":null,"type":"infra","comment":null,"wep":"2","channel":149,"bcninterval":0,"freenet":"?","dhcp":"?","paynet":"?","userfound":false,"encryption":"wpa2"},{"trilat":14.6473846400000002887509253923781216144561767578125,"trilong":121.062683109999994712779880501329898834228515625,"ssid":"Mitsubishi Wireless TV 233","qos":0,"transid":"20170324-00000","firsttime":"2017-03-24T19:00:00.000Z","lasttime":"2017-03-24T04:00:00.000Z","lastupdt":"2017-03-24T04:00:00.000Z","housenumber":null,"road":null,"city":null,"region":null,"country":null,"netid":"7C:C7:09:C6:22:E1","name":null,"type":"infra","comment":null,"wep":"?","channel":36,"bcninterval":0,"freenet":"?","dhcp":"?","paynet":"?","userfound":false,"encryption":"unknown"},{"trilat":14.645695690000000155350790009833872318267822265625,"trilong":121.0630035399999968603879096917808055877685546875,"ssid":"bayanDSLWiFi_6A58","qos":0,"transid":"20170715-00000","firsttime":"2017-07-09T14:00:00.000Z","lasttime":"2017-07-15T01:00:00.000Z","lastupdt":"2017-07-15T01:00:00.000Z","housenumber":"","road":"Salvador","city":"","region":"","country":"PH","netid":"70:9F:2D:A0:6A:58","name":null,"type":"infra","comment":null,"wep":"2","channel":1,"bcninterval":0,"freenet":"?","dhcp":"?","paynet":"?","userfound":false,"encryption":"wpa2"},{"trilat":14.6460094499999993189476299448870122432708740234375,"trilong":121.061264039999997521590557880699634552001953125,"ssid":"bayanDSLWiFi_F120","qos":6,"transid":"20150726-00000","firsttime":"2015-07-11T18:00:00.000Z","lasttime":"2017-05-07T05:00:00.000Z","lastupdt":"2017-05-07T05:00:00.000Z","housenumber":null,"road":null,"city":null,"region":null,"country":null,"netid":"70:9F:2D:A0:F1:20","name":null,"type":"infra","comment":null,"wep":"2","channel":9,"bcninterval":0,"freenet":"?","dhcp":"?","paynet":"?","userfound":false,"encryption":"wpa2"},{"trilat":14.6497678800000006305026545305736362934112548828125,"trilong":121.0623016400000011572046787478029727935791015625,"ssid":"bayanDSLWiFi_21E4","qos":6,"transid":"20150808-00000","firsttime":"2015-08-06T18:00:00.000Z","lasttime":"2017-05-07T05:00:00.000Z","lastupdt":"2017-05-07T05:00:00.000Z","housenumber":null,"road":null,"city":null,"region":null,"country":null,"netid":"70:9F:2D:A1:21:E4","name":null,"type":"infra","comment":null,"wep":"2","channel":2,"bcninterval":0,"freenet":"?","dhcp":"?","paynet":"?","userfound":false,"encryption":"wpa2"},{"trilat":14.6472854600000008673532647662796080112457275390625,"trilong":121.062522889999996777987689711153507232666015625,"ssid":"AndroidAP","qos":0,"transid":"20170320-00000","firsttime":"2017-03-21T11:00:00.000Z","lasttime":"2017-03-20T22:00:00.000Z","lastupdt":"2017-03-20T22:00:00.000Z","housenumber":null,"road":null,"city":null,"region":null,"country":null,"netid":"7C:F9:0E:E1:8E:53","name":null,"type":"infra","comment":null,"wep":"2","channel":6,"bcninterval":0,"freenet":"?","dhcp":"?","paynet":"?","userfound":false,"encryption":"wpa2"},{"trilat":14.6468257899999994009476722567342221736907958984375,"trilong":121.0619049099999955387829686515033245086669921875,"ssid":"Kawai","qos":0,"transid":"20170303-00000","firsttime":"2017-03-03T20:00:00.000Z","lasttime":"2017-03-03T07:00:00.000Z","lastupdt":"2017-03-03T07:00:00.000Z","housenumber":null,"road":null,"city":null,"region":null,"country":null,"netid":"5C:F2:86:2D:A2:47","name":null,"type":"infra","comment":null,"wep":"2","channel":11,"bcninterval":0,"freenet":"?","dhcp":"?","paynet":"?","userfound":false,"encryption":"wpa2"},{"trilat":14.64654254999999949404809740372002124786376953125,"trilong":121.058570860000003222012310288846492767333984375,"ssid":"Globe_LTE MIFI_B4FB","qos":0,"transid":"20170303-00000","firsttime":"2017-03-03T19:00:00.000Z","lasttime":"2017-03-03T07:00:00.000Z","lastupdt":"2017-03-03T07:00:00.000Z","housenumber":null,"road":null,"city":null,"region":null,"country":null,"netid":"5C:F2:86:2D:B4:FB","name":null,"type":"infra","comment":null,"wep":"2","channel":8,"bcninterval":0,"freenet":"?","dhcp":"?","paynet":"?","userfound":false,"encryption":"wpa2"},{"trilat":14.647880549999999999499777914024889469146728515625,"trilong":121.0571060200000061968239606358110904693603515625,"ssid":"IGLOO2707","qos":0,"transid":"20170609-00000","firsttime":"2017-06-03T18:00:00.000Z","lasttime":"2017-06-09T05:00:00.000Z","lastupdt":"2017-06-09T05:00:00.000Z","housenumber":null,"road":null,"city":null,"region":null,"country":null,"netid":"5C:F2:86:2E:64:D9","name":null,"type":"infra","comment":null,"wep":"2","channel":10,"bcninterval":0,"freenet":"?","dhcp":"?","paynet":"?","userfound":false,"encryption":"wpa2"},{"trilat":14.6462478600000007844528226996771991252899169921875,"trilong":121.0597839400000026444104150868952274322509765625,"ssid":"Globe_LTE MIFI_6DEC","qos":0,"transid":"20170729-00000","firsttime":"2017-07-16T19:00:00.000Z","lasttime":"2017-07-29T13:00:00.000Z","lastupdt":"2017-07-29T13:00:00.000Z","housenumber":"","road":"Maginhawa","city":"","region":"","country":"PH","netid":"5C:F2:86:2E:6D:EC","name":null,"type":"infra","comment":null,"wep":"2","channel":7,"bcninterval":0,"freenet":"?","dhcp":"?","paynet":"?","userfound":false,"encryption":"wpa2"},{"trilat":14.64594459999999997990016709081828594207763671875,"trilong":121.0603027300000036348137655295431613922119140625,"ssid":"Tinetin","qos":0,"transid":"20170609-00000","firsttime":"2017-06-03T18:00:00.000Z","lasttime":"2017-06-09T05:00:00.000Z","lastupdt":"2017-06-09T05:00:00.000Z","housenumber":null,"road":null,"city":null,"region":null,"country":null,"netid":"58:2A:F7:30:32:07","name":null,"type":"infra","comment":null,"wep":"2","channel":11,"bcninterval":0,"freenet":"?","dhcp":"?","paynet":"?","userfound":false,"encryption":"wpa2"},{"trilat":14.646782879999999948950062389485538005828857421875,"trilong":121.0579299900000052048198995180428028106689453125,"ssid":"c8edf8","qos":5,"transid":"20130810-00000","firsttime":"2013-08-07T21:00:00.000Z","lasttime":"2017-07-29T13:00:00.000Z","lastupdt":"2017-07-29T13:00:00.000Z","housenumber":"82","road":"Maginhawa","city":"","region":"","country":"PH","netid":"70:54:D2:8F:20:07","name":null,"type":"infra","comment":null,"wep":"2","channel":1,"bcninterval":0,"freenet":"?","dhcp":"?","paynet":"?","userfound":false,"encryption":"wpa2"},{"trilat":14.6504020700000001653506842558272182941436767578125,"trilong":121.0644226099999940515772323124110698699951171875,"ssid":"IVMPOGI","qos":0,"transid":"20170507-00000","firsttime":"2017-04-20T20:00:00.000Z","lasttime":"2017-05-07T05:00:00.000Z","lastupdt":"2017-05-07T05:00:00.000Z","housenumber":null,"road":null,"city":null,"region":null,"country":null,"netid":"88:E3:AB:0F:F4:0B","name":null,"type":"infra","comment":null,"wep":"2","channel":6,"bcninterval":0,"freenet":"?","dhcp":"?","paynet":"?","userfound":false,"encryption":"wpa2"},{"trilat":14.6503486600000005779520506621338427066802978515625,"trilong":121.05677031999999826439307071268558502197265625,"ssid":"PLDTMyDSL - EnzoWiFi","qos":3,"transid":"20130326-00000","firsttime":"2001-01-01T08:00:00.000Z","lasttime":"2017-06-09T05:00:00.000Z","lastupdt":"2017-06-09T05:00:00.000Z","housenumber":null,"road":null,"city":null,"region":"Metro Manila","country":"PH","netid":"4C:AC:0A:88:9E:6A","name":null,"type":"infra","comment":null,"wep":"2","channel":11,"bcninterval":0,"freenet":"?","dhcp":"?","paynet":"?","userfound":false,"encryption":"wpa2"},{"trilat":14.646828649999999782949089421890676021575927734375,"trilong":121.0624313400000033880132832564413547515869140625,"ssid":"bayanDSL","qos":5,"transid":"20130722-00000","firsttime":"2013-07-23T00:00:00.000Z","lasttime":"2017-05-07T05:00:00.000Z","lastupdt":"2017-05-07T05:00:00.000Z","housenumber":null,"road":null,"city":null,"region":"Metro Manila","country":"PH","netid":"64:70:02:FB:E7:7A","name":null,"type":"infra","comment":null,"wep":"2","channel":4,"bcninterval":0,"freenet":"?","dhcp":"?","paynet":"?","userfound":false,"encryption":"wpa2"},{"trilat":14.6460733399999991632967066834680736064910888671875,"trilong":121.062248229999994464378687553107738494873046875,"ssid":"bayanDSLWIFI_D06E","qos":0,"transid":"20170715-00000","firsttime":"2017-07-09T14:00:00.000Z","lasttime":"2017-07-15T01:00:00.000Z","lastupdt":"2017-07-15T01:00:00.000Z","housenumber":"","road":"V. Francisco","city":"","region":"","country":"PH","netid":"88:D2:74:86:D0:6E","name":null,"type":"infra","comment":null,"wep":"2","channel":1,"bcninterval":0,"freenet":"?","dhcp":"?","paynet":"?","userfound":false,"encryption":"wpa2"},{"trilat":14.64745998000000071215254138223826885223388671875,"trilong":121.062522889999996777987689711153507232666015625,"ssid":"AndroidAP","qos":0,"transid":"20170115-00000","firsttime":"2017-01-15T20:00:00.000Z","lasttime":"2017-01-15T07:00:00.000Z","lastupdt":"2017-01-15T07:00:00.000Z","housenumber":null,"road":null,"city":null,"region":null,"country":null,"netid":"4E:66:41:B2:A2:76","name":null,"type":"infra","comment":null,"wep":"2","channel":6,"bcninterval":0,"freenet":"?","dhcp":"?","paynet":"?","userfound":false,"encryption":"wpa2"},{"trilat":14.6474828699999992664970704936422407627105712890625,"trilong":121.063781739999996034384821541607379913330078125,"ssid":"Dys on the Go","qos":0,"transid":"20170129-00000","firsttime":"2017-01-25T20:00:00.000Z","lasttime":"2017-01-29T10:00:00.000Z","lastupdt":"2017-01-29T10:00:00.000Z","housenumber":null,"road":null,"city":null,"region":null,"country":null,"netid":"94:FE:22:AA:7D:6F","name":null,"type":"infra","comment":null,"wep":"2","channel":11,"bcninterval":0,"freenet":"?","dhcp":"?","paynet":"?","userfound":false,"encryption":"wpa2"},{"trilat":14.64876461000000062995241023600101470947265625,"trilong":121.05702972000000272601027972996234893798828125,"ssid":"(Alporha and Rodriguez_ 2016)","qos":0,"transid":"20170609-00000","firsttime":"2017-06-03T18:00:00.000Z","lasttime":"2017-06-09T05:00:00.000Z","lastupdt":"2017-06-09T05:00:00.000Z","housenumber":null,"road":null,"city":null,"region":null,"country":null,"netid":"50:09:59:83:82:81","name":null,"type":"infra","comment":null,"wep":"2","channel":11,"bcninterval":0,"freenet":"?","dhcp":"?","paynet":"?","userfound":false,"encryption":"wpa2"},{"trilat":14.651187900000000041700332076288759708404541015625,"trilong":121.057167050000003882814780808985233306884765625,"ssid":"SKYbroadbandFEFA","qos":0,"transid":"20170609-00000","firsttime":"2017-06-03T18:00:00.000Z","lasttime":"2017-06-09T05:00:00.000Z","lastupdt":"2017-06-09T05:00:00.000Z","housenumber":null,"road":null,"city":null,"region":null,"country":null,"netid":"50:09:59:84:FE:FD","name":null,"type":"infra","comment":null,"wep":"2","channel":1,"bcninterval":0,"freenet":"?","dhcp":"?","paynet":"?","userfound":false,"encryption":"wpa2"},{"trilat":14.647106170000000702202669344842433929443359375,"trilong":121.063766479999998182393028400838375091552734375,"ssid":"TARDIS","qos":0,"transid":"20170921-00000","firsttime":"2017-09-21T20:00:00.000Z","lasttime":"2017-09-22T19:00:00.000Z","lastupdt":"2017-09-22T19:00:00.000Z","housenumber":"","road":"B. Baluyot","city":"","region":"","country":"PH","netid":"6A:9C:70:3D:1B:6E","name":null,"type":"infra","comment":null,"wep":"2","channel":1,"bcninterval":0,"freenet":"?","dhcp":"?","paynet":"?","userfound":false,"encryption":"wpa2"},{"trilat":14.649793620000000515801730216480791568756103515625,"trilong":121.0623092700000000832005753181874752044677734375,"ssid":"BraveHEART","qos":4,"transid":"20160321-00000","firsttime":"2016-03-21T19:00:00.000Z","lasttime":"2017-03-26T07:00:00.000Z","lastupdt":"2017-03-26T07:00:00.000Z","housenumber":null,"road":null,"city":null,"region":null,"country":null,"netid":"94:A7:B7:3C:FE:93","name":null,"type":"infra","comment":null,"wep":"2","channel":1,"bcninterval":0,"freenet":"?","dhcp":"?","paynet":"?","userfound":false,"encryption":"wpa2"},{"trilat":14.6469497700000008677534424350596964359283447265625,"trilong":121.062797549999999091596691869199275970458984375,"ssid":"DIRECT-lc-Telpad Dual S_2745","qos":0,"transid":"20170303-00000","firsttime":"2017-03-03T20:00:00.000Z","lasttime":"2017-03-03T07:00:00.000Z","lastupdt":"2017-03-03T07:00:00.000Z","housenumber":null,"road":null,"city":null,"region":null,"country":null,"netid":"52:9F:27:24:1C:B0","name":null,"type":"infra","comment":null,"wep":"2","channel":1,"bcninterval":0,"freenet":"?","dhcp":"?","paynet":"?","userfound":false,"encryption":"wpa2"},{"trilat":14.64628028999999997949998942203819751739501953125,"trilong":121.0596466100000014876059140078723430633544921875,"ssid":"DMDigs","qos":0,"transid":"20170715-00000","firsttime":"2017-07-15T16:00:00.000Z","lasttime":"2017-07-15T01:00:00.000Z","lastupdt":"2017-07-15T01:00:00.000Z","housenumber":"","road":"Maginhawa","city":"","region":"","country":"PH","netid":"98:E7:F5:A3:8F:7D","name":null,"type":"infra","comment":null,"wep":"2","channel":4,"bcninterval":0,"freenet":"?","dhcp":"?","paynet":"?","userfound":false,"encryption":"wpa2"},{"trilat":14.6471471799999992668972481624223291873931884765625,"trilong":121.060813899999999421197571791708469390869140625,"ssid":"BZcV-RFJPSURaTWluaUQ","qos":0,"transid":"20170311-00000","firsttime":"2017-03-10T19:00:00.000Z","lasttime":"2017-03-11T06:00:00.000Z","lastupdt":"2017-03-11T06:00:00.000Z","housenumber":null,"road":null,"city":null,"region":null,"country":null,"netid":"56:EF:92:E1:3F:31","name":null,"type":"infra","comment":null,"wep":"Y","channel":1,"bcninterval":0,"freenet":"?","dhcp":"?","paynet":"?","userfound":false,"encryption":"wep"},{"trilat":14.645759579999999999699866748414933681488037109375,"trilong":121.06432343000000173560692928731441497802734375,"ssid":"POGI","qos":5,"transid":"20130316-00000","firsttime":"2013-03-16T08:00:00.000Z","lasttime":"2017-06-09T05:00:00.000Z","lastupdt":"2017-06-09T05:00:00.000Z","housenumber":null,"road":null,"city":null,"region":"Metro Manila","country":"PH","netid":"58:6D:8F:59:1A:47","name":null,"type":"infra","comment":null,"wep":"2","channel":1,"bcninterval":0,"freenet":"?","dhcp":"?","paynet":"?","userfound":false,"encryption":"wpa2"},{"trilat":14.65015125000000040245140553452074527740478515625,"trilong":121.06154632999999876119545660912990570068359375,"ssid":"iPhone","qos":1,"transid":"20170307-00000","firsttime":"2017-03-07T19:00:00.000Z","lasttime":"2017-03-15T09:00:00.000Z","lastupdt":"2017-03-15T09:00:00.000Z","housenumber":null,"road":null,"city":null,"region":null,"country":null,"netid":"6A:FB:7E:84:65:5F","name":null,"type":"infra","comment":null,"wep":"2","channel":1,"bcninterval":0,"freenet":"?","dhcp":"?","paynet":"?","userfound":false,"encryption":"wpa2"},{"trilat":14.6498975799999993085975802387110888957977294921875,"trilong":121.0617294299999997519989847205579280853271484375,"ssid":"jijufreak","qos":1,"transid":"20170316-00000","firsttime":"2017-03-16T21:00:00.000Z","lasttime":"2017-04-04T04:00:00.000Z","lastupdt":"2017-05-07T05:00:00.000Z","housenumber":null,"road":null,"city":null,"region":null,"country":null,"netid":"3C:DF:BD:D5:44:6F","name":null,"type":"infra","comment":null,"wep":"2","channel":1,"bcninterval":0,"freenet":"?","dhcp":"?","paynet":"?","userfound":false,"encryption":"wpa2"},{"trilat":14.64687061000000056765202316455543041229248046875,"trilong":121.0614547699999974383899825625121593475341796875,"ssid":"HUAWEI-E5220-4ca5","qos":1,"transid":"20140424-00000","firsttime":"2014-04-24T18:00:00.000Z","lasttime":"2015-02-03T14:00:00.000Z","lastupdt":"2017-01-09T03:00:00.000Z","housenumber":null,"road":null,"city":null,"region":null,"country":null,"netid":"3C:DF:BD:D5:4C:A5","name":null,"type":"infra","comment":null,"wep":"2","channel":1,"bcninterval":0,"freenet":"?","dhcp":"?","paynet":"?","userfound":false,"encryption":"wpa2"}]}