{"success":true,"totalResults":2103,"search_after":86472150,"first":1,"last":100,"resultCount":100,"results":[{"trilat":14.6466589000000002585011316114105284214019775390625,"trilong":121.0593261700000056180215324275195598602294921875,"ssid":"AndroidAP","qos":0,"transid":"20131113-00000","firsttime":"2013-11-12T19:00:00.000Z","lasttime":"2013-11-13T22:00:00.000Z","lastupdt":"2013-11-13T20:00:00.000Z","housenumber":null,"road":null,"city":null,"region":"Metro Manila","country":"PH","netid":"D0:22:BE:8E:3D:E0","name":null,"type":"infra","comment":null,"wep":"2","channel":6,"bcninterval":0,"freenet":"?","dhcp":"?","paynet":"?","userfound":false,"encryption":"wpa2"},{"trilat":14.6451091800000003928516889573074877262115478515625,"trilong":121.0608978300000018180071492679417133331298828125,"ssid":"Abi Brabante","qos":0,"transid":"20130621-00000","firsttime":"2013-06-02T19:00:00.000Z","lasttime":"2013-06-21T06:00:00.000Z","lastupdt":"2013-06-21T04:00:00.000Z","housenumber":null,"road":null,"city":null,"region":"Metro Manila","country":"PH","netid":"62:B3:95:81:85:6F","name":null,"type":"infra","comment":null,"wep":"2","channel":1,"bcninterval":0,"freenet":"?","dhcp":"?","paynet":"?","userfound":false,"encryption":"wpa2"},{"trilat":14.6444292100000001966009222087450325489044189453125,"trilong":121.0610199000000051228198572061955928802490234375,"ssid":"KATHY i5","qos":0,"transid":"20131130-00000","firsttime":"2013-11-30T13:00:00.000Z","lasttime":"2013-11-30T01:00:00.000Z","lastupdt":"2013-11-29T23:00:00.000Z","housenumber":null,"road":null,"city":null,"region":"Metro Manila","country":"PH","netid":"62:B3:95:87:A1:7C","name":null,"type":"infra","comment":null,"wep":"2","channel":1,"bcninterval":0,"freenet":"?","dhcp":"?","paynet":"?","userfound":false,"encryption":"wpa2"},{"trilat":14.6445379300000002587012204458005726337432861328125,"trilong":121.0592651399999937211759970523416996002197265625,"ssid":"bakamakaconnectka?","qos":0,"transid":"20140922-00000","firsttime":"2001-01-01T08:00:00.000Z","lasttime":"2014-09-22T08:00:00.000Z","lastupdt":"2015-07-26T00:00:00.000Z","housenumber":null,"road":null,"city":null,"region":null,"country":null,"netid":"D0:22:BE:20:0D:89","name":null,"type":"infra","comment":null,"wep":"2","channel":6,"bcninterval":0,"freenet":"?","dhcp":"?","paynet":"?","userfound":false,"encryption":"wpa2"},{"trilat":14.6460151700000000829504642751999199390411376953125,"trilong":121.061073300000003882814780808985233306884765625,"ssid":"Malto Domain_EXT","qos":0,"transid":"20160227-00000","firsttime":"2016-02-27T20:00:00.000Z","lasttime":"2016-02-27T07:00:00.000Z","lastupdt":"2016-02-27T07:00:00.000Z","housenumber":null,"road":null,"city":null,"region":null,"country":null,"netid":"60:E3:27:6C:45:55","name":null,"type":"infra","comment":null,"wep":"2","channel":7,"bcninterval":0,"freenet":"?","dhcp":"?","paynet":"?","userfound":false,"encryption":"wpa2"},{"trilat":14.6450815199999997417990016401745378971099853515625,"trilong":121.0572662400000041316161514259874820709228515625,"ssid":"ZAGALA","qos":0,"transid":"20130309-00000","firsttime":"2013-03-09T20:00:00.000Z","lasttime":"2013-03-11T16:00:00.000Z","lastupdt":"2013-03-11T14:00:00.000Z","housenumber":null,"road":null,"city":null,"region":"Metro Manila","country":"PH","netid":"58:6D:8F:08:98:0B","name":null,"type":"infra","comment":null,"wep":"2","channel":6,"bcninterval":0,"freenet":"?","dhcp":"?","paynet":"?","userfound":false,"encryption":"wpa2"},{"trilat":14.646900179999999380697772721759974956512451171875,"trilong":121.0578231799999997519989847205579280853271484375,"ssid":"Pooh","qos":0,"transid":"20150120-00000","firsttime":"2015-01-11T19:00:00.000Z","lasttime":"2015-01-21T20:00:00.000Z","lastupdt":"2015-07-26T00:00:00.000Z","housenumber":null,"road":null,"city":null,"region":null,"country":null,"netid":"60:E7:01:DC:82:48","name":null,"type":"infra","comment":null,"wep":"2","channel":11,"bcninterval":0,"freenet":"?","dhcp":"?","paynet":"?","userfound":false,"encryption":"wpa2"},{"trilat":14.646909709999999193996700341813266277313232421875,"trilong":121.0596466100000014876059140078723430633544921875,"ssid":"abcdef","qos":0,"transid":"20150812-00000","firsttime":"2015-08-12T21:00:00.000Z","lasttime":"2015-08-12T07:00:00.000Z","lastupdt":"2015-08-12T07:00:00.000Z","housenumber":null,"road":null,"city":null,"region":null,"country":null,"netid":"E8:CD:2D:0F:DB:A9","name":null,"type":"infra","comment":null,"wep":"2","channel":2,"bcninterval":0,"freenet":"?","dhcp":"?","paynet":"?","userfound":false,"encryption":"wpa2"},{"trilat":14.6465730700000005271022018860094249248504638671875,"trilong":121.058906559999996943588485009968280792236328125,"ssid":"HUAWEI-E5220-d223","qos":0,"transid":"20150216-00000","firsttime":"2015-02-13T11:00:00.000Z","lasttime":"2015-02-16T06:00:00.000Z","lastupdt":"2015-07-26T00:00:00.000Z","housenumber":null,"road":null,"city":null,"region":null,"country":null,"netid":"E8:CD:2D:82:D2:23","name":null,"type":"infra","comment":null,"wep":"2","channel":6,"bcninterval":0,"freenet":"?","dhcp":"?","paynet":"?","userfound":false,"encryption":"wpa2"},{"trilat":14.6454477300000007744529284536838531494140625,"trilong":121.0610427900000019008075469173491001129150390625,"ssid":"bertsss_cs16","qos":0,"transid":"20130209-00000","firsttime":"2013-02-10T13:00:00.000Z","lasttime":"2013-02-09T23:00:00.000Z","lastupdt":"2013-02-09T21:00:00.000Z","housenumber":null,"road":null,"city":null,"region":"Metro Manila","country":"PH","netid":"8A:EF:52:BF:DC:08","name":null,"type":"ad-hoc","comment":null,"wep":"N","channel":1,"bcninterval":0,"freenet":"?","dhcp":"?","paynet":"?","userfound":false,"encryption":"none"},{"trilat":14.64536380999999920504706096835434436798095703125,"trilong":121.0607299800000049572190619073808193206787109375,"ssid":"robin","qos":0,"transid":"20131130-00000","firsttime":"2013-11-30T13:00:00.000Z","lasttime":"2013-11-30T01:00:00.000Z","lastupdt":"2013-11-29T23:00:00.000Z","housenumber":null,"road":null,"city":null,"region":"Metro Manila","country":"PH","netid":"50:9F:27:47:77:3E","name":null,"type":"infra","comment":null,"wep":"2","channel":6,"bcninterval":0,"freenet":"?","dhcp":"?","paynet":"?","userfound":false,"encryption":"wpa2"},{"trilat":14.6467752499999992465973264188505709171295166015625,"trilong":121.059989930000000413201632909476757049560546875,"ssid":"HUAWEI-E5220-8a9f","qos":0,"transid":"20150216-00000","firsttime":"2015-02-13T12:00:00.000Z","lasttime":"2015-02-16T06:00:00.000Z","lastupdt":"2015-07-26T00:00:00.000Z","housenumber":null,"road":null,"city":null,"region":null,"country":null,"netid":"50:9F:27:47:8A:9F","name":null,"type":"infra","comment":null,"wep":"2","channel":11,"bcninterval":0,"freenet":"?","dhcp":"?","paynet":"?","userfound":false,"encryption":"wpa2"},{"trilat":14.646806720000000723302946425974369049072265625,"trilong":121.0592346199999980171924107708036899566650390625,"ssid":"aaa","qos":0,"transid":"20150808-00000","firsttime":"2015-08-07T22:00:00.000Z","lasttime":"2015-08-08T09:00:00.000Z","lastupdt":"2015-08-08T09:00:00.000Z","housenumber":null,"road":null,"city":null,"region":null,"country":null,"netid":"D0:7A:B5:8A:1A:A5","name":null,"type":"infra","comment":null,"wep":"2","channel":11,"bcninterval":0,"freenet":"?","dhcp":"?","paynet":"?","userfound":false,"encryption":"wpa2"},{"trilat":14.646764759999999938600012683309614658355712890625,"trilong":121.0581512499999945475792628712952136993408203125,"ssid":"TheLostBreadADMIN","qos":3,"transid":"20170303-00000","firsttime":"2017-03-03T19:00:00.000Z","lasttime":"2017-07-29T13:00:00.000Z","lastupdt":"2017-07-29T13:00:00.000Z","housenumber":"79","road":"Maginhawa","city":"","region":"","country":"PH","netid":"D0:17:C2:B0:17:14","name":null,"type":"infra","comment":null,"wep":"2","channel":157,"bcninterval":0,"freenet":"?","dhcp":"?","paynet":"?","userfound":false,"encryption":"wpa2"},{"trilat":14.6464872400000007957032721606083214282989501953125,"trilong":121.0578536999999954559825710020959377288818359375,"ssid":"Smartbro_B8BB3B","qos":3,"transid":"20130309-00000","firsttime":"2013-03-09T20:00:00.000Z","lasttime":"2013-04-29T11:00:00.000Z","lastupdt":"2013-04-29T09:00:00.000Z","housenumber":null,"road":null,"city":null,"region":"Metro Manila","country":"PH","netid":"D0:15:4A:B8:BB:3B","name":null,"type":"infra","comment":null,"wep":"N","channel":6,"bcninterval":0,"freenet":"?","dhcp":"?","paynet":"?","userfound":false,"encryption":"none"},{"trilat":14.644945140000000805002855486236512660980224609375,"trilong":121.060951230000000578002072870731353759765625,"ssid":"DIRECT-St-BRAVIA","qos":0,"transid":"20161206-00000","firsttime":"2016-12-04T20:00:00.000Z","lasttime":"2016-12-06T07:00:00.000Z","lastupdt":"2016-12-06T07:00:00.000Z","housenumber":null,"road":null,"city":null,"region":null,"country":null,"netid":"6A:14:01:3B:F8:6C","name":null,"type":"infra","comment":null,"wep":"2","channel":11,"bcninterval":0,"freenet":"?","dhcp":"?","paynet":"?","userfound":false,"encryption":"wpa2"},{"trilat":14.64601803000000046495188144035637378692626953125,"trilong":121.0604476900000037176141631789505481719970703125,"ssid":"GavinJim Pocket Wifi","qos":0,"transid":"20130314-00000","firsttime":"2013-03-13T21:00:00.000Z","lasttime":"2013-03-14T18:00:00.000Z","lastupdt":"2013-03-14T16:00:00.000Z","housenumber":null,"road":null,"city":null,"region":"Metro Manila","country":"PH","netid":"54:A5:1B:D6:13:F9","name":null,"type":"infra","comment":null,"wep":"W","channel":11,"bcninterval":0,"freenet":"?","dhcp":"?","paynet":"?","userfound":false,"encryption":"wpa"},{"trilat":14.6467809700000000106001607491634786128997802734375,"trilong":121.0593948399999959519846015609800815582275390625,"ssid":"Wifi","qos":0,"transid":"20130320-00000","firsttime":"2013-03-19T22:00:00.000Z","lasttime":"2013-03-20T06:00:00.000Z","lastupdt":"2013-03-20T04:00:00.000Z","housenumber":null,"road":null,"city":null,"region":"Metro Manila","country":"PH","netid":"54:9B:12:DE:81:FD","name":null,"type":"infra","comment":null,"wep":"2","channel":6,"bcninterval":0,"freenet":"?","dhcp":"?","paynet":"?","userfound":false,"encryption":"wpa2"},{"trilat":14.6469221100000002167007551179267466068267822265625,"trilong":121.0596542400000004136018105782568454742431640625,"ssid":"OMEGA HD 2.0","qos":2,"transid":"20150120-00000","firsttime":"2015-01-10T18:00:00.000Z","lasttime":"2015-02-16T06:00:00.000Z","lastupdt":"2015-07-26T00:00:00.000Z","housenumber":null,"road":null,"city":null,"region":null,"country":null,"netid":"8E:77:16:25:DF:0F","name":null,"type":"infra","comment":null,"wep":"2","channel":1,"bcninterval":0,"freenet":"?","dhcp":"?","paynet":"?","userfound":false,"encryption":"wpa2"},{"trilat":14.6443252600000004548519427771680057048797607421875,"trilong":121.06099700999999413397745229303836822509765625,"ssid":"Smart Bro_813D20","qos":0,"transid":"20161206-00000","firsttime":"2016-12-04T20:00:00.000Z","lasttime":"2016-12-06T07:00:00.000Z","lastupdt":"2016-12-06T07:00:00.000Z","housenumber":null,"road":null,"city":null,"region":null,"country":null,"netid":"8E:79:67:81:3D:20","name":null,"type":"infra","comment":null,"wep":"Y","channel":1,"bcninterval":0,"freenet":"?","dhcp":"?","paynet":"?","userfound":false,"encryption":"wep"},{"trilat":14.6465158500000001140506356023252010345458984375,"trilong":121.058471679999996695187292061746120452880859375,"ssid":"ZTE_93302E","qos":0,"transid":"20170303-00000","firsttime":"2017-03-03T20:00:00.000Z","lasttime":"2017-03-03T07:00:00.000Z","lastupdt":"2017-03-03T07:00:00.000Z","housenumber":null,"road":null,"city":null,"region":null,"country":null,"netid":"8E:79:67:93:30:2E","name":null,"type":"infra","comment":null,"wep":"2","channel":6,"bcninterval":0,"freenet":"?","dhcp":"?","paynet":"?","userfound":false,"encryption":"wpa2"},{"trilat":14.646816250000000536601874046027660369873046875,"trilong":121.060104370000004792018444277346134185791015625,"ssid":"SUPERSTAR","qos":0,"transid":"20160604-00000","firsttime":"2016-05-27T19:00:00.000Z","lasttime":"2016-06-04T16:00:00.000Z","lastupdt":"2016-06-04T16:00:00.000Z","housenumber":null,"road":null,"city":null,"region":null,"country":null,"netid":"8E:79:67:4F:26:E2","name":null,"type":"infra","comment":null,"wep":"2","channel":1,"bcninterval":0,"freenet":"?","dhcp":"?","paynet":"?","userfound":false,"encryption":"wpa2"},{"trilat":14.64678860000000071295289671979844570159912109375,"trilong":121.060142519999999421997927129268646240234375,"ssid":"Silver","qos":0,"transid":"20160907-00000","firsttime":"2016-09-03T21:00:00.000Z","lasttime":"2016-09-07T19:00:00.000Z","lastupdt":"2016-09-07T19:00:00.000Z","housenumber":null,"road":null,"city":null,"region":null,"country":null,"netid":"8E:79:67:71:B8:3C","name":null,"type":"infra","comment":null,"wep":"2","channel":13,"bcninterval":0,"freenet":"?","dhcp":"?","paynet":"?","userfound":false,"encryption":"wpa2"},{"trilat":14.64251900000000006230038707144558429718017578125,"trilong":121.0602722200000016528065316379070281982421875,"ssid":"ASUS","qos":1,"transid":"20130414-00000","firsttime":"2013-04-14T14:00:00.000Z","lasttime":"2013-11-30T01:00:00.000Z","lastupdt":"2013-11-29T23:00:00.000Z","housenumber":null,"road":null,"city":null,"region":"Metro Manila","country":"PH","netid":"54:04:A6:E9:8D:96","name":null,"type":"infra","comment":null,"wep":"N","channel":13,"bcninterval":0,"freenet":"?","dhcp":"?","paynet":"?","userfound":false,"encryption":"none"},{"trilat":14.6468801499999994319978213752619922161102294921875,"trilong":121.05815886999999975159880705177783966064453125,"ssid":"kukai","qos":0,"transid":"20130924-00000","firsttime":"2013-09-22T16:00:00.000Z","lasttime":"2013-09-24T19:00:00.000Z","lastupdt":"2013-09-24T17:00:00.000Z","housenumber":null,"road":null,"city":null,"region":"Metro Manila","country":"PH","netid":"F8:01:13:80:23:00","name":null,"type":"infra","comment":null,"wep":"2","channel":11,"bcninterval":0,"freenet":"?","dhcp":"?","paynet":"?","userfound":false,"encryption":"wpa2"},{"trilat":14.646748540000000815552994026802480220794677734375,"trilong":121.057647709999997687191353179514408111572265625,"ssid":"3Argonauts","qos":0,"transid":"20140805-00000","firsttime":"2014-08-05T20:00:00.000Z","lasttime":"2014-08-05T06:00:00.000Z","lastupdt":"2015-07-26T00:00:00.000Z","housenumber":null,"road":null,"city":null,"region":null,"country":null,"netid":"6C:8B:2F:5D:3B:A5","name":null,"type":"infra","comment":null,"wep":"2","channel":6,"bcninterval":0,"freenet":"?","dhcp":"?","paynet":"?","userfound":false,"encryption":"wpa2"},{"trilat":14.6448965100000005890024112886749207973480224609375,"trilong":121.060829159999997273189364932477474212646484375,"ssid":"survivor","qos":5,"transid":"20130209-00000","firsttime":"2013-02-09T20:00:00.000Z","lasttime":"2017-07-29T13:00:00.000Z","lastupdt":"2017-07-29T13:00:00.000Z","housenumber":"","road":"Maginhawa","city":"","region":"","country":"PH","netid":"90:E6:BA:85:BD:A6","name":null,"type":"infra","comment":null,"wep":"2","channel":1,"bcninterval":0,"freenet":"?","dhcp":"?","paynet":"?","userfound":false,"encryption":"wpa2"},{"trilat":14.643841739999999163046595640480518341064453125,"trilong":121.0611877399999940507768769748508930206298828125,"ssid":"bayanDSLWIFI_B087","qos":5,"transid":"20160103-00000","firsttime":"2001-01-01T08:00:00.000Z","lasttime":"2016-05-09T03:00:00.000Z","lastupdt":"2016-05-09T03:00:00.000Z","housenumber":null,"road":null,"city":null,"region":null,"country":null,"netid":"E0:8E:3C:04:B0:87","name":null,"type":"infra","comment":null,"wep":"2","channel":3,"bcninterval":0,"freenet":"?","dhcp":"?","paynet":"?","userfound":false,"encryption":"wpa2"},{"trilat":14.644019130000000217250999412499368190765380859375,"trilong":121.0611953699999929767727735452353954315185546875,"ssid":"R2RS","qos":3,"transid":"20161206-00000","firsttime":"2016-12-04T20:00:00.000Z","lasttime":"2017-09-29T18:00:00.000Z","lastupdt":"2017-09-29T18:00:00.000Z","housenumber":"","road":"P. Francisco","city":"","region":"","country":"PH","netid":"E0:8E:3C:1F:CC:CB","name":null,"type":"infra","comment":null,"wep":"2","channel":1,"bcninterval":0,"freenet":"?","dhcp":"?","paynet":"?","userfound":false,"encryption":"wpa2"},{"trilat":14.64708805000000069185261963866651058197021484375,"trilong":121.06054688000000396641553379595279693603515625,"ssid":"hylcrtgrra","qos":2,"transid":"20160619-00000","firsttime":"2016-06-19T19:00:00.000Z","lasttime":"2016-09-07T19:00:00.000Z","lastupdt":"2016-09-07T19:00:00.000Z","housenumber":null,"road":null,"city":null,"region":null,"country":null,"netid":"E0:8E:3C:1C:B5:9F","name":null,"type":"infra","comment":null,"wep":"W","channel":1,"bcninterval":0,"freenet":"?","dhcp":"?","paynet":"?","userfound":false,"encryption":"wpa"},{"trilat":14.6465730700000005271022018860094249248504638671875,"trilong":121.0589294399999999995998223312199115753173828125,"ssid":"Aztech5068_99CBB","qos":5,"transid":"20160604-00000","firsttime":"2016-05-27T19:00:00.000Z","lasttime":"2017-07-29T13:00:00.000Z","lastupdt":"2017-07-29T13:00:00.000Z","housenumber":"","road":"Maginhawa","city":"","region":"","country":"PH","netid":"E0:8E:3C:19:9C:BB","name":null,"type":"infra","comment":null,"wep":"W","channel":10,"bcninterval":0,"freenet":"?","dhcp":"?","paynet":"?","userfound":false,"encryption":"wpa"},{"trilat":14.647245410000000021000232663936913013458251953125,"trilong":121.0605087299999951255813357420265674591064453125,"ssid":"fourteen","qos":2,"transid":"20160604-00000","firsttime":"2016-05-27T19:00:00.000Z","lasttime":"2016-06-26T09:00:00.000Z","lastupdt":"2016-06-26T09:00:00.000Z","housenumber":null,"road":null,"city":null,"region":null,"country":null,"netid":"E0:8E:3C:19:B1:47","name":null,"type":"infra","comment":null,"wep":"W","channel":1,"bcninterval":0,"freenet":"?","dhcp":"?","paynet":"?","userfound":false,"encryption":"wpa"},{"trilat":14.642910000000000536601874046027660369873046875,"trilong":121.0601730300000014040051610209047794342041015625,"ssid":"Aldbeth","qos":0,"transid":"20161206-00000","firsttime":"2016-12-04T20:00:00.000Z","lasttime":"2016-12-06T07:00:00.000Z","lastupdt":"2016-12-06T07:00:00.000Z","housenumber":null,"road":null,"city":null,"region":null,"country":null,"netid":"E0:8E:3C:1A:49:B3","name":null,"type":"infra","comment":null,"wep":"2","channel":1,"bcninterval":0,"freenet":"?","dhcp":"?","paynet":"?","userfound":false,"encryption":"wpa2"},{"trilat":14.6467628500000000002501110429875552654266357421875,"trilong":121.0599288899999947943797451443970203399658203125,"ssid":"RTJDESIGNERS","qos":1,"transid":"20170715-00000","firsttime":"2017-07-15T16:00:00.000Z","lasttime":"2017-07-29T13:00:00.000Z","lastupdt":"2017-07-29T13:00:00.000Z","housenumber":"","road":"Magiting","city":"","region":"","country":"PH","netid":"E0:8E:3C:1A:61:4B","name":null,"type":"infra","comment":null,"wep":"2","channel":10,"bcninterval":0,"freenet":"?","dhcp":"?","paynet":"?","userfound":false,"encryption":"wpa2"},{"trilat":14.64665126999999955614839564077556133270263671875,"trilong":121.0590820299999990083961165510118007659912109375,"ssid":"HUAWEI-E5330-C643","qos":0,"transid":"20160604-00000","firsttime":"2016-05-27T19:00:00.000Z","lasttime":"2016-06-04T16:00:00.000Z","lastupdt":"2016-06-04T16:00:00.000Z","housenumber":null,"road":null,"city":null,"region":null,"country":null,"netid":"84:DB:AC:39:C6:43","name":null,"type":"infra","comment":null,"wep":"2","channel":2,"bcninterval":0,"freenet":"?","dhcp":"?","paynet":"?","userfound":false,"encryption":"wpa2"},{"trilat":14.6460924099999996172982719144783914089202880859375,"trilong":121.0603713999999939687768346630036830902099609375,"ssid":"Jets04","qos":0,"transid":"20170729-00000","firsttime":"2017-07-16T19:00:00.000Z","lasttime":"2017-07-29T13:00:00.000Z","lastupdt":"2017-07-29T13:00:00.000Z","housenumber":"","road":"Maginhawa","city":"","region":"","country":"PH","netid":"E0:A3:AC:DA:95:C2","name":null,"type":"infra","comment":null,"wep":"2","channel":4,"bcninterval":0,"freenet":"?","dhcp":"?","paynet":"?","userfound":false,"encryption":"wpa2"},{"trilat":14.64611720999999988634954206645488739013671875,"trilong":121.0603561399999961167850415222346782684326171875,"ssid":"ANJO","qos":5,"transid":"20130309-00000","firsttime":"2013-03-09T18:00:00.000Z","lasttime":"2015-08-12T07:00:00.000Z","lastupdt":"2015-08-12T07:00:00.000Z","housenumber":null,"road":null,"city":null,"region":"Metro Manila","country":"PH","netid":"F4:3E:61:20:21:83","name":null,"type":"infra","comment":null,"wep":"W","channel":6,"bcninterval":0,"freenet":"?","dhcp":"?","paynet":"?","userfound":false,"encryption":"wpa"},{"trilat":14.6458520899999999898000169196166098117828369140625,"trilong":121.0586471600000066928259911946952342987060546875,"ssid":"Samsung Galaxy Tab S","qos":0,"transid":"20141013-00000","firsttime":"2014-10-10T19:00:00.000Z","lasttime":"2014-10-13T17:00:00.000Z","lastupdt":"2015-07-26T00:00:00.000Z","housenumber":null,"road":null,"city":null,"region":null,"country":null,"netid":"E0:CB:EE:B2:8F:95","name":null,"type":"infra","comment":null,"wep":"2","channel":6,"bcninterval":0,"freenet":"?","dhcp":"?","paynet":"?","userfound":false,"encryption":"wpa2"},{"trilat":14.646503450000000867703420226462185382843017578125,"trilong":121.05912781000000677522621117532253265380859375,"ssid":"The Bishop Red","qos":0,"transid":"20160604-00000","firsttime":"2016-05-27T19:00:00.000Z","lasttime":"2016-06-04T16:00:00.000Z","lastupdt":"2016-06-04T16:00:00.000Z","housenumber":null,"road":null,"city":null,"region":null,"country":null,"netid":"B4:52:7E:85:5C:B9","name":null,"type":"infra","comment":null,"wep":"2","channel":1,"bcninterval":0,"freenet":"?","dhcp":"?","paynet":"?","userfound":false,"encryption":"wpa2"},{"trilat":14.6471443200000006612526703975163400173187255859375,"trilong":121.0605239899999929775731288827955722808837890625,"ssid":"WiFi ","qos":3,"transid":"20130317-00000","firsttime":"2013-03-17T22:00:00.000Z","lasttime":"2013-05-06T09:00:00.000Z","lastupdt":"2013-05-06T07:00:00.000Z","housenumber":null,"road":null,"city":null,"region":"Metro Manila","country":"PH","netid":"B4:B3:62:5E:15:F0","name":null,"type":"infra","comment":null,"wep":"W","channel":1,"bcninterval":0,"freenet":"?","dhcp":"?","paynet":"?","userfound":false,"encryption":"wpa"},{"trilat":14.6468181600000004749517756863497197628021240234375,"trilong":121.0575332599999995863981894217431545257568359375,"ssid":"jocon","qos":0,"transid":"20160227-00000","firsttime":"2016-02-13T21:00:00.000Z","lasttime":"2016-02-27T07:00:00.000Z","lastupdt":"2016-02-27T07:00:00.000Z","housenumber":null,"road":null,"city":null,"region":null,"country":null,"netid":"B4:B3:62:5E:AC:A7","name":null,"type":"infra","comment":null,"wep":"W","channel":10,"bcninterval":0,"freenet":"?","dhcp":"?","paynet":"?","userfound":false,"encryption":"wpa"},{"trilat":14.64356135999999963814843795262277126312255859375,"trilong":121.061058040000006030822987668216228485107421875,"ssid":"PCSO","qos":0,"transid":"20161206-00000","firsttime":"2016-12-04T20:00:00.000Z","lasttime":"2016-12-06T07:00:00.000Z","lastupdt":"2016-12-06T07:00:00.000Z","housenumber":null,"road":null,"city":null,"region":null,"country":null,"netid":"E6:8D:8C:5A:8B:3D","name":null,"type":"infra","comment":null,"wep":"?","channel":6,"bcninterval":0,"freenet":"?","dhcp":"?","paynet":"?","userfound":false,"encryption":"unknown"},{"trilat":14.6434087799999996803990143234841525554656982421875,"trilong":121.06106567000000495681888423860073089599609375,"ssid":"Globo-Guest","qos":1,"transid":"20161206-00000","firsttime":"2016-12-04T20:00:00.000Z","lasttime":"2017-09-29T18:00:00.000Z","lastupdt":"2017-09-29T18:00:00.000Z","housenumber":"","road":"Matimtiman","city":"","region":"","country":"PH","netid":"E6:8D:8C:5A:8D:B8","name":null,"type":"infra","comment":null,"wep":"?","channel":6,"bcninterval":0,"freenet":"?","dhcp":"?","paynet":"?","userfound":false,"encryption":"unknown"},{"trilat":14.643619539999999545898390351794660091400146484375,"trilong":121.0610504200000008268034434877336025238037109375,"ssid":"Globo-Guest","qos":0,"transid":"20161206-00000","firsttime":"2016-12-04T20:00:00.000Z","lasttime":"2016-12-06T07:00:00.000Z","lastupdt":"2016-12-06T07:00:00.000Z","housenumber":null,"road":null,"city":null,"region":null,"country":null,"netid":"E6:8D:8C:5D:2B:D2","name":null,"type":"infra","comment":null,"wep":"?","channel":6,"bcninterval":0,"freenet":"?","dhcp":"?","paynet":"?","userfound":false,"encryption":"unknown"},{"trilat":14.6427965199999992051971275941468775272369384765625,"trilong":121.0589370699999989255957189016044139862060546875,"ssid":"PLDTMyDSL","qos":1,"transid":"20130309-00000","firsttime":"2013-03-09T20:00:00.000Z","lasttime":"2016-12-06T07:00:00.000Z","lastupdt":"2016-12-06T07:00:00.000Z","housenumber":null,"road":null,"city":null,"region":"Metro Manila","country":"PH","netid":"B0:B2:DC:46:0E:60","name":null,"type":"infra","comment":null,"wep":"2","channel":11,"bcninterval":0,"freenet":"?","dhcp":"?","paynet":"?","userfound":false,"encryption":"wpa2"},{"trilat":14.6469993600000005784522727481089532375335693359375,"trilong":121.0578079200000019000071915797889232635498046875,"ssid":"Smart Bro_E33586","qos":0,"transid":"20130621-00000","firsttime":"2013-06-02T19:00:00.000Z","lasttime":"2013-06-21T06:00:00.000Z","lastupdt":"2013-06-21T04:00:00.000Z","housenumber":null,"road":null,"city":null,"region":"Metro Manila","country":"PH","netid":"B4:98:42:E3:35:86","name":null,"type":"infra","comment":null,"wep":"2","channel":11,"bcninterval":0,"freenet":"?","dhcp":"?","paynet":"?","userfound":false,"encryption":"wpa2"},{"trilat":14.64436816999999990684955264441668987274169921875,"trilong":121.06099700999999413397745229303836822509765625,"ssid":"I Like Warm Hugs","qos":0,"transid":"20161206-00000","firsttime":"2016-12-04T20:00:00.000Z","lasttime":"2016-12-06T07:00:00.000Z","lastupdt":"2016-12-06T07:00:00.000Z","housenumber":null,"road":null,"city":null,"region":null,"country":null,"netid":"EA:08:8B:58:93:F5","name":null,"type":"infra","comment":null,"wep":"2","channel":6,"bcninterval":0,"freenet":"?","dhcp":"?","paynet":"?","userfound":false,"encryption":"wpa2"},{"trilat":14.64672374999999959754859446547925472259521484375,"trilong":121.05944823999999471197952516376972198486328125,"ssid":"iPad (2)","qos":0,"transid":"20150812-00000","firsttime":"2015-08-12T21:00:00.000Z","lasttime":"2015-08-12T07:00:00.000Z","lastupdt":"2015-08-12T07:00:00.000Z","housenumber":null,"road":null,"city":null,"region":null,"country":null,"netid":"EA:F6:50:31:B8:32","name":null,"type":"infra","comment":null,"wep":"2","channel":1,"bcninterval":0,"freenet":"?","dhcp":"?","paynet":"?","userfound":false,"encryption":"wpa2"},{"trilat":14.64613628000000034035110729746520519256591796875,"trilong":121.0607376100000038832149584777653217315673828125,"ssid":"uFi_D2CFA1","qos":1,"transid":"20130703-00000","firsttime":"2013-06-30T22:00:00.000Z","lasttime":"2013-07-25T10:00:00.000Z","lastupdt":"2013-07-25T08:00:00.000Z","housenumber":null,"road":null,"city":null,"region":"Metro Manila","country":"PH","netid":"F2:84:C9:D2:CF:A1","name":null,"type":"infra","comment":null,"wep":"2","channel":6,"bcninterval":0,"freenet":"?","dhcp":"?","paynet":"?","userfound":false,"encryption":"wpa2"},{"trilat":14.64610766999999924564690445549786090850830078125,"trilong":121.060150149999998347993823699653148651123046875,"ssid":"Benskie","qos":0,"transid":"20130309-00000","firsttime":"2013-03-09T18:00:00.000Z","lasttime":"2013-03-11T16:00:00.000Z","lastupdt":"2013-03-11T14:00:00.000Z","housenumber":null,"road":null,"city":null,"region":"Metro Manila","country":"PH","netid":"F2:D1:A9:A0:CF:81","name":null,"type":"infra","comment":null,"wep":"2","channel":2,"bcninterval":0,"freenet":"?","dhcp":"?","paynet":"?","userfound":false,"encryption":"wpa2"},{"trilat":14.6467037199999996488486431189812719821929931640625,"trilong":121.0583038299999998343992047011852264404296875,"ssid":"eilene?s iPhone","qos":0,"transid":"20130506-00000","firsttime":"2013-05-04T18:00:00.000Z","lasttime":"2013-05-06T09:00:00.000Z","lastupdt":"2013-05-06T07:00:00.000Z","housenumber":null,"road":null,"city":null,"region":"Metro Manila","country":"PH","netid":"F6:F1:5A:B7:EF:51","name":null,"type":"infra","comment":null,"wep":"2","channel":1,"bcninterval":0,"freenet":"?","dhcp":"?","paynet":"?","userfound":false,"encryption":"wpa2"},{"trilat":14.6455860100000005985521056572906672954559326171875,"trilong":121.0590667700000011564043234102427959442138671875,"ssid":"Puey's Ipad","qos":1,"transid":"20130314-00000","firsttime":"2013-03-13T21:00:00.000Z","lasttime":"2013-03-14T18:00:00.000Z","lastupdt":"2013-03-14T16:00:00.000Z","housenumber":null,"road":null,"city":null,"region":"Metro Manila","country":"PH","netid":"AE:FA:BA:65:51:38","name":null,"type":"infra","comment":null,"wep":"2","channel":1,"bcninterval":0,"freenet":"?","dhcp":"?","paynet":"?","userfound":false,"encryption":"wpa2"},{"trilat":14.64606380000000029895090847276151180267333984375,"trilong":121.0612411500000007436028681695461273193359375,"ssid":"pixeemje","qos":0,"transid":"20160227-00000","firsttime":"2016-02-27T20:00:00.000Z","lasttime":"2016-02-27T07:00:00.000Z","lastupdt":"2016-02-27T07:00:00.000Z","housenumber":null,"road":null,"city":null,"region":null,"country":null,"netid":"F8:01:13:07:99:A1","name":null,"type":"infra","comment":null,"wep":"2","channel":7,"bcninterval":0,"freenet":"?","dhcp":"?","paynet":"?","userfound":false,"encryption":"wpa2"},{"trilat":14.6468601199999994832978700287640094757080078125,"trilong":121.060859679999992977172951214015483856201171875,"ssid":"Camille Quintos' iPad","qos":0,"transid":"20150726-00000","firsttime":"2015-02-27T18:00:00.000Z","lasttime":"2015-07-26T00:00:00.000Z","lastupdt":"2015-07-26T00:00:00.000Z","housenumber":null,"road":null,"city":null,"region":null,"country":null,"netid":"AE:FA:BA:4F:22:3C","name":null,"type":"infra","comment":null,"wep":"2","channel":1,"bcninterval":0,"freenet":"?","dhcp":"?","paynet":"?","userfound":false,"encryption":"wpa2"},{"trilat":14.6451845200000008162533049471676349639892578125,"trilong":121.061004639999993059973348863422870635986328125,"ssid":"Jomel's Wi-Fi Network","qos":5,"transid":"20131001-00000","firsttime":"2013-09-27T21:00:00.000Z","lasttime":"2017-07-29T13:00:00.000Z","lastupdt":"2017-07-29T13:00:00.000Z","housenumber":"","road":"Maginhawa","city":"","region":"","country":"PH","netid":"F0:D1:A9:11:39:1C","name":null,"type":"infra","comment":null,"wep":"2","channel":11,"bcninterval":0,"freenet":"?","dhcp":"?","paynet":"?","userfound":false,"encryption":"wpa2"},{"trilat":14.6469955400000007017524694674648344516754150390625,"trilong":121.0592575099999947951801004819571971893310546875,"ssid":"bayanDSLWiFi_FABC","qos":0,"transid":"20141013-00000","firsttime":"2014-10-10T19:00:00.000Z","lasttime":"2014-10-13T17:00:00.000Z","lastupdt":"2015-07-26T00:00:00.000Z","housenumber":null,"road":null,"city":null,"region":null,"country":null,"netid":"E4:77:23:A4:FA:BC","name":null,"type":"infra","comment":null,"wep":"2","channel":12,"bcninterval":0,"freenet":"?","dhcp":"?","paynet":"?","userfound":false,"encryption":"wpa2"},{"trilat":14.6466989499999993284973243135027587413787841796875,"trilong":121.0604858399999983475936460308730602264404296875,"ssid":"Auctus II","qos":5,"transid":"20150120-00000","firsttime":"2015-01-10T18:00:00.000Z","lasttime":"2015-07-26T00:00:00.000Z","lastupdt":"2015-07-26T00:00:00.000Z","housenumber":null,"road":null,"city":null,"region":null,"country":null,"netid":"E4:77:23:A5:28:00","name":null,"type":"infra","comment":null,"wep":"2","channel":12,"bcninterval":0,"freenet":"?","dhcp":"?","paynet":"?","userfound":false,"encryption":"wpa2"},{"trilat":14.64656161999999994804966263473033905029296875,"trilong":121.0586547900000056188218877650797367095947265625,"ssid":"BOBO's PIZZERIA","qos":5,"transid":"20141013-00000","firsttime":"2014-10-10T19:00:00.000Z","lasttime":"2017-04-04T04:00:00.000Z","lastupdt":"2017-04-04T04:00:00.000Z","housenumber":null,"road":null,"city":null,"region":null,"country":null,"netid":"E4:77:23:A5:4E:04","name":null,"type":"infra","comment":null,"wep":"2","channel":1,"bcninterval":0,"freenet":"?","dhcp":"?","paynet":"?","userfound":false,"encryption":"wpa2"},{"trilat":14.6458101299999992050970831769518554210662841796875,"trilong":121.0604324300000058656223700381815433502197265625,"ssid":"bayanDSLWiFi_5B10","qos":1,"transid":"20140813-00000","firsttime":"2014-08-09T16:00:00.000Z","lasttime":"2014-09-22T08:00:00.000Z","lastupdt":"2015-07-26T00:00:00.000Z","housenumber":null,"road":null,"city":null,"region":null,"country":null,"netid":"E4:77:23:A5:5B:10","name":null,"type":"infra","comment":null,"wep":"2","channel":12,"bcninterval":0,"freenet":"?","dhcp":"?","paynet":"?","userfound":false,"encryption":"wpa2"},{"trilat":14.6465978599999999687497620470821857452392578125,"trilong":121.058296200000000908403308130800724029541015625,"ssid":"BoBosPizzeria_PH","qos":4,"transid":"20140805-00000","firsttime":"2014-08-05T19:00:00.000Z","lasttime":"2015-07-26T00:00:00.000Z","lastupdt":"2015-07-26T00:00:00.000Z","housenumber":null,"road":null,"city":null,"region":null,"country":null,"netid":"E4:77:23:A5:87:E0","name":null,"type":"infra","comment":null,"wep":"2","channel":12,"bcninterval":0,"freenet":"?","dhcp":"?","paynet":"?","userfound":false,"encryption":"wpa2"},{"trilat":14.6468315100000001649505065870471298694610595703125,"trilong":121.0611801099999951247809804044663906097412109375,"ssid":"RMotel Bayan","qos":5,"transid":"20150120-00000","firsttime":"2015-01-10T18:00:00.000Z","lasttime":"2017-10-26T06:00:00.000Z","lastupdt":"2017-10-26T06:00:00.000Z","housenumber":"60","road":"Magiting","city":"","region":"","country":"PH","netid":"E4:77:23:A5:9A:84","name":null,"type":"infra","comment":null,"wep":"2","channel":13,"bcninterval":0,"freenet":"?","dhcp":"?","paynet":"?","userfound":false,"encryption":"wpa2"},{"trilat":14.6452398299999995145981301902793347835540771484375,"trilong":121.0609054600000007440030458383262157440185546875,"ssid":"ultimate","qos":5,"transid":"20130207-00000","firsttime":"2013-02-07T21:00:00.000Z","lasttime":"2014-08-05T06:00:00.000Z","lastupdt":"2015-07-26T00:00:00.000Z","housenumber":null,"road":null,"city":null,"region":"Metro Manila","country":"PH","netid":"E0:CB:4E:65:7E:3C","name":null,"type":"infra","comment":null,"wep":"2","channel":6,"bcninterval":0,"freenet":"?","dhcp":"?","paynet":"?","userfound":false,"encryption":"wpa2"},{"trilat":14.645404819999999546098479186184704303741455078125,"trilong":121.0610351600000029748116503469645977020263671875,"ssid":"telcute","qos":5,"transid":"20130207-00000","firsttime":"2013-02-07T21:00:00.000Z","lasttime":"2014-08-05T06:00:00.000Z","lastupdt":"2015-07-26T00:00:00.000Z","housenumber":null,"road":null,"city":null,"region":"Metro Manila","country":"PH","netid":"F4:3E:61:20:13:E9","name":null,"type":"infra","comment":null,"wep":"2","channel":6,"bcninterval":0,"freenet":"?","dhcp":"?","paynet":"?","userfound":false,"encryption":"wpa2"},{"trilat":14.646847720000000236950654652900993824005126953125,"trilong":121.0596466100000014876059140078723430633544921875,"ssid":"Armstrong","qos":0,"transid":"20170715-00000","firsttime":"2017-07-15T16:00:00.000Z","lasttime":"2017-07-15T01:00:00.000Z","lastupdt":"2017-07-15T01:00:00.000Z","housenumber":"51","road":"Magiting","city":"","region":"","country":"PH","netid":"F0:98:38:07:A6:4C","name":null,"type":"infra","comment":null,"wep":"2","channel":6,"bcninterval":0,"freenet":"?","dhcp":"?","paynet":"?","userfound":false,"encryption":"wpa2"},{"trilat":14.646565439999999824749465915374457836151123046875,"trilong":121.05828857000000198240741156041622161865234375,"ssid":"Sun Wi-Fi_307678","qos":0,"transid":"20150216-00000","firsttime":"2015-02-09T17:00:00.000Z","lasttime":"2015-02-16T06:00:00.000Z","lastupdt":"2015-07-26T00:00:00.000Z","housenumber":null,"road":null,"city":null,"region":null,"country":null,"netid":"F8:DF:A8:30:76:78","name":null,"type":"infra","comment":null,"wep":"?","channel":1,"bcninterval":0,"freenet":"?","dhcp":"?","paynet":"?","userfound":false,"encryption":"unknown"},{"trilat":14.6470928199999992358470990438945591449737548828125,"trilong":121.057601930000004131215973757207393646240234375,"ssid":"PLDTMyDSL","qos":5,"transid":"20130309-00000","firsttime":"2013-03-09T20:00:00.000Z","lasttime":"2013-08-31T17:00:00.000Z","lastupdt":"2013-08-31T15:00:00.000Z","housenumber":null,"road":null,"city":null,"region":"Metro Manila","country":"PH","netid":"B0:B2:DC:45:BF:68","name":null,"type":"infra","comment":null,"wep":"2","channel":11,"bcninterval":0,"freenet":"?","dhcp":"?","paynet":"?","userfound":false,"encryption":"wpa2"},{"trilat":14.645060539999999349447534768842160701751708984375,"trilong":121.061073300000003882814780808985233306884765625,"ssid":"PLDTMyDSL","qos":5,"transid":"20130301-00000","firsttime":"2013-02-24T20:00:00.000Z","lasttime":"2013-12-09T09:00:00.000Z","lastupdt":"2013-12-09T07:00:00.000Z","housenumber":null,"road":null,"city":null,"region":"Metro Manila","country":"PH","netid":"B0:B2:DC:47:01:B8","name":null,"type":"infra","comment":null,"wep":"2","channel":11,"bcninterval":0,"freenet":"?","dhcp":"?","paynet":"?","userfound":false,"encryption":"wpa2"},{"trilat":14.6462879200000006818527253926731646060943603515625,"trilong":121.0587921099999988427953212521970272064208984375,"ssid":"bangkok","qos":0,"transid":"20150216-00000","firsttime":"2015-02-09T17:00:00.000Z","lasttime":"2015-02-16T06:00:00.000Z","lastupdt":"2015-07-26T00:00:00.000Z","housenumber":null,"road":null,"city":null,"region":null,"country":null,"netid":"A8:A6:68:2F:87:94","name":null,"type":"infra","comment":null,"wep":"2","channel":11,"bcninterval":0,"freenet":"?","dhcp":"?","paynet":"?","userfound":false,"encryption":"wpa2"},{"trilat":14.64690494999999970104909152723848819732666015625,"trilong":121.0605773900000059484227676875889301300048828125,"ssid":"iPhone","qos":0,"transid":"20150726-00000","firsttime":"2015-02-27T18:00:00.000Z","lasttime":"2015-07-26T00:00:00.000Z","lastupdt":"2015-07-26T00:00:00.000Z","housenumber":null,"road":null,"city":null,"region":null,"country":null,"netid":"BA:09:8A:E4:26:CB","name":null,"type":"infra","comment":null,"wep":"2","channel":1,"bcninterval":0,"freenet":"?","dhcp":"?","paynet":"?","userfound":false,"encryption":"wpa2"},{"trilat":14.646961210000000619402271695435047149658203125,"trilong":121.0596466100000014876059140078723430633544921875,"ssid":"Hexer","qos":0,"transid":"20150216-00000","firsttime":"2015-02-09T17:00:00.000Z","lasttime":"2015-02-16T06:00:00.000Z","lastupdt":"2015-07-26T00:00:00.000Z","housenumber":null,"road":null,"city":null,"region":null,"country":null,"netid":"BA:78:2E:AE:02:EB","name":null,"type":"infra","comment":null,"wep":"2","channel":1,"bcninterval":0,"freenet":"?","dhcp":"?","paynet":"?","userfound":false,"encryption":"wpa2"},{"trilat":14.642794609999999266847225953824818134307861328125,"trilong":121.0593490600000023960092221386730670928955078125,"ssid":"NailSpa&Co.","qos":0,"transid":"20130309-00000","firsttime":"2013-03-09T20:00:00.000Z","lasttime":"2013-03-11T16:00:00.000Z","lastupdt":"2013-03-11T14:00:00.000Z","housenumber":null,"road":null,"city":null,"region":"Metro Manila","country":"PH","netid":"AC:81:12:AF:34:95","name":null,"type":"infra","comment":null,"wep":"W","channel":11,"bcninterval":0,"freenet":"?","dhcp":"?","paynet":"?","userfound":false,"encryption":"wpa"},{"trilat":14.6419191400000006098025551182217895984649658203125,"trilong":121.061073300000003882814780808985233306884765625,"ssid":"RPC","qos":1,"transid":"20130322-00000","firsttime":"2013-03-23T10:00:00.000Z","lasttime":"2013-10-30T05:00:00.000Z","lastupdt":"2013-10-30T03:00:00.000Z","housenumber":null,"road":null,"city":null,"region":"Metro Manila","country":"PH","netid":"F8:D1:11:4A:2B:BC","name":null,"type":"infra","comment":null,"wep":"W","channel":11,"bcninterval":0,"freenet":"?","dhcp":"?","paynet":"?","userfound":false,"encryption":"wpa"},{"trilat":14.643057819999999225046849460341036319732666015625,"trilong":121.061134339999995290781953372061252593994140625,"ssid":"N","qos":2,"transid":"20150216-00000","firsttime":"2015-02-10T20:00:00.000Z","lasttime":"2015-02-16T06:00:00.000Z","lastupdt":"2015-07-26T00:00:00.000Z","housenumber":null,"road":null,"city":null,"region":null,"country":null,"netid":"AA:A6:68:28:87:8A","name":null,"type":"infra","comment":null,"wep":"2","channel":6,"bcninterval":0,"freenet":"?","dhcp":"?","paynet":"?","userfound":false,"encryption":"wpa2"},{"trilat":14.6471080800000006405525709851644933223724365234375,"trilong":121.05762482000000090920366346836090087890625,"ssid":"Anteeewn","qos":0,"transid":"20170609-00000","firsttime":"2017-06-03T18:00:00.000Z","lasttime":"2017-06-09T05:00:00.000Z","lastupdt":"2017-06-09T05:00:00.000Z","housenumber":null,"road":null,"city":null,"region":null,"country":null,"netid":"EC:1F:72:EA:11:48","name":null,"type":"infra","comment":null,"wep":"2","channel":1,"bcninterval":0,"freenet":"?","dhcp":"?","paynet":"?","userfound":false,"encryption":"wpa2"},{"trilat":14.6440391499999993385472407680936157703399658203125,"trilong":121.06112670999999636478605680167675018310546875,"ssid":"AlexisNicole","qos":1,"transid":"20130322-00000","firsttime":"2013-03-23T11:00:00.000Z","lasttime":"2013-04-14T06:00:00.000Z","lastupdt":"2013-04-14T04:00:00.000Z","housenumber":null,"road":null,"city":null,"region":"Metro Manila","country":"PH","netid":"B4:B3:62:5E:07:1C","name":null,"type":"infra","comment":null,"wep":"2","channel":1,"bcninterval":0,"freenet":"?","dhcp":"?","paynet":"?","userfound":false,"encryption":"wpa2"},{"trilat":14.64646244000000052665200200863182544708251953125,"trilong":121.059005740000003470413503237068653106689453125,"ssid":"MyPhone","qos":0,"transid":"20130703-00000","firsttime":"2013-06-30T22:00:00.000Z","lasttime":"2013-07-03T04:00:00.000Z","lastupdt":"2015-07-26T00:00:00.000Z","housenumber":null,"road":null,"city":null,"region":"Metro Manila","country":"PH","netid":"FA:9E:3F:E3:CD:9F","name":null,"type":"infra","comment":null,"wep":"2","channel":1,"bcninterval":0,"freenet":"?","dhcp":"?","paynet":"?","userfound":false,"encryption":"wpa2"},{"trilat":14.6468877800000001343505573458969593048095703125,"trilong":121.0578384399999976039907778613269329071044921875,"ssid":"Low Signal","qos":2,"transid":"20150120-00000","firsttime":"2015-01-11T19:00:00.000Z","lasttime":"2016-06-04T16:00:00.000Z","lastupdt":"2016-06-04T16:00:00.000Z","housenumber":null,"road":null,"city":null,"region":null,"country":null,"netid":"A4:7E:39:AD:F2:40","name":null,"type":"infra","comment":null,"wep":"2","channel":7,"bcninterval":0,"freenet":"?","dhcp":"?","paynet":"?","userfound":false,"encryption":"wpa2"},{"trilat":14.646820070000000413301677326671779155731201171875,"trilong":121.0604553200000026436100597493350505828857421875,"ssid":"Magiting","qos":0,"transid":"20160907-00000","firsttime":"2016-09-03T21:00:00.000Z","lasttime":"2016-09-07T19:00:00.000Z","lastupdt":"2016-09-07T19:00:00.000Z","housenumber":null,"road":null,"city":null,"region":null,"country":null,"netid":"FC:3F:7C:C4:3F:E4","name":null,"type":"infra","comment":null,"wep":"2","channel":10,"bcninterval":0,"freenet":"?","dhcp":"?","paynet":"?","userfound":false,"encryption":"wpa2"},{"trilat":14.6447563200000008265533324447460472583770751953125,"trilong":121.058334349999995538382790982723236083984375,"ssid":"monoVirus","qos":1,"transid":"20150216-00000","firsttime":"2015-02-13T11:00:00.000Z","lasttime":"2015-02-16T06:00:00.000Z","lastupdt":"2015-07-26T00:00:00.000Z","housenumber":null,"road":null,"city":null,"region":null,"country":null,"netid":"B0:D0:9C:1E:F3:33","name":null,"type":"infra","comment":null,"wep":"2","channel":6,"bcninterval":0,"freenet":"?","dhcp":"?","paynet":"?","userfound":false,"encryption":"wpa2"},{"trilat":14.6429462400000005573019734583795070648193359375,"trilong":121.0606613199999941343776299618184566497802734375,"ssid":"BYOD@Bayan","qos":0,"transid":"20161206-00000","firsttime":"2016-12-04T20:00:00.000Z","lasttime":"2016-12-06T07:00:00.000Z","lastupdt":"2016-12-06T07:00:00.000Z","housenumber":null,"road":null,"city":null,"region":null,"country":null,"netid":"F4:CF:E2:1F:F0:00","name":null,"type":"infra","comment":null,"wep":"?","channel":1,"bcninterval":0,"freenet":"?","dhcp":"?","paynet":"?","userfound":false,"encryption":"unknown"},{"trilat":14.646888730000000578002072870731353759765625,"trilong":121.060035709999993969177012331783771514892578125,"ssid":"Jenny's iPhone","qos":0,"transid":"20150726-00000","firsttime":"2015-02-27T19:00:00.000Z","lasttime":"2015-07-26T00:00:00.000Z","lastupdt":"2015-07-26T00:00:00.000Z","housenumber":null,"road":null,"city":null,"region":null,"country":null,"netid":"F6:F4:6F:01:02:C4","name":null,"type":"infra","comment":null,"wep":"2","channel":1,"bcninterval":0,"freenet":"?","dhcp":"?","paynet":"?","userfound":false,"encryption":"wpa2"},{"trilat":14.6458168000000004127514330320991575717926025390625,"trilong":121.0613098099999973555895849131047725677490234375,"ssid":"PLDTMyDSLAlex","qos":3,"transid":"20130209-00000","firsttime":"2013-02-09T20:00:00.000Z","lasttime":"2013-04-19T08:00:00.000Z","lastupdt":"2013-04-19T06:00:00.000Z","housenumber":null,"road":null,"city":null,"region":"Metro Manila","country":"PH","netid":"B0:B2:DC:80:6F:74","name":null,"type":"infra","comment":null,"wep":"2","channel":11,"bcninterval":0,"freenet":"?","dhcp":"?","paynet":"?","userfound":false,"encryption":"wpa2"},{"trilat":14.6465177499999992249968272517435252666473388671875,"trilong":121.059280400000005784022505395114421844482421875,"ssid":"Fashion Passion","qos":5,"transid":"20130222-00000","firsttime":"2001-01-01T07:00:00.000Z","lasttime":"2015-07-26T00:00:00.000Z","lastupdt":"2015-07-26T00:00:00.000Z","housenumber":null,"road":null,"city":null,"region":"Metro Manila","country":"PH","netid":"B0:48:7A:BF:B9:86","name":null,"type":"infra","comment":null,"wep":"2","channel":10,"bcninterval":0,"freenet":"?","dhcp":"?","paynet":"?","userfound":false,"encryption":"wpa2"},{"trilat":14.6461505899999995250482243136502802371978759765625,"trilong":121.061271669999996447586454451084136962890625,"ssid":"Free Public WiFi","qos":0,"transid":"20130810-00000","firsttime":"2013-08-07T21:00:00.000Z","lasttime":"2013-08-10T02:00:00.000Z","lastupdt":"2013-08-10T00:00:00.000Z","housenumber":null,"road":null,"city":null,"region":"Metro Manila","country":"PH","netid":"B2:0E:E2:14:5C:81","name":null,"type":"ad-hoc","comment":null,"wep":"N","channel":11,"bcninterval":0,"freenet":"Y","dhcp":"?","paynet":"?","userfound":false,"encryption":"none"},{"trilat":14.6467857400000003309514795546419918537139892578125,"trilong":121.0613021900000063624247559346258640289306640625,"ssid":"HUAWEI-E5372-1010","qos":1,"transid":"20140901-00000","firsttime":"2014-08-31T19:00:00.000Z","lasttime":"2015-08-08T09:00:00.000Z","lastupdt":"2015-08-08T09:00:00.000Z","housenumber":null,"road":null,"city":null,"region":null,"country":null,"netid":"B2:5B:67:16:10:11","name":null,"type":"infra","comment":null,"wep":"2","channel":1,"bcninterval":0,"freenet":"?","dhcp":"?","paynet":"?","userfound":false,"encryption":"wpa2"},{"trilat":14.64679718000000008260030881501734256744384765625,"trilong":121.0582122800000064444247982464730739593505859375,"ssid":"Chay's iPhone","qos":0,"transid":"20130621-00000","firsttime":"2013-06-02T19:00:00.000Z","lasttime":"2013-06-21T06:00:00.000Z","lastupdt":"2013-06-21T04:00:00.000Z","housenumber":null,"road":null,"city":null,"region":"Metro Manila","country":"PH","netid":"EE:35:86:81:C8:20","name":null,"type":"infra","comment":null,"wep":"2","channel":3,"bcninterval":0,"freenet":"?","dhcp":"?","paynet":"?","userfound":false,"encryption":"wpa2"},{"trilat":14.64606380000000029895090847276151180267333984375,"trilong":121.0612411500000007436028681695461273193359375,"ssid":"Smart Bro_C04B2B","qos":0,"transid":"20160227-00000","firsttime":"2016-02-27T20:00:00.000Z","lasttime":"2016-02-27T07:00:00.000Z","lastupdt":"2016-02-27T07:00:00.000Z","housenumber":null,"road":null,"city":null,"region":null,"country":null,"netid":"AA:A6:68:C0:4B:2B","name":null,"type":"infra","comment":null,"wep":"2","channel":6,"bcninterval":0,"freenet":"?","dhcp":"?","paynet":"?","userfound":false,"encryption":"wpa2"},{"trilat":14.64720535000000012360032997094094753265380859375,"trilong":121.061233520000001817606971599161624908447265625,"ssid":"PLDTWIFI_SMART","qos":2,"transid":"20150726-00000","firsttime":"2015-07-11T18:00:00.000Z","lasttime":"2015-08-12T07:00:00.000Z","lastupdt":"2015-08-12T07:00:00.000Z","housenumber":null,"road":null,"city":null,"region":null,"country":null,"netid":"AA:A6:68:C0:62:2C","name":null,"type":"infra","comment":null,"wep":"2","channel":1,"bcninterval":0,"freenet":"?","dhcp":"?","paynet":"?","userfound":false,"encryption":"wpa2"},{"trilat":14.6464920000000002886508809751830995082855224609375,"trilong":121.0592498799999958691842039115726947784423828125,"ssid":"rosima","qos":1,"transid":"20150808-00000","firsttime":"2001-01-01T08:00:00.000Z","lasttime":"2017-06-09T05:00:00.000Z","lastupdt":"2017-06-09T05:00:00.000Z","housenumber":null,"road":null,"city":null,"region":null,"country":null,"netid":"AA:A6:68:DA:44:BD","name":null,"type":"infra","comment":null,"wep":"2","channel":1,"bcninterval":0,"freenet":"?","dhcp":"?","paynet":"?","userfound":false,"encryption":"wpa2"},{"trilat":14.64443207000000057860233937390148639678955078125,"trilong":121.0602111799999960339846438728272914886474609375,"ssid":"Jet Note 3","qos":2,"transid":"20140821-00000","firsttime":"2014-08-21T20:00:00.000Z","lasttime":"2015-01-21T20:00:00.000Z","lastupdt":"2015-07-26T00:00:00.000Z","housenumber":null,"road":null,"city":null,"region":null,"country":null,"netid":"F0:25:B7:4E:69:04","name":null,"type":"infra","comment":null,"wep":"2","channel":6,"bcninterval":0,"freenet":"?","dhcp":"?","paynet":"?","userfound":false,"encryption":"wpa2"},{"trilat":14.64679813000000052625182433985173702239990234375,"trilong":121.058174129999997603590600192546844482421875,"ssid":"Ihsan S5","qos":0,"transid":"20150808-00000","firsttime":"2015-08-07T17:00:00.000Z","lasttime":"2015-08-08T09:00:00.000Z","lastupdt":"2015-08-08T09:00:00.000Z","housenumber":null,"road":null,"city":null,"region":null,"country":null,"netid":"F0:25:B7:C7:72:DF","name":null,"type":"infra","comment":null,"wep":"2","channel":6,"bcninterval":0,"freenet":"?","dhcp":"?","paynet":"?","userfound":false,"encryption":"wpa2"},{"trilat":14.646637919999999866149664740078151226043701171875,"trilong":121.060264590000002726810635067522525787353515625,"ssid":"Isabelle","qos":0,"transid":"20150216-00000","firsttime":"2015-02-11T17:00:00.000Z","lasttime":"2015-02-16T06:00:00.000Z","lastupdt":"2015-07-26T00:00:00.000Z","housenumber":null,"road":null,"city":null,"region":null,"country":null,"netid":"B4:30:52:5A:CE:EA","name":null,"type":"infra","comment":null,"wep":"2","channel":4,"bcninterval":0,"freenet":"?","dhcp":"?","paynet":"?","userfound":false,"encryption":"wpa2"},{"trilat":14.64723968999999925699739833362400531768798828125,"trilong":121.0574035599999973555895849131047725677490234375,"ssid":"Du30 LTE","qos":0,"transid":"20160604-00000","firsttime":"2016-05-27T20:00:00.000Z","lasttime":"2016-06-04T16:00:00.000Z","lastupdt":"2016-06-04T16:00:00.000Z","housenumber":null,"road":null,"city":null,"region":null,"country":null,"netid":"EE:1D:7F:A1:12:C4","name":null,"type":"infra","comment":null,"wep":"2","channel":6,"bcninterval":0,"freenet":"?","dhcp":"?","paynet":"?","userfound":false,"encryption":"wpa2"},{"trilat":14.6465082199999994116978996316902339458465576171875,"trilong":121.0589828500000066924258135259151458740234375,"ssid":"uFi_90696D","qos":0,"transid":"20170729-00000","firsttime":"2017-07-16T19:00:00.000Z","lasttime":"2017-07-29T13:00:00.000Z","lastupdt":"2017-07-29T13:00:00.000Z","housenumber":"","road":"Maginhawa","city":"","region":"","country":"PH","netid":"EE:1D:7F:90:69:6D","name":null,"type":"infra","comment":null,"wep":"2","channel":1,"bcninterval":0,"freenet":"?","dhcp":"?","paynet":"?","userfound":false,"encryption":"wpa2"},{"trilat":14.646801950000000402951627620495855808258056640625,"trilong":121.05970763999999917359673418104648590087890625,"ssid":"Michaeliphone6s","qos":0,"transid":"20160604-00000","firsttime":"2016-05-27T19:00:00.000Z","lasttime":"2016-06-04T16:00:00.000Z","lastupdt":"2016-06-04T16:00:00.000Z","housenumber":null,"road":null,"city":null,"region":null,"country":null,"netid":"B6:8B:19:15:06:3D","name":null,"type":"infra","comment":null,"wep":"2","channel":1,"bcninterval":0,"freenet":"?","dhcp":"?","paynet":"?","userfound":false,"encryption":"wpa2"},{"trilat":14.6464042699999996699489202001132071018218994140625,"trilong":121.059013370000002396409399807453155517578125,"ssid":"Thomas Ang?s iPhone","qos":0,"transid":"20130419-00000","firsttime":"2013-04-18T21:00:00.000Z","lasttime":"2013-04-19T08:00:00.000Z","lastupdt":"2013-04-19T06:00:00.000Z","housenumber":null,"road":null,"city":null,"region":"Metro Manila","country":"PH","netid":"B6:94:26:DA:DC:B1","name":null,"type":"infra","comment":null,"wep":"2","channel":1,"bcninterval":0,"freenet":"?","dhcp":"?","paynet":"?","userfound":false,"encryption":"wpa2"},{"trilat":14.646809579999999328947524190880358219146728515625,"trilong":121.0579681399999998347993823699653148651123046875,"ssid":"Linksys06371-guest","qos":0,"transid":"20160604-00000","firsttime":"2016-05-27T19:00:00.000Z","lasttime":"2016-06-04T16:00:00.000Z","lastupdt":"2016-06-04T16:00:00.000Z","housenumber":null,"road":null,"city":null,"region":null,"country":null,"netid":"B6:75:0E:48:A9:A8","name":null,"type":"infra","comment":null,"wep":"?","channel":10,"bcninterval":0,"freenet":"?","dhcp":"?","paynet":"?","userfound":false,"encryption":"unknown"},{"trilat":14.646973609999999865749487071298062801361083984375,"trilong":121.0577545200000031400122679769992828369140625,"ssid":"Divergent","qos":0,"transid":"20150808-00000","firsttime":"2015-08-07T22:00:00.000Z","lasttime":"2015-08-08T09:00:00.000Z","lastupdt":"2015-08-08T09:00:00.000Z","housenumber":null,"road":null,"city":null,"region":null,"country":null,"netid":"EA:08:8B:58:BE:A7","name":null,"type":"infra","comment":null,"wep":"2","channel":6,"bcninterval":0,"freenet":"?","dhcp":"?","paynet":"?","userfound":false,"encryption":"wpa2"},{"trilat":14.64642620000000050595190259627997875213623046875,"trilong":121.0589446999999978515916154719889163970947265625,"ssid":"natashka0709","qos":0,"transid":"20160907-00000","firsttime":"2016-09-03T21:00:00.000Z","lasttime":"2016-09-07T19:00:00.000Z","lastupdt":"2016-09-07T19:00:00.000Z","housenumber":null,"road":null,"city":null,"region":null,"country":null,"netid":"EA:08:8B:BE:3F:AD","name":null,"type":"infra","comment":null,"wep":"2","channel":6,"bcninterval":0,"freenet":"?","dhcp":"?","paynet":"?","userfound":false,"encryption":"wpa2"},{"trilat":14.6466321900000000510999598191119730472564697265625,"trilong":121.0585174600000044620173866860568523406982421875,"ssid":"bayanDSLWiFi_09D8","qos":5,"transid":"20150120-00000","firsttime":"2015-01-11T19:00:00.000Z","lasttime":"2017-07-29T13:00:00.000Z","lastupdt":"2017-07-29T13:00:00.000Z","housenumber":"85","road":"Maginhawa","city":"","region":"","country":"PH","netid":"EC:8A:4C:A6:09:D8","name":null,"type":"infra","comment":null,"wep":"2","channel":5,"bcninterval":0,"freenet":"?","dhcp":"?","paynet":"?","userfound":false,"encryption":"wpa2"}]}