{"success":true,"totalResults":2103,"search_after":67138496,"first":1,"last":100,"resultCount":100,"results":[{"trilat":14.6428022399999999691999619244597852230072021484375,"trilong":121.059425349999997933991835452616214752197265625,"ssid":"Free Public WiFi","qos":0,"transid":"20130309-00000","firsttime":"2013-03-09T20:00:00.000Z","lasttime":"2013-03-11T16:00:00.000Z","lastupdt":"2013-03-11T14:00:00.000Z","housenumber":null,"road":null,"city":null,"region":"Metro Manila","country":"PH","netid":"BA:73:B9:73:B9:73","name":null,"type":"ad-hoc","comment":null,"wep":"N","channel":11,"bcninterval":0,"freenet":"Y","dhcp":"?","paynet":"?","userfound":false,"encryption":"none"},{"trilat":14.6467704800000007026028470136225223541259765625,"trilong":121.0596923800000013216049410402774810791015625,"ssid":"Connectify-me","qos":5,"transid":"20130309-00000","firsttime":"2013-03-08T23:00:00.000Z","lasttime":"2013-06-21T06:00:00.000Z","lastupdt":"2013-06-21T04:00:00.000Z","housenumber":null,"road":null,"city":null,"region":"Metro Manila","country":"PH","netid":"E0:B9:A5:89:35:7B","name":null,"type":"infra","comment":null,"wep":"2","channel":11,"bcninterval":0,"freenet":"?","dhcp":"?","paynet":"?","userfound":false,"encryption":"wpa2"},{"trilat":14.6424798999999996595988704939372837543487548828125,"trilong":121.0604324300000058656223700381815433502197265625,"ssid":"cisco","qos":1,"transid":"20130414-00000","firsttime":"2013-04-14T14:00:00.000Z","lasttime":"2013-11-30T01:00:00.000Z","lastupdt":"2013-11-29T23:00:00.000Z","housenumber":null,"road":null,"city":null,"region":"Metro Manila","country":"PH","netid":"20:AA:4B:51:3C:1B","name":null,"type":"infra","comment":null,"wep":"2","channel":11,"bcninterval":0,"freenet":"?","dhcp":"?","paynet":"?","userfound":false,"encryption":"wpa2"},{"trilat":14.6450195300000007847529559512622654438018798828125,"trilong":121.0604629500000015696059563197195529937744140625,"ssid":"bayanDSLWiFi_0CCC","qos":3,"transid":"20150120-00000","firsttime":"2015-01-10T18:00:00.000Z","lasttime":"2017-07-29T13:00:00.000Z","lastupdt":"2017-07-29T13:00:00.000Z","housenumber":"116","road":"Maginhawa","city":"","region":"","country":"PH","netid":"E4:77:23:A5:0C:CC","name":null,"type":"infra","comment":null,"wep":"2","channel":2,"bcninterval":0,"freenet":"?","dhcp":"?","paynet":"?","userfound":false,"encryption":"wpa2"},{"trilat":14.6470680200000007431526682921685278415679931640625,"trilong":121.060234070000007022827048785984516143798828125,"ssid":"bayanDSLWiFi_894C","qos":1,"transid":"20140922-00000","firsttime":"2014-09-22T20:00:00.000Z","lasttime":"2016-02-27T07:00:00.000Z","lastupdt":"2016-02-27T07:00:00.000Z","housenumber":null,"road":null,"city":null,"region":null,"country":null,"netid":"E4:77:23:A5:89:4C","name":null,"type":"infra","comment":null,"wep":"2","channel":13,"bcninterval":0,"freenet":"?","dhcp":"?","paynet":"?","userfound":false,"encryption":"wpa2"},{"trilat":14.6464223899999996802989699062891304492950439453125,"trilong":121.0600662199999959511842462234199047088623046875,"ssid":"bayanDSLWiFi_060C","qos":5,"transid":"20141013-00000","firsttime":"2014-10-10T19:00:00.000Z","lasttime":"2016-02-27T07:00:00.000Z","lastupdt":"2016-02-27T07:00:00.000Z","housenumber":null,"road":null,"city":null,"region":null,"country":null,"netid":"E4:77:23:A6:06:0C","name":null,"type":"infra","comment":null,"wep":"2","channel":2,"bcninterval":0,"freenet":"?","dhcp":"?","paynet":"?","userfound":false,"encryption":"wpa2"},{"trilat":14.6463317899999996285487213754095137119293212890625,"trilong":121.0607299800000049572190619073808193206787109375,"ssid":"bayanDSLWiFi_69EC","qos":1,"transid":"20140817-00000","firsttime":"2014-08-16T18:00:00.000Z","lasttime":"2015-01-21T20:00:00.000Z","lastupdt":"2015-07-26T00:00:00.000Z","housenumber":null,"road":null,"city":null,"region":null,"country":null,"netid":"E4:77:23:9D:69:EC","name":null,"type":"infra","comment":null,"wep":"2","channel":13,"bcninterval":0,"freenet":"?","dhcp":"?","paynet":"?","userfound":false,"encryption":"wpa2"},{"trilat":14.641907690000000030750015866942703723907470703125,"trilong":121.0604553200000026436100597493350505828857421875,"ssid":"crazypisces05","qos":0,"transid":"20130414-00000","firsttime":"2013-04-14T14:00:00.000Z","lasttime":"2013-04-14T06:00:00.000Z","lastupdt":"2013-04-14T04:00:00.000Z","housenumber":null,"road":null,"city":null,"region":"Metro Manila","country":"PH","netid":"20:54:76:CF:A2:77","name":null,"type":"infra","comment":null,"wep":"2","channel":6,"bcninterval":0,"freenet":"?","dhcp":"?","paynet":"?","userfound":false,"encryption":"wpa2"},{"trilat":14.646928790000000475401975563727319240570068359375,"trilong":121.06083678999999619918526150286197662353515625,"ssid":"AndroidAP","qos":0,"transid":"20170404-00000","firsttime":"2017-03-31T19:00:00.000Z","lasttime":"2017-04-04T04:00:00.000Z","lastupdt":"2017-04-04T04:00:00.000Z","housenumber":null,"road":null,"city":null,"region":null,"country":null,"netid":"BC:76:5E:CF:ED:06","name":null,"type":"infra","comment":null,"wep":"2","channel":6,"bcninterval":0,"freenet":"?","dhcp":"?","paynet":"?","userfound":false,"encryption":"wpa2"},{"trilat":14.6465501800000001964008333743549883365631103515625,"trilong":121.0593643200000002480010152794420719146728515625,"ssid":"AndroidAP","qos":0,"transid":"20140805-00000","firsttime":"2014-08-05T19:00:00.000Z","lasttime":"2014-08-05T06:00:00.000Z","lastupdt":"2015-07-26T00:00:00.000Z","housenumber":null,"road":null,"city":null,"region":null,"country":null,"netid":"BC:79:AD:98:EB:F1","name":null,"type":"infra","comment":null,"wep":"2","channel":8,"bcninterval":0,"freenet":"?","dhcp":"?","paynet":"?","userfound":false,"encryption":"wpa2"},{"trilat":14.6462287900000003304512574686668813228607177734375,"trilong":121.060089110000006940026651136577129364013671875,"ssid":"RedLion","qos":1,"transid":"20160227-00000","firsttime":"2001-01-01T08:00:00.000Z","lasttime":"2017-03-03T07:00:00.000Z","lastupdt":"2017-03-03T07:00:00.000Z","housenumber":null,"road":null,"city":null,"region":null,"country":null,"netid":"20:AA:4B:1D:8B:3C","name":null,"type":"infra","comment":null,"wep":"2","channel":6,"bcninterval":0,"freenet":"?","dhcp":"?","paynet":"?","userfound":false,"encryption":"wpa2"},{"trilat":14.64661502999999953544829622842371463775634765625,"trilong":121.057518009999995456382748670876026153564453125,"ssid":"ButinyaWifi","qos":0,"transid":"20160227-00000","firsttime":"2016-02-13T21:00:00.000Z","lasttime":"2016-02-27T07:00:00.000Z","lastupdt":"2016-02-27T07:00:00.000Z","housenumber":null,"road":null,"city":null,"region":null,"country":null,"netid":"C8:BE:19:71:19:C0","name":null,"type":"infra","comment":null,"wep":"2","channel":11,"bcninterval":0,"freenet":"?","dhcp":"?","paynet":"?","userfound":false,"encryption":"wpa2"},{"trilat":14.64672565000000048485162551514804363250732421875,"trilong":121.0582199100000053704206948168575763702392578125,"ssid":"LuthienTinuviel","qos":0,"transid":"20130621-00000","firsttime":"2013-06-11T21:00:00.000Z","lasttime":"2013-06-21T06:00:00.000Z","lastupdt":"2013-06-21T04:00:00.000Z","housenumber":null,"road":null,"city":null,"region":"Metro Manila","country":"PH","netid":"C8:D7:19:96:18:A0","name":null,"type":"infra","comment":null,"wep":"2","channel":11,"bcninterval":0,"freenet":"?","dhcp":"?","paynet":"?","userfound":false,"encryption":"wpa2"},{"trilat":14.646782879999999948950062389485538005828857421875,"trilong":121.0609817499999962819856591522693634033203125,"ssid":"LA7000Plus","qos":0,"transid":"20160604-00000","firsttime":"2016-05-27T19:00:00.000Z","lasttime":"2016-06-04T16:00:00.000Z","lastupdt":"2016-06-04T16:00:00.000Z","housenumber":null,"road":null,"city":null,"region":null,"country":null,"netid":"E2:2C:B2:EF:50:7C","name":null,"type":"infra","comment":null,"wep":"2","channel":7,"bcninterval":0,"freenet":"?","dhcp":"?","paynet":"?","userfound":false,"encryption":"wpa2"},{"trilat":14.646864889999999803649188834242522716522216796875,"trilong":121.057891850000004296816769056022167205810546875,"ssid":"schoolyear23","qos":0,"transid":"20140508-00000","firsttime":"2014-05-01T21:00:00.000Z","lasttime":"2014-05-09T05:00:00.000Z","lastupdt":"2015-07-26T00:00:00.000Z","housenumber":null,"road":null,"city":null,"region":null,"country":null,"netid":"20:64:32:0A:6D:35","name":null,"type":"infra","comment":null,"wep":"W","channel":6,"bcninterval":0,"freenet":"?","dhcp":"?","paynet":"?","userfound":false,"encryption":"wpa"},{"trilat":14.6465597200000008371034709853120148181915283203125,"trilong":121.0582580600000000004001776687800884246826171875,"ssid":"bayanDSLWiFi_97E0","qos":0,"transid":"20150216-00000","firsttime":"2015-02-09T17:00:00.000Z","lasttime":"2015-02-16T06:00:00.000Z","lastupdt":"2015-07-26T00:00:00.000Z","housenumber":null,"road":null,"city":null,"region":null,"country":null,"netid":"E4:77:23:A5:97:E0","name":null,"type":"infra","comment":null,"wep":"2","channel":12,"bcninterval":0,"freenet":"?","dhcp":"?","paynet":"?","userfound":false,"encryption":"wpa2"},{"trilat":14.645886420000000072150214691646397113800048828125,"trilong":121.057518009999995456382748670876026153564453125,"ssid":"Chase","qos":0,"transid":"20160227-00000","firsttime":"2016-02-13T21:00:00.000Z","lasttime":"2016-02-27T07:00:00.000Z","lastupdt":"2016-02-27T07:00:00.000Z","housenumber":null,"road":null,"city":null,"region":null,"country":null,"netid":"E4:77:23:A6:05:98","name":null,"type":"infra","comment":null,"wep":"2","channel":12,"bcninterval":0,"freenet":"?","dhcp":"?","paynet":"?","userfound":false,"encryption":"wpa2"},{"trilat":14.6454801599999999695000951760448515415191650390625,"trilong":121.06083678999999619918526150286197662353515625,"ssid":"bayanDSLWiFi_1398","qos":1,"transid":"20150120-00000","firsttime":"2015-01-10T19:00:00.000Z","lasttime":"2015-07-26T00:00:00.000Z","lastupdt":"2015-07-26T00:00:00.000Z","housenumber":null,"road":null,"city":null,"region":null,"country":null,"netid":"E4:77:23:A6:13:98","name":null,"type":"infra","comment":null,"wep":"2","channel":13,"bcninterval":0,"freenet":"?","dhcp":"?","paynet":"?","userfound":false,"encryption":"wpa2"},{"trilat":14.64686870999999968034899211488664150238037109375,"trilong":121.05944823999999471197952516376972198486328125,"ssid":"Naughty Nachos VIP WiFi","qos":0,"transid":"20160907-00000","firsttime":"2016-09-03T21:00:00.000Z","lasttime":"2016-09-07T19:00:00.000Z","lastupdt":"2016-09-07T19:00:00.000Z","housenumber":null,"road":null,"city":null,"region":null,"country":null,"netid":"E4:8D:8C:60:A9:DA","name":null,"type":"infra","comment":null,"wep":"?","channel":5,"bcninterval":0,"freenet":"?","dhcp":"?","paynet":"?","userfound":false,"encryption":"unknown"},{"trilat":14.6468133900000001546004568808712065219879150390625,"trilong":121.0609054600000007440030458383262157440185546875,"ssid":"RMF8","qos":0,"transid":"20150808-00000","firsttime":"2015-08-07T17:00:00.000Z","lasttime":"2015-08-08T09:00:00.000Z","lastupdt":"2015-08-08T09:00:00.000Z","housenumber":null,"road":null,"city":null,"region":null,"country":null,"netid":"D2:2D:B3:17:A0:F4","name":null,"type":"infra","comment":null,"wep":"2","channel":1,"bcninterval":0,"freenet":"?","dhcp":"?","paynet":"?","userfound":false,"encryption":"wpa2"},{"trilat":14.6466188400000003611012289184145629405975341796875,"trilong":121.0607986499999952911821310408413410186767578125,"ssid":"bayanDSLWiFi_3EB4","qos":5,"transid":"20140805-00000","firsttime":"2014-08-05T19:00:00.000Z","lasttime":"2015-08-12T07:00:00.000Z","lastupdt":"2015-08-12T07:00:00.000Z","housenumber":null,"road":null,"city":null,"region":null,"country":null,"netid":"E4:77:23:A0:3E:B4","name":null,"type":"infra","comment":null,"wep":"2","channel":2,"bcninterval":0,"freenet":"?","dhcp":"?","paynet":"?","userfound":false,"encryption":"wpa2"},{"trilat":14.6468715700000000623504092800430953502655029296875,"trilong":121.0578536999999954559825710020959377288818359375,"ssid":"Niccolo","qos":0,"transid":"20160604-00000","firsttime":"2016-05-27T19:00:00.000Z","lasttime":"2016-06-04T16:00:00.000Z","lastupdt":"2016-06-04T16:00:00.000Z","housenumber":null,"road":null,"city":null,"region":null,"country":null,"netid":"D2:5B:A8:5E:7E:D2","name":null,"type":"infra","comment":null,"wep":"2","channel":13,"bcninterval":0,"freenet":"?","dhcp":"?","paynet":"?","userfound":false,"encryption":"wpa2"},{"trilat":14.6433057800000003823015504167415201663970947265625,"trilong":121.060989379999995207981555722653865814208984375,"ssid":"henrys' grille","qos":0,"transid":"20130322-00000","firsttime":"2013-03-23T10:00:00.000Z","lasttime":"2013-03-24T04:00:00.000Z","lastupdt":"2013-03-24T02:00:00.000Z","housenumber":null,"road":null,"city":null,"region":"Metro Manila","country":"PH","netid":"E8:40:F2:DA:B0:82","name":null,"type":"infra","comment":null,"wep":"W","channel":6,"bcninterval":0,"freenet":"?","dhcp":"?","paynet":"?","userfound":false,"encryption":"wpa"},{"trilat":14.6454544099999992567973094992339611053466796875,"trilong":121.0609817499999962819856591522693634033203125,"ssid":"SEC_LinkShare_373098","qos":0,"transid":"20130301-00000","firsttime":"2013-02-24T20:00:00.000Z","lasttime":"2013-03-01T05:00:00.000Z","lastupdt":"2013-03-01T03:00:00.000Z","housenumber":null,"road":null,"city":null,"region":"Metro Manila","country":"PH","netid":"E4:7C:F9:56:A4:9A","name":null,"type":"infra","comment":null,"wep":"2","channel":11,"bcninterval":0,"freenet":"?","dhcp":"?","paynet":"?","userfound":false,"encryption":"wpa2"},{"trilat":14.645455359999999700448825024068355560302734375,"trilong":121.0605010999999961995854391716420650482177734375,"ssid":"iPhone","qos":0,"transid":"20150726-00000","firsttime":"2015-07-11T19:00:00.000Z","lasttime":"2015-07-26T00:00:00.000Z","lastupdt":"2015-07-26T00:00:00.000Z","housenumber":null,"road":null,"city":null,"region":null,"country":null,"netid":"EE:29:F5:07:F1:4A","name":null,"type":"infra","comment":null,"wep":"2","channel":1,"bcninterval":0,"freenet":"?","dhcp":"?","paynet":"?","userfound":false,"encryption":"wpa2"},{"trilat":14.645886420000000072150214691646397113800048828125,"trilong":121.057518009999995456382748670876026153564453125,"ssid":"Home-TPLink","qos":0,"transid":"20160227-00000","firsttime":"2016-02-13T21:00:00.000Z","lasttime":"2016-02-27T07:00:00.000Z","lastupdt":"2016-02-27T07:00:00.000Z","housenumber":null,"road":null,"city":null,"region":null,"country":null,"netid":"E8:DE:27:CA:84:28","name":null,"type":"infra","comment":null,"wep":"2","channel":6,"bcninterval":0,"freenet":"?","dhcp":"?","paynet":"?","userfound":false,"encryption":"wpa2"},{"trilat":14.646603580000000732752596377395093441009521484375,"trilong":121.0592117300000012392047210596501827239990234375,"ssid":"Lenomon","qos":0,"transid":"20130921-00000","firsttime":"2013-09-21T11:00:00.000Z","lasttime":"2013-09-22T00:00:00.000Z","lastupdt":"2013-09-21T22:00:00.000Z","housenumber":null,"road":null,"city":null,"region":"Metro Manila","country":"PH","netid":"EE:89:F5:0B:1B:E8","name":null,"type":"infra","comment":null,"wep":"2","channel":1,"bcninterval":0,"freenet":"?","dhcp":"?","paynet":"?","userfound":false,"encryption":"wpa2"},{"trilat":14.646548270000000258050931734032928943634033203125,"trilong":121.0586624099999966119867167435586452484130859375,"ssid":"coolness-prolink","qos":0,"transid":"20150120-00000","firsttime":"2015-01-10T18:00:00.000Z","lasttime":"2015-01-21T20:00:00.000Z","lastupdt":"2015-07-26T00:00:00.000Z","housenumber":null,"road":null,"city":null,"region":null,"country":null,"netid":"90:61:0C:11:89:D6","name":null,"type":"infra","comment":null,"wep":"2","channel":11,"bcninterval":0,"freenet":"?","dhcp":"?","paynet":"?","userfound":false,"encryption":"wpa2"},{"trilat":14.64281749999999959754859446547925472259521484375,"trilong":121.0603485099999971907891449518501758575439453125,"ssid":"PLDTMyDSL_Hector","qos":1,"transid":"20130414-00000","firsttime":"2013-04-14T14:00:00.000Z","lasttime":"2013-11-30T01:00:00.000Z","lastupdt":"2013-11-29T23:00:00.000Z","housenumber":null,"road":null,"city":null,"region":"Metro Manila","country":"PH","netid":"90:61:0C:0D:3C:93","name":null,"type":"infra","comment":null,"wep":"2","channel":11,"bcninterval":0,"freenet":"?","dhcp":"?","paynet":"?","userfound":false,"encryption":"wpa2"},{"trilat":14.6412200899999991321465131477452814579010009765625,"trilong":121.0601882899999992559969541616737842559814453125,"ssid":"PLDTMyDSL","qos":0,"transid":"20131130-00000","firsttime":"2013-11-30T13:00:00.000Z","lasttime":"2013-11-30T01:00:00.000Z","lastupdt":"2013-11-29T23:00:00.000Z","housenumber":null,"road":null,"city":null,"region":"Metro Manila","country":"PH","netid":"90:61:0C:0D:8F:E8","name":null,"type":"infra","comment":null,"wep":"2","channel":11,"bcninterval":0,"freenet":"?","dhcp":"?","paynet":"?","userfound":false,"encryption":"wpa2"},{"trilat":14.6466093100000005478023012983612716197967529296875,"trilong":121.059150700000003553213900886476039886474609375,"ssid":"Bionutrition","qos":1,"transid":"20130725-00000","firsttime":"2013-07-25T17:00:00.000Z","lasttime":"2015-02-16T06:00:00.000Z","lastupdt":"2015-07-26T00:00:00.000Z","housenumber":null,"road":null,"city":null,"region":"Metro Manila","country":"PH","netid":"90:61:0C:0F:94:32","name":null,"type":"infra","comment":null,"wep":"2","channel":1,"bcninterval":0,"freenet":"?","dhcp":"?","paynet":"?","userfound":false,"encryption":"wpa2"},{"trilat":14.6469945900000002581009539426304399967193603515625,"trilong":121.057762150000002066008164547383785247802734375,"ssid":"PLDTMyDSL","qos":5,"transid":"20130320-00000","firsttime":"2013-03-19T21:00:00.000Z","lasttime":"2015-07-26T00:00:00.000Z","lastupdt":"2015-07-26T00:00:00.000Z","housenumber":null,"road":null,"city":null,"region":"Metro Manila","country":"PH","netid":"90:61:0C:07:CA:5B","name":null,"type":"infra","comment":null,"wep":"2","channel":11,"bcninterval":0,"freenet":"?","dhcp":"?","paynet":"?","userfound":false,"encryption":"wpa2"},{"trilat":14.6426982900000002274509824928827583789825439453125,"trilong":121.060409550000002809611032716929912567138671875,"ssid":"PLDTMyDSL","qos":0,"transid":"20131130-00000","firsttime":"2013-11-30T12:00:00.000Z","lasttime":"2013-11-30T01:00:00.000Z","lastupdt":"2013-11-29T23:00:00.000Z","housenumber":null,"road":null,"city":null,"region":"Metro Manila","country":"PH","netid":"90:61:0C:10:3D:74","name":null,"type":"infra","comment":null,"wep":"2","channel":11,"bcninterval":0,"freenet":"?","dhcp":"?","paynet":"?","userfound":false,"encryption":"wpa2"},{"trilat":14.64105129000000005135007086209952831268310546875,"trilong":121.0592422499999969431883073411881923675537109375,"ssid":"rafaelgustaf","qos":0,"transid":"20131030-00000","firsttime":"2013-10-21T17:00:00.000Z","lasttime":"2013-10-30T05:00:00.000Z","lastupdt":"2013-10-30T03:00:00.000Z","housenumber":null,"road":null,"city":null,"region":"Metro Manila","country":"PH","netid":"90:61:0C:0F:99:29","name":null,"type":"infra","comment":null,"wep":"2","channel":1,"bcninterval":0,"freenet":"?","dhcp":"?","paynet":"?","userfound":false,"encryption":"wpa2"},{"trilat":14.6413936600000003096511136391200125217437744140625,"trilong":121.059982300000001487205736339092254638671875,"ssid":"tikolsvoloy","qos":0,"transid":"20131130-00000","firsttime":"2013-11-30T13:00:00.000Z","lasttime":"2013-11-30T01:00:00.000Z","lastupdt":"2013-11-29T23:00:00.000Z","housenumber":null,"road":null,"city":null,"region":"Metro Manila","country":"PH","netid":"90:61:0C:05:A4:71","name":null,"type":"infra","comment":null,"wep":"2","channel":1,"bcninterval":0,"freenet":"?","dhcp":"?","paynet":"?","userfound":false,"encryption":"wpa2"},{"trilat":14.6414070099999999996498445398174226284027099609375,"trilong":121.06121063000000503961928188800811767578125,"ssid":"samsam","qos":1,"transid":"20130309-00000","firsttime":"2013-03-09T18:00:00.000Z","lasttime":"2013-11-30T20:00:00.000Z","lastupdt":"2013-11-30T18:00:00.000Z","housenumber":null,"road":null,"city":null,"region":"Metro Manila","country":"PH","netid":"90:61:0C:06:44:5A","name":null,"type":"infra","comment":null,"wep":"2","channel":1,"bcninterval":0,"freenet":"?","dhcp":"?","paynet":"?","userfound":false,"encryption":"wpa2"},{"trilat":14.642277719999999163746906560845673084259033203125,"trilong":121.0604553200000026436100597493350505828857421875,"ssid":"98","qos":1,"transid":"20130414-00000","firsttime":"2013-04-14T14:00:00.000Z","lasttime":"2013-11-30T01:00:00.000Z","lastupdt":"2013-11-29T23:00:00.000Z","housenumber":null,"road":null,"city":null,"region":"Metro Manila","country":"PH","netid":"90:61:0C:06:75:C1","name":null,"type":"infra","comment":null,"wep":"2","channel":6,"bcninterval":0,"freenet":"?","dhcp":"?","paynet":"?","userfound":false,"encryption":"wpa2"},{"trilat":14.6467495000000003102513801422901451587677001953125,"trilong":121.0594024699999948779804981313645839691162109375,"ssid":"ChibaEmi","qos":2,"transid":"20130621-00000","firsttime":"2013-06-11T21:00:00.000Z","lasttime":"2014-10-13T17:00:00.000Z","lastupdt":"2015-07-26T00:00:00.000Z","housenumber":null,"road":null,"city":null,"region":"Metro Manila","country":"PH","netid":"20:02:AF:CE:95:88","name":null,"type":"infra","comment":null,"wep":"2","channel":11,"bcninterval":0,"freenet":"?","dhcp":"?","paynet":"?","userfound":false,"encryption":"wpa2"},{"trilat":14.6460285199999997729491951758973300457000732421875,"trilong":121.060104370000004792018444277346134185791015625,"ssid":"bayanDSLWiFi_5918","qos":0,"transid":"20150216-00000","firsttime":"2015-02-09T17:00:00.000Z","lasttime":"2015-02-16T06:00:00.000Z","lastupdt":"2015-07-26T00:00:00.000Z","housenumber":null,"road":null,"city":null,"region":null,"country":null,"netid":"EC:8A:4C:A6:59:18","name":null,"type":"infra","comment":null,"wep":"2","channel":1,"bcninterval":0,"freenet":"?","dhcp":"?","paynet":"?","userfound":false,"encryption":"wpa2"},{"trilat":14.64672470000000004120010999031364917755126953125,"trilong":121.0592346199999980171924107708036899566650390625,"ssid":"bayanDSLWiFi_7E9C","qos":0,"transid":"20150726-00000","firsttime":"2001-01-01T08:00:00.000Z","lasttime":"2015-07-26T00:00:00.000Z","lastupdt":"2016-02-27T07:00:00.000Z","housenumber":null,"road":null,"city":null,"region":null,"country":null,"netid":"EC:8A:4C:A6:7E:9C","name":null,"type":"infra","comment":null,"wep":"2","channel":10,"bcninterval":0,"freenet":"?","dhcp":"?","paynet":"?","userfound":false,"encryption":"wpa2"},{"trilat":14.646549220000000701702447258867323398590087890625,"trilong":121.0611648600000052056202548556029796600341796875,"ssid":"SENDGH","qos":5,"transid":"20150216-00000","firsttime":"2015-02-09T17:00:00.000Z","lasttime":"2016-09-07T19:00:00.000Z","lastupdt":"2016-09-07T19:00:00.000Z","housenumber":null,"road":null,"city":null,"region":null,"country":null,"netid":"EC:8A:4C:A6:9A:58","name":null,"type":"infra","comment":null,"wep":"2","channel":8,"bcninterval":0,"freenet":"?","dhcp":"?","paynet":"?","userfound":false,"encryption":"wpa2"},{"trilat":14.646675110000000330501279677264392375946044921875,"trilong":121.0582504300000010744042810983955860137939453125,"ssid":"Pretty Woman","qos":0,"transid":"20160604-00000","firsttime":"2016-05-27T19:00:00.000Z","lasttime":"2016-06-04T16:00:00.000Z","lastupdt":"2016-06-04T16:00:00.000Z","housenumber":null,"road":null,"city":null,"region":null,"country":null,"netid":"EA:B5:B7:8A:E7:33","name":null,"type":"infra","comment":null,"wep":"2","channel":1,"bcninterval":0,"freenet":"?","dhcp":"?","paynet":"?","userfound":false,"encryption":"wpa2"},{"trilat":14.6465530400000005784022505395114421844482421875,"trilong":121.058990480000005618421710096299648284912109375,"ssid":"#SmartWifi @StrEATMag","qos":2,"transid":"20170609-00000","firsttime":"2017-06-03T18:00:00.000Z","lasttime":"2017-07-29T13:00:00.000Z","lastupdt":"2017-07-29T13:00:00.000Z","housenumber":"","road":"Maginhawa","city":"","region":"","country":"PH","netid":"EC:8C:A2:30:FF:28","name":null,"type":"infra","comment":null,"wep":"?","channel":1,"bcninterval":0,"freenet":"?","dhcp":"?","paynet":"?","userfound":false,"encryption":"unknown"},{"trilat":14.6462774299999995974985722568817436695098876953125,"trilong":121.057487489999999752399162389338016510009765625,"ssid":"Huawei NMS","qos":1,"transid":"20150120-00000","firsttime":"2015-01-11T20:00:00.000Z","lasttime":"2015-01-21T20:00:00.000Z","lastupdt":"2015-08-12T07:00:00.000Z","housenumber":null,"road":null,"city":null,"region":null,"country":null,"netid":"90:1D:27:77:42:A9","name":null,"type":"infra","comment":null,"wep":"2","channel":11,"bcninterval":0,"freenet":"?","dhcp":"?","paynet":"?","userfound":false,"encryption":"wpa2"},{"trilat":14.64377784999999931869751890189945697784423828125,"trilong":121.0610427900000019008075469173491001129150390625,"ssid":"gae-conference1","qos":5,"transid":"20130222-00000","firsttime":"2013-02-22T22:00:00.000Z","lasttime":"2013-11-30T20:00:00.000Z","lastupdt":"2013-11-30T18:00:00.000Z","housenumber":null,"road":null,"city":null,"region":"Metro Manila","country":"PH","netid":"90:94:E4:B0:8A:64","name":null,"type":"infra","comment":null,"wep":"2","channel":5,"bcninterval":0,"freenet":"?","dhcp":"?","paynet":"?","userfound":false,"encryption":"wpa2"},{"trilat":14.64606380000000029895090847276151180267333984375,"trilong":121.0612411500000007436028681695461273193359375,"ssid":"LOUVIN","qos":0,"transid":"20160227-00000","firsttime":"2016-02-27T20:00:00.000Z","lasttime":"2016-02-27T07:00:00.000Z","lastupdt":"2016-02-27T07:00:00.000Z","housenumber":null,"road":null,"city":null,"region":null,"country":null,"netid":"24:DF:6A:D3:22:2D","name":null,"type":"infra","comment":null,"wep":"2","channel":4,"bcninterval":0,"freenet":"?","dhcp":"?","paynet":"?","userfound":false,"encryption":"wpa2"},{"trilat":14.6464147600000007543030733359046280384063720703125,"trilong":121.0589828500000066924258135259151458740234375,"ssid":"ARTwithaheART","qos":0,"transid":"20160907-00000","firsttime":"2016-09-03T21:00:00.000Z","lasttime":"2016-09-07T19:00:00.000Z","lastupdt":"2016-09-07T19:00:00.000Z","housenumber":null,"road":null,"city":null,"region":null,"country":null,"netid":"24:DF:6A:D3:3B:FD","name":null,"type":"infra","comment":null,"wep":"2","channel":5,"bcninterval":0,"freenet":"?","dhcp":"?","paynet":"?","userfound":false,"encryption":"wpa2"},{"trilat":14.6448946000000006506525096483528614044189453125,"trilong":121.0610427900000019008075469173491001129150390625,"ssid":"navigator","qos":0,"transid":"20170729-00000","firsttime":"2017-07-16T19:00:00.000Z","lasttime":"2017-07-29T13:00:00.000Z","lastupdt":"2017-07-29T13:00:00.000Z","housenumber":"","road":"Maginhawa","city":"","region":"","country":"PH","netid":"24:DF:6A:70:74:46","name":null,"type":"infra","comment":null,"wep":"2","channel":5,"bcninterval":0,"freenet":"?","dhcp":"?","paynet":"?","userfound":false,"encryption":"wpa2"},{"trilat":14.6458168000000004127514330320991575717926025390625,"trilong":121.0607452400000028092108550481498241424560546875,"ssid":"WN Mandi Persian Grill","qos":1,"transid":"20150120-00000","firsttime":"2015-01-10T18:00:00.000Z","lasttime":"2015-07-26T00:00:00.000Z","lastupdt":"2015-07-26T00:00:00.000Z","housenumber":null,"road":null,"city":null,"region":null,"country":null,"netid":"E8:94:F6:F2:89:20","name":null,"type":"infra","comment":null,"wep":"?","channel":11,"bcninterval":0,"freenet":"?","dhcp":"?","paynet":"?","userfound":false,"encryption":"unknown"},{"trilat":14.646901129999999824349288246594369411468505859375,"trilong":121.0611724900000041316161514259874820709228515625,"ssid":"Extension","qos":5,"transid":"20141230-00000","firsttime":"2001-01-01T08:00:00.000Z","lasttime":"2017-10-15T10:00:00.000Z","lastupdt":"2017-10-15T10:00:00.000Z","housenumber":"60","road":"Magiting","city":"","region":"","country":"PH","netid":"E8:94:F6:E1:BA:30","name":null,"type":"infra","comment":null,"wep":"2","channel":6,"bcninterval":0,"freenet":"?","dhcp":"?","paynet":"?","userfound":false,"encryption":"wpa2"},{"trilat":14.6466779700000007125026968424208462238311767578125,"trilong":121.060165409999996199985616840422153472900390625,"ssid":"Gadget","qos":0,"transid":"20150216-00000","firsttime":"2015-02-11T17:00:00.000Z","lasttime":"2015-02-16T06:00:00.000Z","lastupdt":"2015-07-26T00:00:00.000Z","housenumber":null,"road":null,"city":null,"region":null,"country":null,"netid":"24:DB:AC:1B:2C:9B","name":null,"type":"infra","comment":null,"wep":"W","channel":6,"bcninterval":0,"freenet":"?","dhcp":"?","paynet":"?","userfound":false,"encryption":"wpa"},{"trilat":14.6463871000000001032503860187716782093048095703125,"trilong":121.0608215299999983471934683620929718017578125,"ssid":"PLDTHOMEDSL7P7T0","qos":0,"transid":"20161206-00000","firsttime":"2016-12-04T20:00:00.000Z","lasttime":"2016-12-06T07:00:00.000Z","lastupdt":"2016-12-06T07:00:00.000Z","housenumber":null,"road":null,"city":null,"region":null,"country":null,"netid":"94:46:96:13:CF:2D","name":null,"type":"infra","comment":null,"wep":"2","channel":11,"bcninterval":0,"freenet":"?","dhcp":"?","paynet":"?","userfound":false,"encryption":"wpa2"},{"trilat":14.644652369999999308447513612918555736541748046875,"trilong":121.061073300000003882814780808985233306884765625,"ssid":"PLDTHOMEDSL4T4K0","qos":0,"transid":"20170729-00000","firsttime":"2017-07-16T19:00:00.000Z","lasttime":"2017-07-29T13:00:00.000Z","lastupdt":"2017-07-29T13:00:00.000Z","housenumber":"","road":"P. Francisco","city":"","region":"","country":"PH","netid":"94:46:96:16:11:B9","name":null,"type":"infra","comment":null,"wep":"2","channel":1,"bcninterval":0,"freenet":"?","dhcp":"?","paynet":"?","userfound":false,"encryption":"wpa2"},{"trilat":14.6449947399999995667485563899390399456024169921875,"trilong":121.060974119999997355989762581884860992431640625,"ssid":"Premiera Dentista","qos":5,"transid":"20130222-00000","firsttime":"2013-02-22T22:00:00.000Z","lasttime":"2013-11-30T01:00:00.000Z","lastupdt":"2013-11-29T23:00:00.000Z","housenumber":null,"road":null,"city":null,"region":"Metro Manila","country":"PH","netid":"00:04:ED:D3:64:2A","name":null,"type":"infra","comment":null,"wep":"W","channel":1,"bcninterval":0,"freenet":"?","dhcp":"?","paynet":"?","userfound":false,"encryption":"wpa"},{"trilat":14.64422320999999982404915499500930309295654296875,"trilong":121.061279299999995373582351021468639373779296875,"ssid":"redapple","qos":0,"transid":"20130209-00000","firsttime":"2013-02-09T20:00:00.000Z","lasttime":"2013-02-09T07:00:00.000Z","lastupdt":"2013-02-09T05:00:00.000Z","housenumber":null,"road":null,"city":null,"region":"Metro Manila","country":"PH","netid":"00:04:ED:D3:8E:80","name":null,"type":"infra","comment":null,"wep":"W","channel":1,"bcninterval":0,"freenet":"?","dhcp":"?","paynet":"?","userfound":false,"encryption":"wpa"},{"trilat":14.646741869999999607898644171655178070068359375,"trilong":121.0582504300000010744042810983955860137939453125,"ssid":"AndroidAP","qos":0,"transid":"20170303-00000","firsttime":"2017-03-03T19:00:00.000Z","lasttime":"2017-03-03T04:00:00.000Z","lastupdt":"2017-03-03T04:00:00.000Z","housenumber":null,"road":null,"city":null,"region":null,"country":null,"netid":"EC:1F:72:C5:86:09","name":null,"type":"infra","comment":null,"wep":"2","channel":6,"bcninterval":0,"freenet":"?","dhcp":"?","paynet":"?","userfound":false,"encryption":"wpa2"},{"trilat":14.64606380000000029895090847276151180267333984375,"trilong":121.0612411500000007436028681695461273193359375,"ssid":"bayanDSLWIFI_48D0","qos":0,"transid":"20160227-00000","firsttime":"2001-01-01T08:00:00.000Z","lasttime":"2016-02-27T07:00:00.000Z","lastupdt":"2016-02-27T07:00:00.000Z","housenumber":null,"road":null,"city":null,"region":null,"country":null,"netid":"94:A7:B7:26:48:D0","name":null,"type":"infra","comment":null,"wep":"2","channel":9,"bcninterval":0,"freenet":"?","dhcp":"?","paynet":"?","userfound":false,"encryption":"wpa2"},{"trilat":14.64629936000000043350155465304851531982421875,"trilong":121.0596313500000036356141208671033382415771484375,"ssid":"Zaril ","qos":3,"transid":"20150812-00000","firsttime":"2015-08-12T21:00:00.000Z","lasttime":"2017-07-29T13:00:00.000Z","lastupdt":"2017-07-29T13:00:00.000Z","housenumber":"","road":"Maginhawa","city":"","region":"","country":"PH","netid":"94:A7:B7:26:4D:F6","name":null,"type":"infra","comment":null,"wep":"2","channel":5,"bcninterval":0,"freenet":"?","dhcp":"?","paynet":"?","userfound":false,"encryption":"wpa2"},{"trilat":14.646058079999999534948074142448604106903076171875,"trilong":121.0611953699999929767727735452353954315185546875,"ssid":"bayanDSLWIFI_7057","qos":0,"transid":"20160227-00000","firsttime":"2016-02-27T20:00:00.000Z","lasttime":"2016-02-27T07:00:00.000Z","lastupdt":"2016-02-27T07:00:00.000Z","housenumber":null,"road":null,"city":null,"region":null,"country":null,"netid":"94:A7:B7:26:70:57","name":null,"type":"infra","comment":null,"wep":"2","channel":10,"bcninterval":0,"freenet":"?","dhcp":"?","paynet":"?","userfound":false,"encryption":"wpa2"},{"trilat":14.6463155700000005055017027189023792743682861328125,"trilong":121.0611572300000062796243582852184772491455078125,"ssid":"bemazing","qos":1,"transid":"20130326-00000","firsttime":"2013-03-26T18:00:00.000Z","lasttime":"2013-04-02T11:00:00.000Z","lastupdt":"2013-04-02T09:00:00.000Z","housenumber":null,"road":null,"city":null,"region":"Metro Manila","country":"PH","netid":"00:07:AB:2B:65:EC","name":null,"type":"infra","comment":null,"wep":"2","channel":6,"bcninterval":0,"freenet":"?","dhcp":"?","paynet":"?","userfound":false,"encryption":"wpa2"},{"trilat":14.6465902299999992663970260764472186565399169921875,"trilong":121.058197019999994381578289903700351715087890625,"ssid":"AndroidAP","qos":0,"transid":"20160907-00000","firsttime":"2016-09-03T21:00:00.000Z","lasttime":"2016-09-07T19:00:00.000Z","lastupdt":"2016-09-07T19:00:00.000Z","housenumber":null,"road":null,"city":null,"region":null,"country":null,"netid":"EC:9B:F3:3A:FF:87","name":null,"type":"infra","comment":null,"wep":"2","channel":6,"bcninterval":0,"freenet":"?","dhcp":"?","paynet":"?","userfound":false,"encryption":"wpa2"},{"trilat":14.6468401000000003620016286731697618961334228515625,"trilong":121.060234070000007022827048785984516143798828125,"ssid":"Mitsubishi Wireless TV 826","qos":0,"transid":"20150916-00000","firsttime":"2015-09-04T19:00:00.000Z","lasttime":"2015-09-16T09:00:00.000Z","lastupdt":"2015-09-16T09:00:00.000Z","housenumber":null,"road":null,"city":null,"region":null,"country":null,"netid":"8C:18:D9:68:E4:EC","name":null,"type":"infra","comment":null,"wep":"?","channel":6,"bcninterval":0,"freenet":"?","dhcp":"?","paynet":"?","userfound":false,"encryption":"unknown"},{"trilat":14.646846769999999793299139128066599369049072265625,"trilong":121.0605239899999929775731288827955722808837890625,"ssid":"HUAWEI-E5330-F385","qos":0,"transid":"20150808-00000","firsttime":"2015-08-07T22:00:00.000Z","lasttime":"2015-08-08T09:00:00.000Z","lastupdt":"2015-08-08T09:00:00.000Z","housenumber":null,"road":null,"city":null,"region":null,"country":null,"netid":"8C:34:FD:F3:F3:85","name":null,"type":"infra","comment":null,"wep":"2","channel":1,"bcninterval":0,"freenet":"?","dhcp":"?","paynet":"?","userfound":false,"encryption":"wpa2"},{"trilat":14.64723968999999925699739833362400531768798828125,"trilong":121.05764007999999876119545660912990570068359375,"ssid":"HUAWEI-E5330-BEE2","qos":0,"transid":"20170729-00000","firsttime":"2017-07-16T19:00:00.000Z","lasttime":"2017-07-29T13:00:00.000Z","lastupdt":"2017-07-29T13:00:00.000Z","housenumber":"77","road":"Maginhawa","city":"","region":"","country":"PH","netid":"8C:34:FD:D3:BE:E2","name":null,"type":"infra","comment":null,"wep":"2","channel":10,"bcninterval":0,"freenet":"?","dhcp":"?","paynet":"?","userfound":false,"encryption":"wpa2"},{"trilat":14.64650630999999947334799799136817455291748046875,"trilong":121.058853150000004461617209017276763916015625,"ssid":"megz143","qos":0,"transid":"20150726-00000","firsttime":"2015-07-25T23:00:00.000Z","lasttime":"2015-07-26T00:00:00.000Z","lastupdt":"2015-07-26T00:00:00.000Z","housenumber":null,"road":null,"city":null,"region":null,"country":null,"netid":"8C:34:FD:D3:D7:AA","name":null,"type":"infra","comment":null,"wep":"2","channel":10,"bcninterval":0,"freenet":"?","dhcp":"?","paynet":"?","userfound":false,"encryption":"wpa2"},{"trilat":14.646058079999999534948074142448604106903076171875,"trilong":121.061218260000003965615178458392620086669921875,"ssid":"WifiWifi","qos":0,"transid":"20160227-00000","firsttime":"2016-02-27T20:00:00.000Z","lasttime":"2016-02-27T07:00:00.000Z","lastupdt":"2016-02-27T07:00:00.000Z","housenumber":null,"road":null,"city":null,"region":null,"country":null,"netid":"EE:1D:7F:64:70:F9","name":null,"type":"infra","comment":null,"wep":"2","channel":6,"bcninterval":0,"freenet":"?","dhcp":"?","paynet":"?","userfound":false,"encryption":"wpa2"},{"trilat":14.6459112200000003412014848436228930950164794921875,"trilong":121.0606155400000005784022505395114421844482421875,"ssid":"uFi_681488","qos":0,"transid":"20170729-00000","firsttime":"2017-07-16T19:00:00.000Z","lasttime":"2017-07-29T13:00:00.000Z","lastupdt":"2017-07-29T13:00:00.000Z","housenumber":"","road":"Maginhawa","city":"","region":"","country":"PH","netid":"EE:1D:7F:68:14:88","name":null,"type":"infra","comment":null,"wep":"2","channel":13,"bcninterval":0,"freenet":"?","dhcp":"?","paynet":"?","userfound":false,"encryption":"wpa2"},{"trilat":14.64680575999999945224772091023623943328857421875,"trilong":121.061233520000001817606971599161624908447265625,"ssid":"narsyg","qos":0,"transid":"20130408-00000","firsttime":"2013-04-06T21:00:00.000Z","lasttime":"2013-04-08T10:00:00.000Z","lastupdt":"2013-04-08T08:00:00.000Z","housenumber":null,"road":null,"city":null,"region":"Metro Manila","country":"PH","netid":"1C:1D:67:2E:78:3E","name":null,"type":"infra","comment":null,"wep":"2","channel":1,"bcninterval":0,"freenet":"?","dhcp":"?","paynet":"?","userfound":false,"encryption":"wpa2"},{"trilat":14.6470050799999995660982676781713962554931640625,"trilong":121.05762482000000090920366346836090087890625,"ssid":"HUAWEI-E5372-5095","qos":0,"transid":"20150120-00000","firsttime":"2015-01-11T19:00:00.000Z","lasttime":"2015-01-21T20:00:00.000Z","lastupdt":"2015-07-26T00:00:00.000Z","housenumber":null,"road":null,"city":null,"region":null,"country":null,"netid":"92:4E:2B:C7:50:96","name":null,"type":"infra","comment":null,"wep":"2","channel":6,"bcninterval":0,"freenet":"?","dhcp":"?","paynet":"?","userfound":false,"encryption":"wpa2"},{"trilat":14.6468362800000004853018253925256431102752685546875,"trilong":121.058197019999994381578289903700351715087890625,"ssid":"cezar","qos":0,"transid":"20150808-00000","firsttime":"2015-08-07T17:00:00.000Z","lasttime":"2015-08-08T09:00:00.000Z","lastupdt":"2015-08-08T09:00:00.000Z","housenumber":null,"road":null,"city":null,"region":null,"country":null,"netid":"92:5F:2E:D3:11:2D","name":null,"type":"infra","comment":null,"wep":"?","channel":1,"bcninterval":0,"freenet":"?","dhcp":"?","paynet":"?","userfound":false,"encryption":"unknown"},{"trilat":14.6469974500000006401023711077868938446044921875,"trilong":121.0578231799999997519989847205579280853271484375,"ssid":"HOLYFAMILY","qos":5,"transid":"20140805-00000","firsttime":"2014-08-05T19:00:00.000Z","lasttime":"2017-07-29T13:00:00.000Z","lastupdt":"2017-07-29T13:00:00.000Z","housenumber":"","road":"Maginhawa","city":"","region":"","country":"PH","netid":"28:92:4A:14:56:18","name":null,"type":"infra","comment":null,"wep":"2","channel":13,"bcninterval":0,"freenet":"?","dhcp":"?","paynet":"?","userfound":false,"encryption":"wpa2"},{"trilat":14.6468534500000000520003595738671720027923583984375,"trilong":121.060089110000006940026651136577129364013671875,"ssid":"My ASUS","qos":0,"transid":"20150726-00000","firsttime":"2015-02-27T18:00:00.000Z","lasttime":"2015-07-26T00:00:00.000Z","lastupdt":"2015-07-26T00:00:00.000Z","housenumber":null,"road":null,"city":null,"region":null,"country":null,"netid":"F0:79:59:40:6C:F1","name":null,"type":"infra","comment":null,"wep":"2","channel":6,"bcninterval":0,"freenet":"?","dhcp":"?","paynet":"?","userfound":false,"encryption":"wpa2"},{"trilat":14.646076199999999545298123848624527454376220703125,"trilong":121.0601959199999981819928507320582866668701171875,"ssid":"nailtreats_maginahwa","qos":3,"transid":"20130309-00000","firsttime":"2013-03-09T18:00:00.000Z","lasttime":"2013-06-21T06:00:00.000Z","lastupdt":"2013-06-21T04:00:00.000Z","housenumber":null,"road":null,"city":null,"region":"Metro Manila","country":"PH","netid":"F0:7D:68:97:99:E0","name":null,"type":"infra","comment":null,"wep":"Y","channel":1,"bcninterval":0,"freenet":"?","dhcp":"?","paynet":"?","userfound":false,"encryption":"wep"},{"trilat":14.6465549500000005167521521798335015773773193359375,"trilong":121.0607299800000049572190619073808193206787109375,"ssid":"PAPANSIN/NA/EPAL/PA","qos":2,"transid":"20150216-00000","firsttime":"2015-02-10T20:00:00.000Z","lasttime":"2015-02-16T06:00:00.000Z","lastupdt":"2015-07-26T00:00:00.000Z","housenumber":null,"road":null,"city":null,"region":null,"country":null,"netid":"EC:8A:4C:A6:B1:B4","name":null,"type":"infra","comment":null,"wep":"2","channel":2,"bcninterval":0,"freenet":"?","dhcp":"?","paynet":"?","userfound":false,"encryption":"wpa2"},{"trilat":14.647218699999999813599060871638357639312744140625,"trilong":121.057647709999997687191353179514408111572265625,"ssid":"Pazzo brew bar","qos":0,"transid":"20170729-00000","firsttime":"2017-07-16T19:00:00.000Z","lasttime":"2017-07-29T13:00:00.000Z","lastupdt":"2017-07-29T13:00:00.000Z","housenumber":"77","road":"Maginhawa","city":"","region":"","country":"PH","netid":"F0:98:38:07:A3:70","name":null,"type":"infra","comment":null,"wep":"2","channel":2,"bcninterval":0,"freenet":"?","dhcp":"?","paynet":"?","userfound":false,"encryption":"wpa2"},{"trilat":14.6456613499999992455968822469003498554229736328125,"trilong":121.0609130899999996699989424087107181549072265625,"ssid":"F.R.Y.M","qos":0,"transid":"20140817-00000","firsttime":"2014-08-16T18:00:00.000Z","lasttime":"2014-08-17T06:00:00.000Z","lastupdt":"2015-07-26T00:00:00.000Z","housenumber":null,"road":null,"city":null,"region":null,"country":null,"netid":"90:1D:27:18:F7:FA","name":null,"type":"infra","comment":null,"wep":"2","channel":11,"bcninterval":0,"freenet":"?","dhcp":"?","paynet":"?","userfound":false,"encryption":"wpa2"},{"trilat":14.6439313900000005475021680467762053012847900390625,"trilong":121.0610275300000040488157537765800952911376953125,"ssid":"Globo-Associates","qos":0,"transid":"20161206-00000","firsttime":"2016-12-04T20:00:00.000Z","lasttime":"2016-12-06T07:00:00.000Z","lastupdt":"2016-12-06T07:00:00.000Z","housenumber":null,"road":null,"city":null,"region":null,"country":null,"netid":"E6:8D:8C:8C:85:29","name":null,"type":"infra","comment":null,"wep":"?","channel":6,"bcninterval":0,"freenet":"?","dhcp":"?","paynet":"?","userfound":false,"encryption":"unknown"},{"trilat":14.643375400000000041700332076288759708404541015625,"trilong":121.06106567000000495681888423860073089599609375,"ssid":"Globo-Associates","qos":1,"transid":"20161206-00000","firsttime":"2016-12-04T20:00:00.000Z","lasttime":"2017-09-29T18:00:00.000Z","lastupdt":"2017-09-29T18:00:00.000Z","housenumber":"","road":"Matimtiman","city":"","region":"","country":"PH","netid":"E6:8D:8C:5A:8D:B7","name":null,"type":"infra","comment":null,"wep":"?","channel":6,"bcninterval":0,"freenet":"?","dhcp":"?","paynet":"?","userfound":false,"encryption":"unknown"},{"trilat":14.643384929999999854999259696342051029205322265625,"trilong":121.061073300000003882814780808985233306884765625,"ssid":"PCSO","qos":0,"transid":"20161206-00000","firsttime":"2016-12-04T20:00:00.000Z","lasttime":"2016-12-06T07:00:00.000Z","lastupdt":"2016-12-06T07:00:00.000Z","housenumber":null,"road":null,"city":null,"region":null,"country":null,"netid":"E6:8D:8C:5D:2B:D3","name":null,"type":"infra","comment":null,"wep":"?","channel":6,"bcninterval":0,"freenet":"?","dhcp":"?","paynet":"?","userfound":false,"encryption":"unknown"},{"trilat":14.6457090399999998453495209105312824249267578125,"trilong":121.0608215299999983471934683620929718017578125,"ssid":"mysystem1","qos":0,"transid":"20170729-00000","firsttime":"2017-07-16T19:00:00.000Z","lasttime":"2017-07-29T13:00:00.000Z","lastupdt":"2017-07-29T13:00:00.000Z","housenumber":"","road":"Masinsinan","city":"","region":"","country":"PH","netid":"90:5F:2E:67:E0:8D","name":null,"type":"infra","comment":null,"wep":"2","channel":2,"bcninterval":0,"freenet":"?","dhcp":"?","paynet":"?","userfound":false,"encryption":"wpa2"},{"trilat":14.6468153000000000929503585211932659149169921875,"trilong":121.059814450000004626417648978531360626220703125,"ssid":"PLDTHOMEDSL_FLORIE","qos":2,"transid":"20170303-00000","firsttime":"2017-03-03T19:00:00.000Z","lasttime":"2017-07-15T01:00:00.000Z","lastupdt":"2017-07-15T01:00:00.000Z","housenumber":"","road":"Magiting","city":"","region":"","country":"PH","netid":"90:61:0C:2E:92:75","name":null,"type":"infra","comment":null,"wep":"2","channel":5,"bcninterval":0,"freenet":"?","dhcp":"?","paynet":"?","userfound":false,"encryption":"wpa2"},{"trilat":14.64270972999999997909981175325810909271240234375,"trilong":121.0576629600000018172067939303815364837646484375,"ssid":null,"qos":0,"transid":"20161206-00000","firsttime":"2016-12-04T20:00:00.000Z","lasttime":"2016-12-06T07:00:00.000Z","lastupdt":"2016-12-06T07:00:00.000Z","housenumber":null,"road":null,"city":null,"region":null,"country":null,"netid":"90:61:0C:2E:C9:77","name":null,"type":"infra","comment":null,"wep":"2","channel":1,"bcninterval":0,"freenet":"?","dhcp":"?","paynet":"?","userfound":false,"encryption":"wpa2"},{"trilat":14.646820070000000413301677326671779155731201171875,"trilong":121.0596389800000025616100174374878406524658203125,"ssid":"yamaha","qos":2,"transid":"20160907-00000","firsttime":"2016-09-03T21:00:00.000Z","lasttime":"2017-04-04T04:00:00.000Z","lastupdt":"2017-04-04T04:00:00.000Z","housenumber":null,"road":null,"city":null,"region":null,"country":null,"netid":"E0:8E:3C:22:00:F3","name":null,"type":"infra","comment":null,"wep":"2","channel":11,"bcninterval":0,"freenet":"?","dhcp":"?","paynet":"?","userfound":false,"encryption":"wpa2"},{"trilat":14.6469411800000006707023203489370644092559814453125,"trilong":121.061073300000003882814780808985233306884765625,"ssid":"bayanDSLWIFI_44AB","qos":5,"transid":"20170303-00000","firsttime":"2017-03-03T20:00:00.000Z","lasttime":"2017-10-26T06:00:00.000Z","lastupdt":"2017-10-26T06:00:00.000Z","housenumber":"60","road":"Magiting","city":"","region":"","country":"PH","netid":"E0:8E:3C:22:44:AB","name":null,"type":"infra","comment":null,"wep":"2","channel":4,"bcninterval":0,"freenet":"?","dhcp":"?","paynet":"?","userfound":false,"encryption":"wpa2"},{"trilat":14.646647449999999679448592360131442546844482421875,"trilong":121.0585327099999943811781122349202632904052734375,"ssid":"Aztech5068_A07E0","qos":0,"transid":"20170729-00000","firsttime":"2017-07-16T19:00:00.000Z","lasttime":"2017-07-29T13:00:00.000Z","lastupdt":"2017-07-29T13:00:00.000Z","housenumber":"87","road":"Maginhawa","city":"","region":"","country":"PH","netid":"E0:8E:3C:2A:07:E0","name":null,"type":"infra","comment":null,"wep":"W","channel":1,"bcninterval":0,"freenet":"?","dhcp":"?","paynet":"?","userfound":false,"encryption":"wpa"},{"trilat":14.6468086199999998342491380753926932811737060546875,"trilong":121.0603485099999971907891449518501758575439453125,"ssid":"maricor","qos":0,"transid":"20160604-00000","firsttime":"2016-05-27T19:00:00.000Z","lasttime":"2016-06-04T16:00:00.000Z","lastupdt":"2016-06-04T16:00:00.000Z","housenumber":null,"road":null,"city":null,"region":null,"country":null,"netid":"EE:1D:7F:A2:4E:12","name":null,"type":"infra","comment":null,"wep":"2","channel":5,"bcninterval":0,"freenet":"?","dhcp":"?","paynet":"?","userfound":false,"encryption":"wpa2"},{"trilat":14.6465692500000006504023986053653061389923095703125,"trilong":121.058692930000006526825018227100372314453125,"ssid":"Smart Bro_648EE9","qos":0,"transid":"20160907-00000","firsttime":"2016-09-03T21:00:00.000Z","lasttime":"2016-09-07T19:00:00.000Z","lastupdt":"2016-09-07T19:00:00.000Z","housenumber":null,"road":null,"city":null,"region":null,"country":null,"netid":"EE:1D:7F:64:8E:E9","name":null,"type":"infra","comment":null,"wep":"Y","channel":1,"bcninterval":0,"freenet":"?","dhcp":"?","paynet":"?","userfound":false,"encryption":"wep"},{"trilat":14.646806720000000723302946425974369049072265625,"trilong":121.059539790000002312808646820485591888427734375,"ssid":"MobileWiFi-92f9","qos":3,"transid":"20130316-00000","firsttime":"2013-03-16T00:00:00.000Z","lasttime":"2013-07-03T04:00:00.000Z","lastupdt":"2015-07-26T00:00:00.000Z","housenumber":null,"road":null,"city":null,"region":"Metro Manila","country":"PH","netid":"24:DB:AC:DE:92:F9","name":null,"type":"infra","comment":null,"wep":"2","channel":6,"bcninterval":0,"freenet":"?","dhcp":"?","paynet":"Y","userfound":false,"encryption":"wpa2"},{"trilat":14.6469678900000008781034921412356197834014892578125,"trilong":121.0582580600000000004001776687800884246826171875,"ssid":"Wireless","qos":5,"transid":"20130317-00000","firsttime":"2013-03-17T21:00:00.000Z","lasttime":"2015-01-21T20:00:00.000Z","lastupdt":"2015-07-26T00:00:00.000Z","housenumber":null,"road":null,"city":null,"region":"Metro Manila","country":"PH","netid":"F0:D1:A9:0D:A6:C0","name":null,"type":"infra","comment":null,"wep":"2","channel":11,"bcninterval":0,"freenet":"?","dhcp":"?","paynet":"?","userfound":false,"encryption":"wpa2"},{"trilat":14.64635277000000002090018824674189090728759765625,"trilong":121.0613098099999973555895849131047725677490234375,"ssid":"Android*arjhon","qos":1,"transid":"20131004-00000","firsttime":"2013-10-02T22:00:00.000Z","lasttime":"2013-11-06T04:00:00.000Z","lastupdt":"2013-11-06T02:00:00.000Z","housenumber":null,"road":null,"city":null,"region":"Metro Manila","country":"PH","netid":"98:52:B1:A6:10:EE","name":null,"type":"infra","comment":null,"wep":"2","channel":6,"bcninterval":0,"freenet":"?","dhcp":"?","paynet":"?","userfound":false,"encryption":"wpa2"},{"trilat":14.6468401000000003620016286731697618961334228515625,"trilong":121.060142519999999421997927129268646240234375,"ssid":"danica","qos":0,"transid":"20170303-00000","firsttime":"2017-03-03T20:00:00.000Z","lasttime":"2017-03-03T07:00:00.000Z","lastupdt":"2017-03-03T07:00:00.000Z","housenumber":null,"road":null,"city":null,"region":null,"country":null,"netid":"F4:8E:92:05:1E:76","name":null,"type":"infra","comment":null,"wep":"2","channel":8,"bcninterval":0,"freenet":"?","dhcp":"?","paynet":"?","userfound":false,"encryption":"wpa2"},{"trilat":14.641109469999999959100023261271417140960693359375,"trilong":121.05983734000000140440533868968486785888671875,"ssid":"CDLOB","qos":0,"transid":"20131130-00000","firsttime":"2013-11-30T13:00:00.000Z","lasttime":"2013-11-30T01:00:00.000Z","lastupdt":"2013-11-29T23:00:00.000Z","housenumber":null,"road":null,"city":null,"region":"Metro Manila","country":"PH","netid":"20:AA:4B:C0:20:F6","name":null,"type":"infra","comment":null,"wep":"2","channel":1,"bcninterval":0,"freenet":"?","dhcp":"?","paynet":"?","userfound":false,"encryption":"wpa2"},{"trilat":14.641109469999999959100023261271417140960693359375,"trilong":121.05983734000000140440533868968486785888671875,"ssid":"CDLOB-guest","qos":0,"transid":"20131130-00000","firsttime":"2013-11-30T13:00:00.000Z","lasttime":"2013-11-30T01:00:00.000Z","lastupdt":"2013-11-29T23:00:00.000Z","housenumber":null,"road":null,"city":null,"region":"Metro Manila","country":"PH","netid":"20:AA:4B:C0:20:F7","name":null,"type":"infra","comment":null,"wep":"N","channel":1,"bcninterval":0,"freenet":"?","dhcp":"?","paynet":"?","userfound":false,"encryption":"none"},{"trilat":14.646712300000000794852894614450633525848388671875,"trilong":121.058021550000006527625373564660549163818359375,"ssid":"PLDTMyDSLBizViva_Z","qos":1,"transid":"20160907-00000","firsttime":"2016-09-03T21:00:00.000Z","lasttime":"2017-06-09T05:00:00.000Z","lastupdt":"2017-06-09T05:00:00.000Z","housenumber":null,"road":null,"city":null,"region":null,"country":null,"netid":"1E:74:0D:02:A3:50","name":null,"type":"infra","comment":null,"wep":"2","channel":1,"bcninterval":0,"freenet":"?","dhcp":"?","paynet":"?","userfound":false,"encryption":"wpa2"},{"trilat":14.644313809999999875799403525888919830322265625,"trilong":121.0610122700000061968239606358110904693603515625,"ssid":"R2RS","qos":5,"transid":"20130222-00000","firsttime":"2013-02-22T22:00:00.000Z","lasttime":"2016-12-06T07:00:00.000Z","lastupdt":"2016-12-06T07:00:00.000Z","housenumber":null,"road":null,"city":null,"region":"Metro Manila","country":"PH","netid":"F8:D1:11:32:94:E0","name":null,"type":"infra","comment":null,"wep":"2","channel":6,"bcninterval":0,"freenet":"?","dhcp":"?","paynet":"?","userfound":false,"encryption":"wpa2"},{"trilat":14.64554500999999930854755803011357784271240234375,"trilong":121.0609054600000007440030458383262157440185546875,"ssid":"Rosette's iPhone","qos":0,"transid":"20161206-00000","firsttime":"2016-12-04T20:00:00.000Z","lasttime":"2016-12-06T07:00:00.000Z","lastupdt":"2016-12-06T07:00:00.000Z","housenumber":null,"road":null,"city":null,"region":null,"country":null,"netid":"F2:99:BF:6E:2D:48","name":null,"type":"infra","comment":null,"wep":"2","channel":1,"bcninterval":0,"freenet":"?","dhcp":"?","paynet":"?","userfound":false,"encryption":"wpa2"},{"trilat":14.6465520900000001347507350146770477294921875,"trilong":121.05899811000000454441760666668415069580078125,"ssid":"Hiei@Wifi","qos":2,"transid":"20170609-00000","firsttime":"2017-06-03T18:00:00.000Z","lasttime":"2017-07-29T13:00:00.000Z","lastupdt":"2017-07-29T13:00:00.000Z","housenumber":"","road":"Maginhawa","city":"","region":"","country":"PH","netid":"EC:8C:A2:70:FF:28","name":null,"type":"infra","comment":null,"wep":"2","channel":1,"bcninterval":0,"freenet":"?","dhcp":"?","paynet":"?","userfound":false,"encryption":"wpa2"},{"trilat":14.64657878999999951474819681607186794281005859375,"trilong":121.0589294399999999995998223312199115753173828125,"ssid":"Hiei@Wifi","qos":2,"transid":"20170609-00000","firsttime":"2017-06-03T18:00:00.000Z","lasttime":"2017-07-29T13:00:00.000Z","lastupdt":"2017-07-29T13:00:00.000Z","housenumber":"","road":"Maginhawa","city":"","region":"","country":"PH","netid":"EC:8C:A2:70:FF:2C","name":null,"type":"infra","comment":null,"wep":"2","channel":52,"bcninterval":0,"freenet":"?","dhcp":"?","paynet":"?","userfound":false,"encryption":"wpa2"},{"trilat":14.6470251099999995147982190246693789958953857421875,"trilong":121.05776978000000099200406111776828765869140625,"ssid":"BABYLITA","qos":1,"transid":"20170303-00000","firsttime":"2017-03-03T20:00:00.000Z","lasttime":"2017-04-04T04:00:00.000Z","lastupdt":"2017-04-04T04:00:00.000Z","housenumber":null,"road":null,"city":null,"region":null,"country":null,"netid":"24:09:95:B3:06:DB","name":null,"type":"infra","comment":null,"wep":"2","channel":11,"bcninterval":0,"freenet":"?","dhcp":"?","paynet":"?","userfound":false,"encryption":"wpa2"},{"trilat":14.644903180000000020299921743571758270263671875,"trilong":121.0610504200000008268034434877336025238037109375,"ssid":"unit102","qos":0,"transid":"20170729-00000","firsttime":"2017-07-16T19:00:00.000Z","lasttime":"2017-07-29T13:00:00.000Z","lastupdt":"2017-07-29T13:00:00.000Z","housenumber":"","road":"Maginhawa","city":"","region":"","country":"PH","netid":"F0:98:38:07:58:34","name":null,"type":"infra","comment":null,"wep":"2","channel":8,"bcninterval":0,"freenet":"?","dhcp":"?","paynet":"?","userfound":false,"encryption":"wpa2"}]}