{"success":true,"totalResults":1315,"search_after":65019762,"first":1,"last":100,"resultCount":100,"results":[{"trilat":14.65046786999999994804966263473033905029296875,"trilong":121.0582504300000010744042810983955860137939453125,"ssid":"blccccccc","qos":1,"transid":"20160227-00000","firsttime":"2016-01-29T18:00:00.000Z","lasttime":"2017-03-16T08:00:00.000Z","lastupdt":"2017-03-16T08:00:00.000Z","housenumber":null,"road":null,"city":null,"region":null,"country":null,"netid":"D2:5B:A8:A7:96:4D","name":null,"type":"infra","comment":null,"wep":"2","channel":1,"bcninterval":0,"freenet":"?","dhcp":"?","paynet":"?","userfound":false,"encryption":"wpa2"},{"trilat":14.6478195200000005371521183406002819538116455078125,"trilong":121.0640792800000014040051610209047794342041015625,"ssid":"Bohbies","qos":0,"transid":"20170322-00000","firsttime":"2017-03-22T19:00:00.000Z","lasttime":"2017-03-22T04:00:00.000Z","lastupdt":"2017-03-22T04:00:00.000Z","housenumber":null,"road":null,"city":null,"region":null,"country":null,"netid":"D2:5B:A8:A7:99:AC","name":null,"type":"infra","comment":null,"wep":"2","channel":1,"bcninterval":0,"freenet":"?","dhcp":"?","paynet":"?","userfound":false,"encryption":"wpa2"},{"trilat":14.647599220000000030950104701332747936248779296875,"trilong":121.063911439999998265193426050245761871337890625,"ssid":"Sun Wi-Fi_5E9C77","qos":1,"transid":"20160907-00000","firsttime":"2016-09-04T20:00:00.000Z","lasttime":"2017-01-29T10:00:00.000Z","lastupdt":"2017-01-29T10:00:00.000Z","housenumber":null,"road":null,"city":null,"region":null,"country":null,"netid":"D2:5B:A8:5E:9C:77","name":null,"type":"infra","comment":null,"wep":"Y","channel":1,"bcninterval":0,"freenet":"?","dhcp":"?","paynet":"?","userfound":false,"encryption":"wep"},{"trilat":14.647571559999999379897417384199798107147216796875,"trilong":121.0630035399999968603879096917808055877685546875,"ssid":"jowi.cruz","qos":0,"transid":"20170115-00000","firsttime":"2017-01-15T20:00:00.000Z","lasttime":"2017-01-15T07:00:00.000Z","lastupdt":"2017-01-15T07:00:00.000Z","housenumber":null,"road":null,"city":null,"region":null,"country":null,"netid":"D2:5B:A8:8F:66:80","name":null,"type":"infra","comment":null,"wep":"2","channel":11,"bcninterval":0,"freenet":"?","dhcp":"?","paynet":"?","userfound":false,"encryption":"wpa2"},{"trilat":14.6464557600000002679507815628312528133392333984375,"trilong":121.062767030000003387613105587661266326904296875,"ssid":"INFECT","qos":2,"transid":"20170715-00000","firsttime":"2017-07-09T14:00:00.000Z","lasttime":"2017-10-15T10:00:00.000Z","lastupdt":"2017-10-15T10:00:00.000Z","housenumber":"","road":"Salvador","city":"","region":"","country":"PH","netid":"E4:6F:13:64:48:34","name":null,"type":"infra","comment":null,"wep":"2","channel":1,"bcninterval":0,"freenet":"?","dhcp":"?","paynet":"?","userfound":false,"encryption":"wpa2"},{"trilat":14.6490631100000001652006176300346851348876953125,"trilong":121.0632781999999991739969118498265743255615234375,"ssid":"Evangelista Net","qos":0,"transid":"20170507-00000","firsttime":"2017-04-20T20:00:00.000Z","lasttime":"2017-05-07T05:00:00.000Z","lastupdt":"2017-05-07T05:00:00.000Z","housenumber":null,"road":null,"city":null,"region":null,"country":null,"netid":"E4:6F:13:7E:74:72","name":null,"type":"infra","comment":null,"wep":"2","channel":2,"bcninterval":0,"freenet":"?","dhcp":"?","paynet":"?","userfound":false,"encryption":"wpa2"},{"trilat":14.646148679999999586698322673328220844268798828125,"trilong":121.052352909999996199985616840422153472900390625,"ssid":"CVL_Propagation test","qos":4,"transid":"20161224-00000","firsttime":"2016-12-25T11:00:00.000Z","lasttime":"2017-09-29T18:00:00.000Z","lastupdt":"2017-09-29T18:00:00.000Z","housenumber":"","road":"Makatarungan","city":"Quezon City","region":"","country":"PH","netid":"E4:8D:8C:FB:3D:C2","name":null,"type":"infra","comment":null,"wep":"?","channel":112,"bcninterval":0,"freenet":"?","dhcp":"?","paynet":"?","userfound":false,"encryption":"unknown"},{"trilat":14.6498537100000003619015842559747397899627685546875,"trilong":121.05747986000000082640326581895351409912109375,"ssid":"Linksys_Javellana-guest","qos":0,"transid":"20170609-00000","firsttime":"2017-06-03T18:00:00.000Z","lasttime":"2017-06-09T05:00:00.000Z","lastupdt":"2017-06-09T05:00:00.000Z","housenumber":null,"road":null,"city":null,"region":null,"country":null,"netid":"C8:D7:19:B6:F3:2C","name":null,"type":"infra","comment":null,"wep":"?","channel":6,"bcninterval":0,"freenet":"?","dhcp":"?","paynet":"?","userfound":false,"encryption":"unknown"},{"trilat":14.6458244299999993387473296024836599826812744140625,"trilong":121.0606079100000016524063539691269397735595703125,"ssid":"LBS CAMERA","qos":2,"transid":"20170609-00000","firsttime":"2017-06-03T18:00:00.000Z","lasttime":"2017-07-29T13:00:00.000Z","lastupdt":"2017-07-29T13:00:00.000Z","housenumber":"","road":"Maginhawa","city":"","region":"","country":"PH","netid":"E4:7D:EB:01:DD:5A","name":null,"type":"infra","comment":null,"wep":"2","channel":4,"bcninterval":0,"freenet":"?","dhcp":"?","paynet":"?","userfound":false,"encryption":"wpa2"},{"trilat":14.6475419999999996178985384176485240459442138671875,"trilong":121.063217159999993555175024084746837615966796875,"ssid":"P01I-E39D","qos":1,"transid":"20170507-00000","firsttime":"2017-05-07T19:00:00.000Z","lasttime":"2017-06-09T05:00:00.000Z","lastupdt":"2017-06-09T05:00:00.000Z","housenumber":null,"road":null,"city":null,"region":null,"country":null,"netid":"E4:7D:EB:01:E3:9D","name":null,"type":"infra","comment":null,"wep":"2","channel":4,"bcninterval":0,"freenet":"?","dhcp":"?","paynet":"?","userfound":false,"encryption":"wpa2"},{"trilat":14.6471748399999999179499354795552790164947509765625,"trilong":121.0620269799999988435956765897572040557861328125,"ssid":"Bosen? iPhone","qos":0,"transid":"20170507-00000","firsttime":"2017-04-25T12:00:00.000Z","lasttime":"2017-05-07T05:00:00.000Z","lastupdt":"2017-05-07T05:00:00.000Z","housenumber":null,"road":null,"city":null,"region":null,"country":null,"netid":"E6:B3:01:19:C4:E0","name":null,"type":"infra","comment":null,"wep":"2","channel":1,"bcninterval":0,"freenet":"?","dhcp":"?","paynet":"?","userfound":false,"encryption":"wpa2"},{"trilat":14.6464242900000005676020009559579193592071533203125,"trilong":121.058700560000005452820914797484874725341796875,"ssid":"TrojanVirus","qos":0,"transid":"20170303-00000","firsttime":"2017-03-03T20:00:00.000Z","lasttime":"2017-03-03T07:00:00.000Z","lastupdt":"2017-03-03T07:00:00.000Z","housenumber":null,"road":null,"city":null,"region":null,"country":null,"netid":"0C:D6:BD:5B:95:CA","name":null,"type":"infra","comment":null,"wep":"2","channel":10,"bcninterval":0,"freenet":"?","dhcp":"?","paynet":"?","userfound":false,"encryption":"wpa2"},{"trilat":14.6511640500000002163005774491466581821441650390625,"trilong":121.05718994000000066080247052013874053955078125,"ssid":null,"qos":0,"transid":"20170609-00000","firsttime":"2017-06-03T18:00:00.000Z","lasttime":"2017-06-09T05:00:00.000Z","lastupdt":"2017-06-09T05:00:00.000Z","housenumber":null,"road":null,"city":null,"region":null,"country":null,"netid":"B0:EE:7B:94:73:31","name":null,"type":"infra","comment":null,"wep":"2","channel":11,"bcninterval":0,"freenet":"?","dhcp":"?","paynet":"?","userfound":false,"encryption":"wpa2"},{"trilat":14.6463689800000000929003363125957548618316650390625,"trilong":121.0593795799999980999928084202110767364501953125,"ssid":"OXO ORIGINAL","qos":0,"transid":"20170729-00000","firsttime":"2017-07-16T19:00:00.000Z","lasttime":"2017-07-29T13:00:00.000Z","lastupdt":"2017-07-29T13:00:00.000Z","housenumber":"","road":"Maginhawa","city":"","region":"","country":"PH","netid":"B4:30:52:E0:47:9A","name":null,"type":"infra","comment":null,"wep":"2","channel":10,"bcninterval":0,"freenet":"?","dhcp":"?","paynet":"?","userfound":false,"encryption":"wpa2"},{"trilat":14.6466703400000000101499608717858791351318359375,"trilong":121.062217709999998760395101271569728851318359375,"ssid":"SMARTBRO89","qos":1,"transid":"20170507-00000","firsttime":"2017-05-06T19:00:00.000Z","lasttime":"2017-06-09T05:00:00.000Z","lastupdt":"2017-06-09T05:00:00.000Z","housenumber":null,"road":null,"city":null,"region":null,"country":null,"netid":"B4:30:52:34:E0:7B","name":null,"type":"infra","comment":null,"wep":"2","channel":9,"bcninterval":0,"freenet":"?","dhcp":"?","paynet":"?","userfound":false,"encryption":"wpa2"},{"trilat":14.6507291800000007953030944918282330036163330078125,"trilong":121.06235503999999991719960235059261322021484375,"ssid":"Jansen","qos":0,"transid":"20170326-00000","firsttime":"2017-03-26T20:00:00.000Z","lasttime":"2017-03-26T07:00:00.000Z","lastupdt":"2017-03-26T07:00:00.000Z","housenumber":null,"road":null,"city":null,"region":null,"country":null,"netid":"B4:30:52:0D:6E:5B","name":null,"type":"infra","comment":null,"wep":"2","channel":6,"bcninterval":0,"freenet":"?","dhcp":"?","paynet":"?","userfound":false,"encryption":"wpa2"},{"trilat":14.6497182800000000924001142266206443309783935546875,"trilong":121.0622863800000033052128856070339679718017578125,"ssid":"PLDTHOMEDSL","qos":3,"transid":"20150222-00000","firsttime":"2001-01-01T08:00:00.000Z","lasttime":"2017-05-07T05:00:00.000Z","lastupdt":"2017-05-07T05:00:00.000Z","housenumber":null,"road":null,"city":null,"region":null,"country":null,"netid":"18:1E:78:99:A2:80","name":null,"type":"infra","comment":null,"wep":"2","channel":11,"bcninterval":0,"freenet":"?","dhcp":"?","paynet":"?","userfound":false,"encryption":"wpa2"},{"trilat":14.65130996999999979379936121404170989990234375,"trilong":121.05902863000000024840119294822216033935546875,"ssid":"FAD-2G","qos":0,"transid":"20170609-00000","firsttime":"2017-05-26T09:00:00.000Z","lasttime":"2017-06-09T05:00:00.000Z","lastupdt":"2017-06-09T05:00:00.000Z","housenumber":null,"road":null,"city":null,"region":null,"country":null,"netid":"0A:A6:F7:C1:73:E5","name":null,"type":"infra","comment":null,"wep":"2","channel":6,"bcninterval":0,"freenet":"?","dhcp":"?","paynet":"?","userfound":false,"encryption":"wpa2"},{"trilat":14.647336960000000516401996719650924205780029296875,"trilong":121.05746460000000297441147267818450927734375,"ssid":"HUAWEI-E5220-84ce","qos":0,"transid":"20150808-00000","firsttime":"2015-08-07T22:00:00.000Z","lasttime":"2015-08-08T09:00:00.000Z","lastupdt":"2017-01-21T00:00:00.000Z","housenumber":null,"road":null,"city":null,"region":null,"country":null,"netid":"D0:7A:B5:72:84:CE","name":null,"type":"infra","comment":null,"wep":"2","channel":6,"bcninterval":0,"freenet":"?","dhcp":"?","paynet":"?","userfound":false,"encryption":"wpa2"},{"trilat":14.6472435000000000826503310236148536205291748046875,"trilong":121.057502749999997604390955530107021331787109375,"ssid":"TheEmperor","qos":1,"transid":"20160604-00000","firsttime":"2016-05-27T19:00:00.000Z","lasttime":"2017-03-03T04:00:00.000Z","lastupdt":"2017-03-03T04:00:00.000Z","housenumber":null,"road":null,"city":null,"region":null,"country":null,"netid":"0E:12:62:85:60:B4","name":null,"type":"infra","comment":null,"wep":"2","channel":1,"bcninterval":0,"freenet":"?","dhcp":"?","paynet":"?","userfound":false,"encryption":"wpa2"},{"trilat":14.646095280000000826703399070538580417633056640625,"trilong":121.0629806500000000824002199806272983551025390625,"ssid":"hansy","qos":0,"transid":"20171026-00000","firsttime":"2017-10-26T20:00:00.000Z","lasttime":"2017-10-26T06:00:00.000Z","lastupdt":"2017-10-26T06:00:00.000Z","housenumber":"","road":"Salvador","city":"","region":"","country":"PH","netid":"BE:3A:EA:8D:23:AD","name":null,"type":"infra","comment":null,"wep":"2","channel":6,"bcninterval":0,"freenet":"?","dhcp":"?","paynet":"?","userfound":false,"encryption":"wpa2"},{"trilat":14.64687061000000056765202316455543041229248046875,"trilong":121.0595321699999971087891026400029659271240234375,"ssid":"HP-Print-A2-Deskjet 3540 series","qos":0,"transid":"20170715-00000","firsttime":"2017-07-15T16:00:00.000Z","lasttime":"2017-07-15T01:00:00.000Z","lastupdt":"2017-07-15T01:00:00.000Z","housenumber":"","road":"Magiting","city":"","region":"","country":"PH","netid":"D0:BF:9C:70:6F:A2","name":null,"type":"infra","comment":null,"wep":"2","channel":6,"bcninterval":0,"freenet":"?","dhcp":"?","paynet":"?","userfound":false,"encryption":"wpa2"},{"trilat":14.646449090000000836653271107934415340423583984375,"trilong":121.0593566900000013220051187090575695037841796875,"ssid":"MDROA35","qos":5,"transid":"20130317-00000","firsttime":"2013-03-17T21:00:00.000Z","lasttime":"2017-07-15T01:00:00.000Z","lastupdt":"2017-07-15T01:00:00.000Z","housenumber":"","road":"Maginhawa","city":"","region":"","country":"PH","netid":"00:04:ED:1E:7B:01","name":null,"type":"infra","comment":null,"wep":"N","channel":1,"bcninterval":0,"freenet":"?","dhcp":"?","paynet":"?","userfound":false,"encryption":"none"},{"trilat":14.6468133900000001546004568808712065219879150390625,"trilong":121.0578689599999933079743641428649425506591796875,"ssid":"Ganda","qos":0,"transid":"20170609-00000","firsttime":"2017-06-03T18:00:00.000Z","lasttime":"2017-06-09T05:00:00.000Z","lastupdt":"2017-06-09T05:00:00.000Z","housenumber":null,"road":null,"city":null,"region":null,"country":null,"netid":"14:1F:78:40:71:FD","name":null,"type":"infra","comment":null,"wep":"2","channel":6,"bcninterval":0,"freenet":"?","dhcp":"?","paynet":"?","userfound":false,"encryption":"wpa2"},{"trilat":14.647380829999999463097992702387273311614990234375,"trilong":121.0625915499999933899744064547121524810791015625,"ssid":"globewifi","qos":2,"transid":"20170309-00000","firsttime":"2017-03-09T18:00:00.000Z","lasttime":"2017-03-26T07:00:00.000Z","lastupdt":"2017-03-26T07:00:00.000Z","housenumber":null,"road":null,"city":null,"region":null,"country":null,"netid":"B8:08:D7:40:8D:2F","name":null,"type":"infra","comment":null,"wep":"2","channel":10,"bcninterval":0,"freenet":"?","dhcp":"?","paynet":"?","userfound":false,"encryption":"wpa2"},{"trilat":14.6467800100000005159017746336758136749267578125,"trilong":121.060844419999995125181158073246479034423828125,"ssid":"kills","qos":0,"transid":"20170303-00000","firsttime":"2017-03-03T20:00:00.000Z","lasttime":"2017-03-03T07:00:00.000Z","lastupdt":"2017-03-03T07:00:00.000Z","housenumber":null,"road":null,"city":null,"region":null,"country":null,"netid":"10:D3:8A:1F:04:CE","name":null,"type":"infra","comment":null,"wep":"2","channel":6,"bcninterval":0,"freenet":"?","dhcp":"?","paynet":"?","userfound":false,"encryption":"wpa2"},{"trilat":14.6459293400000003515515345497988164424896240234375,"trilong":121.0629730200000011564043234102427959442138671875,"ssid":null,"qos":0,"transid":"20170715-00000","firsttime":"2017-07-09T14:00:00.000Z","lasttime":"2017-07-15T01:00:00.000Z","lastupdt":"2017-07-15T01:00:00.000Z","housenumber":"","road":"Salvador","city":"","region":"","country":"PH","netid":"DC:09:4C:54:7D:46","name":null,"type":"infra","comment":null,"wep":"2","channel":5,"bcninterval":0,"freenet":"?","dhcp":"?","paynet":"?","userfound":false,"encryption":"wpa2"},{"trilat":14.6460380600000004136518327868543565273284912109375,"trilong":121.0603637699999950427809380926191806793212890625,"ssid":"Valar Morghulis","qos":0,"transid":"20170715-00000","firsttime":"2017-07-15T16:00:00.000Z","lasttime":"2017-07-15T01:00:00.000Z","lastupdt":"2017-07-15T01:00:00.000Z","housenumber":"","road":"Maginhawa","city":"","region":"","country":"PH","netid":"C0:BD:D1:83:A5:96","name":null,"type":"infra","comment":null,"wep":"2","channel":1,"bcninterval":0,"freenet":"?","dhcp":"?","paynet":"?","userfound":false,"encryption":"wpa2"},{"trilat":14.6511659600000001546504790894687175750732421875,"trilong":121.05718994000000066080247052013874053955078125,"ssid":"*EDVIRAY*","qos":0,"transid":"20170609-00000","firsttime":"2017-06-03T18:00:00.000Z","lasttime":"2017-06-09T05:00:00.000Z","lastupdt":"2017-06-09T05:00:00.000Z","housenumber":null,"road":null,"city":null,"region":null,"country":null,"netid":"14:AB:F0:47:F3:F0","name":null,"type":"infra","comment":null,"wep":"2","channel":11,"bcninterval":0,"freenet":"?","dhcp":"?","paynet":"?","userfound":false,"encryption":"wpa2"},{"trilat":14.64680575999999945224772091023623943328857421875,"trilong":121.0613174399999962815854814834892749786376953125,"ssid":"SEPULTURA","qos":6,"transid":"20161206-00000","firsttime":"2016-12-06T11:00:00.000Z","lasttime":"2017-05-07T05:00:00.000Z","lastupdt":"2017-05-07T05:00:00.000Z","housenumber":null,"road":null,"city":null,"region":null,"country":null,"netid":"D4:A1:48:6E:17:76","name":null,"type":"infra","comment":null,"wep":"2","channel":11,"bcninterval":0,"freenet":"?","dhcp":"?","paynet":"?","userfound":false,"encryption":"wpa2"},{"trilat":14.6504383100000001860507836681790649890899658203125,"trilong":121.0593795799999980999928084202110767364501953125,"ssid":"clanhub","qos":4,"transid":"20130324-00000","firsttime":"2013-03-23T16:00:00.000Z","lasttime":"2017-03-11T06:00:00.000Z","lastupdt":"2017-03-11T06:00:00.000Z","housenumber":null,"road":null,"city":null,"region":"Metro Manila","country":"PH","netid":"B8:8D:12:5F:72:31","name":null,"type":"infra","comment":null,"wep":"2","channel":2,"bcninterval":0,"freenet":"?","dhcp":"?","paynet":"?","userfound":false,"encryption":"wpa2"},{"trilat":14.6457519499999992973471307777799665927886962890625,"trilong":121.062316890000005287220119498670101165771484375,"ssid":"GOTOMI","qos":0,"transid":"20170715-00000","firsttime":"2017-07-09T14:00:00.000Z","lasttime":"2017-07-15T01:00:00.000Z","lastupdt":"2017-07-15T01:00:00.000Z","housenumber":"","road":"P. Francisco","city":"","region":"","country":"PH","netid":"D8:55:A3:61:C7:6C","name":null,"type":"infra","comment":null,"wep":"2","channel":1,"bcninterval":0,"freenet":"?","dhcp":"?","paynet":"?","userfound":false,"encryption":"wpa2"},{"trilat":14.6490278200000005881520337425172328948974609375,"trilong":121.0633850100000046268178266473114490509033203125,"ssid":"kgdcaloy","qos":0,"transid":"20170507-00000","firsttime":"2017-04-20T20:00:00.000Z","lasttime":"2017-05-07T05:00:00.000Z","lastupdt":"2017-05-07T05:00:00.000Z","housenumber":null,"road":null,"city":null,"region":null,"country":null,"netid":"14:B9:68:10:7D:91","name":null,"type":"infra","comment":null,"wep":"2","channel":6,"bcninterval":0,"freenet":"?","dhcp":"?","paynet":"?","userfound":false,"encryption":"wpa2"},{"trilat":14.646231650000000712452674633823335170745849609375,"trilong":121.0596923800000013216049410402774810791015625,"ssid":"PLDTHOMEFIBRfc2f0","qos":0,"transid":"20170609-00000","firsttime":"2017-06-03T18:00:00.000Z","lasttime":"2017-06-09T05:00:00.000Z","lastupdt":"2017-06-09T05:00:00.000Z","housenumber":null,"road":null,"city":null,"region":null,"country":null,"netid":"BC:C0:0F:1F:C2:F0","name":null,"type":"infra","comment":null,"wep":"2","channel":7,"bcninterval":0,"freenet":"?","dhcp":"?","paynet":"?","userfound":false,"encryption":"wpa2"},{"trilat":14.6469879200000008268034434877336025238037109375,"trilong":121.0576629600000018172067939303815364837646484375,"ssid":"PLDTHOMEFIBRe9d48","qos":0,"transid":"20170609-00000","firsttime":"2017-06-03T18:00:00.000Z","lasttime":"2017-06-09T05:00:00.000Z","lastupdt":"2017-06-09T05:00:00.000Z","housenumber":null,"road":null,"city":null,"region":null,"country":null,"netid":"BC:C0:0F:BE:9D:48","name":null,"type":"infra","comment":null,"wep":"2","channel":1,"bcninterval":0,"freenet":"?","dhcp":"?","paynet":"?","userfound":false,"encryption":"wpa2"},{"trilat":14.64682484000000073365299613215029239654541015625,"trilong":121.05972289999999702558852732181549072265625,"ssid":"PLDTHOMEFIBRe4420","qos":2,"transid":"20170303-00000","firsttime":"2017-03-03T19:00:00.000Z","lasttime":"2017-07-15T01:00:00.000Z","lastupdt":"2017-07-15T01:00:00.000Z","housenumber":"","road":"Magiting","city":"","region":"","country":"PH","netid":"BC:C0:0F:2E:44:20","name":null,"type":"infra","comment":null,"wep":"2","channel":9,"bcninterval":0,"freenet":"?","dhcp":"?","paynet":"?","userfound":false,"encryption":"wpa2"},{"trilat":14.6485452699999996184487827122211456298828125,"trilong":121.05690002000000049520167522132396697998046875,"ssid":"Frosted Desserts","qos":0,"transid":"20170609-00000","firsttime":"2017-06-03T18:00:00.000Z","lasttime":"2017-06-09T05:00:00.000Z","lastupdt":"2017-06-09T05:00:00.000Z","housenumber":null,"road":null,"city":null,"region":null,"country":null,"netid":"E0:8E:3C:18:90:F8","name":null,"type":"infra","comment":null,"wep":"W","channel":1,"bcninterval":0,"freenet":"?","dhcp":"?","paynet":"?","userfound":false,"encryption":"wpa"},{"trilat":14.6475200700000005582523954217322170734405517578125,"trilong":121.063217159999993555175024084746837615966796875,"ssid":"bayanDSLWIFI_4D6F","qos":0,"transid":"20170316-00000","firsttime":"2017-03-15T21:00:00.000Z","lasttime":"2017-03-16T08:00:00.000Z","lastupdt":"2017-03-16T08:00:00.000Z","housenumber":null,"road":null,"city":null,"region":null,"country":null,"netid":"E0:8E:3C:1A:4D:6F","name":null,"type":"infra","comment":null,"wep":"2","channel":11,"bcninterval":0,"freenet":"?","dhcp":"?","paynet":"?","userfound":false,"encryption":"wpa2"},{"trilat":14.6476650199999998136490830802358686923980712890625,"trilong":121.06445311999999603358446620404720306396484375,"ssid":"likhadiwa","qos":5,"transid":"20160604-00000","firsttime":"2016-05-16T18:00:00.000Z","lasttime":"2017-10-28T06:00:00.000Z","lastupdt":"2017-10-28T06:00:00.000Z","housenumber":"","road":"Carlos P. Garcia Avenue","city":"Quezon City","region":"","country":"PH","netid":"E0:8E:3C:1A:BF:73","name":null,"type":"infra","comment":null,"wep":"2","channel":1,"bcninterval":0,"freenet":"?","dhcp":"?","paynet":"?","userfound":false,"encryption":"wpa2"},{"trilat":14.647128110000000589252522331662476062774658203125,"trilong":121.0635986300000013216049410402774810791015625,"ssid":"bayanDSLWIFI_CF43","qos":1,"transid":"20170303-00000","firsttime":"2017-03-03T20:00:00.000Z","lasttime":"2017-09-21T05:00:00.000Z","lastupdt":"2017-09-21T05:00:00.000Z","housenumber":"","road":"B. Baluyot","city":"","region":"","country":"PH","netid":"E0:8E:3C:1A:CF:43","name":null,"type":"infra","comment":null,"wep":"2","channel":1,"bcninterval":0,"freenet":"?","dhcp":"?","paynet":"?","userfound":false,"encryption":"wpa2"},{"trilat":14.6503353100000008879533197614364326000213623046875,"trilong":121.062332150000003139211912639439105987548828125,"ssid":"bayanDSLWIFI_D0FF","qos":6,"transid":"20160907-00000","firsttime":"2001-01-01T08:00:00.000Z","lasttime":"2017-03-26T07:00:00.000Z","lastupdt":"2017-03-26T07:00:00.000Z","housenumber":null,"road":null,"city":null,"region":null,"country":null,"netid":"E0:8E:3C:1A:D0:FF","name":null,"type":"infra","comment":null,"wep":"2","channel":1,"bcninterval":0,"freenet":"?","dhcp":"?","paynet":"?","userfound":false,"encryption":"wpa2"},{"trilat":14.647082329999999927849785308353602886199951171875,"trilong":121.06377410999999710838892497122287750244140625,"ssid":"BUSET ANG BAGAL!","qos":0,"transid":"20170921-00000","firsttime":"2017-09-21T20:00:00.000Z","lasttime":"2017-09-22T19:00:00.000Z","lastupdt":"2017-09-22T19:00:00.000Z","housenumber":"","road":"B. Baluyot","city":"","region":"","country":"PH","netid":"E0:8E:3C:1A:D1:0F","name":null,"type":"infra","comment":null,"wep":"2","channel":1,"bcninterval":0,"freenet":"?","dhcp":"?","paynet":"?","userfound":false,"encryption":"wpa2"},{"trilat":14.646837229999999152596501517109572887420654296875,"trilong":121.0620574999999945475792628712952136993408203125,"ssid":"Virus Detected","qos":2,"transid":"20170303-00000","firsttime":"2017-03-03T20:00:00.000Z","lasttime":"2017-07-15T01:00:00.000Z","lastupdt":"2017-07-15T01:00:00.000Z","housenumber":"","road":"V. Francisco","city":"","region":"","country":"PH","netid":"E0:8E:3C:1A:F5:13","name":null,"type":"infra","comment":null,"wep":"2","channel":11,"bcninterval":0,"freenet":"?","dhcp":"?","paynet":"?","userfound":false,"encryption":"wpa2"},{"trilat":14.6501846300000000411500877817161381244659423828125,"trilong":121.0630798300000066092252382077276706695556640625,"ssid":"bayanDSLWIFI_3F13","qos":0,"transid":"20170507-00000","firsttime":"2017-04-10T17:00:00.000Z","lasttime":"2017-05-07T05:00:00.000Z","lastupdt":"2017-05-07T05:00:00.000Z","housenumber":null,"road":null,"city":null,"region":null,"country":null,"netid":"E0:8E:3C:1B:3F:13","name":null,"type":"infra","comment":null,"wep":"2","channel":10,"bcninterval":0,"freenet":"?","dhcp":"?","paynet":"?","userfound":false,"encryption":"wpa2"},{"trilat":14.6490650200000001035505192703567445278167724609375,"trilong":121.0635604900000004136018105782568454742431640625,"ssid":"Hybrid","qos":0,"transid":"20170507-00000","firsttime":"2017-04-20T20:00:00.000Z","lasttime":"2017-05-07T05:00:00.000Z","lastupdt":"2017-05-07T05:00:00.000Z","housenumber":null,"road":null,"city":null,"region":null,"country":null,"netid":"E0:8E:3C:1B:6F:2F","name":null,"type":"infra","comment":null,"wep":"2","channel":11,"bcninterval":0,"freenet":"?","dhcp":"?","paynet":"?","userfound":false,"encryption":"wpa2"},{"trilat":14.6482124299999991734466675552539527416229248046875,"trilong":121.057884220000005370820872485637664794921875,"ssid":"bayanDSLWIFI_E51F","qos":5,"transid":"20161206-00000","firsttime":"2016-11-29T19:00:00.000Z","lasttime":"2017-05-07T05:00:00.000Z","lastupdt":"2017-05-07T05:00:00.000Z","housenumber":null,"road":null,"city":null,"region":null,"country":null,"netid":"E0:8E:3C:21:E5:1F","name":null,"type":"infra","comment":null,"wep":"2","channel":1,"bcninterval":0,"freenet":"?","dhcp":"?","paynet":"?","userfound":false,"encryption":"wpa2"},{"trilat":14.6467895499999993802475728443823754787445068359375,"trilong":121.0607147200000071052272687666118144989013671875,"ssid":"bayanDSLWIFI_1C23","qos":1,"transid":"20170715-00000","firsttime":"2017-07-15T16:00:00.000Z","lasttime":"2017-10-26T06:00:00.000Z","lastupdt":"2017-10-26T06:00:00.000Z","housenumber":"60","road":"Magiting","city":"","region":"","country":"PH","netid":"E0:8E:3C:22:1C:23","name":null,"type":"infra","comment":null,"wep":"2","channel":1,"bcninterval":0,"freenet":"?","dhcp":"?","paynet":"?","userfound":false,"encryption":"wpa2"},{"trilat":14.646783830000000392601577914319932460784912109375,"trilong":121.052291870000004792018444277346134185791015625,"ssid":"I.P.G","qos":0,"transid":"20171016-00000","firsttime":"2017-10-17T10:00:00.000Z","lasttime":"2017-10-17T04:00:00.000Z","lastupdt":"2017-10-17T04:00:00.000Z","housenumber":"","road":"Kalayaan","city":"Quezon City","region":"","country":"PH","netid":"E0:8E:3C:22:21:0B","name":null,"type":"infra","comment":null,"wep":"2","channel":1,"bcninterval":0,"freenet":"?","dhcp":"?","paynet":"?","userfound":false,"encryption":"wpa2"},{"trilat":14.6480045299999996899487086920998990535736083984375,"trilong":121.06232452000000421321601606905460357666015625,"ssid":"UPNET","qos":5,"transid":"20170222-00000","firsttime":"2017-02-14T19:00:00.000Z","lasttime":"2017-05-07T05:00:00.000Z","lastupdt":"2017-05-07T05:00:00.000Z","housenumber":null,"road":null,"city":null,"region":null,"country":null,"netid":"E0:8E:3C:22:44:0B","name":null,"type":"infra","comment":null,"wep":"2","channel":1,"bcninterval":0,"freenet":"?","dhcp":"?","paynet":"?","userfound":false,"encryption":"wpa2"},{"trilat":14.646166799999999597048372379504144191741943359375,"trilong":121.06290436000000454441760666668415069580078125,"ssid":"bayanDSLWIFI_4ECF","qos":2,"transid":"20170715-00000","firsttime":"2017-07-09T14:00:00.000Z","lasttime":"2017-10-26T06:00:00.000Z","lastupdt":"2017-10-26T06:00:00.000Z","housenumber":"","road":"Salvador","city":"","region":"","country":"PH","netid":"E0:8E:3C:22:4E:CF","name":null,"type":"infra","comment":null,"wep":"2","channel":11,"bcninterval":0,"freenet":"?","dhcp":"?","paynet":"?","userfound":false,"encryption":"wpa2"},{"trilat":14.6468267399999998445991877815686166286468505859375,"trilong":121.061073300000003882814780808985233306884765625,"ssid":"PSCSENDbayan","qos":0,"transid":"20170715-00000","firsttime":"2017-07-15T16:00:00.000Z","lasttime":"2017-07-15T01:00:00.000Z","lastupdt":"2017-07-15T01:00:00.000Z","housenumber":"60","road":"Magiting","city":"","region":"","country":"PH","netid":"E0:8E:3C:1F:E9:C3","name":null,"type":"infra","comment":null,"wep":"2","channel":1,"bcninterval":0,"freenet":"?","dhcp":"?","paynet":"?","userfound":false,"encryption":"wpa2"},{"trilat":14.649292949999999535748429480008780956268310546875,"trilong":121.0629653900000022304084268398582935333251953125,"ssid":"Argo","qos":0,"transid":"20170507-00000","firsttime":"2017-04-20T20:00:00.000Z","lasttime":"2017-05-07T05:00:00.000Z","lastupdt":"2017-05-07T05:00:00.000Z","housenumber":null,"road":null,"city":null,"region":null,"country":null,"netid":"E0:8E:3C:1F:EA:E7","name":null,"type":"infra","comment":null,"wep":"2","channel":1,"bcninterval":0,"freenet":"?","dhcp":"?","paynet":"?","userfound":false,"encryption":"wpa2"},{"trilat":14.6500568399999995250482243136502802371978759765625,"trilong":121.061958309999994298777892254292964935302734375,"ssid":"Kadamay","qos":5,"transid":"20161129-00000","firsttime":"2016-11-27T19:00:00.000Z","lasttime":"2017-05-07T05:00:00.000Z","lastupdt":"2017-05-07T05:00:00.000Z","housenumber":null,"road":null,"city":null,"region":null,"country":null,"netid":"E0:8E:3C:1F:FE:1F","name":null,"type":"infra","comment":null,"wep":"2","channel":1,"bcninterval":0,"freenet":"?","dhcp":"?","paynet":"?","userfound":false,"encryption":"wpa2"},{"trilat":14.6470432299999995251482687308453023433685302734375,"trilong":121.0625686599999966119867167435586452484130859375,"ssid":"Bhongga_store","qos":2,"transid":"20170715-00000","firsttime":"2017-06-23T08:00:00.000Z","lasttime":"2017-07-29T13:00:00.000Z","lastupdt":"2017-07-29T13:00:00.000Z","housenumber":"","road":"Emilio Jacinto","city":"Quezon City","region":"","country":"PH","netid":"E0:8E:3C:20:15:3F","name":null,"type":"infra","comment":null,"wep":"2","channel":2,"bcninterval":0,"freenet":"?","dhcp":"?","paynet":"?","userfound":false,"encryption":"wpa2"},{"trilat":14.6493825900000000928002918954007327556610107421875,"trilong":121.0575408899999985123940859921276569366455078125,"ssid":"Nobody","qos":0,"transid":"20170609-00000","firsttime":"2017-06-03T18:00:00.000Z","lasttime":"2017-06-09T05:00:00.000Z","lastupdt":"2017-06-09T05:00:00.000Z","housenumber":null,"road":null,"city":null,"region":null,"country":null,"netid":"E0:8E:3C:20:FA:4B","name":null,"type":"infra","comment":null,"wep":"W","channel":3,"bcninterval":0,"freenet":"?","dhcp":"?","paynet":"?","userfound":false,"encryption":"wpa"},{"trilat":14.6467895499999993802475728443823754787445068359375,"trilong":121.0607910199999963651862344704568386077880859375,"ssid":"PSCSEND","qos":0,"transid":"20170303-00000","firsttime":"2017-03-03T20:00:00.000Z","lasttime":"2017-03-03T07:00:00.000Z","lastupdt":"2017-03-03T07:00:00.000Z","housenumber":null,"road":null,"city":null,"region":null,"country":null,"netid":"E0:8E:3C:21:38:87","name":null,"type":"infra","comment":null,"wep":"2","channel":1,"bcninterval":0,"freenet":"?","dhcp":"?","paynet":"?","userfound":false,"encryption":"wpa2"},{"trilat":14.650426859999999606998244416899979114532470703125,"trilong":121.0636673000000058664227253757417201995849609375,"ssid":"shana","qos":0,"transid":"20170507-00000","firsttime":"2017-04-10T17:00:00.000Z","lasttime":"2017-05-07T05:00:00.000Z","lastupdt":"2017-05-07T05:00:00.000Z","housenumber":null,"road":null,"city":null,"region":null,"country":null,"netid":"E0:8E:3C:04:BA:DF","name":null,"type":"infra","comment":null,"wep":"2","channel":1,"bcninterval":0,"freenet":"?","dhcp":"?","paynet":"?","userfound":false,"encryption":"wpa2"},{"trilat":14.6460514100000001036505636875517666339874267578125,"trilong":121.06015777999999727398972027003765106201171875,"ssid":"Zentea","qos":1,"transid":"20170609-00000","firsttime":"2017-06-03T18:00:00.000Z","lasttime":"2017-07-29T13:00:00.000Z","lastupdt":"2017-07-29T13:00:00.000Z","housenumber":"","road":"Maginhawa","city":"","region":"","country":"PH","netid":"10:BF:48:B2:97:AC","name":null,"type":"infra","comment":null,"wep":"2","channel":11,"bcninterval":0,"freenet":"?","dhcp":"?","paynet":"?","userfound":false,"encryption":"wpa2"},{"trilat":14.64738750000000067075234255753457546234130859375,"trilong":121.057388309999993225574144162237644195556640625,"ssid":"BAGYO","qos":0,"transid":"20170404-00000","firsttime":"2017-03-31T19:00:00.000Z","lasttime":"2017-04-04T04:00:00.000Z","lastupdt":"2017-04-04T04:00:00.000Z","housenumber":null,"road":null,"city":null,"region":null,"country":null,"netid":"D2:5B:A8:91:B5:1D","name":null,"type":"infra","comment":null,"wep":"2","channel":13,"bcninterval":0,"freenet":"?","dhcp":"?","paynet":"?","userfound":false,"encryption":"wpa2"},{"trilat":14.6472244299999996286487657926045358180999755859375,"trilong":121.05764007999999876119545660912990570068359375,"ssid":"StAugustine","qos":1,"transid":"20170303-00000","firsttime":"2017-03-03T19:00:00.000Z","lasttime":"2017-07-29T13:00:00.000Z","lastupdt":"2017-07-29T13:00:00.000Z","housenumber":"77","road":"Maginhawa","city":"","region":"","country":"PH","netid":"D2:5B:A8:F8:D5:D9","name":null,"type":"infra","comment":null,"wep":"2","channel":13,"bcninterval":0,"freenet":"?","dhcp":"?","paynet":"?","userfound":false,"encryption":"wpa2"},{"trilat":14.6465320600000001860507836681790649890899658203125,"trilong":121.062782290000001239604898728430271148681640625,"ssid":"Smart Bro_F98DFC","qos":0,"transid":"20170715-00000","firsttime":"2017-07-15T16:00:00.000Z","lasttime":"2017-07-15T01:00:00.000Z","lastupdt":"2017-10-28T06:00:00.000Z","housenumber":"","road":"Salvador","city":"","region":"","country":"PH","netid":"D2:5B:A8:F9:8D:FC","name":null,"type":"infra","comment":null,"wep":"2","channel":6,"bcninterval":0,"freenet":"?","dhcp":"?","paynet":"?","userfound":false,"encryption":"wpa2"},{"trilat":14.6476144799999996592987372423522174358367919921875,"trilong":121.0642394999999993387973518110811710357666015625,"ssid":"PLDTHOMEDSLKenjie","qos":0,"transid":"20170314-00000","firsttime":"2017-03-14T18:00:00.000Z","lasttime":"2017-03-14T21:00:00.000Z","lastupdt":"2017-03-14T21:00:00.000Z","housenumber":null,"road":null,"city":null,"region":null,"country":null,"netid":"1C:74:0D:1A:64:48","name":null,"type":"infra","comment":null,"wep":"2","channel":1,"bcninterval":0,"freenet":"?","dhcp":"?","paynet":"?","userfound":false,"encryption":"wpa2"},{"trilat":14.647381779999999906749508227221667766571044921875,"trilong":121.06235503999999991719960235059261322021484375,"ssid":"LITOS","qos":6,"transid":"20161117-00000","firsttime":"2016-11-17T23:00:00.000Z","lasttime":"2017-10-26T06:00:00.000Z","lastupdt":"2017-10-26T06:00:00.000Z","housenumber":"","road":"Emilio Jacinto","city":"Quezon City","region":"","country":"PH","netid":"1C:74:0D:1A:D8:A0","name":null,"type":"infra","comment":null,"wep":"2","channel":2,"bcninterval":0,"freenet":"?","dhcp":"?","paynet":"?","userfound":false,"encryption":"wpa2"},{"trilat":14.6473531700000005884021447855047881603240966796875,"trilong":121.062522889999996777987689711153507232666015625,"ssid":"pansit lumen","qos":0,"transid":"20170609-00000","firsttime":"2017-06-07T18:00:00.000Z","lasttime":"2017-06-09T05:00:00.000Z","lastupdt":"2017-06-09T05:00:00.000Z","housenumber":null,"road":null,"city":null,"region":null,"country":null,"netid":"1C:67:58:F9:8F:57","name":null,"type":"infra","comment":null,"wep":"2","channel":1,"bcninterval":0,"freenet":"?","dhcp":"?","paynet":"?","userfound":false,"encryption":"wpa2"},{"trilat":14.64653492000000056805220083333551883697509765625,"trilong":121.05834960999999339037458412349224090576171875,"ssid":"Roden's iPhone","qos":0,"transid":"20170303-00000","firsttime":"2017-03-03T20:00:00.000Z","lasttime":"2017-03-03T07:00:00.000Z","lastupdt":"2017-03-03T07:00:00.000Z","housenumber":null,"road":null,"city":null,"region":null,"country":null,"netid":"BE:6C:21:7A:CC:19","name":null,"type":"infra","comment":null,"wep":"2","channel":1,"bcninterval":0,"freenet":"?","dhcp":"?","paynet":"?","userfound":false,"encryption":"wpa2"},{"trilat":14.6481761899999991527465681429021060466766357421875,"trilong":121.0622940100000022312087821774184703826904296875,"ssid":"SAPPS_anniebriones346-ic3","qos":0,"transid":"20170320-00000","firsttime":"2017-03-21T11:00:00.000Z","lasttime":"2017-03-20T22:00:00.000Z","lastupdt":"2017-03-20T22:00:00.000Z","housenumber":null,"road":null,"city":null,"region":null,"country":null,"netid":"1A:E3:BC:2C:E3:EE","name":null,"type":"infra","comment":null,"wep":"Y","channel":7,"bcninterval":0,"freenet":"?","dhcp":"?","paynet":"?","userfound":false,"encryption":"wep"},{"trilat":14.6479768799999998662997313658706843852996826171875,"trilong":121.057197569999999586798367090523242950439453125,"ssid":"Samsung Tab","qos":0,"transid":"20170729-00000","firsttime":"2017-07-16T19:00:00.000Z","lasttime":"2017-07-29T13:00:00.000Z","lastupdt":"2017-07-29T13:00:00.000Z","housenumber":"65","road":"Maginhawa","city":"","region":"","country":"PH","netid":"E4:58:E7:24:A0:50","name":null,"type":"infra","comment":null,"wep":"2","channel":11,"bcninterval":0,"freenet":"?","dhcp":"?","paynet":"?","userfound":false,"encryption":"wpa2"},{"trilat":14.6475849199999998972998582758009433746337890625,"trilong":121.0641174299999960339846438728272914886474609375,"ssid":"ONE","qos":0,"transid":"20170228-00000","firsttime":"2017-02-28T20:00:00.000Z","lasttime":"2017-02-28T04:00:00.000Z","lastupdt":"2017-02-28T04:00:00.000Z","housenumber":null,"road":null,"city":null,"region":null,"country":null,"netid":"20:A6:80:44:28:79","name":null,"type":"infra","comment":null,"wep":"2","channel":8,"bcninterval":0,"freenet":"?","dhcp":"?","paynet":"?","userfound":false,"encryption":"wpa2"},{"trilat":14.6479310999999992048969943425618112087249755859375,"trilong":121.0642318700000004128014552406966686248779296875,"ssid":"PLDTHOMEDSLGZ","qos":6,"transid":"20150726-00000","firsttime":"2015-04-27T15:00:00.000Z","lasttime":"2017-10-28T06:00:00.000Z","lastupdt":"2017-10-28T06:00:00.000Z","housenumber":"","road":"Delos Reyes","city":"Quezon City","region":"","country":"PH","netid":"90:61:0C:19:B5:A9","name":null,"type":"infra","comment":null,"wep":"2","channel":11,"bcninterval":0,"freenet":"?","dhcp":"?","paynet":"?","userfound":false,"encryption":"wpa2"},{"trilat":14.6475229299999991638969731866382062435150146484375,"trilong":121.0634307899999981827932060696184635162353515625,"ssid":"HUAWEI-52D6","qos":3,"transid":"20160907-00000","firsttime":"2016-09-03T21:00:00.000Z","lasttime":"2017-05-07T05:00:00.000Z","lastupdt":"2017-05-07T05:00:00.000Z","housenumber":null,"road":null,"city":null,"region":null,"country":null,"netid":"E0:A3:AC:51:52:D6","name":null,"type":"infra","comment":null,"wep":"2","channel":8,"bcninterval":0,"freenet":"?","dhcp":"?","paynet":"?","userfound":false,"encryption":"wpa2"},{"trilat":14.6500120200000001347007128060795366764068603515625,"trilong":121.0574340799999930595731711946427822113037109375,"ssid":"bayanDSLWIFI_7B11","qos":0,"transid":"20170609-00000","firsttime":"2017-06-03T18:00:00.000Z","lasttime":"2017-06-09T05:00:00.000Z","lastupdt":"2017-06-09T05:00:00.000Z","housenumber":null,"road":null,"city":null,"region":null,"country":null,"netid":"E0:8E:3C:16:7B:11","name":null,"type":"infra","comment":null,"wep":"2","channel":1,"bcninterval":0,"freenet":"?","dhcp":"?","paynet":"?","userfound":false,"encryption":"wpa2"},{"trilat":14.6472158399999994315976437064819037914276123046875,"trilong":121.057518009999995456382748670876026153564453125,"ssid":"bayanDSLWIFI_C547","qos":0,"transid":"20170609-00000","firsttime":"2017-06-03T18:00:00.000Z","lasttime":"2017-06-09T05:00:00.000Z","lastupdt":"2017-06-09T05:00:00.000Z","housenumber":null,"road":null,"city":null,"region":null,"country":null,"netid":"E0:8E:3C:1F:C5:47","name":null,"type":"infra","comment":null,"wep":"2","channel":1,"bcninterval":0,"freenet":"?","dhcp":"?","paynet":"?","userfound":false,"encryption":"wpa2"},{"trilat":14.6501846300000000411500877817161381244659423828125,"trilong":121.0630798300000066092252382077276706695556640625,"ssid":null,"qos":0,"transid":"20170507-00000","firsttime":"2017-04-10T17:00:00.000Z","lasttime":"2017-05-07T05:00:00.000Z","lastupdt":"2017-05-07T05:00:00.000Z","housenumber":null,"road":null,"city":null,"region":null,"country":null,"netid":"E0:8E:3C:1F:D0:8B","name":null,"type":"infra","comment":null,"wep":"2","channel":2,"bcninterval":0,"freenet":"?","dhcp":"?","paynet":"?","userfound":false,"encryption":"wpa2"},{"trilat":14.649701119999999576748450635932385921478271484375,"trilong":121.062316890000005287220119498670101165771484375,"ssid":"molina","qos":4,"transid":"20161207-00000","firsttime":"2016-12-07T18:00:00.000Z","lasttime":"2017-03-26T07:00:00.000Z","lastupdt":"2017-03-26T07:00:00.000Z","housenumber":null,"road":null,"city":null,"region":null,"country":null,"netid":"E0:8E:3C:1F:F7:E3","name":null,"type":"infra","comment":null,"wep":"2","channel":1,"bcninterval":0,"freenet":"?","dhcp":"?","paynet":"?","userfound":false,"encryption":"wpa2"},{"trilat":14.6473379099999991836966728442348539829254150390625,"trilong":121.062667849999996860788087360560894012451171875,"ssid":"bayanDSLWIFI_7CCB","qos":5,"transid":"20160509-00000","firsttime":"2016-05-04T10:00:00.000Z","lasttime":"2017-07-29T13:00:00.000Z","lastupdt":"2017-07-29T13:00:00.000Z","housenumber":"","road":"Emilio Jacinto","city":"Quezon City","region":"","country":"PH","netid":"E0:8E:3C:1A:7C:CB","name":null,"type":"infra","comment":null,"wep":"2","channel":1,"bcninterval":0,"freenet":"?","dhcp":"?","paynet":"?","userfound":false,"encryption":"wpa2"},{"trilat":14.647617340000000041300154407508671283721923828125,"trilong":121.0638580300000057832221500575542449951171875,"ssid":"bayanDSLWIFI_CA2F","qos":6,"transid":"20160907-00000","firsttime":"2016-08-11T18:00:00.000Z","lasttime":"2017-10-15T10:00:00.000Z","lastupdt":"2017-10-15T10:00:00.000Z","housenumber":"","road":"B. Baluyot","city":"","region":"","country":"PH","netid":"E0:8E:3C:1A:CA:2F","name":null,"type":"infra","comment":null,"wep":"2","channel":2,"bcninterval":0,"freenet":"?","dhcp":"?","paynet":"?","userfound":false,"encryption":"wpa2"},{"trilat":14.6462287900000003304512574686668813228607177734375,"trilong":121.060089110000006940026651136577129364013671875,"ssid":"RedLion","qos":1,"transid":"20160227-00000","firsttime":"2001-01-01T08:00:00.000Z","lasttime":"2017-03-03T07:00:00.000Z","lastupdt":"2017-03-03T07:00:00.000Z","housenumber":null,"road":null,"city":null,"region":null,"country":null,"netid":"20:AA:4B:1D:8B:3C","name":null,"type":"infra","comment":null,"wep":"2","channel":6,"bcninterval":0,"freenet":"?","dhcp":"?","paynet":"?","userfound":false,"encryption":"wpa2"},{"trilat":14.6477861399999991220965966931544244289398193359375,"trilong":121.053459169999996447586454451084136962890625,"ssid":"DG_2016","qos":1,"transid":"20161206-00000","firsttime":"2016-12-06T11:00:00.000Z","lasttime":"2017-03-21T03:00:00.000Z","lastupdt":"2017-03-21T03:00:00.000Z","housenumber":null,"road":null,"city":null,"region":null,"country":null,"netid":"DC:EE:06:CF:C4:94","name":null,"type":"infra","comment":null,"wep":"2","channel":9,"bcninterval":0,"freenet":"?","dhcp":"?","paynet":"?","userfound":false,"encryption":"wpa2"},{"trilat":14.6482276900000005781521394965238869190216064453125,"trilong":121.06225585999999339037458412349224090576171875,"ssid":"Bazingaaa","qos":1,"transid":"20170109-00000","firsttime":"2001-01-01T08:00:00.000Z","lasttime":"2017-05-07T05:00:00.000Z","lastupdt":"2017-05-07T05:00:00.000Z","housenumber":null,"road":null,"city":null,"region":null,"country":null,"netid":"DC:EE:06:8D:B9:C7","name":null,"type":"infra","comment":null,"wep":"2","channel":1,"bcninterval":0,"freenet":"?","dhcp":"?","paynet":"?","userfound":false,"encryption":"wpa2"},{"trilat":14.647331239999999752399162389338016510009765625,"trilong":121.063781739999996034384821541607379913330078125,"ssid":"Restricted connection2","qos":0,"transid":"20170303-00000","firsttime":"2017-03-03T20:00:00.000Z","lasttime":"2017-03-03T07:00:00.000Z","lastupdt":"2017-03-03T07:00:00.000Z","housenumber":null,"road":null,"city":null,"region":null,"country":null,"netid":"DC:EE:06:C0:26:FC","name":null,"type":"infra","comment":null,"wep":"2","channel":5,"bcninterval":0,"freenet":"?","dhcp":"?","paynet":"?","userfound":false,"encryption":"wpa2"},{"trilat":14.647227290000000010650182957760989665985107421875,"trilong":121.062507629999998925995896570384502410888671875,"ssid":"HUAWEI-E5330-7703","qos":0,"transid":"20170320-00000","firsttime":"2017-03-21T11:00:00.000Z","lasttime":"2017-03-20T22:00:00.000Z","lastupdt":"2017-03-20T22:00:00.000Z","housenumber":null,"road":null,"city":null,"region":null,"country":null,"netid":"DC:09:4C:32:77:03","name":null,"type":"infra","comment":null,"wep":"2","channel":7,"bcninterval":0,"freenet":"?","dhcp":"?","paynet":"?","userfound":false,"encryption":"wpa2"},{"trilat":14.650657649999999421197571791708469390869140625,"trilong":121.06222533999999768639099784195423126220703125,"ssid":"karl benedict","qos":6,"transid":"20141112-00000","firsttime":"2014-11-12T19:00:00.000Z","lasttime":"2017-03-11T06:00:00.000Z","lastupdt":"2017-03-11T06:00:00.000Z","housenumber":null,"road":null,"city":null,"region":null,"country":null,"netid":"E4:77:23:A6:13:70","name":null,"type":"infra","comment":null,"wep":"2","channel":3,"bcninterval":0,"freenet":"?","dhcp":"?","paynet":"?","userfound":false,"encryption":"wpa2"},{"trilat":14.649802210000000712852852302603423595428466796875,"trilong":121.0622940100000022312087821774184703826904296875,"ssid":"ACTMJ","qos":6,"transid":"20150202-00000","firsttime":"2001-01-01T08:00:00.000Z","lasttime":"2017-03-14T21:00:00.000Z","lastupdt":"2017-03-14T21:00:00.000Z","housenumber":null,"road":null,"city":null,"region":null,"country":null,"netid":"E4:77:23:9D:6D:74","name":null,"type":"infra","comment":null,"wep":"2","channel":13,"bcninterval":0,"freenet":"?","dhcp":"?","paynet":"?","userfound":false,"encryption":"wpa2"},{"trilat":14.646928790000000475401975563727319240570068359375,"trilong":121.06083678999999619918526150286197662353515625,"ssid":"AndroidAP","qos":0,"transid":"20170404-00000","firsttime":"2017-03-31T19:00:00.000Z","lasttime":"2017-04-04T04:00:00.000Z","lastupdt":"2017-04-04T04:00:00.000Z","housenumber":null,"road":null,"city":null,"region":null,"country":null,"netid":"BC:76:5E:CF:ED:06","name":null,"type":"infra","comment":null,"wep":"2","channel":6,"bcninterval":0,"freenet":"?","dhcp":"?","paynet":"?","userfound":false,"encryption":"wpa2"},{"trilat":14.6479826000000006303025656961835920810699462890625,"trilong":121.0571746800000028088106773793697357177734375,"ssid":"AWESOME.RIBS_5G","qos":0,"transid":"20170729-00000","firsttime":"2017-07-16T19:00:00.000Z","lasttime":"2017-07-29T13:00:00.000Z","lastupdt":"2017-07-29T13:00:00.000Z","housenumber":"65","road":"Maginhawa","city":"","region":"","country":"PH","netid":"1C:B7:2C:79:F8:8C","name":null,"type":"infra","comment":null,"wep":"2","channel":36,"bcninterval":0,"freenet":"?","dhcp":"?","paynet":"?","userfound":false,"encryption":"wpa2"},{"trilat":14.6511440299999993186474966933019459247589111328125,"trilong":121.057197569999999586798367090523242950439453125,"ssid":"96266b","qos":0,"transid":"20170609-00000","firsttime":"2017-06-03T18:00:00.000Z","lasttime":"2017-06-09T05:00:00.000Z","lastupdt":"2017-06-09T05:00:00.000Z","housenumber":null,"road":null,"city":null,"region":null,"country":null,"netid":"20:25:64:C6:7D:F5","name":null,"type":"infra","comment":null,"wep":"2","channel":11,"bcninterval":0,"freenet":"?","dhcp":"?","paynet":"?","userfound":false,"encryption":"wpa2"},{"trilat":14.6490964899999998038992998772300779819488525390625,"trilong":121.064056399999998347993823699653148651123046875,"ssid":"bayanDSLWiFi_4F60","qos":0,"transid":"20170507-00000","firsttime":"2017-04-20T20:00:00.000Z","lasttime":"2017-05-07T05:00:00.000Z","lastupdt":"2017-05-07T05:00:00.000Z","housenumber":null,"road":null,"city":null,"region":null,"country":null,"netid":"E4:77:23:A5:4F:60","name":null,"type":"infra","comment":null,"wep":"2","channel":13,"bcninterval":0,"freenet":"?","dhcp":"?","paynet":"?","userfound":false,"encryption":"wpa2"},{"trilat":14.650218960000000123500285553745925426483154296875,"trilong":121.063346859999995785983628593385219573974609375,"ssid":"PLDTHOMEDSL","qos":0,"transid":"20170507-00000","firsttime":"2017-04-10T17:00:00.000Z","lasttime":"2017-05-07T05:00:00.000Z","lastupdt":"2017-05-07T05:00:00.000Z","housenumber":null,"road":null,"city":null,"region":null,"country":null,"netid":"94:FB:B2:59:AA:48","name":null,"type":"infra","comment":null,"wep":"2","channel":11,"bcninterval":0,"freenet":"?","dhcp":"?","paynet":"?","userfound":false,"encryption":"wpa2"},{"trilat":14.64757537999999925659722066484391689300537109375,"trilong":121.0635604900000004136018105782568454742431640625,"ssid":"PakyuKaInaMo","qos":0,"transid":"20170507-00000","firsttime":"2017-04-20T20:00:00.000Z","lasttime":"2017-05-07T05:00:00.000Z","lastupdt":"2017-05-07T05:00:00.000Z","housenumber":null,"road":null,"city":null,"region":null,"country":null,"netid":"E4:7D:EB:01:D6:DD","name":null,"type":"infra","comment":null,"wep":"2","channel":11,"bcninterval":0,"freenet":"?","dhcp":"?","paynet":"?","userfound":false,"encryption":"wpa2"},{"trilat":14.64620685999999949444827507250010967254638671875,"trilong":121.0526199300000058656223700381815433502197265625,"ssid":"bayanDSLWIFI_4ADD","qos":0,"transid":"20171016-00000","firsttime":"2017-10-17T10:00:00.000Z","lasttime":"2017-10-17T04:00:00.000Z","lastupdt":"2017-10-17T04:00:00.000Z","housenumber":"","road":"Makatarungan","city":"Quezon City","region":"","country":"PH","netid":"94:A7:B7:26:4A:DD","name":null,"type":"infra","comment":null,"wep":"2","channel":6,"bcninterval":0,"freenet":"?","dhcp":"?","paynet":"?","userfound":false,"encryption":"wpa2"},{"trilat":14.64629936000000043350155465304851531982421875,"trilong":121.0596313500000036356141208671033382415771484375,"ssid":"Zaril ","qos":3,"transid":"20150812-00000","firsttime":"2015-08-12T21:00:00.000Z","lasttime":"2017-07-29T13:00:00.000Z","lastupdt":"2017-07-29T13:00:00.000Z","housenumber":"","road":"Maginhawa","city":"","region":"","country":"PH","netid":"94:A7:B7:26:4D:F6","name":null,"type":"infra","comment":null,"wep":"2","channel":5,"bcninterval":0,"freenet":"?","dhcp":"?","paynet":"?","userfound":false,"encryption":"wpa2"},{"trilat":14.649701119999999576748450635932385921478271484375,"trilong":121.062332150000003139211912639439105987548828125,"ssid":"TestWiFi","qos":1,"transid":"20170222-00000","firsttime":"2017-02-14T19:00:00.000Z","lasttime":"2017-05-07T05:00:00.000Z","lastupdt":"2017-05-07T05:00:00.000Z","housenumber":null,"road":null,"city":null,"region":null,"country":null,"netid":"94:A7:B7:26:76:FE","name":null,"type":"infra","comment":null,"wep":"2","channel":1,"bcninterval":0,"freenet":"?","dhcp":"?","paynet":"?","userfound":false,"encryption":"wpa2"},{"trilat":14.64723968999999925699739833362400531768798828125,"trilong":121.05764007999999876119545660912990570068359375,"ssid":"HUAWEI-E5330-BEE2","qos":0,"transid":"20170729-00000","firsttime":"2017-07-16T19:00:00.000Z","lasttime":"2017-07-29T13:00:00.000Z","lastupdt":"2017-07-29T13:00:00.000Z","housenumber":"77","road":"Maginhawa","city":"","region":"","country":"PH","netid":"8C:34:FD:D3:BE:E2","name":null,"type":"infra","comment":null,"wep":"2","channel":10,"bcninterval":0,"freenet":"?","dhcp":"?","paynet":"?","userfound":false,"encryption":"wpa2"},{"trilat":14.648886680000000382051439373753964900970458984375,"trilong":121.062599180000006526825018227100372314453125,"ssid":"Free_iGov_WiFi","qos":6,"transid":"20140204-00000","firsttime":"2014-02-03T17:00:00.000Z","lasttime":"2017-03-15T09:00:00.000Z","lastupdt":"2017-03-15T09:00:00.000Z","housenumber":null,"road":null,"city":null,"region":null,"country":null,"netid":"24:C9:A1:1B:DC:78","name":null,"type":"infra","comment":null,"wep":"N","channel":6,"bcninterval":0,"freenet":"?","dhcp":"?","paynet":"?","userfound":false,"encryption":"none"},{"trilat":14.64756679999999988694980856962502002716064453125,"trilong":121.063621519999998099592630751430988311767578125,"ssid":"bayandsl","qos":6,"transid":"20150726-00000","firsttime":"2015-02-27T19:00:00.000Z","lasttime":"2017-03-03T07:00:00.000Z","lastupdt":"2017-03-03T07:00:00.000Z","housenumber":null,"road":null,"city":null,"region":null,"country":null,"netid":"EC:8A:4C:A6:12:DC","name":null,"type":"infra","comment":null,"wep":"2","channel":5,"bcninterval":0,"freenet":"?","dhcp":"?","paynet":"?","userfound":false,"encryption":"wpa2"},{"trilat":14.6465530400000005784022505395114421844482421875,"trilong":121.058990480000005618421710096299648284912109375,"ssid":"#SmartWifi @StrEATMag","qos":2,"transid":"20170609-00000","firsttime":"2017-06-03T18:00:00.000Z","lasttime":"2017-07-29T13:00:00.000Z","lastupdt":"2017-07-29T13:00:00.000Z","housenumber":"","road":"Maginhawa","city":"","region":"","country":"PH","netid":"EC:8C:A2:30:FF:28","name":null,"type":"infra","comment":null,"wep":"?","channel":1,"bcninterval":0,"freenet":"?","dhcp":"?","paynet":"?","userfound":false,"encryption":"unknown"},{"trilat":14.6471929599999999282999851857312023639678955078125,"trilong":121.0625534100000066928259911946952342987060546875,"ssid":"UNA","qos":0,"transid":"20170507-00000","firsttime":"2017-04-10T18:00:00.000Z","lasttime":"2017-05-07T05:00:00.000Z","lastupdt":"2017-05-07T05:00:00.000Z","housenumber":null,"road":null,"city":null,"region":null,"country":null,"netid":"22:A9:0E:8C:92:76","name":null,"type":"infra","comment":null,"wep":"2","channel":11,"bcninterval":0,"freenet":"?","dhcp":"?","paynet":"?","userfound":false,"encryption":"wpa2"},{"trilat":14.647345539999999886049408814869821071624755859375,"trilong":121.0575332599999995863981894217431545257568359375,"ssid":"BnGn-TWFjaGluZSBHdW4gS2VsbHk","qos":0,"transid":"20170609-00000","firsttime":"2017-06-03T18:00:00.000Z","lasttime":"2017-06-09T05:00:00.000Z","lastupdt":"2017-06-09T05:00:00.000Z","housenumber":null,"road":null,"city":null,"region":null,"country":null,"netid":"EC:9B:F3:4A:04:C9","name":null,"type":"infra","comment":null,"wep":"?","channel":6,"bcninterval":0,"freenet":"?","dhcp":"?","paynet":"?","userfound":false,"encryption":"unknown"},{"trilat":14.6477594399999997420991348917596042156219482421875,"trilong":121.063880920000002561209839768707752227783203125,"ssid":"Trojan","qos":0,"transid":"20170507-00000","firsttime":"2017-05-07T19:00:00.000Z","lasttime":"2017-05-07T05:00:00.000Z","lastupdt":"2017-05-07T05:00:00.000Z","housenumber":null,"road":null,"city":null,"region":null,"country":null,"netid":"EC:1F:72:E9:C2:93","name":null,"type":"infra","comment":null,"wep":"2","channel":6,"bcninterval":0,"freenet":"?","dhcp":"?","paynet":"?","userfound":false,"encryption":"wpa2"},{"trilat":14.646901129999999824349288246594369411468505859375,"trilong":121.0611724900000041316161514259874820709228515625,"ssid":"Extension","qos":5,"transid":"20141230-00000","firsttime":"2001-01-01T08:00:00.000Z","lasttime":"2017-10-15T10:00:00.000Z","lastupdt":"2017-10-15T10:00:00.000Z","housenumber":"60","road":"Magiting","city":"","region":"","country":"PH","netid":"E8:94:F6:E1:BA:30","name":null,"type":"infra","comment":null,"wep":"2","channel":6,"bcninterval":0,"freenet":"?","dhcp":"?","paynet":"?","userfound":false,"encryption":"wpa2"}]}