SSID,Net ID,TriLat,TriLong,Encryption,Type,Trans ID,First Time,Last Time,Last Updt
PLDTHOMEDSLRestaurantofchoice,00:13:33:E1:C0:73,14.65924072,121.0680618,wpa,infra,20151030-00084,"2001-01-01, 04:00:00 PM","2017-01-09, 11:26:03 AM","2017-01-09, 11:26:06 AM"
PLDTHOMEDSL_GUS,00:13:33:E1:C5:73,14.6597023,121.0678482,wpa2,infra,20150916-00159,"2015-09-01, 05:32:10 PM","2017-08-07, 06:25:10 AM","2017-08-07, 06:25:16 AM"
PLDTHOMEDSL,00:13:33:E6:06:3F,14.6601572,121.0679398,wpa2,infra,20170316-00334,"2017-03-17, 04:48:20 AM","2017-03-26, 03:54:40 PM","2017-03-26, 03:54:43 PM"
PLDTHOMEDSL,00:13:33:DB:92:AA,14.65937519,121.0671082,wpa2,infra,20150808-00173,"2015-08-07, 02:28:14 AM","2016-11-29, 11:03:30 AM","2016-11-29, 11:03:52 AM"
Home Network,00:16:B6:0B:0D:D7,14.66013622,121.0684052,wpa,infra,20170326-02009,"2017-03-27, 04:39:18 AM","2017-03-26, 03:54:40 PM","2017-03-26, 03:54:44 PM"
NETGEAR,00:1B:2F:6B:45:CC,14.65965748,121.0681076,wpa,infra,20130208-00144,"2013-02-09, 12:22:36 AM","2013-04-19, 04:54:07 PM","2013-04-19, 02:54:36 PM"
myBRO,00:1F:FB:82:E7:A6,14.65933895,121.0684891,wpa,infra,20140331-00485,"2014-02-27, 04:14:00 AM","2014-04-01, 03:08:57 AM","2015-07-26, 08:57:15 AM"
BayanDSL-,00:23:69:F3:26:DF,14.65968418,121.0671158,wpa,infra,20130320-00088,"2013-03-21, 02:20:51 AM","2016-03-29, 03:01:04 AM","2016-03-29, 03:01:18 AM"
Linksys De Vera,00:25:9C:3D:6D:CB,14.65965462,121.0674286,wpa2,infra,20160328-00621,"2016-03-22, 09:30:10 PM","2016-03-29, 03:01:04 AM","2016-03-29, 03:01:17 AM"
TP-LINK_1C0F10,00:27:19:1C:0F:10,14.65980625,121.0675583,wpa2,infra,20130320-00088,"2013-03-21, 02:20:23 AM","2016-03-29, 03:01:04 AM","2016-03-29, 03:01:18 AM"
201511979,00:23:B1:70:50:42,14.65925026,121.0685425,wpa2,infra,20151203-00455,"2015-11-09, 11:32:16 PM","2015-12-04, 01:37:03 AM","2015-12-04, 01:37:10 AM"
ICE_conf_room,00:24:A5:D8:6A:91,14.65942764,121.0671845,wpa2,infra,20130208-00144,"2013-02-09, 12:41:04 AM","2016-05-09, 11:15:11 AM","2016-06-05, 12:19:17 AM"
ALEVON,00:23:B1:6D:CA:0B,14.65958691,121.068512,wep,infra,20150812-00115,"2015-08-12, 01:34:41 AM","2015-08-12, 03:12:14 PM","2015-08-12, 03:12:21 PM"
searching...,00:23:B1:6F:14:12,14.65969849,121.0679703,wpa2,infra,20150920-00003,"2015-09-18, 03:48:59 PM","2015-09-20, 08:22:04 AM","2015-09-20, 08:22:11 AM"
CookieMoster,24:DB:AC:09:64:25,14.65968895,121.0680008,wpa2,infra,20130320-00088,"2013-03-21, 02:20:29 AM","2013-04-12, 06:13:18 AM","2013-04-12, 04:13:29 AM"
Free Public WiFi,0A:FD:0A:FD:0A:FD,14.66012573,121.0674515,none,ad-hoc,20130506-00198,"2013-05-07, 12:43:14 AM","2013-05-07, 02:58:05 PM","2013-05-07, 12:58:38 PM"
gentle,02:1A:11:FB:D5:5B,14.65928364,121.0680618,wpa2,infra,20141013-00189,"2014-10-10, 07:51:02 PM","2014-10-14, 01:43:13 AM","2015-07-26, 08:57:31 AM"
kittypurry,08:63:61:87:A8:0C,14.65931892,121.068161,wpa2,infra,20140422-00148,"2014-04-02, 02:36:42 AM","2014-10-03, 12:27:54 PM","2015-07-26, 08:57:25 AM"
HUAWEI or another,24:09:95:0C:03:3D,14.6595993,121.067749,wpa2,infra,20150731-00645,"2015-07-27, 02:45:07 AM","2017-03-21, 06:21:36 AM","2017-03-21, 06:21:40 AM"
John,30:F3:1D:72:87:11,14.65935993,121.0684815,wpa2,infra,20140424-00087,"2014-04-24, 09:27:03 PM","2014-04-24, 12:08:16 PM","2015-07-26, 08:57:37 AM"
.,04:1B:BA:77:A5:64,14.65968132,121.0682297,wpa2,infra,20150726-00008,"2015-05-18, 08:00:03 PM","2015-07-26, 08:56:48 AM","2015-07-26, 08:57:27 AM"
WR-NET-018-CC,08:10:73:56:C7:F1,14.65928173,121.068428,wep,infra,20130621-00085,"2013-06-14, 02:56:30 AM","2014-12-30, 12:47:42 PM","2015-07-26, 08:57:33 AM"
amber_wifi,00:26:75:B7:C0:A9,14.66012287,121.0679779,wpa2,infra,20170326-02009,"2017-03-27, 04:39:33 AM","2017-03-26, 03:54:40 PM","2017-03-26, 03:54:43 PM"
recycler,00:26:75:B7:63:52,14.65966511,121.0675888,wpa2,infra,20140508-00233,"2014-05-05, 06:24:57 PM","2014-08-17, 02:06:38 PM","2015-07-26, 08:57:27 AM"
Connect Pa Gago,00:26:75:B7:81:BB,14.65973186,121.0685196,wpa2,infra,20140508-00233,"2014-05-06, 12:30:32 AM","2017-01-04, 11:54:04 AM","2017-01-04, 11:54:09 AM"
BayantelEnriquez,00:26:75:AB:91:EE,14.65970325,121.0682297,wpa2,infra,20141109-00073,"2014-11-07, 03:58:17 AM","2016-05-09, 11:15:11 AM","2016-05-09, 11:15:19 AM"
Geanelle,26:A2:E1:45:A1:07,14.6596899,121.0683365,wpa2,infra,20140930-00092,"2014-09-30, 08:57:58 PM","2014-09-30, 07:58:24 PM","2015-07-26, 08:57:36 AM"
AndroidAP,14:89:FD:AB:B5:94,14.65974331,121.0678635,wpa2,infra,20140113-00126,"2014-01-13, 11:08:39 AM","2014-01-13, 06:22:25 PM","2014-01-13, 04:23:27 PM"
AndroidAP9356,0C:DF:A4:06:AB:F8,14.65965557,121.0681763,wpa2,infra,20130621-00085,"2013-06-14, 02:57:51 AM","2013-06-21, 02:44:40 PM","2013-06-21, 12:45:32 PM"
HUAWEI-E5220-6ee9,0C:96:BF:42:6E:E9,14.65968323,121.068306,wpa2,infra,20140924-00161,"2014-09-24, 01:30:27 AM","2014-09-24, 03:49:22 PM","2015-07-26, 08:57:30 AM"
micki,20:08:ED:64:9B:82,14.65962601,121.0680389,wpa2,infra,20150216-00004,"2015-02-13, 08:03:01 PM","2016-03-16, 06:13:47 AM","2016-03-16, 06:15:06 AM"
Starbucks Free Wi-Fi,08:63:61:F0:ED:AD,14.65961456,121.0685501,wpa2,infra,20141002-00684,"2014-10-02, 03:31:25 AM","2014-10-03, 12:28:01 PM","2015-07-26, 08:57:34 AM"
ONE TOUCH IDOL MINI,2A:9A:FA:9E:A4:58,14.65961647,121.0683365,wep,infra,20150216-00004,"2015-02-06, 03:09:07 AM","2015-02-16, 02:23:06 PM","2015-07-26, 08:57:37 AM"
ONE TOUCH MAGIC,2A:9A:FA:EE:7F:99,14.65958309,121.0679932,wpa2,infra,20141008-00107,"2014-10-07, 03:19:51 AM","2014-10-08, 11:02:42 PM","2015-07-26, 08:57:21 AM"
Zen,28:9A:FA:1B:00:85,14.65932369,121.0682297,wpa,infra,20140331-00485,"2014-03-20, 02:34:57 AM","2014-04-01, 03:09:15 AM","2015-07-26, 08:57:30 AM"
Windows Phone9979,10:2F:6B:D0:D9:AE,14.65977097,121.0680161,wpa2,infra,20150916-00159,"2015-08-13, 05:15:35 PM","2016-05-09, 11:15:11 AM","2016-05-09, 11:15:19 AM"
xianLIM14,1C:7B:21:A5:07:F1,14.65976906,121.0680618,wpa2,infra,20140204-00163,"2014-02-04, 12:06:58 AM","2014-02-04, 04:14:22 PM","2015-07-26, 08:57:16 AM"
GP01-202BC143AD64,20:2B:C1:43:AD:64,14.65942669,121.0684738,wep,infra,20140926-00027,"2014-09-26, 02:33:41 AM","2014-10-15, 09:21:27 PM","2015-07-26, 08:57:04 AM"
BAWAL CONNECT,20:08:ED:AE:FB:E9,14.65968323,121.0685577,wpa2,infra,20150808-00173,"2015-08-04, 09:53:50 PM","2015-09-20, 08:22:04 AM","2015-09-20, 08:22:10 AM"
Prudence,30:F3:1D:72:A6:22,14.65923214,121.067955,wpa2,infra,20140212-00047,"2014-02-13, 12:07:13 AM","2014-05-09, 01:54:05 PM","2015-07-26, 08:57:06 AM"
TP-LINK_M5_E0A3AB,14:CF:92:E0:A3:AB,14.65943336,121.0685577,wpa2,infra,20140204-00163,"2014-02-04, 12:18:41 AM","2014-02-04, 04:14:23 PM","2015-07-26, 08:57:07 AM"
MobiAlternate,28:47:AA:20:D4:1A,14.65953541,121.0685196,wpa2,infra,20140929-00119,"2014-09-30, 02:31:09 AM","2014-09-29, 07:36:57 PM","2015-07-26, 08:57:20 AM"
HP-Print-58-Officejet Pro 8600,28:92:4A:BE:04:58,14.65974045,121.0677109,wpa2,infra,20140803-00497,"2014-08-04, 07:45:17 PM","2015-07-26, 08:56:30 AM","2015-07-26, 08:57:33 AM"
ellajoan,20:02:AF:40:1C:C1,14.65971184,121.067955,wpa2,infra,20140113-00126,"2014-01-13, 11:08:29 AM","2014-01-13, 06:22:28 PM","2014-01-13, 04:23:26 PM"
vladkaye,30:F3:1D:61:7C:23,14.65992737,121.0684052,wpa2,infra,20140508-00233,"2014-05-05, 06:25:15 PM","2014-05-09, 01:54:12 PM","2015-07-26, 08:57:22 AM"
Hre,30:F3:1D:72:9C:79,14.65936756,121.0685272,wpa2,infra,20140805-00130,"2014-05-10, 01:49:53 AM","2014-08-05, 02:55:21 PM","2015-07-26, 08:57:28 AM"
Nano Sulla,2C:26:C5:16:A6:E8,14.65956593,121.0685501,wpa,infra,20130621-00085,"2013-05-28, 03:27:17 PM","2014-04-22, 03:11:18 PM","2015-07-26, 08:57:14 AM"
PLDTMyDSLBiz,C8:6C:87:52:FE:C6,14.65938473,121.0678177,wpa,infra,20130208-00144,"2013-02-09, 12:35:40 AM","2016-12-06, 03:36:09 PM","2016-12-06, 03:36:20 PM"
Quirby Alberto's iPhone,32:41:7F:94:2F:37,14.65996552,121.0679474,wpa2,infra,20160604-00519,"2001-01-01, 04:00:00 PM","2016-12-06, 03:36:09 PM","2016-12-06, 03:36:20 PM"
SMART-BRO-93C4,CC:A2:23:D7:93:C4,14.65967655,121.0682221,wpa2,infra,20150216-00004,"2015-02-06, 03:09:17 AM","2015-02-16, 02:23:04 PM","2015-07-26, 08:57:09 AM"
wifi ng dyosa,CC:A2:23:59:1F:4E,14.65959644,121.0682907,wpa2,infra,20150120-00168,"2015-01-20, 02:15:07 AM","2015-01-22, 04:44:26 AM","2015-07-26, 08:57:24 AM"
HUAWEI-E5730-A7A9,F8:01:13:CA:A7:A9,14.6597271,121.0680618,wpa2,infra,20150812-00115,"2015-08-12, 01:33:47 AM","2015-08-12, 03:12:14 PM","2015-08-12, 03:12:23 PM"
hotspot916,38:EC:E4:13:95:80,14.65967941,121.0679855,wpa2,infra,20130320-00088,"2013-03-21, 02:20:19 AM","2013-04-19, 04:54:07 PM","2013-04-19, 02:54:36 PM"
coldnchills,44:A7:CF:54:02:42,14.65922928,121.0670929,wpa2,infra,20130320-00088,"2013-03-21, 02:20:53 AM","2015-09-16, 05:11:16 PM","2015-09-16, 05:11:34 PM"
PLDTHOMEFIBRadf68,74:CC:39:BA:DF:68,14.66013718,121.0677643,wpa2,infra,20170320-01552,"2017-03-21, 07:20:39 PM","2017-03-26, 03:54:40 PM","2017-03-26, 03:54:44 PM"
Jen Ajero,6E:94:F8:66:A7:6D,14.6592865,121.0685043,wpa2,infra,20170310-00270,"2017-03-11, 03:41:39 AM","2017-03-10, 11:45:23 AM","2017-03-10, 11:45:26 AM"
PLDTHOMEDSL204BE,4C:81:20:92:04:BE,14.659688,121.0678864,wpa2,infra,20170806-01612,"2017-08-07, 09:05:24 PM","2017-08-07, 06:25:10 AM","2017-08-07, 06:25:15 AM"
TP-LINK_D653,3C:46:D8:9D:D6:53,14.66013718,121.0685806,wpa2,infra,20170326-02009,"2017-03-27, 04:38:51 AM","2017-03-26, 03:54:40 PM","2017-03-26, 03:54:43 PM"
Li-Fi,50:9F:27:D4:98:B0,14.65980339,121.0680771,wpa2,infra,20150731-00645,"2015-07-28, 04:43:04 PM","2015-08-01, 05:26:06 AM","2015-08-01, 05:26:22 AM"
HUAWEI-E5220-046a,3C:DF:BD:0F:04:6A,14.6596384,121.0682755,wpa2,infra,20140929-00119,"2014-09-30, 02:46:22 AM","2014-09-29, 07:37:17 PM","2015-07-26, 08:57:07 AM"
wifi,88:E3:AB:10:01:05,14.6595726,121.0685654,wpa2,infra,20140901-00106,"2014-08-29, 03:06:36 AM","2015-09-20, 08:22:04 AM","2016-05-09, 11:15:12 AM"
E5836-0d8f,5C:4C:A9:AF:0D:8F,14.65966034,121.0679932,wpa2,infra,20140805-00130,"2014-05-10, 01:51:12 AM","2014-10-08, 11:02:36 PM","2015-07-26, 08:57:16 AM"
SmartBro_25C20C,5C:F2:86:25:C2:0C,14.65925884,121.0685349,wpa2,infra,20161207-00073,"2016-12-08, 02:47:13 AM","2017-03-03, 05:52:04 AM","2017-03-03, 05:52:09 AM"
bayanDSL,54:22:F8:F1:09:7C,14.66013336,121.0683212,wpa,infra,20170326-02009,"2017-03-27, 04:39:21 AM","2017-03-26, 03:54:40 PM","2017-03-26, 03:54:45 PM"
ryankastilyo,50:9F:27:44:8F:8C,14.65956879,121.0684128,wpa2,infra,20140331-00485,"2014-02-27, 10:22:24 PM","2015-09-16, 05:11:28 PM","2015-09-16, 05:11:36 PM"
HUAWEI-E5220-2682,50:9F:27:DB:26:82,14.65942955,121.0682068,wpa2,infra,20140901-00106,"2014-08-29, 03:03:30 AM","2015-07-26, 08:52:49 AM","2015-07-26, 08:57:30 AM"
SMART-BRO-6809,68:A0:F6:9A:68:09,14.65933132,121.0684815,wpa2,infra,20150731-00645,"2015-07-28, 04:51:42 PM","2015-08-01, 05:26:06 AM","2015-08-01, 05:26:23 AM"
Liquid,5C:A8:6A:82:6C:02,14.65922642,121.0682907,wpa2,infra,20170129-00374,"2017-01-24, 03:58:30 AM","2017-01-29, 06:31:56 PM","2017-01-29, 06:32:11 PM"
searching....,6C:19:8F:C3:AD:2C,14.65971756,121.0678177,wpa2,infra,20170806-01612,"2017-08-07, 09:05:20 PM","2017-08-07, 06:25:10 AM","2017-08-07, 06:25:15 AM"
Smart Bro_B92664,6C:8B:2F:B9:26:64,14.65977001,121.0681152,wpa2,infra,20140331-00485,"2014-02-27, 04:13:02 AM","2015-01-22, 04:44:28 AM","2015-07-26, 08:57:17 AM"
hockeypockey,6C:8B:2F:83:C9:A5,14.65961456,121.0685272,wpa2,infra,20140213-00058,"2014-02-13, 09:49:49 PM","2014-02-14, 10:54:27 AM","2015-07-26, 08:57:38 AM"
None,88:30:8A:81:59:6E,14.65921879,121.0675354,wpa2,infra,20150726-00008,"2014-09-02, 08:59:39 PM","2015-07-26, 08:52:36 AM","2015-07-26, 08:57:10 AM"
bnetsMesh,64:D1:54:2E:20:3F,14.65969086,121.0678406,wpa2,infra,20170806-01612,"2017-08-07, 09:05:34 PM","2017-08-07, 06:25:10 AM","2017-08-07, 06:25:15 AM"
Nope,68:7F:74:FF:6D:F8,14.65984154,121.0680084,wep,infra,20130326-00483,"2013-03-27, 04:48:21 AM","2016-05-09, 11:15:11 AM","2016-05-09, 11:15:18 AM"
marnee?,92:5F:2E:4D:16:53,14.65988922,121.0676804,wpa,infra,20150126-00149,"2015-01-21, 08:05:48 PM","2015-01-26, 03:46:12 PM","2015-07-26, 08:57:23 AM"
bayanDSLWiFi_2574,70:9F:2D:A1:25:74,14.65967846,121.0677948,wpa2,infra,20150731-00645,"2015-07-30, 01:39:36 AM","2016-03-29, 03:01:04 AM","2016-03-29, 03:01:19 AM"
MobileWiFi-1d7d,70:72:3C:FA:1D:7D,14.65965748,121.0678406,wpa2,infra,20150216-00004,"2015-02-06, 03:08:46 AM","2015-02-16, 02:23:10 PM","2016-06-01, 05:56:06 AM"
Smart Bro_BF3F,90:5F:2E:47:BF:3F,14.65927505,121.0685349,wep,infra,20150106-00385,"2015-01-06, 09:55:17 PM","2015-01-07, 05:27:08 AM","2015-07-26, 08:57:28 AM"
AFO,68:05:71:79:57:D0,14.65940857,121.0684128,wpa2,infra,20150731-00645,"2015-07-28, 04:43:09 PM","2015-08-01, 05:26:07 AM","2015-08-01, 05:26:21 AM"
d2B61R1QtTjcxMDA,90:18:7C:A0:AE:61,14.65974712,121.0682068,unknown,infra,20150726-00008,"2015-02-27, 10:02:08 PM","2015-07-26, 08:56:35 AM","2015-07-26, 08:57:15 AM"
None,6C:8B:2F:B9:2E:3B,14.65962982,121.0681076,wpa2,infra,20140929-00119,"2014-09-30, 02:46:04 AM","2014-09-29, 07:37:17 PM","2015-07-26, 08:57:10 AM"
HUAWEI-E5330-438E,60:E7:01:23:43:8E,14.65957451,121.0683823,wpa2,infra,20141230-00086,"2014-11-25, 07:54:09 PM","2015-01-26, 03:46:22 PM","2015-07-26, 08:57:15 AM"
SMART-BRO-1C79,68:A0:F6:9A:1C:79,14.65966702,121.0684738,wpa2,infra,20151030-00084,"2015-10-29, 05:18:46 PM","2015-10-30, 01:34:09 PM","2015-10-30, 01:34:19 PM"
wifi,9C:A9:E4:06:15:A6,14.65929413,121.0684204,wpa2,infra,20150808-00173,"2001-01-01, 04:00:00 PM","2017-01-15, 03:29:04 PM","2017-01-29, 06:32:04 PM"
iris?s MacBook Air,68:A8:6D:12:2A:16,14.65938473,121.0677338,wep,infra,20140424-00087,"2014-04-24, 09:28:08 PM","2014-05-09, 01:55:06 PM","2015-07-26, 08:57:22 AM"
bayanDSLWIFI_4231,94:A7:B7:26:42:31,14.66012096,121.0675125,wpa2,infra,20170320-01552,"2017-03-21, 07:20:53 PM","2017-03-26, 03:54:39 PM","2017-03-26, 03:54:43 PM"
houseofgonzi,5C:F2:86:24:88:E9,14.65969944,121.0678253,wpa2,infra,20161218-00005,"2016-12-18, 11:11:42 PM","2017-08-07, 06:25:10 AM","2017-08-07, 06:25:14 AM"
PLDTHOMEFIBRadd78,74:CC:39:BA:DD:78,14.66012192,121.0672607,wpa2,infra,20170316-00334,"2017-03-17, 04:48:40 AM","2017-03-26, 03:54:39 PM","2017-03-26, 03:54:44 PM"
Ozoa Family,78:44:76:5A:40:BB,14.65950108,121.0682983,unknown,infra,20150731-00645,"2015-07-27, 02:44:46 AM","2015-08-01, 05:26:09 AM","2015-08-01, 05:26:22 AM"
Error,70:9F:2D:A1:35:54,14.65971661,121.0673599,wpa2,infra,20160328-00621,"2016-03-22, 09:23:00 PM","2016-03-29, 03:01:04 AM","2016-03-29, 03:01:18 AM"
Sun Wi-Fi_D40BCC,9E:A9:E4:D4:0B:CC,14.65926266,121.0681534,wpa2,infra,20150127-00247,"2015-01-28, 12:42:31 AM","2015-02-23, 11:41:47 PM","2015-07-26, 08:57:27 AM"
angela,C8:7B:5B:C1:C8:4C,14.65987968,121.0672913,wpa,infra,20130402-00190,"2013-04-03, 02:22:48 AM","2016-03-29, 03:01:04 AM","2016-03-29, 03:01:18 AM"
PLDTHOMEFIBRLG,74:CC:39:3C:F4:90,14.65974426,121.0675964,wpa2,infra,20170806-01612,"2017-08-07, 09:05:55 PM","2017-08-07, 06:25:10 AM","2017-08-07, 06:25:15 AM"
The_Peasant_Club,74:CC:39:8B:B8:08,14.66012478,121.0681763,wpa2,infra,20170320-01552,"2017-03-21, 07:20:27 PM","2017-03-26, 03:54:39 PM","2017-03-26, 03:54:43 PM"
Char,9C:A9:E4:72:2F:FF,14.65977573,121.0674286,wpa2,infra,20150126-00149,"2015-01-22, 07:45:29 PM","2017-03-16, 04:37:05 PM","2017-03-16, 04:37:10 PM"
King_s,A2:EC:80:F3:70:4D,14.65992355,121.067337,wpa2,infra,20150726-00008,"2014-09-06, 07:06:23 PM","2015-08-01, 05:26:10 AM","2016-03-21, 12:33:13 PM"
Get your own Wi-Fi,9A:6C:F5:45:16:36,14.65954685,121.0680084,wpa2,infra,20141013-00189,"2014-10-13, 11:09:01 PM","2014-10-14, 01:43:14 AM","2015-07-26, 08:57:20 AM"
blueberry cheesecake,9A:6C:F5:13:9E:56,14.65970802,121.0680389,wpa2,infra,20160227-00178,"2016-01-18, 01:29:50 AM","2016-02-27, 03:31:04 PM","2016-03-16, 06:13:47 AM"
PLDTHOMEFIBR_011f00,D0:04:92:01:1F:00,14.65961266,121.0681534,wpa2,infra,20160315-00595,"2016-03-03, 07:04:04 PM","2017-08-07, 06:25:10 AM","2017-08-07, 06:25:16 AM"
BERj-amF5amFjb3NvbA,D0:17:C2:82:95:E3,14.65968323,121.0681305,unknown,infra,20170314-00002,"2001-01-01, 04:00:00 PM","2017-03-14, 08:04:03 AM","2017-03-14, 08:04:08 AM"
Lenovo P700i,82:CF:41:D0:EE:53,14.65961456,121.0677261,wpa2,infra,20140508-00233,"2014-05-08, 08:53:51 PM","2014-05-09, 01:55:20 PM","2015-07-26, 08:57:24 AM"
Connected,8C:34:FD:CA:51:87,14.65924931,121.0671005,wpa2,infra,20160530-00056,"2001-01-01, 04:00:00 PM","2017-01-15, 03:29:04 PM","2017-01-15, 03:29:09 PM"
yow,90:5F:2E:47:BD:63,14.65921307,121.0681229,wpa2,infra,20131001-00375,"2013-09-28, 09:41:50 PM","2014-12-30, 12:47:42 PM","2015-08-12, 03:12:12 PM"
Smart Bro_4663,90:5F:2E:6F:46:63,14.65955257,121.0684052,wpa2,infra,20140508-00233,"2014-05-06, 12:30:53 AM","2014-08-05, 02:55:27 PM","2015-07-26, 08:57:16 AM"
Poypoy Paule,90:5F:2E:3D:0E:BA,14.65966034,121.0683518,wpa2,infra,20140331-00485,"2014-03-20, 02:54:02 AM","2014-04-01, 03:09:12 AM","2015-07-26, 08:57:13 AM"
itaralde,90:5F:2E:3D:12:0F,14.65956783,121.0684357,wpa2,infra,20140508-00233,"2014-05-08, 09:03:35 PM","2014-05-09, 01:55:04 PM","2015-07-26, 08:57:22 AM"
csp,84:38:38:59:27:34,14.65957355,121.0683594,wpa2,infra,20150202-00670,"2015-01-29, 10:27:24 PM","2015-02-03, 10:44:35 PM","2015-07-26, 08:57:38 AM"
DIRECT-Au-BRAVIA,9E:AD:97:B4:9F:08,14.65966797,121.0677643,wpa2,infra,20150731-00645,"2015-07-30, 01:39:38 AM","2015-08-01, 05:26:10 AM","2015-08-01, 05:26:22 AM"
Vince Abesamis,9E:A9:E4:D0:B8:95,14.6596365,121.0682449,wpa2,infra,20141112-00365,"2014-11-10, 09:25:04 PM","2014-11-12, 11:28:09 PM","2015-07-26, 08:57:15 AM"
Hodgepodge,9E:A9:E4:D8:CF:6D,14.65972424,121.0683823,wpa2,infra,20150812-00115,"2015-08-10, 02:23:28 AM","2015-08-12, 03:12:10 PM","2015-08-12, 03:12:22 PM"
PACL01272015,9E:A9:E4:F7:7D:71,14.65929699,121.0678864,wpa2,infra,20141230-00086,"2014-11-19, 08:41:22 PM","2015-07-26, 08:56:30 AM","2015-07-26, 08:57:16 AM"
GO AWAY.,A8:A6:68:2F:86:0E,14.65973282,121.0676498,wpa2,infra,20150808-00173,"2015-08-07, 05:04:28 PM","2015-08-08, 05:16:34 PM","2015-08-08, 05:16:49 PM"
Wifi.,E4:12:1D:EA:60:31,14.65962219,121.0683594,wpa2,infra,20140929-00119,"2014-09-30, 02:28:35 AM","2014-10-25, 06:17:07 PM","2015-07-26, 08:57:26 AM"
Lenovo VIBE K4 Note,9A:0C:A5:B9:1C:C8,14.66011524,121.0677795,wpa2,infra,20170326-02009,"2017-03-27, 04:39:38 AM","2017-03-26, 03:54:40 PM","2017-03-26, 03:54:44 PM"
bayanDSLWiFi_E9A0,E4:77:23:A5:E9:A0,14.65949059,121.0683136,wpa2,infra,20140817-00115,"2014-08-18, 03:48:32 AM","2016-02-27, 03:31:07 PM","2016-02-27, 03:31:31 PM"
AndroidAP,80:57:19:46:59:3E,14.65993214,121.0670319,wpa2,infra,20141230-00086,"2014-12-15, 10:25:16 PM","2014-12-30, 12:47:47 PM","2015-07-26, 08:57:34 AM"
PLDTHOMEDSL7J7A0,94:46:96:1D:8A:21,14.65972233,121.0677414,wpa2,infra,20170806-01612,"2017-08-07, 09:05:31 PM","2017-08-07, 06:25:10 AM","2017-08-07, 06:25:15 AM"
JUSTICE,A0:EC:80:F2:B4:FF,14.65957832,121.0680924,wpa2,infra,20140925-00078,"2014-09-25, 05:43:08 PM","2015-01-26, 03:46:12 PM","2015-07-26, 08:57:32 AM"
asa_ka_gago,AC:81:12:AF:37:A4,14.65962315,121.0681763,wpa,infra,20141013-00189,"2014-10-13, 10:58:30 PM","2014-10-14, 01:43:16 AM","2015-07-26, 08:57:17 AM"
Kairos,AA:A6:68:6E:86:07,14.65943813,121.0683136,wpa2,infra,20150920-00003,"2015-09-18, 03:11:40 PM","2015-09-20, 08:22:03 AM","2015-09-20, 08:22:11 AM"
SMART-BRO-79B25,D2:2D:B3:17:9B:26,14.65989113,121.0674362,unknown,infra,20140817-00115,"2001-01-01, 04:00:00 PM","2014-10-14, 01:43:18 AM","2015-07-26, 08:57:14 AM"
hello,D2:5B:A8:F9:51:C7,14.65967178,121.0682907,wpa2,infra,20160509-00074,"2016-05-05, 06:10:13 PM","2016-05-09, 11:15:11 AM","2016-05-09, 11:15:19 AM"
4Dgalaxystar,9C:A9:E4:93:68:B9,14.65968132,121.0678864,wpa2,infra,20140901-00106,"2014-08-30, 02:41:42 AM","2014-09-01, 08:58:01 PM","2015-07-26, 08:57:15 AM"
Archangel,9C:C1:72:E9:CD:C5,14.65929317,121.0682907,wpa2,infra,20150731-00645,"2015-07-30, 01:38:22 AM","2015-08-01, 05:26:10 AM","2015-08-01, 05:26:22 AM"
Samuelson,AA:A6:68:9B:ED:5E,14.66011715,121.0680161,wpa2,infra,20170326-02009,"2017-03-27, 04:39:12 AM","2017-03-26, 03:54:39 PM","2017-03-26, 03:54:44 PM"
AMH_RM207-guest,CE:D7:19:33:C9:6D,14.66001225,121.0674667,unknown,infra,20151030-00084,"2015-10-29, 08:29:21 PM","2015-10-30, 01:34:09 PM","2015-10-30, 01:34:18 PM"
myNetwork2,AA:A6:68:C0:4A:B0,14.65927029,121.0682373,wpa2,infra,20150812-00115,"2015-08-10, 05:57:33 PM","2015-08-12, 03:12:10 PM","2015-08-12, 03:12:23 PM"
HUAWEI-E5330-CD31,AC:E2:15:F5:CD:31,14.65962124,121.0685654,wpa2,infra,20150726-00008,"2015-02-24, 03:24:45 AM","2015-07-26, 08:56:22 AM","2015-07-26, 08:57:09 AM"
PLDTHOMEFIBR_037820,D0:04:92:03:78:20,14.66014099,121.0685501,wpa2,infra,20170326-02009,"2017-03-27, 04:38:45 AM","2017-03-26, 03:54:39 PM","2017-03-26, 03:54:43 PM"
npenaredondo,D0:2D:B3:0A:5A:78,14.65958214,121.0685349,wpa2,infra,20150726-00008,"2015-02-25, 01:35:59 AM","2015-07-26, 08:56:27 AM","2015-07-26, 08:57:07 AM"
hello garci,9E:A9:E4:DE:3F:19,14.6596899,121.0679245,wpa2,infra,20160328-00621,"2016-03-22, 09:19:16 PM","2016-03-29, 03:01:04 AM","2016-03-29, 03:01:19 AM"
Trojan-guest,C8:B3:73:2B:90:63,14.65975475,121.0685272,unknown,infra,20141002-00684,"2014-10-02, 03:23:51 AM","2014-10-03, 12:28:02 PM","2015-07-26, 08:57:15 AM"
PLDTHOMEFIBR_DeVera,BC:98:89:9D:4B:70,14.66012287,121.0675736,wpa2,infra,20170320-01552,"2017-03-21, 07:20:46 PM","2017-03-26, 03:54:39 PM","2017-03-26, 03:54:44 PM"
PLDTHOMEFIBR_SOFIAMILES@UPD,BC:98:89:12:AF:10,14.6597681,121.067337,wpa2,infra,20140901-00106,"2014-08-27, 07:50:02 PM","2017-08-07, 06:25:10 AM","2017-08-07, 06:25:14 AM"
HUAWEI-E5330-2031,9C:C1:72:5B:20:31,14.65957737,121.0685806,wpa2,infra,20170806-01612,"2017-08-07, 09:08:10 PM","2017-08-07, 06:25:10 AM","2017-08-07, 06:25:15 AM"
TNDC,9C:D2:4B:CA:58:BD,14.65967464,121.0681305,wpa2,infra,20140219-00056,"2014-02-20, 02:43:29 AM","2014-02-21, 07:11:09 PM","2015-07-26, 08:57:18 AM"
HUAWEI-E5330-0AF8,C4:07:2F:58:0A:F8,14.65976906,121.0680695,wpa2,infra,20150920-00003,"2015-09-18, 03:38:05 PM","2016-05-09, 11:15:11 AM","2016-05-09, 11:15:19 AM"
Macy,A2:EC:80:ED:65:BA,14.65969658,121.0681381,wpa2,infra,20150812-00115,"2015-08-12, 01:27:34 AM","2015-08-12, 03:12:14 PM","2015-08-12, 03:12:22 PM"
We have internet you dont,98:FC:11:C7:06:38,14.65965176,121.0670166,wep,infra,20130320-00088,"2013-03-21, 02:20:29 AM","2016-03-29, 03:01:04 AM","2016-03-29, 03:01:18 AM"
HUAWEI-E5330-BA12,B8:BC:1B:00:BA:12,14.65972519,121.0683212,wpa2,infra,20160227-00178,"2016-01-18, 01:29:30 AM","2016-02-27, 03:31:04 PM","2016-02-27, 03:31:33 PM"
lovebug,A2:F4:50:89:95:12,14.65932369,121.0685806,wpa2,infra,20141002-00684,"2014-10-02, 03:12:53 AM","2014-10-03, 12:28:04 PM","2015-07-26, 08:57:31 AM"
PRO...crastinator,D0:7A:B5:84:D3:60,14.65982342,121.0679474,wpa2,infra,20150216-00004,"2015-02-13, 01:38:25 AM","2015-07-26, 08:56:28 AM","2015-07-26, 08:57:33 AM"
ryankastilyo,9C:C1:72:D1:AA:FC,14.65954208,121.0682449,wpa2,infra,20140923-00001,"2014-09-23, 08:39:30 PM","2014-11-12, 11:28:15 PM","2015-07-26, 08:57:18 AM"
Hahaha. Walang WiFi.,D0:7A:B5:D3:FF:C4,14.65947628,121.068573,wpa2,infra,20140930-00092,"2014-09-30, 09:07:10 PM","2014-09-30, 07:58:24 PM","2015-07-26, 08:57:21 AM"
Smart Bro_BF0398,AA:A6:68:BF:03:98,14.6598053,121.0680084,wep,infra,20150726-00008,"2015-05-18, 08:11:30 PM","2015-07-26, 08:56:48 AM","2015-07-26, 08:57:32 AM"
Unlisurf,AA:A6:68:78:9C:4D,14.6597681,121.0678864,wpa2,infra,20150812-00115,"2015-08-10, 05:57:33 PM","2015-08-12, 03:12:10 PM","2015-08-12, 03:12:22 PM"
DICE,9E:A9:E4:DE:2D:B0,14.6598053,121.0680084,wpa2,infra,20150726-00008,"2015-05-18, 08:11:30 PM","2015-07-26, 08:56:48 AM","2015-07-26, 08:57:18 AM"
Sun Wi-Fi_D4046C,9E:A9:E4:D4:04:6C,14.65965652,121.0685349,wep,infra,20160227-00178,"2016-01-18, 01:39:38 AM","2016-02-27, 03:31:04 PM","2016-02-27, 03:31:32 PM"
bayanDSLWIFI_739B,E0:8E:3C:1B:73:9B,14.65985775,121.0671005,wpa2,infra,20170326-02009,"2017-03-27, 04:40:14 AM","2017-03-26, 03:54:39 PM","2017-03-26, 03:54:45 PM"
UP Cubao,E0:8E:3C:1A:C4:9B,14.66009426,121.0672684,wpa2,infra,20170326-02009,"2017-03-27, 04:39:56 AM","2017-03-26, 03:54:40 PM","2017-03-26, 03:54:44 PM"
PLDTMyDSLbled,CC:5D:4E:AC:A9:D0,14.65971184,121.0679932,wpa,infra,20130208-00144,"2013-02-09, 12:22:38 AM","2016-05-09, 11:15:11 AM","2016-05-09, 11:15:19 AM"
MARINES,AA:A6:68:82:C7:BE,14.65965557,121.0676346,wpa2,infra,20150812-00115,"2015-08-12, 01:27:31 AM","2015-08-12, 03:12:14 PM","2015-08-12, 03:12:21 PM"
Lletserkibs,AA:A6:68:68:BD:5A,14.65965557,121.0677338,wpa2,infra,20150812-00115,"2015-08-12, 01:27:12 AM","2015-08-12, 03:12:14 PM","2015-08-12, 03:12:21 PM"
Lenovo A536,AE:38:70:96:A2:FB,14.65952492,121.0682602,wpa,infra,20140924-00161,"2014-09-24, 01:30:28 AM","2014-11-09, 12:51:22 PM","2015-07-26, 08:57:20 AM"
dj,C0:A0:BB:14:24:5E,14.65950775,121.068428,wpa2,infra,20140817-00115,"2001-01-01, 04:00:00 PM","2015-07-26, 08:56:47 AM","2015-07-26, 08:57:17 AM"
Potato Power II,A2:EA:96:3C:52:0E,14.65947914,121.0675659,wpa2,infra,20140901-00106,"2014-08-28, 08:20:05 PM","2014-09-24, 03:49:22 PM","2015-07-26, 08:57:13 AM"
SMART-BRO-D3FC,CC:A2:23:13:D3:FC,14.65995598,121.0682068,wpa2,infra,20141013-00189,"2014-10-14, 02:14:57 AM","2015-02-16, 02:23:58 PM","2015-07-26, 08:57:37 AM"
free bird 101,CC:A2:23:59:2C:D6,14.65956879,121.0683212,wpa2,infra,20141109-00073,"2014-11-07, 03:58:21 AM","2015-07-26, 08:52:36 AM","2015-07-26, 08:57:17 AM"
Yen,E8:CD:2D:83:7F:28,14.65954494,121.0684509,wpa2,infra,20150808-00173,"2015-08-07, 04:56:12 PM","2015-08-08, 05:16:34 PM","2015-08-08, 05:16:48 PM"
tcdm,B0:EC:71:D7:FE:BE,14.65964031,121.0682831,wpa2,infra,20150216-00004,"2015-02-10, 01:18:41 AM","2015-02-16, 02:23:44 PM","2015-07-26, 08:57:05 AM"
cjm,D2:B3:3F:76:48:86,14.65958023,121.0684891,wpa2,infra,20150127-00247,"2015-01-28, 12:52:29 AM","2015-01-27, 02:34:18 PM","2015-07-26, 08:57:25 AM"
ANEK NA FRIEND,DC:EE:06:CF:C4:5C,14.6595602,121.0677261,wpa2,infra,20160509-00074,"2016-05-05, 06:10:19 PM","2016-05-09, 11:15:11 AM","2016-05-09, 11:15:19 AM"
Papagibs,BA:98:F7:09:74:26,14.65960026,121.0684815,wpa2,infra,20141002-00684,"2014-10-01, 11:07:59 PM","2014-10-03, 12:27:55 PM","2015-07-26, 08:57:23 AM"
cantada,B4:B3:62:5E:1B:E0,14.65965557,121.0674896,wpa,infra,20130320-00088,"2013-03-21, 02:20:40 AM","2014-05-09, 01:54:42 PM","2015-07-26, 08:57:08 AM"
Bayantel_Enriquez,E0:8E:3C:1A:A8:F3,14.65963173,121.0682526,wpa2,infra,20170104-00066,"2017-01-04, 09:01:55 PM","2017-01-04, 11:54:04 AM","2017-01-04, 11:54:09 AM"
DoYouKnowStephie?,E4:40:E2:66:C2:16,14.65965366,121.0680542,wpa2,infra,20140212-00047,"2014-02-12, 02:55:31 AM","2014-02-13, 11:05:13 PM","2015-07-26, 08:57:12 AM"
stickbread.net,92:4E:2B:C7:49:1C,14.65941334,121.0683289,wpa2,infra,20140901-00106,"2014-08-30, 02:48:26 AM","2016-02-27, 03:31:05 PM","2016-02-27, 03:31:32 PM"
HUAWEI-E5330-B8AB,20:08:ED:65:B8:AB,14.65955162,121.0682831,wpa2,infra,20140901-00106,"2014-08-29, 10:46:14 PM","2014-09-15, 04:04:08 PM","2015-07-26, 08:57:21 AM"
Carmz,90:21:81:B9:FD:92,14.65924644,121.0674362,wpa2,infra,20170311-00866,"2017-03-12, 04:44:50 AM","2017-03-11, 02:08:42 PM","2017-03-11, 02:08:46 PM"
PLDTHOMEFIBR_80d790,F0:8C:FB:80:D7:90,14.66010571,121.0672989,wpa2,infra,20170320-01552,"2017-03-21, 07:20:59 PM","2017-03-26, 03:54:39 PM","2017-03-26, 03:54:43 PM"
JanileeGB,88:30:8A:31:C8:1B,14.65943813,121.0684204,wpa2,infra,20140901-00106,"2014-08-29, 10:47:30 PM","2014-09-01, 08:58:01 PM","2015-07-26, 08:57:15 AM"
HomeNet,9C:A9:E4:DB:53:A2,14.659832,121.0684204,wpa2,infra,20150731-00645,"2001-01-01, 04:00:00 PM","2015-08-08, 05:16:34 PM","2015-08-08, 05:16:48 PM"
PATAYIN si KRIS AQUINO,06:17:C4:C2:89:A6,14.6596508,121.0684586,wpa2,infra,20130621-00085,"2013-06-15, 03:31:35 AM","2013-06-21, 02:44:44 PM","2013-06-21, 12:45:37 PM"
illana,F8:DF:A8:0B:DA:DE,14.65967655,121.0682297,wpa2,infra,20150731-00645,"2015-07-28, 04:50:50 PM","2015-08-01, 05:26:06 AM","2015-08-01, 05:26:22 AM"
bayanDSL,2C:26:C5:17:D1:48,14.65998936,121.0679855,wpa,infra,20130411-00440,"2013-04-11, 02:40:22 AM","2013-06-21, 02:44:47 PM","2013-06-21, 12:45:42 PM"
bayanDSLWiFi_162E,00:26:75:FA:16:2E,14.65973854,121.0685272,wpa2,infra,20150916-00159,"2015-09-01, 05:31:50 PM","2017-03-26, 03:54:39 PM","2017-03-26, 03:54:43 PM"
bayan DSL,38:46:08:F3:26:50,14.65942669,121.0684052,wpa,infra,20130211-00124,"2013-02-12, 04:08:04 AM","2016-05-09, 11:15:11 AM","2016-05-09, 11:15:19 AM"
asus,14:DD:A9:39:BC:D7,14.65986729,121.0676346,wpa2,infra,20150916-00159,"2015-08-13, 05:14:36 PM","2015-09-22, 10:11:06 AM","2015-09-22, 10:11:18 AM"
SORRYNOTSORRY,18:A3:E8:1F:7F:28,14.65969181,121.0677795,wpa2,infra,20160328-00621,"2016-03-22, 09:19:26 PM","2017-08-07, 06:25:10 AM","2017-08-07, 06:25:16 AM"
BakitFi,0C:71:5D:41:60:F7,14.65973854,121.0672531,wpa2,infra,20150808-00173,"2015-08-07, 04:55:35 PM","2015-08-08, 05:16:34 PM","2015-08-08, 05:16:47 PM"
ITAY,36:69:87:10:46:D0,14.66013622,121.0684052,wpa2,infra,20170326-02009,"2017-03-27, 04:39:18 AM","2017-03-26, 03:54:39 PM","2017-03-26, 03:54:44 PM"
None,08:63:61:CD:CF:4E,14.65964508,121.0679474,wpa2,infra,20140901-00106,"2014-08-30, 02:40:50 AM","2014-09-01, 08:58:01 PM","2015-07-26, 08:57:14 AM"
AndroidAP,4E:0B:3A:D8:0E:FA,14.6595974,121.0683136,wpa2,infra,20140213-00058,"2014-02-13, 09:48:30 PM","2014-04-22, 03:10:57 PM","2015-07-26, 08:57:08 AM"
Connectify-Dean's Office,56:B7:E2:A1:BC:26,14.65961456,121.0684357,wpa2,infra,20160227-00178,"2016-02-01, 06:11:13 PM","2017-07-15, 09:55:08 AM","2017-07-15, 09:55:13 AM"
Lainteriors,04:C0:6F:74:61:4D,14.65962315,121.067833,wpa2,infra,20140508-00233,"2014-05-05, 06:32:51 PM","2014-05-09, 01:55:22 PM","2015-07-26, 08:57:32 AM"
OgenaDSLWiFi,00:26:75:B7:4E:2B,14.65942097,121.0683823,wpa2,infra,20140805-00130,"2014-05-10, 01:50:40 AM","2016-03-29, 03:01:07 AM","2016-03-29, 03:01:17 AM"
mickey,4C:21:D0:41:16:00,14.659338,121.0674973,wpa2,infra,20150726-00008,"2014-09-02, 08:59:43 PM","2015-07-26, 08:52:35 AM","2015-07-26, 08:57:08 AM"
FreePublicWifi,00:26:75:F4:88:C1,14.65959167,121.068512,wpa2,infra,20150731-00645,"2015-07-28, 09:33:23 PM","2015-08-01, 05:26:10 AM","2015-08-01, 05:26:21 AM"
Xiaoyu's,00:26:75:AC:80:AE,14.65937042,121.0675659,wpa2,infra,20140508-00233,"2014-05-05, 06:35:32 PM","2015-08-01, 05:26:09 AM","2015-08-01, 05:26:23 AM"
cucina ni mamang,1C:7E:E5:2F:0D:9C,14.65964794,121.0678253,wep,infra,20130326-00483,"2013-03-27, 04:49:19 AM","2013-05-06, 05:41:32 PM","2013-05-06, 03:41:51 PM"
PLDTHOMEDSLALLUPWorkersUnion,4C:81:20:92:43:BE,14.65947437,121.0684052,wpa2,infra,20170806-01612,"2017-08-07, 09:03:55 PM","2017-10-28, 02:58:11 PM","2017-10-28, 02:58:20 PM"
Connectify-JessytheGirl,14:2D:27:6F:B1:D3,14.65929508,121.0671616,wpa2,infra,20151030-00084,"2015-10-29, 08:29:21 PM","2015-10-30, 01:34:09 PM","2015-10-30, 01:34:18 PM"
None,D0:7A:B5:5F:96:8A,14.65963364,121.0682907,wpa2,infra,20141008-00107,"2014-10-07, 03:20:16 AM","2014-10-08, 11:02:42 PM","2015-07-26, 08:57:06 AM"
Nani Bautista?s iPhone,3A:48:4C:22:37:58,14.65958786,121.0677872,wpa2,infra,20150731-00645,"2015-07-28, 09:33:13 PM","2015-08-01, 05:26:08 AM","2015-08-01, 05:26:22 AM"
HUAWEI-E5220-f8b2,08:63:61:86:F8:B2,14.65966034,121.0685043,wpa2,infra,20160509-00074,"2016-05-05, 06:09:55 PM","2016-05-09, 11:15:11 AM","2016-05-09, 11:15:19 AM"
Ervin42,08:10:73:56:DF:D4,14.65947914,121.067955,wpa,infra,20131001-00375,"2013-09-28, 11:26:15 PM","2015-07-26, 08:52:47 AM","2015-07-26, 08:57:38 AM"
SSID-001,08:10:73:56:DF:D5,14.66005898,121.0677414,wep,infra,20140204-00163,"2014-02-04, 12:01:52 AM","2015-07-26, 08:52:47 AM","2015-07-26, 08:57:16 AM"
asdfghj,48:5A:3F:40:D7:13,14.65966797,121.0679855,wpa2,infra,20150127-00247,"2015-01-28, 12:51:43 AM","2015-01-27, 02:34:18 PM","2015-07-26, 08:57:24 AM"
IAmTilin,74:CC:39:89:CC:D8,14.6595192,121.0684891,wpa2,infra,20170302-01149,"2017-03-03, 06:55:21 PM","2017-08-07, 06:25:10 AM","2017-08-07, 06:25:15 AM"
flamebot27,38:46:08:03:14:20,14.65964985,121.0683594,wpa2,infra,20140929-00119,"2014-09-30, 02:46:29 AM","2014-09-29, 07:36:59 PM","2015-07-26, 08:57:35 AM"
120811,78:F5:FD:F0:DF:F2,14.65966892,121.0680847,wpa2,infra,20130621-00085,"2013-06-14, 02:58:01 AM","2013-06-21, 02:44:40 PM","2013-06-21, 12:45:28 PM"
Mobile Hotspot 1022,34:BB:1F:E3:C4:9D,14.65959454,121.0684128,wpa2,infra,20141230-00086,"2014-12-15, 10:38:53 PM","2014-12-30, 12:47:47 PM","2015-07-26, 08:57:30 AM"
ht,3A:D4:8E:F3:E0:10,14.65965843,121.0682907,none,ad-hoc,20130621-00085,"2013-06-14, 02:57:38 AM","2013-06-21, 02:44:40 PM","2013-06-21, 12:45:56 PM"
peek a boo,BC:CF:CC:00:07:BD,14.65958405,121.0679855,wpa,infra,20140131-00367,"2014-01-31, 04:12:56 AM","2014-02-01, 02:26:53 AM","2015-07-26, 08:57:07 AM"
Smart Bro_5EA906,36:69:87:5E:A9:06,14.65987396,121.0684967,wpa2,infra,20170326-02009,"2017-03-27, 04:39:33 AM","2017-05-07, 01:18:24 PM","2017-05-07, 01:18:39 PM"
JMT,C0:56:27:41:2A:8F,14.65968323,121.0678177,wpa2,infra,20170806-01612,"2017-08-07, 09:05:34 PM","2017-08-07, 06:25:10 AM","2017-08-07, 06:25:15 AM"
Nanana,50:9F:27:D5:3B:2F,14.6595335,121.0672073,wpa2,infra,20140204-00163,"2014-02-04, 12:06:54 AM","2015-07-26, 08:56:48 AM","2015-07-26, 08:57:09 AM"
obliviate,50:9F:27:DA:21:A8,14.65935421,121.0676346,wpa2,infra,20150916-00159,"2015-09-01, 05:32:25 PM","2015-09-20, 08:22:04 AM","2015-09-20, 08:22:11 AM"
provident globe,5C:F2:86:2D:E6:68,14.65927696,121.0684891,wpa2,infra,20170305-00830,"2017-03-06, 05:46:25 PM","2017-03-06, 02:49:34 AM","2017-03-06, 02:49:41 AM"
Double-Helix,5C:F2:86:25:8F:CB,14.65929508,121.067276,wpa2,infra,20170310-00270,"2017-03-11, 03:42:28 AM","2017-03-10, 11:45:22 AM","2017-03-10, 11:45:26 AM"
Pururin,0C:BD:51:2C:79:86,14.65944099,121.0684204,wpa2,infra,20141230-00086,"2014-12-15, 11:00:20 PM","2016-03-29, 03:01:05 AM","2016-03-29, 03:01:19 AM"
HUAWEI-E5220-bd2e,D4:6E:5C:34:BD:2E,14.65970612,121.067337,wpa2,infra,20140422-00148,"2014-04-01, 06:09:58 PM","2014-04-22, 03:10:53 PM","2015-07-26, 08:57:35 AM"
AndroidAP,4C:BC:A5:B6:40:1C,14.65933418,121.0676804,wpa2,infra,20150726-00008,"2014-09-02, 08:59:39 PM","2015-07-26, 08:52:36 AM","2015-07-26, 08:57:20 AM"
AndroidAP8512,64:B3:10:91:3A:6F,14.65997982,121.0676422,wpa2,infra,20140331-00485,"2014-02-27, 04:13:02 AM","2015-02-16, 02:24:59 PM","2015-07-26, 08:57:15 AM"
PLDTHOMEFIBR_DERF,D0:04:92:01:A5:E0,14.66012955,121.0673218,wpa2,infra,20170321-00981,"2017-03-22, 07:20:42 PM","2017-03-26, 03:54:39 PM","2017-03-26, 03:54:44 PM"
PLDTHOMEFIBR_023ba8,D0:04:92:02:3B:A8,14.65931511,121.0675125,wpa2,infra,20160328-00621,"2016-03-22, 09:19:30 PM","2017-08-07, 06:25:10 AM","2017-08-07, 06:25:15 AM"
note3bn,D0:22:BE:7A:8B:DF,14.65933323,121.0685501,wpa2,infra,20150812-00115,"2015-08-12, 01:26:26 AM","2015-08-12, 03:12:14 PM","2015-08-12, 03:12:23 PM"
PLDTHOMEFIBR_803448,F0:8C:FB:80:34:48,14.65950012,121.068161,wpa2,infra,20150731-00645,"2015-07-28, 04:51:06 PM","2017-08-07, 06:25:10 AM","2017-08-07, 06:25:15 AM"
EhDiWow,5C:F2:86:23:94:BD,14.65923595,121.0685196,wpa2,infra,20170302-01149,"2017-03-03, 06:55:36 PM","2017-03-03, 05:52:04 AM","2017-03-03, 05:52:09 AM"
providentsmart,5C:F2:86:24:62:77,14.65926933,121.068573,wpa2,infra,20170302-01149,"2017-03-03, 06:55:36 PM","2017-03-08, 02:01:03 AM","2017-03-08, 02:01:09 AM"
HUAWEI-E5330-CFD0,68:A0:F6:A4:CF:D0,14.65954018,121.0685806,wpa2,infra,20160509-00074,"2016-05-05, 06:09:37 PM","2016-05-09, 11:15:11 AM","2016-05-09, 11:15:19 AM"
bayanDSLWIFI_F717,E0:8E:3C:21:F7:17,14.66010571,121.0672073,wpa2,infra,20170321-00981,"2017-03-22, 07:20:48 PM","2017-03-26, 03:54:39 PM","2017-03-26, 03:54:43 PM"
bayanDSLWIFI_6777,E0:8E:3C:22:67:77,14.66012573,121.0676804,wpa2,infra,20170316-00334,"2017-03-17, 04:48:29 AM","2017-03-26, 03:54:39 PM","2017-03-26, 03:54:43 PM"
coxcomb,60:8F:5C:07:A5:8F,14.65951157,121.0685654,wpa2,infra,20140930-00092,"2014-09-30, 09:07:06 PM","2014-09-30, 07:58:33 PM","2015-07-26, 08:57:31 AM"
Terrian5,60:83:34:CA:27:9F,14.65994358,121.0683136,wpa2,infra,20161129-00057,"2016-11-28, 03:30:06 AM","2016-11-29, 11:03:20 AM","2016-11-29, 11:04:02 AM"
buyyourown,F4:8E:92:E5:4B:26,14.6597271,121.0680618,wpa2,infra,20150812-00115,"2015-08-12, 01:33:47 AM","2015-08-12, 03:12:14 PM","2015-08-12, 03:12:22 PM"
smartbro,6C:8B:2F:5E:58:72,14.65964699,121.0680237,wpa2,infra,20140204-00163,"2014-02-04, 12:08:40 AM","2014-02-13, 11:05:19 PM","2015-07-26, 08:57:15 AM"
RB,F4:55:9C:C2:16:90,14.65967846,121.0684433,wpa2,infra,20130326-00483,"2013-03-27, 04:47:57 AM","2013-03-27, 04:31:25 AM","2013-03-27, 02:31:28 AM"
PLDTHOMEFIBR_DERF_plus,F0:B4:29:40:74:81,14.66013527,121.0674439,wpa2,infra,20170321-00981,"2017-03-22, 07:20:29 PM","2017-03-22, 05:08:04 AM","2017-03-22, 05:08:08 AM"
bayanDSLWiFi_55B8,A4:7E:39:AE:55:B8,14.65931988,121.0670624,wpa2,infra,20150126-00149,"2015-01-22, 07:44:00 PM","2015-01-26, 03:46:20 PM","2015-07-26, 08:57:12 AM"
Biscocho,F4:8E:92:FF:CC:BD,14.65949345,121.0683594,wpa2,infra,20150922-00038,"2015-09-22, 06:02:31 PM","2015-09-22, 10:11:06 AM","2015-09-22, 10:11:22 AM"
Huawei 2016,EA:08:8B:58:94:9F,14.65971661,121.0673599,wpa2,infra,20160328-00621,"2016-03-22, 09:22:48 PM","2016-03-29, 03:01:04 AM","2016-03-29, 03:01:18 AM"
LKB,BE:FC:01:65:B7:AF,14.65965557,121.0676193,wpa2,infra,20170806-01612,"2017-08-07, 09:06:48 PM","2017-08-07, 06:25:10 AM","2017-08-07, 06:25:16 AM"
thoushallnotconnect,FC:C8:97:68:D9:D7,14.65935326,121.067276,wpa,infra,20130320-00088,"2013-03-21, 02:21:03 AM","2013-09-01, 01:59:15 AM","2013-08-31, 11:59:34 PM"
SULLA,FC:C8:97:68:DB:33,14.65941048,121.068367,wpa,infra,20130208-00144,"2013-02-09, 12:22:13 AM","2015-12-04, 01:37:05 AM","2015-12-04, 01:37:10 AM"
Rommel's iPhone,FE:9B:9C:A0:4B:2B,14.65978336,121.0682373,wpa2,infra,20140925-00078,"2014-09-25, 05:43:14 PM","2014-10-15, 09:21:29 PM","2015-07-26, 08:57:21 AM"
