Last Updt,Last Time,MAC,SSID,Encryption,Channel,Latitude,Longitude
2017-05-07 13:00:00,2017-05-07 13:00:00,00:18:25:05:95:d1,Magiting S1,wpa,2,14.64684963,121.05735779
2017-05-07 13:00:00,2017-05-07 13:00:00,00:18:25:05:95:d4,PLDTSMART,wpa2,2,14.64681721,121.05754852
2017-07-29 21:00:00,2017-07-29 21:00:00,f0:98:38:07:a3:70,Pazzo brew bar,wpa2,2,14.6472187,121.05764771
2017-06-09 13:00:00,2017-06-09 13:00:00,5c:f2:86:2e:63:c4,Luvsky,wpa2,7,14.64723301,121.05751038
2017-06-09 13:00:00,2017-06-09 13:00:00,ec:1f:72:ea:11:48,Anteeewn,wpa2,1,14.64710808,121.05762482
2017-07-29 21:00:00,2017-07-29 21:00:00,8c:34:fd:d3:be:e2,HUAWEI-E5330-BEE2,wpa2,10,14.64723969,121.05764008
2015-07-26 08:00:00,2015-01-22 04:00:00,92:4e:2b:c7:50:96,HUAWEI-E5372-5095,wpa2,6,14.64700508,121.05762482
2016-02-27 15:00:00,2016-02-27 15:00:00,38:2c:4a:1d:fe:04,My ASUS,wpa2,6,14.64712048,121.05747986
2013-04-29 17:00:00,2013-04-29 19:00:00,00:23:cd:c1:37:92,TP-LINK,wep,6,14.64705467,121.05760956
2013-06-21 12:00:00,2013-06-21 14:00:00,00:d0:41:ce:56:84,SAPIDO_RB-1132V2_ce5685,wep,11,14.64724255,121.05743408
2015-07-26 08:00:00,2014-08-17 14:00:00,34:cd:be:92:81:5b,cheska,wpa2,6,14.64717865,121.05760956
2013-07-19 15:00:00,2013-07-19 17:00:00,02:11:87:da:e3:02,Free Public WiFi,none,1,14.64722919,121.05757141
2016-09-08 03:00:00,2016-09-08 03:00:00,36:69:87:0f:41:65,MANNY,wpa2,5,14.64720154,121.05742645
2013-03-20 12:00:00,2013-03-20 14:00:00,38:e7:d8:78:4f:08,HTC network,wpa,1,14.64702702,121.05763245
2016-02-27 15:00:00,2016-02-27 15:00:00,b4:b3:62:5e:ac:a7,jocon,wpa,10,14.64681816,121.05753326
2013-08-31 23:00:00,2013-09-01 01:00:00,b0:b2:dc:45:bf:68,PLDTMyDSL,wpa2,11,14.64709282,121.05760193
2016-06-05 00:00:00,2016-06-05 00:00:00,ee:1d:7f:a1:12:c4,Du30 LTE,wpa2,6,14.64723969,121.05740356
2015-07-26 08:00:00,2015-07-26 08:00:00,ac:81:12:de:bf:c5,Frappy,wpa,1,14.64712048,121.05750275
2015-07-26 08:00:00,2015-02-16 14:00:00,fe:e9:98:ed:51:b2,iPhone,wpa2,1,14.64708328,121.05764008
2015-07-26 08:00:00,2015-07-26 08:00:00,f8:d1:11:4d:a2:5c,PICA,wpa2,6,14.64715099,121.05754852
2017-03-03 15:00:00,2017-03-03 15:00:00,20:a6:80:4b:8c:f9,miragestarboy,wpa2,8,14.64721107,121.05742645
2017-09-03 09:00:00,2017-09-03 09:00:00,fe:e9:98:bc:4a:7c,Oreto?s iPhone,wpa2,1,14.64692974,121.05745697
2017-03-03 15:00:00,2017-03-03 15:00:00,7c:7d:3d:99:c8:c8,MeySiponSi.....,wpa2,7,14.64721107,121.05742645
2017-03-03 12:00:00,2017-03-03 12:00:00,0e:12:62:85:60:b4,TheEmperor,wpa2,1,14.6472435,121.05750275
2017-06-09 13:00:00,2017-06-09 13:00:00,e0:8e:3c:1f:c5:47,bayanDSLWIFI_C547,wpa2,1,14.64721584,121.05751801
2017-07-29 21:00:00,2017-07-29 21:00:00,00:1a:ef:48:77:0b,TROJAN VIRUS!,wpa2,10,14.64684582,121.05797577
2017-07-29 21:00:00,2017-07-29 21:00:00,28:92:4a:14:56:18,HOLYFAMILY,wpa2,13,14.64699745,121.05782318
2017-04-04 12:00:00,2017-04-04 12:00:00,24:09:95:b3:06:db,BABYLITA,wpa2,11,14.64702511,121.05776978
2017-06-09 13:00:00,2017-06-09 13:00:00,90:61:0c:2c:e1:e4,PLDTHOMEDSL57828_MDV,wpa2,1,14.64686871,121.05780029
2017-07-29 21:00:00,2017-07-29 21:00:00,50:f0:d3:5b:9a:98,Androidj7,wpa2,6,14.64712715,121.05805206
2017-07-29 21:00:00,2017-07-29 21:00:00,94:a7:b7:26:71:05,Jhin,wpa2,2,14.6471529,121.057724
2015-07-26 08:00:00,2014-05-09 13:00:00,20:64:32:0a:6d:35,schoolyear23,wpa,6,14.64686489,121.05789185
2016-06-05 00:00:00,2016-06-05 00:00:00,d2:5b:a8:5e:7e:d2,Niccolo,wpa2,13,14.64687157,121.0578537
2015-07-26 08:00:00,2015-07-26 08:00:00,90:61:0c:07:ca:5b,PLDTMyDSL,wpa2,11,14.64699459,121.05776215
2013-09-25 01:00:00,2013-09-25 03:00:00,2c:26:c5:17:d8:08,bayanDSL,wpa,1,14.64713383,121.05767059
2013-08-31 23:00:00,2013-09-01 01:00:00,d8:31:cf:5b:19:2f,JayRJayRem,wpa2,6,14.6470747,121.05774689
2013-03-23 00:00:00,2013-03-23 02:00:00,90:61:0c:06:4d:9c,PROLiNK_H5001N_64d9c,wpa,6,14.64687824,121.05809021
2013-04-08 16:00:00,2013-04-08 18:00:00,90:5f:2e:3c:f7:df,exploringpi,wpa2,2,14.64683247,121.05800629
2015-08-08 17:00:00,2015-08-08 17:00:00,58:1f:28:21:ba:d7,jaypeeboy,wpa2,2,14.64693546,121.05786896
2013-06-21 12:00:00,2013-06-21 14:00:00,5c:4c:a9:af:0f:f5,DFS,wpa2,1,14.64682198,121.05793762
2013-03-23 00:00:00,2013-03-23 02:00:00,1c:7e:e5:fd:2c:0e,Lacuesta,wpa2,1,14.64708996,121.05770111
2013-06-21 12:00:00,2013-06-21 14:00:00,08:63:61:87:cd:43,HUAWEI-E5220-cd43,wpa2,6,14.64721298,121.05789185
2015-08-08 17:00:00,2015-08-08 17:00:00,ea:08:8b:58:be:a7,Divergent,wpa2,6,14.64697361,121.05775452
2015-07-26 08:00:00,2015-01-22 04:00:00,02:08:22:29:0f:34,thelegalWIFi,wpa2,1,14.64688206,121.05794525
2015-08-08 17:00:00,2015-08-08 17:00:00,38:46:08:e4:99:10,bayanDSL,wpa,11,14.64709759,121.05781555
2015-07-26 08:00:00,2015-01-22 04:00:00,36:e2:fd:c9:fc:0b,Coleen,wpa2,1,14.64688969,121.05797577
2013-04-29 17:00:00,2013-04-29 19:00:00,60:21:c0:4b:87:4d,Patrick,wpa2,11,14.64692497,121.0579071
2016-06-05 00:00:00,2016-06-05 00:00:00,ee:1d:7f:ba:24:a5,Smart Connect,wpa2,6,14.64687157,121.0578537
2015-07-26 08:00:00,2015-01-22 04:00:00,60:e7:01:dc:82:48,Pooh,wpa2,11,14.64690018,121.05782318
2013-06-21 12:00:00,2013-06-21 14:00:00,b4:98:42:e3:35:86,Smart Bro_E33586,wpa2,11,14.64699936,121.05780792
2016-06-05 00:00:00,2016-06-05 00:00:00,a4:7e:39:ad:f2:40,Low Signal,wpa2,7,14.64688778,121.05783844
2016-06-05 00:00:00,2016-06-05 00:00:00,b6:75:0e:48:a9:a8,Linksys06371-guest,unknown,10,14.64680958,121.05796814
2015-07-26 08:00:00,2015-01-05 05:00:00,aa:a6:68:51:8e:34,Team s plus,wpa2,6,14.64690685,121.05781555
2015-07-26 08:00:00,2015-07-26 08:00:00,fc:8b:97:ec:20:0e,PLDTMyDSL,wpa2,11,14.64720249,121.0577774
2013-09-04 13:00:00,2013-09-04 15:00:00,f8:df:a8:30:78:58,MIAH,wpa2,6,14.64688587,121.05800629
2017-03-03 12:00:00,2017-03-03 12:00:00,36:69:87:71:ea:6a,Smart Bro_71EA6A,wep,11,14.64710236,121.05775452
2017-07-29 21:00:00,2017-07-29 21:00:00,c8:d3:a3:1b:8f:40,dlink,wpa2,6,14.64685154,121.05799103
2017-07-29 21:00:00,2017-07-29 21:00:00,50:9f:27:94:bb:13,FHE SANTOS 530,wpa2,6,14.64685822,121.05809784
2017-04-04 12:00:00,2017-04-04 12:00:00,50:68:0a:68:70:39,HUAWEI-E5330-7039,wpa2,3,14.64720726,121.05773163
2017-06-09 13:00:00,2017-06-09 13:00:00,50:9f:27:08:68:90,Samsung,wpa2,1,14.64698601,121.057724
2017-07-29 21:00:00,2017-07-29 21:00:00,5c:f2:86:25:02:db,None,wpa2,6,14.64705372,121.05782318
2017-03-03 15:00:00,2017-03-03 15:00:00,5c:f2:86:25:73:7a,bunny,wpa2,9,14.6468811,121.05799866
2017-07-29 21:00:00,2017-07-29 21:00:00,90:61:0c:2d:de:f3,Negative Space Cafe,wpa2,11,14.64695263,121.05791473
2017-07-29 21:00:00,2017-07-29 21:00:00,84:16:f9:ed:66:3c,TD-W8901N_D663C,wpa2,1,14.64696884,121.05778503
2017-03-03 12:00:00,2017-03-03 12:00:00,9c:c1:72:c0:32:0e,HUAWEI-E5330-320E,wpa2,5,14.64691448,121.05794525
2017-06-09 13:00:00,2017-06-09 13:00:00,5c:f2:86:25:7d:87,Avanza-E2016,wpa2,8,14.64723015,121.0578537
2017-07-29 21:00:00,2017-07-29 21:00:00,84:16:f9:4c:ab:d4,OrangeSegment1,wpa2,1,14.64700603,121.05797577
2017-07-29 21:00:00,2017-07-29 21:00:00,90:61:0c:2d:de:f4,NSC,wpa2,11,14.6471653,121.05776978
2017-06-09 13:00:00,2017-06-09 13:00:00,14:1f:78:40:71:fd,Ganda,wpa2,6,14.64681339,121.05786896
2017-06-09 13:00:00,2017-06-09 13:00:00,bc:c0:0f:be:9d:48,PLDTHOMEFIBRe9d48,wpa2,1,14.64698792,121.05766296
2016-02-27 15:00:00,2016-02-27 15:00:00,c8:be:19:71:19:c0,ButinyaWifi,wpa2,11,14.64661503,121.05751801
2015-07-26 08:00:00,2014-08-05 14:00:00,d0:7a:b5:4c:03:d1,HUAWEI-E5220-03d1,wpa2,11,14.64679623,121.05764008
2013-08-22 07:00:00,2013-08-22 08:00:00,0c:37:dc:10:01:30,4G LITE,wpa2,11,14.64677906,121.05741119
2015-07-26 08:00:00,2014-08-05 14:00:00,6c:8b:2f:5d:3b:a5,3Argonauts,wpa2,6,14.64674854,121.05764771
2015-08-01 05:00:00,2015-08-01 05:00:00,aa:a6:68:74:ed:10,Khrysteen,wpa2,1,14.64679146,121.0575943
2017-06-09 13:00:00,2017-06-09 13:00:00,1e:74:0d:02:a3:50,PLDTMyDSLBizViva_Z,wpa2,1,14.6467123,121.05802155
2015-07-26 08:00:00,2015-07-26 08:00:00,ee:35:86:63:10:14,iPhone,wpa2,1,14.64676952,121.05801392
2015-07-26 08:00:00,2015-01-22 04:00:00,f2:d1:a9:0d:a6:c0,Guest,wpa2,11,14.64678955,121.05810547
2015-07-26 08:00:00,2015-07-26 08:00:00,cc:1a:fa:97:e8:60,Jek's Kubo,wpa,1,14.64677906,121.05802155
2013-04-29 17:00:00,2013-04-29 19:00:00,d0:15:4a:b8:bb:3b,Smartbro_B8BB3B,none,6,14.64648724,121.0578537
2015-07-26 08:00:00,2015-07-26 08:00:00,46:91:db:91:42:1e,O+ 8.37 Android,wpa2,1,14.64651489,121.05805206
2015-07-26 08:00:00,2014-08-05 14:00:00,f8:0c:f3:91:6d:24,MIGS-PHONE,wpa2,1,14.64676952,121.05809784
2015-07-26 08:00:00,2015-07-26 08:00:00,e8:cd:2d:7e:f5:be,french fries,wpa2,6,14.6467762,121.05784607
2017-07-29 21:00:00,2017-07-29 21:00:00,70:54:d2:8f:20:07,c8edf8,wpa2,1,14.64678288,121.05792999
2017-07-29 21:00:00,2017-07-29 21:00:00,84:16:f9:4c:ab:d6,OrangeSegment2,wpa2,149,14.64674854,121.05810547
2017-03-03 15:00:00,2017-03-03 15:00:00,84:1b:5e:76:29:70,Munays,wpa2,6,14.64661503,121.05807495
2017-06-09 13:00:00,2017-06-09 13:00:00,4c:f9:5d:85:c1:70,nextpagestudios,wpa2,4,14.64678764,121.05805969
2017-03-03 15:00:00,2017-03-03 15:00:00,5c:f2:86:2d:24:52,Globe_LTE MIFI_2452,wpa2,9,14.64672375,121.05797577
2017-07-29 21:00:00,2017-07-29 21:00:00,60:31:97:13:bc:fc,PLDTMyDSLBiz5GBCFA0,wpa2,36,14.64676666,121.05812073
2017-06-09 13:00:00,2017-06-09 13:00:00,d0:7a:b5:0e:4d:97,matriano_wifi,wpa2,6,14.64671421,121.05799103
2017-06-09 13:00:00,2017-06-09 13:00:00,d6:d9:19:ce:ba:07,goprohero4,wpa2,1,14.64672852,121.05792999
2017-06-09 13:00:00,2017-06-09 13:00:00,80:2a:a8:41:e8:2a,Wireless,wpa2,1,14.64671421,121.05799103
2017-06-09 13:00:00,2017-06-09 13:00:00,88:ad:d2:ba:8b:e8,BQ3i-ZmFpdGg,unknown,6,14.64672852,121.05792999
2017-04-04 12:00:00,2017-04-04 12:00:00,00:18:25:03:49:f0,PLDT Smart WiFi Zone,unknown,120,14.64680004,121.05838776
2017-04-04 12:00:00,2017-04-04 12:00:00,00:18:25:03:49:f4,PLDTSMART,wpa2,120,14.64679337,121.05838013
2017-03-03 12:00:00,2017-03-03 12:00:00,ec:1f:72:c5:86:09,AndroidAP,wpa2,6,14.64674187,121.05825043
2017-07-29 21:00:00,2017-07-29 21:00:00,50:9f:27:0d:fc:2a,sugarcane,wpa2,11,14.64671707,121.05844116
2017-07-29 21:00:00,2017-07-29 21:00:00,5c:f2:86:21:a2:37,RDA110,wpa2,7,14.64662075,121.05844879
2017-07-29 21:00:00,2017-07-29 21:00:00,5c:f2:86:26:a4:4a,Globe_LTE MIFI_A44A,wpa2,7,14.64670277,121.05835724
2017-07-29 21:00:00,2017-07-29 21:00:00,60:31:97:13:bc:fb,PLDTMyDSLBiz::ToTheNines,wpa2,4,14.64678383,121.05818176
2017-07-29 21:00:00,2017-07-29 21:00:00,d0:17:c2:b0:17:14,TheLostBreadADMIN,wpa2,157,14.64676476,121.05815125
2017-03-03 15:00:00,2017-03-03 15:00:00,8e:79:67:93:30:2e,ZTE_93302E,wpa2,6,14.64651585,121.05847168
2017-07-29 21:00:00,2017-07-29 21:00:00,ec:8a:4c:a6:09:d8,bayanDSLWiFi_09D8,wpa2,5,14.64663219,121.05851746
2013-06-21 12:00:00,2013-06-21 14:00:00,c8:d7:19:96:18:a0,LuthienTinuviel,wpa2,11,14.64672565,121.05821991
2015-07-26 08:00:00,2015-02-16 14:00:00,e4:77:23:a5:97:e0,bayanDSLWiFi_97E0,wpa2,12,14.64655972,121.05825806
2016-06-05 00:00:00,2016-06-05 00:00:00,ea:b5:b7:8a:e7:33,Pretty Woman,wpa2,1,14.64667511,121.05825043
2016-09-08 03:00:00,2016-09-08 03:00:00,ec:9b:f3:3a:ff:87,AndroidAP,wpa2,6,14.64659023,121.05819702
2015-07-26 08:00:00,2015-07-26 08:00:00,3c:df:bd:7f:09:a5,823823,wpa2,1,14.64659214,121.0585556
2015-07-26 08:00:00,2015-01-22 04:00:00,08:10:74:68:d9:32,Free WiFi,wpa2,6,14.64672375,121.05817413
2015-09-16 17:00:00,2015-09-16 17:00:00,40:6f:2a:e4:88:7e,vinvinz10,wpa2,11,14.64663315,121.05822754
2015-07-26 08:00:00,2014-05-09 13:00:00,02:04:62:b9:a2:4b,BALTA! ,wpa2,1,14.64680004,121.05813599
2016-06-05 00:00:00,2016-06-05 00:00:00,1c:99:4c:fb:0f:1c,:),wpa2,11,14.64662838,121.05857086
2015-07-26 08:00:00,2015-07-26 08:00:00,e4:77:23:a5:87:e0,BoBosPizzeria_PH,wpa2,12,14.64659786,121.0582962
2015-07-26 08:00:00,2015-02-16 14:00:00,f8:df:a8:30:76:78,Sun Wi-Fi_307678,unknown,1,14.64656544,121.05828857
2015-08-08 17:00:00,2015-08-08 17:00:00,3c:df:bd:d5:48:32,Versace,wpa2,11,14.64666367,121.05847168
2015-09-16 17:00:00,2015-09-16 17:00:00,40:0e:85:63:bc:44,Step Rockets,wpa2,6,14.64665794,121.05818176
2015-08-08 17:00:00,2015-08-08 17:00:00,7a:e8:b6:1c:d2:03,Mt.Moriah,wpa2,1,14.64665031,121.05854034
2013-07-03 12:00:00,2013-07-03 14:00:00,fc:f5:28:3e:09:74,PLDTMyDSLRFamily,wpa,11,14.64665222,121.05823517
2015-07-26 08:00:00,2015-07-26 08:00:00,36:de:34:08:8d:09,abianunciacion,wpa2,1,14.64663124,121.05831146
2016-09-08 03:00:00,2016-09-08 03:00:00,52:9f:27:ba:91:97,... ,wpa2,1,14.64645672,121.0585556
2016-09-08 03:00:00,2016-09-08 03:00:00,72:7a:55:d3:78:a4,Noi,wpa2,1,14.6466713,121.05813599
2015-07-26 08:00:00,2014-08-05 14:00:00,0c:bd:51:fb:5e:9a,ISOFIRM,wpa2,11,14.64665127,121.05838776
2016-09-08 03:00:00,2016-09-08 03:00:00,68:05:71:57:b4:06,AndroidAP,wpa2,6,14.64657688,121.05822754
2015-07-26 08:00:00,2015-07-26 08:00:00,6a:74:6e:8e:a7:e6,MsACC,wpa2,1,14.64658546,121.05857849
2015-08-08 17:00:00,2015-08-08 17:00:00,8c:77:16:ac:be:d1,Iris,wpa2,6,14.64665699,121.05838013
2017-07-29 21:00:00,2017-07-29 21:00:00,64:a5:c3:6d:7d:94,solar_wifi,wpa2,6,14.64678574,121.05815125
2017-06-09 13:00:00,2017-06-09 13:00:00,2e:d7:46:8a:4b:53,Karlos?s iPhone,wpa2,6,14.64648724,121.05847931
2017-06-09 13:00:00,2017-06-09 13:00:00,1e:74:0d:02:3c:c8,PLDTMyDSLBizADMIN,wpa2,1,14.64669228,121.05813599
2017-07-29 21:00:00,2017-07-29 21:00:00,18:89:5b:aa:8e:9e,Bili ka wifi mo,wpa2,2,14.64665985,121.0585022
2013-05-06 15:00:00,2013-05-06 17:00:00,f6:f1:5a:b7:ef:51,eilene?s iPhone,wpa2,1,14.64670372,121.05830383
2013-06-21 12:00:00,2013-06-21 14:00:00,ee:35:86:81:c8:20,Chay's iPhone,wpa2,3,14.64679718,121.05821228
2015-08-08 17:00:00,2015-08-08 17:00:00,f0:25:b7:c7:72:df,Ihsan S5,wpa2,6,14.64679813,121.05817413
2015-07-26 08:00:00,2015-02-16 14:00:00,aa:a6:68:74:e3:48,kalBro_HandsOff,wpa2,1,14.64656544,121.05830383
2015-07-26 08:00:00,2015-02-16 14:00:00,aa:a6:68:2d:20:b7,VTRACK SMART,wpa2,5,14.64645481,121.05833435
2013-08-31 23:00:00,2013-09-01 01:00:00,f8:df:a8:30:75:75,ZNE,wpa2,6,14.64678574,121.05817413
2015-08-08 17:00:00,2015-08-08 17:00:00,e8:cd:2d:24:88:e2,CPJM,wpa2,7,14.64666367,121.05847168
2016-09-08 03:00:00,2016-09-08 03:00:00,f0:25:b7:ec:79:82,AndroidAP7982,wpa2,1,14.64653587,121.05841064
2017-04-04 12:00:00,2017-04-04 12:00:00,38:d8:2f:2b:cd:30,#WestWoodph,wpa2,6,14.64666557,121.0582962
2017-06-09 13:00:00,2017-06-09 13:00:00,44:74:6c:c2:9c:88,saxxy,wpa2,1,14.64659786,121.05834961
2017-03-03 12:00:00,2017-03-03 12:00:00,3c:46:d8:38:fb:6e,XV,wpa2,1,14.64678001,121.05819702
2017-03-03 15:00:00,2017-03-03 15:00:00,5c:f2:86:2d:b4:fb,Globe_LTE MIFI_B4FB,wpa2,8,14.64654255,121.05857086
2017-07-29 21:00:00,2017-07-29 21:00:00,f4:f2:6d:94:56:13,OS NET ADMIN,wpa2,36,14.64673519,121.0581665
2017-07-29 21:00:00,2017-07-29 21:00:00,5c:f2:86:25:66:6b,SmartBro,wpa2,6,14.646698,121.05839539
2017-06-09 13:00:00,2017-06-09 13:00:00,72:70:0d:da:c9:9c,Felix?s iPhone,wpa2,1,14.64652729,121.05844879
2017-07-29 21:00:00,2017-07-29 21:00:00,d0:17:c2:b0:17:10,TheLostBread_GUEST,wpa2,11,14.64674664,121.05815887
2017-07-29 21:00:00,2017-07-29 21:00:00,74:cc:39:bb:fb:98,Sneaks & Snacks,wpa2,9,14.64673996,121.05825806
2017-07-29 21:00:00,2017-07-29 21:00:00,8e:79:67:86:c4:17,connect ka?,wpa2,1,14.64668655,121.0585556
2017-07-29 21:00:00,2017-07-29 21:00:00,a4:2b:b0:c1:4e:b5,SKYbroadband7B2C_EXT,wpa2,11,14.64668083,121.0583725
2017-07-29 21:00:00,2017-07-29 21:00:00,dc:ee:06:c0:1e:1c,staph me,wpa2,7,14.64677906,121.05834961
2017-06-09 13:00:00,2017-06-09 13:00:00,dc:ee:06:cf:7d:5c,wifiqtoh,wpa2,8,14.64655113,121.05841064
2017-07-29 21:00:00,2017-07-29 21:00:00,b0:c5:54:2e:2c:7e,dlink-2C7E,unknown,11,14.64678478,121.05820465
2017-07-29 21:00:00,2017-07-29 21:00:00,84:55:a5:6a:c1:83,AndroidAP,wpa2,6,14.64672184,121.0583725
2017-04-04 12:00:00,2017-04-04 12:00:00,e0:8e:3c:1a:8a:27,MOORE,wpa2,11,14.64662743,121.05857849
2017-03-03 15:00:00,2017-03-03 15:00:00,be:6c:21:7a:cc:19,Roden's iPhone,wpa2,1,14.64653492,121.05834961
2017-04-04 12:00:00,2017-04-04 12:00:00,00:18:25:05:95:e0,PLDT Smart WiFi Zone,unknown,120,14.64668655,121.0586853
2017-04-04 12:00:00,2017-04-04 12:00:00,00:18:25:05:95:e4,PLDTSMART,wpa2,120,14.64667511,121.05875397
2017-07-29 21:00:00,2017-07-29 21:00:00,ec:8c:a2:70:ff:28,Hiei@Wifi,wpa2,1,14.64655209,121.05899811
2017-07-29 21:00:00,2017-07-29 21:00:00,ec:8c:a2:70:ff:2c,Hiei@Wifi,wpa2,52,14.64657879,121.05892944
2017-06-09 13:00:00,2017-06-09 13:00:00,8e:79:67:93:50:44,Almond,wpa2,11,14.64641094,121.05882263
2017-04-04 12:00:00,2017-04-04 12:00:00,36:69:87:29:b3:38,GoodVibesLang,wpa2,1,14.64671421,121.059021
2017-07-29 21:00:00,2017-07-29 21:00:00,0c:f4:d5:55:99:2c,Hiei@Wifi,wpa2,124,14.64651775,121.05878448
2017-07-29 21:00:00,2017-07-29 21:00:00,00:90:a9:0e:55:0d,CallaoMan 5,wpa2,149,14.64654446,121.0587616
2017-07-29 21:00:00,2017-07-29 21:00:00,2e:f0:a2:64:14:e8,JoSa,wpa2,1,14.64650917,121.05899048
2017-03-03 12:00:00,2017-03-03 12:00:00,24:df:6a:b3:f5:06,HUAWEI-E5330-F506,wpa2,3,14.64656734,121.05862427
2017-07-29 21:00:00,2017-07-29 21:00:00,8c:34:fd:ca:22:45,pb,wpa2,3,14.64651966,121.05891418
2017-04-04 12:00:00,2017-04-04 12:00:00,e4:77:23:a5:4e:04,BOBO's PIZZERIA,wpa2,1,14.64656162,121.05865479
2017-07-29 21:00:00,2017-07-29 21:00:00,ee:1d:7f:90:69:6d,uFi_90696D,wpa2,1,14.64650822,121.05898285
2017-07-29 21:00:00,2017-07-29 21:00:00,ec:8c:a2:30:ff:2c,#SmartWifi @StrEATMag,unknown,52,14.64654827,121.05899048
2017-07-29 21:00:00,2017-07-29 21:00:00,fe:2d:5e:0f:a9:e2,kianUNDERGROUNDtattoo,wpa2,13,14.64649487,121.05892944
2015-07-26 08:00:00,2015-01-22 04:00:00,90:61:0c:11:89:d6,coolness-prolink,wpa2,11,14.64654827,121.05866241
2016-09-08 03:00:00,2016-09-08 03:00:00,24:df:6a:d3:3b:fd,ARTwithaheART,wpa2,5,14.64641476,121.05898285
2015-07-26 08:00:00,2015-07-26 08:00:00,8c:34:fd:d3:d7:aa,megz143,wpa2,10,14.64650631,121.05885315
2016-09-08 03:00:00,2016-09-08 03:00:00,ee:1d:7f:64:8e:e9,Smart Bro_648EE9,wep,1,14.64656925,121.05869293
2015-07-26 08:00:00,2014-02-13 23:00:00,2c:26:c5:16:7d:fc,jnvtours,wpa,4,14.64656258,121.05871582
2016-09-08 03:00:00,2016-09-08 03:00:00,36:12:98:4c:da:a0,iPad,wpa2,11,14.64645004,121.05886078
2013-03-23 00:00:00,2013-03-23 02:00:00,02:11:87:4d:2c:05,Free Public WiFi,none,1,14.64649582,121.05880737
2015-09-16 17:00:00,2015-09-16 17:00:00,02:08:22:60:41:32,pO+ 8.37z Android,wpa2,1,14.64665508,121.05900574
2013-08-15 18:00:00,2013-08-15 20:00:00,5c:f8:a1:a7:b2:fc,tvqc,wpa2,6,14.64651012,121.05901337
2013-07-03 12:00:00,2013-07-03 14:00:00,08:10:73:65:17:e3,SpanishCoins,wpa,1,14.64656734,121.059021
2015-07-26 08:00:00,2013-07-03 12:00:00,fa:9e:3f:e3:cd:9f,MyPhone,wpa2,1,14.64646244,121.05900574
2016-09-08 03:00:00,2016-09-08 03:00:00,ea:08:8b:be:3f:ad,natashka0709,wpa2,6,14.6464262,121.0589447
2013-06-21 12:00:00,2013-06-21 14:00:00,38:aa:3c:c8:fa:b7,Fort wafu,wpa2,6,14.64657211,121.05874634
2015-08-08 17:00:00,2015-08-08 17:00:00,44:d4:e0:c5:39:42,Ben Team,wpa2,1,14.64655495,121.05874634
2015-07-26 08:00:00,2014-12-30 12:00:00,7e:fa:df:74:8c:0f,Minna?s iPhone,wpa2,1,14.64652348,121.05876923
2013-09-25 01:00:00,2013-09-25 03:00:00,f0:7d:68:7c:1b:9a,Disconnected,wep,1,14.64661217,121.05898285
2015-07-26 08:00:00,2015-02-16 14:00:00,50:9f:27:31:4a:9e,HUAWEI-E5220-4a9e,wpa2,6,14.64655685,121.05903625
2015-07-26 08:00:00,2014-08-17 14:00:00,4c:cb:f5:2a:f4:8a,Gina_Router,wpa2,8,14.64661312,121.05879211
2015-09-16 17:00:00,2015-09-16 17:00:00,ee:1d:7f:a1:4a:03,Acne,wpa2,1,14.64655304,121.05880737
2017-03-03 15:00:00,2017-03-03 15:00:00,00:90:a9:10:89:7d,SunkenGalleon5,wpa2,36,14.64640236,121.05886841
2017-07-29 21:00:00,2017-07-29 21:00:00,0c:f4:d5:55:99:28,Hiei@Wifi,wpa2,11,14.64661407,121.05893707
2017-03-03 12:00:00,2017-03-03 12:00:00,24:a4:3c:94:ea:fe,TVE CCTV,wpa2,36,14.64651871,121.05875397
2017-03-03 15:00:00,2017-03-03 15:00:00,14:1f:78:e7:9d:95,no wifi,wpa2,1,14.64642429,121.05870056
2017-04-04 12:00:00,2017-04-04 12:00:00,24:df:6a:6d:25:fe,xhanneley20,wpa2,11,14.64655972,121.05893707
2017-07-29 21:00:00,2017-07-29 21:00:00,0c:f4:d5:15:99:2c,#SmartWifi @StrEATMag,unknown,124,14.64647388,121.05867004
2015-07-26 08:00:00,2015-02-16 14:00:00,e8:cd:2d:82:d2:23,HUAWEI-E5220-d223,wpa2,6,14.64657307,121.05890656
2013-04-19 14:00:00,2013-04-19 16:00:00,b6:94:26:da:dc:b1,Thomas Ang?s iPhone,wpa2,1,14.64640427,121.05901337
2015-09-16 17:00:00,2015-09-16 17:00:00,aa:a6:68:7a:44:86,SKYLINE PENION,wpa2,13,14.64653492,121.05873871
2015-07-26 08:00:00,2015-01-22 04:00:00,e8:cd:2d:24:90:58,Garfie,wpa2,10,14.64652157,121.05882263
2013-03-11 22:00:00,2013-03-12 00:00:00,f8:df:a8:30:81:3f,Sun Wi-Fi_30813F,none,1,14.64643288,121.05899811
2017-07-29 21:00:00,2017-07-29 21:00:00,4c:1a:3d:22:a1:49,OPPO A37f,wpa,6,14.64650059,121.059021
2017-04-04 12:00:00,2017-04-04 12:00:00,5c:a8:6a:81:f9:8c,HUAWEI-F98C,wpa2,7,14.64670086,121.05873871
2017-03-03 12:00:00,2017-03-03 12:00:00,62:fe:1e:67:24:e9,BLX1-TmVicmU,wep,11,14.64656734,121.05862427
2017-03-03 15:00:00,2017-03-03 15:00:00,5c:f2:86:25:c6:25,deepdream,wpa2,7,14.64635849,121.0589447
2017-07-29 21:00:00,2017-07-29 21:00:00,5c:f2:86:25:c3:b1,Holla,wpa2,10,14.64653587,121.05879211
2017-07-29 21:00:00,2017-07-29 21:00:00,5c:f2:86:2e:e0:77,The Multiverse,wpa2,7,14.64653587,121.05879211
2017-03-03 12:00:00,2017-03-03 12:00:00,cc:7b:35:cf:6b:fc,bayanDSLWiFi_6BFC,wpa2,12,14.64659786,121.05883789
2017-06-09 13:00:00,2017-06-09 13:00:00,d2:5b:a8:9b:6c:06,TBT,wpa2,10,14.64646626,121.05867767
2017-06-09 13:00:00,2017-06-09 13:00:00,cc:79:cf:2e:f3:e0,WiFiConnect 317,unknown,36,14.64637566,121.05892181
2017-03-03 15:00:00,2017-03-03 15:00:00,0c:d6:bd:5b:95:ca,TrojanVirus,wpa2,10,14.64642429,121.05870056
2017-03-03 15:00:00,2017-03-03 15:00:00,02:08:22:00:bd:06,BOLj-cm8ua2VhdGluZzE5Nzc,wep,6,14.64674091,121.05934143
2017-03-03 12:00:00,2017-03-03 12:00:00,58:70:c6:fa:ee:cc,YICarCam_faeecc,wpa2,5,14.64659977,121.05910492
2017-07-29 21:00:00,2017-07-29 21:00:00,94:a7:b7:3d:01:90,TwinxGuileRyzenRiza,wpa2,7,14.64640331,121.05944061
2017-07-29 21:00:00,2017-07-29 21:00:00,14:1f:78:97:20:de,markylicious,wpa2,6,14.64650631,121.05905914
2017-03-03 12:00:00,2017-03-03 12:00:00,74:23:44:f3:44:4f,B6Ka-Tmlja28,wpa2,11,14.64669037,121.05936432
2017-07-29 21:00:00,2017-07-29 21:00:00,7c:c7:09:c6:48:ae,Mitsubishi Wireless TV 478,unknown,36,14.64641476,121.05924988
2017-07-29 21:00:00,2017-07-29 21:00:00,8c:79:67:a2:03:b8,GLOBE_A203B8,wpa2,3,14.64648438,121.05912781
2017-04-04 12:00:00,2017-04-04 12:00:00,8c:79:67:52:ab:8f,Dcaves,wpa2,6,14.64677429,121.05943298
2017-06-09 13:00:00,2017-06-09 13:00:00,aa:a6:68:da:44:bd,rosima,wpa2,1,14.646492,121.05924988
2017-07-15 09:00:00,2017-07-15 09:00:00,a8:a6:68:e0:25:df,DiNET,wpa2,11,14.64672375,121.05932617
2015-07-26 08:00:00,2014-08-05 14:00:00,bc:79:ad:98:eb:f1,AndroidAP,wpa2,8,14.64655018,121.05936432
2013-09-22 06:00:00,2013-09-22 08:00:00,ee:89:f5:0b:1b:e8,Lenomon,wpa2,1,14.64660358,121.05921173
2015-07-26 08:00:00,2015-02-16 14:00:00,90:61:0c:0f:94:32,Bionutrition,wpa2,1,14.64660931,121.0591507
2015-07-26 08:00:00,2014-10-14 01:00:00,20:02:af:ce:95:88,ChibaEmi,wpa2,11,14.6467495,121.05940247
2016-02-27 15:00:00,2015-07-26 08:00:00,ec:8a:4c:a6:7e:9c,bayanDSLWiFi_7E9C,wpa2,10,14.6467247,121.05923462
2015-08-08 17:00:00,2015-08-08 17:00:00,36:de:34:08:8d:77,rencekat,wpa2,6,14.64674187,121.05934143
2015-07-26 08:00:00,2015-01-22 04:00:00,36:de:34:09:34:a4,THIRDY,wpa2,1,14.64664364,121.0592041
2013-04-29 17:00:00,2013-04-29 19:00:00,d4:20:6d:90:f9:7e,Bai-Cha,wpa2,1,14.64674854,121.05934906
2015-08-08 17:00:00,2015-08-08 17:00:00,3e:47:11:76:6e:3c,Hol-U19 AP,wpa2,6,14.64678669,121.05915833
2013-08-31 23:00:00,2013-09-01 01:00:00,52:61:2c:20:3d:ff,Free Public WiFi,none,1,14.64658833,121.05924988
2013-11-14 04:00:00,2013-11-14 06:00:00,d0:22:be:8e:3d:e0,AndroidAP,wpa2,6,14.6466589,121.05932617
2016-02-27 15:00:00,2015-07-26 08:00:00,50:9f:27:e9:d0:5d,daisy,wpa2,9,14.64666653,121.05915833
2013-03-20 12:00:00,2013-03-20 14:00:00,04:c0:6f:74:6a:9e,RESTRICTED,wep,1,14.64674568,121.05937958
2015-07-26 08:00:00,2015-07-26 08:00:00,3c:a1:0d:5d:ba:e5,Master Jeremiah,wpa2,6,14.64657879,121.05908966
2015-07-26 08:00:00,2015-01-22 04:00:00,3c:df:bd:60:5c:78,HUAWEI-E5220-5c78,wpa2,11,14.64668465,121.0592804
2015-07-26 08:00:00,2015-02-16 14:00:00,00:d0:41:ce:9d:74,awesome wifi,wpa2,11,14.64663792,121.05919647
2015-09-16 17:00:00,2015-09-16 17:00:00,02:08:22:3e:08:00,BDLQ-TEctRDg1NQ,wep,6,14.64675045,121.05918121
2013-11-10 14:00:00,2013-11-10 16:00:00,50:9f:27:4c:cc:18,PCA - Tattoo,wpa2,11,14.64641285,121.05918884
2015-07-26 08:00:00,2015-02-16 14:00:00,60:e7:01:23:46:04,Project LEDA,wpa2,1,14.6466465,121.05917358
2016-09-08 03:00:00,2016-09-08 03:00:00,60:31:97:13:7a:fb,PLDTMyDSLBizNorthWingMNL,wpa2,12,14.64661789,121.05919647
2015-07-26 08:00:00,2015-01-22 04:00:00,68:a0:f6:0a:dd:eb,HUAWEI-E5330-DDEB,wpa2,1,14.64670467,121.05942535
2013-07-21 14:00:00,2013-07-21 16:00:00,f0:5a:09:9e:38:d8,FUVeryMuch,wpa2,11,14.64653397,121.0593338
2015-07-26 08:00:00,2015-07-26 08:00:00,8c:0e:e3:10:f0:77,FIND7,wpa2,6,14.64673901,121.05923462
2017-07-15 09:00:00,2017-07-15 09:00:00,00:86:11:08:13:9e,Zara,wpa2,6,14.64665031,121.05935669
2017-07-15 09:00:00,2017-07-15 09:00:00,34:bf:90:39:95:78,PLDTHOMEFIBR578,wpa,11,14.64659119,121.05928802
2017-03-03 12:00:00,2017-03-03 12:00:00,14:32:d1:d0:1a:d6,BGNN-c2FMdGlr8J+Ymw,unknown,1,14.64664555,121.05915833
2013-03-20 12:00:00,2013-03-20 14:00:00,54:9b:12:de:81:fd,Wifi,wpa2,6,14.64678097,121.05939484
2016-06-05 00:00:00,2016-06-05 00:00:00,84:db:ac:39:c6:43,HUAWEI-E5330-C643,wpa2,2,14.64665127,121.05908203
2016-06-05 00:00:00,2016-06-05 00:00:00,b4:52:7e:85:5c:b9,The Bishop Red,wpa2,1,14.64650345,121.05912781
2015-08-12 15:00:00,2015-08-12 15:00:00,ea:f6:50:31:b8:32,iPad (2),wpa2,1,14.64672375,121.05944824
2015-07-26 08:00:00,2015-07-26 08:00:00,b0:48:7a:bf:b9:86,Fashion Passion,wpa2,10,14.64651775,121.0592804
2016-09-08 03:00:00,2016-09-08 03:00:00,ee:1d:7f:bd:82:63,IronMan,wpa2,1,14.6464262,121.05914307
2013-11-10 14:00:00,2013-11-10 16:00:00,fc:8b:97:27:70:72,PLDTMyDSL_inocencio,wpa2,5,14.64644241,121.0592041
2013-03-17 15:00:00,2013-03-17 17:00:00,f8:df:a8:36:ad:fc,Smart Bro_36ADFC,wpa2,11,14.64677048,121.05938721
2017-07-29 21:00:00,2017-07-29 21:00:00,48:db:50:b2:fa:07,HUAWEI-FA07,wpa2,6,14.64640808,121.0592804
2017-04-04 12:00:00,2017-04-04 12:00:00,72:70:0d:bc:09:c3,Robelle Lyn?s iPhone,wpa2,11,14.64666748,121.05918884
2017-04-04 12:00:00,2017-04-04 12:00:00,88:9b:39:f5:b0:c5,FueI-bmVyZHBsdXNwZXJ2,unknown,6,14.64673901,121.0592041
2017-07-29 21:00:00,2017-07-29 21:00:00,5c:f2:86:23:d0:f9,ROLEXFEL,wpa2,7,14.64650059,121.05910492
2017-04-04 12:00:00,2017-04-04 12:00:00,94:a7:b7:26:4f:b2,bayanDSLWIFI_4FB2,wpa2,2,14.64657688,121.05923462
2017-07-29 21:00:00,2017-07-29 21:00:00,84:38:38:ae:37:ba,ElwinGalaxyS5,wpa2,11,14.64654064,121.05905151
2017-07-29 21:00:00,2017-07-29 21:00:00,5c:f2:86:26:bf:65,Jasvin,wpa2,8,14.64641285,121.05937195
2017-03-03 15:00:00,2017-03-03 15:00:00,98:e7:f5:94:07:8a,Deans office,wpa2,6,14.64652538,121.05915833
2017-03-03 15:00:00,2017-03-03 15:00:00,aa:a6:68:bf:0b:25,SM Free Wifi,wpa2,13,14.64652538,121.05915833
2017-07-29 21:00:00,2017-07-29 21:00:00,b4:30:52:e0:47:9a,OXO ORIGINAL,wpa2,10,14.64636898,121.05937958
2017-07-15 09:00:00,2017-07-15 09:00:00,00:04:ed:1e:7b:01,MDROA35,none,1,14.64644909,121.05935669
2017-03-03 15:00:00,2017-03-03 15:00:00,5c:f2:86:2d:1c:b1,WEL LTE,wpa2,8,14.64678955,121.06079102
2017-07-15 09:00:00,2017-07-15 09:00:00,f4:9f:f3:35:2b:13,HUAWEI_G6-L11_FC64,wpa2,6,14.64670277,121.06083679
2015-08-12 15:00:00,2015-08-12 15:00:00,e4:77:23:a0:3e:b4,bayanDSLWiFi_3EB4,wpa2,2,14.64661884,121.06079865
2016-12-06 15:00:00,2016-12-06 15:00:00,94:46:96:13:cf:2d,PLDTHOMEDSL7P7T0,wpa2,11,14.6463871,121.06082153
2015-07-26 08:00:00,2015-02-16 14:00:00,ec:8a:4c:a6:b1:b4,PAPANSIN/NA/EPAL/PA,wpa2,2,14.64655495,121.06072998
2016-06-05 00:00:00,2016-06-05 00:00:00,d2:5b:a8:2b:90:fc,Smart Bro_2B90FC,wpa2,13,14.64662933,121.06069183
2013-06-21 12:00:00,2013-06-21 14:00:00,3e:d0:f8:80:51:aa,Kiko?s iPhone,wpa2,2,14.64678955,121.0606308
2016-06-05 00:00:00,2016-06-05 00:00:00,00:00:02:c4:b7:34,only diday...,wpa2,6,14.64678669,121.06087494
2016-06-05 00:00:00,2016-06-05 00:00:00,44:94:fc:55:f3:00,Malto Domain,wpa2,7,14.64672756,121.06070709
2013-11-30 07:00:00,2013-11-30 09:00:00,90:94:e4:a6:3f:ec,magiting,wpa2,6,14.64661789,121.06085968
2016-09-08 03:00:00,2016-09-08 03:00:00,94:a7:b7:26:6b:26,FLORIE,wpa2,2,14.64671707,121.06062317
2015-07-26 08:00:00,2015-07-26 08:00:00,e4:77:23:a5:28:00,Auctus II,wpa2,12,14.64669895,121.06048584
2015-08-12 15:00:00,2015-08-12 15:00:00,08:08:c2:bf:fe:29,jaymeister,wpa2,1,14.64651203,121.06076813
2015-07-26 08:00:00,2014-08-13 13:00:00,78:f5:fd:fd:b5:b7,MobileWiFi-b5b7,wpa2,1,14.64657497,121.06082916
2015-07-26 08:00:00,2015-01-22 04:00:00,44:d4:e0:49:c0:9f,Xperia M_6614,wpa2,6,14.64644337,121.06069946
2013-11-06 10:00:00,2013-11-06 12:00:00,40:0e:85:6d:7d:8c,.l.,wpa2,6,14.64675522,121.06048584
2013-04-08 16:00:00,2013-04-08 18:00:00,88:53:d4:d2:0b:20,globe,wpa,1,14.64651012,121.0608902
2017-03-03 15:00:00,2017-03-03 15:00:00,24:1f:a0:5d:38:2b,Find your own wifi,wpa2,9,14.64678955,121.06079102
2015-07-26 08:00:00,2014-05-09 13:00:00,b0:b2:dc:ab:2b:bc,PLDTMyDSLSENDGHdsl,wpa2,11,14.64679241,121.06087494
2013-08-22 07:00:00,2013-08-22 08:00:00,f8:df:a8:36:9e:b0,BARBA,wpa2,6,14.64676189,121.06087494
2017-07-15 09:00:00,2017-07-15 09:00:00,7c:46:85:5b:a6:65,joier,wpa2,6,14.6467638,121.06084442
2017-03-03 15:00:00,2017-03-03 15:00:00,e0:8e:3c:21:38:b7,Jay Sebastian,wpa2,1,14.64677906,121.06082916
2017-03-03 15:00:00,2017-03-03 15:00:00,10:d3:8a:1f:04:ce,kills,wpa2,6,14.64678001,121.06084442
2017-03-03 15:00:00,2017-03-03 15:00:00,e0:8e:3c:21:38:87,PSCSEND,wpa2,1,14.64678955,121.06079102
2017-03-03 15:00:00,2017-03-03 15:00:00,00:13:33:f1:ca:a2,PLDTHOMEDSLAN,wpa2,1,14.64653969,121.06131744
2017-10-26 14:00:00,2017-10-26 14:00:00,fa:8f:ca:51:d7:cd,None,unknown,1,14.64676857,121.06092834
2018-02-16 10:00:00,2018-02-16 10:00:00,e8:cd:2d:7f:11:4d,glyph,wpa2,8,14.64657879,121.06116486
2016-06-05 00:00:00,2016-06-05 00:00:00,e2:2c:b2:ef:50:7c,LA7000Plus,wpa2,7,14.64678288,121.06098175
2016-09-08 03:00:00,2016-09-08 03:00:00,ec:8a:4c:a6:9a:58,SENDGH,wpa2,8,14.64654922,121.06116486
2016-06-05 00:00:00,2016-06-05 00:00:00,00:26:75:f4:70:4d,MHI_office,wpa2,1,14.64665985,121.0610733
2015-07-26 08:00:00,2015-02-16 14:00:00,3c:df:bd:45:a7:22,HUAWEI-E5220-a722,wpa2,6,14.64654541,121.06104279
2013-04-21 09:00:00,2013-04-21 11:00:00,00:02:cf:b2:07:9e,homewifi,wpa,6,14.64673615,121.06130981
2015-07-26 08:00:00,2014-09-22 16:00:00,00:02:6f:94:df:24,RMotel,wpa2,11,14.64670563,121.06090546
2015-07-26 08:00:00,2015-07-26 08:00:00,90:61:0c:19:be:5c,PLDTHOMEDSL,wpa2,11,14.64670086,121.06114197
2013-05-06 15:00:00,2013-05-06 17:00:00,4c:09:b4:a2:6f:0d,bayanDSL,wpa,4,14.64676952,121.06126404
2015-07-26 08:00:00,2015-07-26 08:00:00,50:67:f0:8f:b3:b3,PLDTMyDSLTrojanHorseVirus,wep,1,14.64642334,121.06126404
2016-06-05 00:00:00,2016-06-05 00:00:00,54:22:f8:f1:57:84,bayanDSL,wpa,4,14.64642906,121.06104279
2013-09-25 01:00:00,2013-09-25 03:00:00,02:e0:ff:69:10:42,WLAN,wpa2,10,14.64655781,121.06134033
2013-11-30 07:00:00,2013-11-30 09:00:00,02:11:87:2e:c8:04,Free Public WiFi,none,1,14.64679813,121.0610733
2015-09-16 17:00:00,2015-09-16 17:00:00,38:94:96:a5:d5:c1,arez_meraa@yahoo.com,wpa2,6,14.64677143,121.06112671
2013-08-10 08:00:00,2013-08-10 10:00:00,02:23:15:00:18:12,paolo,wep,11,14.64678192,121.06126404
2015-07-26 08:00:00,2014-10-14 01:00:00,60:21:c0:ad:e1:28,Strawberry Cakes,wpa2,6,14.64646339,121.0610733
2015-08-08 17:00:00,2015-08-08 17:00:00,b2:5b:67:16:10:11,HUAWEI-E5372-1010,wpa2,1,14.64678574,121.06130219
2015-08-12 15:00:00,2015-08-12 15:00:00,f4:dc:f9:32:24:28,markat052109,wpa2,9,14.6467123,121.06129456
2017-07-29 21:00:00,2017-07-29 21:00:00,00:07:26:28:c8:66,PLDTMyDSL,wpa2,11,14.64649296,121.0613327
2015-08-12 15:00:00,2015-01-22 04:00:00,90:1d:27:77:42:a9,Huawei NMS,wpa2,11,14.64627743,121.05748749
2016-02-27 15:00:00,2016-02-27 15:00:00,d0:7a:b5:4c:01:64,she112630,wpa2,6,14.64599323,121.05751801
2013-10-30 11:00:00,2013-10-30 13:00:00,40:4d:8e:6d:0c:bc,GetYourOwnWifi,wpa2,6,14.64611912,121.05737305
2013-10-30 11:00:00,2013-10-30 13:00:00,4c:09:b4:a3:5b:a5,bayanDSL,wpa,1,14.64596462,121.05726624
2016-02-27 15:00:00,2016-02-27 15:00:00,88:53:d4:e7:ea:86,MS-Bing,wpa2,1,14.64635181,121.05738068
2013-10-30 11:00:00,2013-10-30 13:00:00,28:10:7b:55:28:e0,GMC-RA1,wpa2,11,14.64606953,121.05796814
2015-07-26 08:00:00,2015-01-22 04:00:00,00:f4:ee:c2:43:4e,ACE F100,wpa2,6,14.64612103,121.05825043
2015-09-16 17:00:00,2015-08-08 17:00:00,3c:df:bd:c3:b3:c8,HUAWEI-E5220-b3c8,wpa2,6,14.64618969,121.059021
2015-07-26 08:00:00,2014-08-05 14:00:00,60:21:c0:71:b3:45,AndroidAP,wpa2,6,14.64619541,121.05870819
2015-07-26 08:00:00,2015-02-16 14:00:00,a8:a6:68:2f:87:94,bangkok,wpa2,11,14.64628792,121.05879211
2017-06-09 13:00:00,2017-06-09 13:00:00,8c:0e:e3:11:01:f6,FIND7,wpa2,6,14.64634514,121.05918884
2016-02-27 15:00:00,2016-02-27 15:00:00,10:fe:ed:4e:59:9c,_WN Stuff Over Burger,unknown,11,14.64607716,121.05914307
2013-11-06 10:00:00,2013-11-06 12:00:00,38:aa:3c:c9:e5:aa,lhon,wpa2,6,14.64633465,121.05911255
2017-06-09 13:00:00,2017-06-09 13:00:00,24:df:6a:24:79:a1,RAWRRR FACTOR,wpa2,11,14.64633274,121.05922699
2017-06-09 13:00:00,2017-06-09 13:00:00,c8:f2:30:29:07:7f,_Beadel,wpa,6,14.64635372,121.05910492
2017-07-29 21:00:00,2017-07-29 21:00:00,00:1b:2f:e2:2e:ec,saugerties2,wpa2,2,14.64628124,121.05963898
2017-05-07 13:00:00,2017-05-07 13:00:00,00:18:25:03:49:c1,Magiting S2,wpa,3,14.6461668,121.05975342
2017-07-29 21:00:00,2017-07-29 21:00:00,36:69:87:a1:a6:57,neon-s,wpa2,1,14.64630604,121.0598526
2017-04-04 12:00:00,2017-04-04 12:00:00,08:10:73:63:33:68,ACPRINTS,wpa,1,14.64623737,121.05967712
2017-07-29 21:00:00,2017-07-29 21:00:00,5c:f2:86:25:b3:81,Shayne,wpa2,8,14.64628983,121.05982208
2017-07-15 09:00:00,2017-07-15 09:00:00,0c:bd:51:f3:44:7d,ContinuingMandamus,wpa2,11,14.64628315,121.05963898
2017-07-29 21:00:00,2017-07-29 21:00:00,d4:6e:5c:1b:24:c9,HUAWEI-E5220-24c9,wpa2,11,14.64629459,121.05988312
2017-07-15 09:00:00,2017-07-15 09:00:00,ee:1d:7f:ba:36:2d,King Albert,wpa2,1,14.6462574,121.05974579
2017-07-15 09:00:00,2017-07-15 09:00:00,f4:cb:52:8d:4a:32,HUAWEI-4A32,wpa2,4,14.64626884,121.05969238
2017-07-15 09:00:00,2017-07-15 09:00:00,f2:c5:f3:75:36:19,History Has Its Eyes On You,wpa2,6,14.64624405,121.05975342
2013-02-22 16:00:00,2013-02-22 18:00:00,90:18:7c:2b:b7:4e,AndroidAP,wpa2,6,14.64628124,121.05958557
2015-07-26 08:00:00,2015-02-16 14:00:00,4c:09:b4:a6:ca:f3,cosme,wpa,10,14.64622021,121.05990601
2013-03-15 00:00:00,2013-03-15 02:00:00,54:a5:1b:d6:10:c7,SUN Wi-Fi,wep,1,14.64623928,121.05984497
2015-08-12 15:00:00,2015-08-12 15:00:00,00:f7:6f:cc:85:e2,MRS Wi-Fi Network,wpa2,11,14.64613438,121.0597229
2015-07-26 08:00:00,2014-09-01 20:00:00,f0:f0:02:69:92:46,PS3-7553371,wpa,11,14.64602661,121.0595932
2017-06-09 13:00:00,2017-06-09 13:00:00,30:39:26:27:1d:83,bads,wpa2,11,14.64620304,121.05981445
2017-07-29 21:00:00,2017-07-29 21:00:00,4c:60:de:d0:03:ec,None,wpa2,2,14.64629173,121.05955505
2017-07-29 21:00:00,2017-07-29 21:00:00,5c:f2:86:2e:6d:ec,Globe_LTE MIFI_6DEC,wpa2,7,14.64624786,121.05978394
2017-07-15 09:00:00,2017-07-15 09:00:00,98:e7:f5:a3:8f:7d,DMDigs,wpa2,4,14.64628029,121.05964661
2017-07-15 09:00:00,2017-07-15 09:00:00,f0:25:b7:0c:e8:96,Galaxy Note 3,wpa2,11,14.6462841,121.05964661
2017-07-29 21:00:00,2017-07-29 21:00:00,6a:bf:6b:4e:f6:a5,Louie T.?s iPhone,wpa2,6,14.64630604,121.0598526
2017-11-12 16:00:00,2017-07-15 09:00:00,24:df:6a:b3:e3:6a,HUAWEI-E5330-E36A,wpa2,1,14.64629936,121.05957031
2017-07-15 09:00:00,2017-07-15 09:00:00,6e:74:bf:b1:e3:74,Virus,wpa2,1,14.6463089,121.05957031
2017-07-15 09:00:00,2017-07-15 09:00:00,ae:61:ea:ed:67:ef,iPhone,wpa2,1,14.64627075,121.05967712
2017-07-29 21:00:00,2017-07-29 21:00:00,d0:65:ca:92:77:90,HUAWEI-7790,wpa2,5,14.64623737,121.05982971
2017-06-09 13:00:00,2017-06-09 13:00:00,a0:8d:16:cc:3d:e0,Mantol,wpa2,1,14.64611912,121.05989838
2017-07-29 21:00:00,2017-07-29 21:00:00,e0:8e:3c:1a:ed:7f,Cupcakes by Gremlins,wpa2,1,14.64622879,121.05975342
2017-05-07 13:00:00,2017-05-07 13:00:00,00:18:25:03:49:c0,PLDT Smart WiFi Zone,none,3,14.64614105,121.06006622
2017-07-15 09:00:00,2017-07-15 09:00:00,0e:12:62:7f:b3:7c,Pancake,wpa2,6,14.64606857,121.06030273
2017-07-29 21:00:00,2017-07-29 21:00:00,34:8a:7b:4d:38:a2,CM.02.02,wpa2,6,14.64616203,121.06022644
2017-07-29 21:00:00,2017-07-29 21:00:00,e0:a3:ac:da:95:c2,Jets04,wpa2,4,14.64609241,121.0603714
2017-06-09 13:00:00,2017-06-09 13:00:00,aa:a6:68:dd:47:44,baetweeds,wpa2,1,14.64593887,121.06028748
2017-03-03 15:00:00,2017-03-03 15:00:00,20:aa:4b:1d:8b:3c,RedLion,wpa2,6,14.64622879,121.06008911
2015-07-26 08:00:00,2015-02-16 14:00:00,ec:8a:4c:a6:59:18,bayanDSLWiFi_5918,wpa2,1,14.64602852,121.06010437
2013-06-21 12:00:00,2013-06-21 14:00:00,f0:7d:68:97:99:e0,nailtreats_maginahwa,wep,1,14.6460762,121.06019592
2013-07-28 07:00:00,2013-07-28 09:00:00,4c:09:b4:a7:07:2b,aaronwifi,wpa,1,14.64627361,121.06014252
2017-07-15 09:00:00,2017-07-15 09:00:00,00:23:b1:68:e7:8a,frappuccino,wpa2,1,14.64603806,121.06036377
2017-07-29 21:00:00,2017-07-29 21:00:00,34:8a:7b:2e:9c:f2,Keecomatsing,wpa2,6,14.64621449,121.06016541
2017-07-29 21:00:00,2017-07-29 21:00:00,2c:30:33:e6:a4:79,myCure,wpa2,153,14.64603996,121.06027222
2017-07-29 21:00:00,2017-07-29 21:00:00,00:26:75:b7:4c:fa,NailTreats Hand&footspa,wpa2,10,14.64610291,121.06018829
2015-08-12 15:00:00,2015-08-12 15:00:00,f4:3e:61:20:21:83,ANJO,wpa,6,14.64611721,121.06035614
2013-03-11 22:00:00,2013-03-12 00:00:00,f2:d1:a9:a0:cf:81,Benskie,wpa2,2,14.64610767,121.06015015
2017-06-09 13:00:00,2017-06-09 13:00:00,32:10:e4:88:f6:7a,DRG,wpa2,11,14.64594364,121.06034088
2017-06-09 13:00:00,2017-06-09 13:00:00,34:be:00:5f:d0:a4,AndroidA,wpa2,6,14.64596367,121.06023407
2017-06-09 13:00:00,2017-06-09 13:00:00,28:ff:3e:3d:df:25,bayanDSLWIFI_DF25,wpa2,1,14.64594555,121.06030273
2017-07-29 21:00:00,2017-07-29 21:00:00,b4:75:0e:d3:d1:0c,We're All Mad Here,wpa2,1,14.646101,121.06019592
2017-07-15 09:00:00,2017-07-15 09:00:00,34:ba:9a:50:5f:94,Andoks,wpa2,9,14.64604378,121.06031799
2017-07-15 09:00:00,2017-07-15 09:00:00,50:68:0a:bd:69:1e,Cheesering,wpa2,9,14.64613342,121.06018066
2017-07-29 21:00:00,2017-07-29 21:00:00,5c:f2:86:21:fa:f8,grandwinner,wpa2,6,14.646245,121.06001282
2017-06-09 13:00:00,2017-06-09 13:00:00,58:2a:f7:30:32:07,Tinetin,wpa2,11,14.6459446,121.06030273
2017-06-09 13:00:00,2017-06-09 13:00:00,4c:cb:f5:2a:ed:60,bayanDSLWiFi_1994,wpa2,6,14.64595604,121.06025696
2017-07-29 21:00:00,2017-07-29 21:00:00,7c:11:cb:6f:09:09,searching...,wpa2,12,14.64614964,121.06024933
2017-07-29 21:00:00,2017-07-29 21:00:00,9c:5c:8e:a8:d9:16,Blackmamba,wpa2,1,14.64623165,121.06001282
2017-07-15 09:00:00,2017-07-15 09:00:00,cc:79:cf:f2:ed:9a,Mitsubishi Wireless TV 564,unknown,36,14.64603806,121.06036377
2017-06-09 13:00:00,2017-06-09 13:00:00,a6:ba:76:4c:a5:23,huwat,wpa2,6,14.6460104,121.06013489
2017-07-15 09:00:00,2017-07-15 09:00:00,c0:bd:d1:83:a5:96,Valar Morghulis,wpa2,1,14.64603806,121.06036377
2017-07-29 21:00:00,2017-07-29 21:00:00,10:bf:48:b2:97:ac,Zentea,wpa2,11,14.64605141,121.06015778
2017-07-29 21:00:00,2017-07-29 21:00:00,ee:1d:7f:68:14:88,uFi_681488,wpa2,13,14.64591122,121.06061554
2017-07-29 21:00:00,2017-07-29 21:00:00,38:d8:2f:22:3d:48,bayanDSLWiFi_3D48,wpa2,1,14.64597797,121.06061554
2017-03-03 15:00:00,2017-03-03 15:00:00,02:15:99:b6:54:c8,DIRECT-tgSCX-3400,wpa2,1,14.64601612,121.06058502
2017-07-29 21:00:00,2017-07-29 21:00:00,5c:6a:80:1a:25:c7,PLDTMyDSLBiz5G34670,wpa2,52,14.64593315,121.06056213
2015-07-26 08:00:00,2015-01-22 04:00:00,e4:77:23:9d:69:ec,bayanDSLWiFi_69EC,wpa2,13,14.64633179,121.06072998
2013-11-30 07:00:00,2013-11-30 09:00:00,f8:d1:11:39:6c:74,TP-LINK_396C74,wpa2,1,14.64621258,121.06088257
2015-07-26 08:00:00,2015-01-22 04:00:00,08:86:3b:d3:fc:1d,GUEST WIFI,wpa2,11,14.64624214,121.06060028
2013-07-28 07:00:00,2013-07-28 09:00:00,80:22:75:7f:92:d9,vanz wifi,wpa,6,14.64631271,121.06084442
2013-03-15 00:00:00,2013-03-15 02:00:00,54:a5:1b:d6:13:f9,GavinJim Pocket Wifi,wpa,11,14.64601803,121.06044769
2013-07-25 16:00:00,2013-07-25 18:00:00,f2:84:c9:d2:cf:a1,uFi_D2CFA1,wpa2,6,14.64613628,121.06073761
2015-07-26 08:00:00,2014-08-05 14:00:00,fc:c8:97:68:cd:9d,EUGENIAGIRLS,wpa2,1,14.6462574,121.0606308
2017-07-29 21:00:00,2017-07-29 21:00:00,22:a9:0e:80:c5:ad,mione,wpa2,5,14.64605141,121.06052399
2017-07-29 21:00:00,2017-07-29 21:00:00,4e:66:41:41:95:55,Paulgaz10,wpa2,11,14.64600849,121.06045532
2017-07-29 21:00:00,2017-07-29 21:00:00,8e:79:67:98:fe:33,ZTE-MF65M-FE33,wpa2,1,14.64613914,121.06052399
2017-07-29 21:00:00,2017-07-29 21:00:00,80:71:7a:e5:03:54,evian2017,wpa2,1,14.64601231,121.0605011
2017-07-29 21:00:00,2017-07-29 21:00:00,ae:5f:3e:fd:7d:e0,s7EDGIE,wpa2,10,14.64612865,121.06051636
2016-02-27 15:00:00,2016-02-27 15:00:00,24:df:6a:d3:22:2d,LOUVIN,wpa2,4,14.6460638,121.06124115
2016-02-27 15:00:00,2016-02-27 15:00:00,94:a7:b7:26:70:57,bayanDSLWIFI_7057,wpa2,10,14.64605808,121.06119537
2013-04-02 17:00:00,2013-04-02 19:00:00,00:07:ab:2b:65:ec,bemazing,wpa2,6,14.64631557,121.06115723
2016-02-27 15:00:00,2016-02-27 15:00:00,ee:1d:7f:64:70:f9,WifiWifi,wpa2,6,14.64605808,121.06121826
2013-11-06 10:00:00,2013-11-06 12:00:00,98:52:b1:a6:10:ee,Android*arjhon,wpa2,6,14.64635277,121.06130981
2016-02-27 15:00:00,2016-02-27 15:00:00,d2:5b:a8:a7:7d:a0,daniel86cksc,wpa2,1,14.6460638,121.06124115
2016-02-27 15:00:00,2016-02-27 15:00:00,3c:df:bd:0f:04:1b,HUAWEI-E5220-041b,wpa2,1,14.6460638,121.06124115
2015-07-26 08:00:00,2014-04-01 03:00:00,4c:09:b4:a2:19:11,Maranan,wpa,1,14.64607334,121.0612793
2016-02-27 15:00:00,2016-02-27 15:00:00,be:d1:d3:8c:6f:ae,MyPhone Wi-Fi hotspot,wpa2,6,14.64593029,121.06103516
2016-02-27 15:00:00,2016-02-27 15:00:00,94:a7:b7:3d:03:3c,starbucks-maginhawa,wpa2,11,14.6460638,121.06124115
2015-07-26 08:00:00,2014-08-17 14:00:00,00:26:75:d3:25:08,globe,wpa,11,14.64606285,121.06092834
2015-07-26 08:00:00,2014-04-01 03:00:00,00:26:75:ac:7e:a1,bayanDSLWiFi_7EA1,wpa2,1,14.64626122,121.06124878
2015-08-12 15:00:00,2015-08-12 15:00:00,46:91:db:7b:47:31,BaHA-Tys4LjMxekFuZHJvaWQ,wep,1,14.64594364,121.0610199
2016-02-27 15:00:00,2016-02-27 15:00:00,0c:96:bf:43:c6:03,HUAWEI-E5220-c603,wpa2,11,14.64601517,121.06106567
2016-02-27 15:00:00,2016-02-27 15:00:00,0e:12:62:81:27:eb,Sun Wi-Fi_8127EB,wpa2,12,14.6460638,121.06124115
2015-07-26 08:00:00,2015-07-26 08:00:00,68:a0:f6:7b:4a:de,HUAWEI-E5330-4ADE,wpa2,5,14.64603806,121.06092834
2016-02-27 15:00:00,2016-02-27 15:00:00,60:e3:27:6c:45:55,Malto Domain_EXT,wpa2,7,14.64601517,121.0610733
2016-02-27 15:00:00,2016-02-27 15:00:00,f8:01:13:07:99:a1,pixeemje,wpa2,7,14.6460638,121.06124115
2013-08-10 08:00:00,2013-08-10 10:00:00,b2:0e:e2:14:5c:81,Free Public WiFi,none,11,14.64615059,121.06127167
2016-02-27 15:00:00,2016-02-27 15:00:00,aa:a6:68:c0:4b:2b,Smart Bro_C04B2B,wpa2,6,14.6460638,121.06124115
2017-05-07 13:00:00,2017-05-07 13:00:00,70:9f:2d:a0:f1:20,bayanDSLWiFi_F120,wpa2,9,14.64600945,121.06126404
2016-02-27 15:00:00,2016-02-27 15:00:00,e4:77:23:a6:05:98,Chase,wpa2,12,14.64588642,121.05751801
2013-03-11 22:00:00,2013-03-12 00:00:00,fc:c8:97:71:88:24,no wifi,wpa,1,14.64549923,121.05725098
2015-07-26 08:00:00,2014-10-14 01:00:00,e0:cb:ee:b2:8f:95,Samsung Galaxy Tab S,wpa2,6,14.64585209,121.05864716
2015-07-26 08:00:00,2015-02-16 14:00:00,3a:f6:43:8c:64:ef,iPhone,wpa2,1,14.64558792,121.0592804
2015-07-26 08:00:00,2015-07-26 08:00:00,70:72:3c:cf:8b:f4,Bato,wpa2,11,14.64566517,121.05926514
2013-03-15 00:00:00,2013-03-15 02:00:00,ae:fa:ba:65:51:38,Puey's Ipad,wpa2,1,14.64558601,121.05906677
2015-07-26 08:00:00,2015-02-16 14:00:00,40:cb:a8:aa:2b:a5,HUAWEI-E5220-2ba5,wpa2,6,14.64548874,121.05991364
2015-07-26 08:00:00,2014-08-05 14:00:00,fe:9b:9c:94:2c:4e,Panda,wpa2,6,14.64550495,121.05996704
2013-10-02 04:00:00,2013-10-02 06:00:00,b0:b2:dc:74:04:f0,PLDTMyDSLFlowersOfMay,wpa2,11,14.64547634,121.05967712
2015-07-26 08:00:00,2014-09-22 16:00:00,e4:77:23:a5:5b:10,bayanDSLWiFi_5B10,wpa2,12,14.64581013,121.06043243
2017-07-29 21:00:00,2017-07-29 21:00:00,90:5f:2e:67:e0:8d,mysystem1,wpa2,2,14.64570904,121.06082153
2017-07-15 09:00:00,2017-07-15 09:00:00,5c:f2:86:25:8d:aa,Tope,wpa2,7,14.64579105,121.0608902
2017-07-29 21:00:00,2017-07-29 21:00:00,5c:f2:86:23:c8:b2,CanullasWifi,wpa2,11,14.64574051,121.06079865
2015-07-26 08:00:00,2015-07-26 08:00:00,e4:77:23:a6:13:98,bayanDSLWiFi_1398,wpa2,13,14.64548016,121.06083679
2015-07-26 08:00:00,2015-07-26 08:00:00,e8:94:f6:f2:89:20,WN Mandi Persian Grill,unknown,11,14.6458168,121.06074524
2015-07-26 08:00:00,2015-07-26 08:00:00,00:26:75:e3:d2:bc,HELLOW :),wpa,11,14.64587879,121.06069183
2015-07-26 08:00:00,2014-08-17 14:00:00,90:61:0c:0d:a9:0f,PLDTMyDSLluisa,wpa2,11,14.64565849,121.06082916
2015-07-26 08:00:00,2014-09-22 16:00:00,90:61:0c:0e:b2:39,PLDTMyDSL,wpa2,11,14.64583874,121.06060028
2017-06-09 13:00:00,2017-06-09 13:00:00,58:70:c6:fd:7c:de,YICarCam_fd7cde,wpa2,5,14.64552784,121.06083679
2017-06-09 13:00:00,2017-06-09 13:00:00,d2:b3:3f:76:0d:74,B4j3-bGpsZWU,wpa,1,14.64549351,121.06086731
2017-07-29 21:00:00,2017-07-29 21:00:00,3c:1e:04:0b:91:70,Provenciano,wpa2,11,14.64565563,121.06086731
2018-02-16 10:00:00,2018-02-16 10:00:00,00:26:75:ca:b5:f0,globe,wpa,11,14.64571667,121.06066132
2017-07-29 21:00:00,2017-07-29 21:00:00,7a:e8:b6:d4:11:58,uFi_D41158,wpa2,11,14.64571953,121.0606842
2017-07-29 21:00:00,2017-07-29 21:00:00,d4:40:f0:f6:c4:28,GLOBE TATTO,wpa2,5,14.64587593,121.06059265
2017-07-29 21:00:00,2017-07-29 21:00:00,aa:a6:68:2d:19:c7,Wifi,wpa2,13,14.64572239,121.06080627
2017-07-29 21:00:00,2017-07-29 21:00:00,e4:7d:eb:01:dd:5a,LBS CAMERA,wpa2,4,14.64582443,121.06060791
2017-06-09 13:00:00,2017-06-09 13:00:00,a8:a6:68:e0:1a:38,Sexystoner,wpa2,6,14.64586449,121.06126404
2015-07-26 08:00:00,2014-08-17 14:00:00,90:1d:27:18:f7:fa,F.R.Y.M,wpa2,11,14.64566135,121.06091309
2016-12-06 15:00:00,2016-12-06 15:00:00,f2:99:bf:6e:2d:48,Rosette's iPhone,wpa2,1,14.64554501,121.06090546
2015-07-26 08:00:00,2015-07-26 08:00:00,88:9b:39:1a:0f:54,Tracer Juan,wpa2,6,14.64553165,121.06091309
2013-06-21 12:00:00,2013-06-21 14:00:00,90:f6:52:30:dd:42,Virus Detected,wpa2,1,14.64583588,121.06098175
2015-08-12 15:00:00,2015-08-12 15:00:00,be:4c:c4:dd:c5:4a,i6plus2,wpa2,1,14.6458149,121.06095886
2015-07-26 08:00:00,2015-07-26 08:00:00,14:b9:68:2f:60:31,MobileWiFi-6031,wpa2,6,14.64546871,121.06104279
2013-04-02 17:00:00,2013-04-02 19:00:00,7a:a3:e4:72:06:67,Jiggs Basa,wpa2,2,14.64546585,121.06093597
2015-07-26 08:00:00,2015-07-26 08:00:00,40:6f:2a:f7:3d:45,123abc,wpa2,6,14.64589214,121.06091309
2013-06-21 12:00:00,2013-06-21 14:00:00,7e:fa:df:72:52:e2,MIKOY,wpa2,1,14.64583683,121.06097412
2015-08-12 15:00:00,2015-08-12 15:00:00,5e:f9:6a:b3:42:29,SMART-BRO-34228,wpa,6,14.64570332,121.06095886
2013-04-19 14:00:00,2013-04-19 16:00:00,b0:b2:dc:80:6f:74,PLDTMyDSLAlex,wpa2,11,14.6458168,121.06130981
2015-07-26 08:00:00,2014-08-17 14:00:00,f0:72:8c:ee:35:8d,Jesus,wpa2,6,14.6455183,121.06097412
2015-07-26 08:00:00,2015-02-16 14:00:00,f0:7d:68:47:4c:1c,RTJ,wpa2,10,14.64576244,121.06134033
2013-03-11 22:00:00,2013-03-12 00:00:00,58:6d:8f:08:98:0b,ZAGALA,wpa2,6,14.64508152,121.05726624
2017-07-15 09:00:00,2017-07-15 09:00:00,60:02:92:4d:88:1f,adda13,wpa2,11,14.64535332,121.05780029
2015-08-12 15:00:00,2015-08-12 15:00:00,d4:6e:5c:1b:91:28,Revenger,wpa2,1,14.64529991,121.05995178
2015-07-26 08:00:00,2014-10-14 01:00:00,3c:df:bd:03:6b:17,Star Allen Walker,wpa2,6,14.6453886,121.06006622
2015-07-26 08:00:00,2015-07-26 08:00:00,ee:29:f5:07:f1:4a,iPhone,wpa2,1,14.64545536,121.0605011
2013-07-28 07:00:00,2013-07-28 09:00:00,40:4d:8e:6c:b3:0a,Tattoo,wep,1,14.64527607,121.06080627
2013-03-26 12:00:00,2013-03-26 14:00:00,02:11:87:28:18:06,wireless,wep,1,14.64529514,121.06048584
2015-07-26 08:00:00,2014-08-17 14:00:00,50:9f:27:08:82:a8,covimyx,wpa2,6,14.64523792,121.06060791
2013-06-21 12:00:00,2013-06-21 14:00:00,62:b3:95:81:85:6f,Abi Brabante,wpa2,1,14.64510918,121.06089783
2013-11-30 07:00:00,2013-11-30 09:00:00,50:9f:27:47:77:3e,robin,wpa2,6,14.64536381,121.06072998
2015-07-26 08:00:00,2015-01-22 04:00:00,f4:6d:e2:e3:ea:40,uFi_E3EA40,wpa2,1,14.64533043,121.0608902
2013-03-01 11:00:00,2013-03-01 13:00:00,e4:7c:f9:56:a4:9a,SEC_LinkShare_373098,wpa2,11,14.64545441,121.06098175
2015-07-26 08:00:00,2015-07-26 08:00:00,f2:c1:f1:0f:95:85,Cates5C,wpa2,1,14.64540958,121.06102753
2013-04-19 14:00:00,2013-04-19 16:00:00,2c:26:c5:18:02:a0,bayanDSL,wpa,2,14.64533234,121.06098938
2013-11-10 14:00:00,2013-11-10 16:00:00,38:46:08:f2:eb:04,spiderman,wpa,10,14.64510727,121.06101227
2015-08-12 15:00:00,2015-08-12 15:00:00,3c:df:bd:27:e1:80,Red Room Wifi,wpa2,6,14.64541626,121.06099701
2013-06-21 12:00:00,2013-06-21 14:00:00,e0:46:9a:47:8f:14,virusalert,wpa2,2,14.64532948,121.06102753
2015-07-26 08:00:00,2014-08-05 14:00:00,e0:cb:4e:65:7e:3c,ultimate,wpa2,6,14.64523983,121.06090546
2015-07-26 08:00:00,2015-07-26 08:00:00,08:63:61:cf:75:23,ano ka siniswerte buy your own,wpa2,5,14.64540958,121.06102753
2015-07-26 08:00:00,2014-08-17 14:00:00,40:6a:ab:4f:82:78,Mobile Hotspot 6893,wpa2,6,14.64532185,121.06100464
2013-11-10 14:00:00,2013-11-10 16:00:00,38:46:08:f2:e7:ac,bayanDSL,wpa,1,14.6450367,121.06095123
2015-07-26 08:00:00,2015-07-26 08:00:00,70:72:3c:92:e4:fb,Dealvia,wpa2,10,14.64536285,121.06098938
2017-07-29 21:00:00,2017-07-29 21:00:00,5c:f2:86:25:7f:00,AidzOfBassSincopado,wpa2,9,14.64527798,121.06097412
2015-07-26 08:00:00,2015-07-26 08:00:00,08:fd:0e:79:3c:1b,MYKGLOBE_SU,wpa2,6,14.64536285,121.06098938
2013-04-02 17:00:00,2013-04-02 19:00:00,94:39:e5:dc:41:a9,Connectify-me,wpa2,11,14.64537525,121.06093597
2013-02-10 05:00:00,2013-02-10 07:00:00,8a:ef:52:bf:dc:08,bertsss_cs16,none,1,14.64544773,121.06104279
2017-07-29 21:00:00,2017-07-29 21:00:00,f0:d1:a9:11:39:1c,Jomel's Wi-Fi Network,wpa2,11,14.64518452,121.06100464
2015-07-26 08:00:00,2014-08-05 14:00:00,f4:3e:61:20:13:e9,telcute,wpa2,6,14.64540482,121.06103516
2013-12-09 15:00:00,2013-12-09 17:00:00,b0:b2:dc:47:01:b8,PLDTMyDSL,wpa2,11,14.64506054,121.0610733
2016-12-06 15:00:00,2016-12-06 15:00:00,f0:79:59:2a:26:e0,Crazy,wpa2,6,14.6453104,121.06092834
2013-06-21 12:00:00,2013-06-21 14:00:00,be:92:6b:51:31:63,iPad,wpa2,1,14.64530563,121.06109619
2013-11-30 07:00:00,2013-11-30 09:00:00,fc:f5:28:3d:36:14,PLDTMyDSL,wpa2,11,14.6454258,121.06095886
2017-07-29 21:00:00,2017-07-29 21:00:00,f4:9f:f3:62:40:e6,HUAWEI-E5373-40E6,wpa2,6,14.64541054,121.06096649
2013-03-11 22:00:00,2013-03-12 00:00:00,00:26:5c:53:e5:12,PS3-3913151,wpa,6,14.6447649,121.05736542
2013-03-11 22:00:00,2013-03-12 00:00:00,4c:ac:0a:88:96:fb,PLDTMyDSL,wpa2,11,14.64499569,121.05727386
2013-11-10 14:00:00,2013-11-10 16:00:00,d2:b3:3f:dc:7e:79,budoy,wpa2,4,14.64495087,121.06085968
2017-07-29 21:00:00,2017-07-29 21:00:00,90:e6:ba:85:bd:a6,survivor,wpa2,1,14.64489651,121.06082916
2013-03-24 10:00:00,2013-03-24 12:00:00,bc:20:a4:1e:7b:1e,Asa ka may bayad to ok,wpa2,6,14.6449461,121.06089783
2017-07-29 21:00:00,2017-07-29 21:00:00,24:df:6a:70:74:46,navigator,wpa2,5,14.6448946,121.06104279
2013-11-30 07:00:00,2013-11-30 09:00:00,00:04:ed:d3:64:2a,Premiera Dentista,wpa,1,14.64499474,121.06097412
2017-07-29 21:00:00,2017-07-29 21:00:00,f0:98:38:07:58:34,unit102,wpa2,8,14.64490318,121.06105042
2013-11-23 04:00:00,2013-11-23 06:00:00,f8:df:a8:30:78:01,bietinhaia0416,wpa2,1,14.64474106,121.06119537
2013-12-09 15:00:00,2013-12-09 17:00:00,84:c9:b2:a9:30:d0,altavas,wpa2,9,14.64489937,121.06118774
2013-11-30 07:00:00,2013-11-30 09:00:00,38:46:08:04:96:b4,CMP,wpa2,1,14.64462757,121.06104279
2017-07-29 21:00:00,2017-07-29 21:00:00,4c:81:20:92:06:02,Tsim Sha Tsui,wpa2,11,14.64499378,121.06105042
2016-12-06 15:00:00,2016-12-06 15:00:00,6a:14:01:3b:f8:6c,DIRECT-St-BRAVIA,wpa2,11,14.64494514,121.06095123
2017-07-29 21:00:00,2017-07-29 21:00:00,fa:8f:ca:39:ee:f0,None,unknown,1,14.64496422,121.06104279
2018-02-16 10:00:00,2018-02-16 10:00:00,cc:06:77:6e:c8:58,Heets Net Cafe,wpa2,5,14.64470005,121.06098175
2018-02-16 10:00:00,2018-02-16 10:00:00,0e:41:58:00:f4:f8,BlackZoneNorth,wpa2,1,14.64470005,121.06098175
2018-02-16 10:00:00,2018-02-16 10:00:00,6c:3b:6b:ad:9e:9d,MikroTik-Dynadish-A,wpa2,56,14.64463711,121.06098175
2013-03-11 22:00:00,2013-03-12 00:00:00,fc:c8:97:68:cf:68,bayanDSL,wpa,11,14.64450645,121.05741119
2015-07-26 08:00:00,2014-09-22 16:00:00,d0:22:be:20:0d:89,bakamakaconnectka?,wpa2,6,14.64453793,121.05926514
2015-07-26 08:00:00,2015-01-22 04:00:00,f0:25:b7:4e:69:04,Jet Note 3,wpa2,6,14.64443207,121.06021118
2013-02-09 13:00:00,2013-02-09 15:00:00,00:04:ed:d3:8e:80,redapple,wpa,1,14.64422321,121.0612793
2016-12-06 15:00:00,2016-12-06 15:00:00,f8:d1:11:32:94:e0,R2RS,wpa2,6,14.64431381,121.06101227
2013-04-14 12:00:00,2013-04-14 14:00:00,90:f6:52:32:51:4a,COLECarea4,wpa2,6,14.644207,121.0611496
2013-11-30 07:00:00,2013-11-30 09:00:00,4c:72:b9:b2:db:21,mona's bakeshop,wpa2,1,14.64435577,121.06105804
2017-07-29 21:00:00,2017-07-29 21:00:00,5c:f2:86:23:fe:94,anti_social_kiwi,wpa2,7,14.6442728,121.06116486
2013-11-30 07:00:00,2013-11-30 09:00:00,62:b3:95:87:a1:7c,KATHY i5,wpa2,1,14.64442921,121.0610199
2016-12-06 15:00:00,2016-12-06 15:00:00,8e:79:67:81:3d:20,Smart Bro_813D20,wep,1,14.64432526,121.06099701
2016-12-06 15:00:00,2016-12-06 15:00:00,ea:08:8b:58:93:f5,I Like Warm Hugs,wpa2,6,14.64436817,121.06099701
2015-08-12 15:00:00,2015-08-12 15:00:00,40:6f:2a:3b:53:57,Mobile Hotspot 5571,wpa2,6,14.64382267,121.05976105
2013-12-01 02:00:00,2013-12-01 04:00:00,90:94:e4:b0:8a:64,gae-conference1,wpa2,5,14.64377785,121.06104279
2013-12-01 02:00:00,2013-12-01 04:00:00,00:0b:86:f2:fb:40,Bayan Guest,none,11,14.64372349,121.06105804
2013-04-14 12:00:00,2013-04-14 14:00:00,90:61:0c:05:b8:b9,PLDTMyDSL,wpa2,11,14.64399242,121.06101227
2013-12-01 02:00:00,2013-12-01 04:00:00,90:f6:52:c5:1e:09,PDM WiFI,wpa2,11,14.6437273,121.06104279
2016-05-09 11:00:00,2016-05-09 11:00:00,e0:8e:3c:04:b0:87,bayanDSLWIFI_B087,wpa2,3,14.64384174,121.06118774
2017-09-30 02:00:00,2017-09-30 02:00:00,e0:8e:3c:1f:cc:cb,R2RS,wpa2,1,14.64401913,121.06119537
2013-04-14 12:00:00,2013-04-14 14:00:00,00:30:4f:73:95:1c,default,wpa,11,14.64404583,121.06105042
2013-04-14 12:00:00,2013-04-14 14:00:00,b4:b3:62:5e:07:1c,AlexisNicole,wpa2,1,14.64403915,121.06112671
2013-11-23 04:00:00,2013-11-23 06:00:00,bc:79:ad:a2:ee:83,do123,wpa2,6,14.64410973,121.06105042
2013-03-24 10:00:00,2013-03-24 12:00:00,f2:cb:a1:62:6b:0a,Xavier Ryan Singh?s iPhone,wpa2,1,14.64388657,121.06104279
2018-02-16 10:00:00,2018-02-16 10:00:00,e0:8e:3c:22:4e:db,PGS-UNICEF,wpa2,1,14.64386177,121.06103516
2013-03-11 22:00:00,2013-03-12 00:00:00,00:86:11:0a:1c:46,dd-wrt,wpa,6,14.64332008,121.05787659
2015-09-16 17:00:00,2015-09-16 17:00:00,aa:a6:68:2f:9c:44,Smart Bro_2F9C44,wpa2,6,14.64351082,121.05979156
2013-03-24 10:00:00,2013-03-24 12:00:00,e8:40:f2:da:b0:82,henrys' grille,wpa,6,14.64330578,121.06098938
2016-12-06 15:00:00,2016-12-06 15:00:00,e6:8d:8c:5d:2b:d3,PCSO,unknown,6,14.64338493,121.0610733
2017-09-30 02:00:00,2017-09-30 02:00:00,00:0b:86:f3:16:22,IMBayan,none,11,14.64322853,121.06104279
2013-12-01 02:00:00,2013-12-01 04:00:00,90:94:e4:a6:52:2a,dlink,wpa2,10,14.64360619,121.06106567
2013-11-30 07:00:00,2013-11-30 09:00:00,00:0b:86:f3:14:62,IMBayan,none,6,14.64325714,121.06097412
2013-12-01 02:00:00,2013-12-01 04:00:00,00:0b:86:f3:15:22,IMBayan,none,11,14.64355469,121.06106567
2016-12-06 15:00:00,2016-12-06 15:00:00,e6:8d:8c:5d:2b:d2,Globo-Guest,unknown,6,14.64361954,121.06105042
2013-04-21 09:00:00,2013-04-21 11:00:00,38:46:08:e4:86:18,raznet,wpa,3,14.64353561,121.06098938
2013-09-25 01:00:00,2013-09-25 03:00:00,f8:01:13:7f:b6:3f,wenagbet,wpa2,6,14.6431675,121.05793762
2013-03-11 22:00:00,2013-03-12 00:00:00,fc:c8:97:68:da:3c,MidnightOwl,wpa,1,14.64279842,121.05809021
2013-03-11 22:00:00,2013-03-12 00:00:00,90:61:0c:08:84:42,PLDTMyDSL,wpa2,11,14.64276505,121.05838013
2016-12-06 15:00:00,2016-12-06 15:00:00,b0:b2:dc:46:0e:60,PLDTMyDSL,wpa2,11,14.64279652,121.05893707
2013-03-11 22:00:00,2013-03-12 00:00:00,ba:73:b9:73:b9:73,Free Public WiFi,none,11,14.64280224,121.05942535
2016-12-06 15:00:00,2016-12-06 15:00:00,e8:08:8b:c0:6e:65,VITTORIO,wpa2,1,14.64285374,121.05937195
2016-12-06 15:00:00,2016-12-06 15:00:00,90:f6:52:65:8f:66,JOMER-LAPTOP_Network,wpa2,4,14.64285374,121.05937195
2013-03-11 22:00:00,2013-03-12 00:00:00,ac:81:12:af:34:95,NailSpa&Co.,wpa,11,14.64279461,121.05934906
2016-12-06 15:00:00,2016-12-06 15:00:00,aa:a6:68:b4:7f:d3,RIA.LORAINE,wpa2,1,14.6428318,121.05917358
2013-03-11 22:00:00,2013-03-12 00:00:00,4c:e6:76:34:ec:60,roxas-G-TKIP,wpa,6,14.64285564,121.05975342
2013-03-11 22:00:00,2013-03-12 00:00:00,4c:e6:76:34:ec:61,roxas-G-AES,wpa,6,14.64285374,121.05975342
2013-03-11 22:00:00,2013-03-12 00:00:00,4c:e6:76:34:ec:62,roxas-G-WEP,wep,6,14.64285374,121.05975342
2013-03-11 22:00:00,2013-03-12 00:00:00,f4:c7:14:8a:ef:68,Tattoo,wpa,1,14.64284611,121.05953217
2013-11-30 07:00:00,2013-11-30 09:00:00,90:61:0c:0d:3c:93,PLDTMyDSL_Hector,wpa2,11,14.6428175,121.06034851
2013-11-30 07:00:00,2013-11-30 09:00:00,2c:26:c5:16:fa:24,bayanDSL,wpa,1,14.64285755,121.0603714
2013-03-11 22:00:00,2013-03-12 00:00:00,4c:09:b4:a7:01:2f,PMMG Enterprises,wpa,1,14.64288712,121.06038666
2013-11-30 07:00:00,2013-11-30 09:00:00,58:6d:8f:89:8e:26,Rosey,wpa2,6,14.64280987,121.06014252
2016-12-06 15:00:00,2016-12-06 15:00:00,e0:8e:3c:1a:49:b3,Aldbeth,wpa2,1,14.64291,121.06017303
2013-03-11 22:00:00,2013-03-12 00:00:00,1c:7e:e5:fd:2c:52,dlink,none,9,14.64289284,121.06021881
2013-04-14 12:00:00,2013-04-14 14:00:00,74:ea:3a:ae:ba:e8,Deng,wep,5,14.6429081,121.0602951
2016-12-06 15:00:00,2016-12-06 15:00:00,00:26:75:f4:48:b9,DNPE,wpa2,11,14.64293671,121.06053925
2013-04-14 12:00:00,2013-04-14 14:00:00,00:0b:86:f3:13:c2,IMBayan,none,11,14.64308643,121.06086731
2013-04-14 12:00:00,2013-04-14 14:00:00,38:aa:3c:da:15:1d,AndroidAP,wpa2,6,14.64295292,121.06047821
2013-04-14 12:00:00,2013-04-14 14:00:00,00:0b:86:f1:97:c2,IMBayan,none,11,14.64291382,121.06098175
2013-04-14 12:00:00,2013-04-14 14:00:00,00:0b:86:f3:14:21,Bayan Wi-Fi+,wpa,11,14.6429739,121.06098938
2017-09-30 02:00:00,2017-09-30 02:00:00,00:0b:86:f3:16:31,None,wpa,140,14.64311409,121.06108093
2013-11-30 07:00:00,2013-11-30 09:00:00,00:0b:86:f3:0f:60,Bayan Guest,none,11,14.64299202,121.06096649
2013-10-30 11:00:00,2013-10-30 13:00:00,00:0b:86:f3:0f:61,Bayan Wi-Fi+,wpa,11,14.64295769,121.06105042
2017-09-30 02:00:00,2017-09-30 02:00:00,00:0b:86:f3:16:30,Bayan Guest,unknown,140,14.64311409,121.06108093
2017-09-30 02:00:00,2017-09-30 02:00:00,00:0b:86:f3:16:32,None,unknown,140,14.64311409,121.06108093
2017-09-30 02:00:00,2017-09-30 02:00:00,34:ba:9a:52:b1:8a,MPW-SmartBro,wpa2,4,14.64311409,121.06108093
2015-07-26 08:00:00,2015-02-16 14:00:00,aa:a6:68:28:87:8a,N,wpa2,6,14.64305782,121.06113434
2016-12-06 15:00:00,2016-12-06 15:00:00,90:61:0c:2e:c9:77,None,wpa2,1,14.64270973,121.05766296
2016-12-06 15:00:00,2016-12-06 15:00:00,2c:26:c5:16:d0:b8,cclaw,wpa,1,14.64270973,121.05766296
2016-12-06 15:00:00,2016-12-06 15:00:00,7e:01:91:d0:63:3f,6S+MAN,wpa2,1,14.64271545,121.05773926
2016-12-06 15:00:00,2016-12-06 15:00:00,5c:f2:86:24:f3:fe,souldierboy,wpa2,7,14.64270973,121.05766296
2016-12-06 15:00:00,2016-12-06 15:00:00,00:90:0e:06:22:98,Z-Compound WiFi,unknown,6,14.64276314,121.05856323
2017-12-02 08:00:00,2017-01-29 18:00:00,5c:f2:86:2b:8a:53,Globe_LTE MIFI_8A53,wpa2,8,14.64169598,121.0585022
