Total APs,351
Fiber,25
GPS Time,Time,MAC,SSID,Encryption,RSSI,Channel,Manufacturer,AP Type,Latitude,Longitude
2018-05-15 11:03:50,2018-05-15 03:03:50.626141,f0:8c:fb:81:67:98,SPHYRONETCAFE,WPA2/WPA,-72,13,Fiberhom,Fiber,14.697957,121.094625
2018-05-15 11:05:54,2018-05-15 03:05:54.940558,cc:06:77:d8:01:28,PLDTHOMEFIBR80128,WPA2/WPA,-68,10,Fiberhom,Fiber,14.697257,121.093953
2018-05-15 11:06:22,2018-05-15 03:06:22.667136,cc:06:77:5b:a5:00,Kyla,WPA2/WPA,-86,11,Fiberhom,Fiber,14.697015,121.094042
2018-05-15 11:04:08,2018-05-15 03:04:08.811949,bc:c0:0f:20:63:68,PLDTHOMEFIBR06368,WPA2/WPA,-80,6,Fiberhom,Fiber,14.697673,121.094438
2018-05-15 11:05:27,2018-05-15 03:05:27.871928,74:cc:39:88:90:10,PLDTHOMEFIBR89010,WPA2/WPA,-69,11,Fiberhom,Fiber,14.697408,121.094180
2018-05-15 11:04:40,2018-05-15 03:04:40.856181,f0:8c:fb:81:67:99,xNonex,OPN,-91,13,Fiberhom,Fiber,14.697433,121.094198
2018-05-15 11:05:22,2018-05-15 03:05:23.658576,bc:c0:0f:be:75:f8,xNonex,WPA2/WPA,-89,1,Fiberhom,Fiber,14.697418,121.094183
2018-05-15 11:08:29,2018-05-15 03:08:30.009157,74:cc:39:c9:f4:b0,PLDTHOMEFIBR9f4b0,WPA2/WPA,-33,6,Fiberhom,Fiber,14.696550,121.094560
2018-05-15 11:09:31,2018-05-15 03:09:32.549627,74:cc:39:88:90:68,PLDTHOMEFIBR89068,WPA2/WPA,-85,2,Fiberhom,Fiber,14.696822,121.094277
2018-05-15 11:09:15,2018-05-15 03:09:16.283952,74:cc:39:8c:8a:08,AKCTRAVELANDTOURS,WPA2,-66,8,Fiberhom,Fiber,14.696727,121.094395
2018-05-15 11:07:02,2018-05-15 03:07:02.371598,74:cc:39:bb:bb:10,BAWAL NA CONNECT!,WPA2/WPA,-73,4,Fiberhom,Fiber,14.696755,121.094425
2018-05-15 11:08:36,2018-05-15 03:08:36.717638,74:cc:39:88:97:90,xNonex,WPA2/WPA,-70,9,Fiberhom,Fiber,14.696582,121.094527
2018-05-15 11:08:31,2018-05-15 03:08:32.190960,18:a3:e8:1f:86:10,PLDTHOMEFIBR_1f8610,WPA2,-89,7,Fiberhom,Fiber,14.696570,121.094538
2018-05-15 11:08:31,2018-05-15 03:08:32.304579,18:a3:e8:1e:b2:10,xNonex,WPA2/WPA,-90,7,Fiberhom,Fiber,14.696570,121.094538
2018-05-15 11:15:33,2018-05-15 03:15:34.529473,74:cc:39:88:9d:08,Nes,WPA2/WPA,-44,4,Fiberhom,Fiber,14.700077,121.090852
2018-05-15 11:12:14,2018-05-15 03:12:15.338154,d0:04:92:01:a5:a8,PLDTHOMEFIBR_01a5a8,WPA2/WPA,-86,7,Fiberhom,Fiber,14.698350,121.092778
2018-05-15 11:11:57,2018-05-15 03:11:58.909590,74:cc:39:8b:cc:d0,hackmonakupal,WPA2/WPA,-91,9,Fiberhom,Fiber,14.698172,121.092958
2018-05-15 11:11:43,2018-05-15 03:11:44.390432,bc:c0:0f:c9:88:90,PLDTHOMEFIBR98890,WPA2/WPA,-79,11,Fiberhom,Fiber,14.698028,121.093093
2018-05-15 11:13:58,2018-05-15 03:13:59.391406,74:cc:39:30:b2:78,PLDTHOMEFIBR_sicangco,WPA2/WPA,-47,1,Fiberhom,Fiber,14.699297,121.091862
2018-05-15 11:14:07,2018-05-15 03:14:08.029359,d0:04:92:01:a3:88,PLDTHOMEFIBR_01a388,WPA2/WPA,-71,9,Fiberhom,Fiber,14.699357,121.091773
2018-05-15 11:14:28,2018-05-15 03:14:29.599241,cc:06:77:b3:b9:10,PLDTHOMEFIBR_Simon,WPA2/WPA,-72,11,Fiberhom,Fiber,14.699558,121.091593
2018-05-15 11:15:48,2018-05-15 03:15:49.223780,74:cc:39:3c:f4:d8,PLDTHOMEFIBR_3cf4d8,WPA2/WPA,-50,12,Fiberhom,Fiber,14.700143,121.090653
2018-05-15 11:16:53,2018-05-15 03:16:54.482879,cc:06:77:d6:2d:f0,xNonex,WPA2/WPA,-58,4,Fiberhom,Fiber,14.700315,121.089763
2018-05-15 11:16:57,2018-05-15 03:16:58.772887,d0:04:92:11:8b:60,PLDTHOMEFIBRCRUZWIFI,WPA2/WPA,-89,8,Fiberhom,Fiber,14.700317,121.089708
2018-05-15 11:17:25,2018-05-15 03:17:26.016212,bc:c0:0f:1f:f1:e8,thorjack4504,WPA2/WPA,-77,3,Fiberhom,Fiber,14.700297,121.089318
""
Broadband,48
GPS Time,Time,MAC,SSID,Encryption,RSSI,Channel,Manufacturer,AP Type,Latitude,Longitude
2018-05-15 11:03:46,2018-05-15 03:03:46.831110,90:61:0c:2f:3a:ad,PLDTHOMEDSL15021,WPA2/WPA,-79,1,FidaInte,Broadband,14.697973,121.094678
2018-05-15 11:04:46,2018-05-15 03:04:47.120447,88:d2:74:86:b2:f3,bayanDSLWIFI_B2F3,WPA2/WPA,-78,5,Zte,Broadband,14.697393,121.094198
2018-05-15 11:06:16,2018-05-15 03:06:16.801199,8c:68:c8:c0:1d:01,bayanDSLWIFI_1D01,WPA2/WPA,-62,11,None,Broadband,14.697068,121.094010
2018-05-15 11:04:20,2018-05-15 03:04:21.064749,60:31:97:11:51:cd,PLDTMyDSLBiz51CC0,WPA2/WPA,-80,13,ZyxelCom,Broadband,14.697545,121.094322
2018-05-15 11:04:01,2018-05-15 03:04:02.486750,90:61:0c:39:fc:7e,PLDTHOMEDSL~Geralde,WPA2/WPA,-78,1,FidaInte,Broadband,14.697748,121.094495
2018-05-15 11:05:42,2018-05-15 03:05:42.846760,8c:68:c8:c0:23:4c,bayanDSLWIFI_234C,WPA2/WPA,-69,1,None,Broadband,14.697325,121.094048
2018-05-15 11:04:03,2018-05-15 03:04:04.013797,28:ff:3e:3d:e7:35,bayanDSLWIFI_E735,WPA2/WPA,-90,1,Zte,Broadband,14.697722,121.094475
2018-05-15 11:09:43,2018-05-15 03:09:44.414679,00:13:33:d0:76:f2,PLDTHOMEDSLMakMak0021,WPA2/WPA,-91,11,Baudtec,Broadband,14.696932,121.094168
2018-05-15 11:11:06,2018-05-15 03:11:07.373479,9c:6f:52:35:13:e6,bayanDSLWIFI_13E6,WPA2/WPA,-56,1,Zte,Broadband,14.697705,121.093465
2018-05-15 11:10:42,2018-05-15 03:10:43.184928,90:61:0c:35:1a:86,PLDTHOMEDSL06790,WPA2/WPA,-59,10,FidaInte,Broadband,14.697462,121.093717
2018-05-15 11:07:17,2018-05-15 03:07:18.583096,90:61:0c:0e:50:6a,PLDTMyDSL (Unavailable),WPA2/WPA,-71,11,FidaInte,Broadband,14.696602,121.094573
2018-05-15 11:06:27,2018-05-15 03:06:28.210930,88:d2:74:86:b2:c4,bayanDSLWIFI_B2C4,WPA2/WPA,-86,1,Zte,Broadband,14.696967,121.094082
2018-05-15 11:07:01,2018-05-15 03:07:01.627982,e0:8e:3c:2f:be:29,bayanDSLWIFI_BE29,WPA2/WPA,-62,1,AztechEl,Broadband,14.696748,121.094417
2018-05-15 11:07:29,2018-05-15 03:07:30.335832,88:d2:74:86:b7:ad,bayanDSLWIFI_B7AD,WPA2/WPA,-84,5,Zte,Broadband,14.696448,121.094687
2018-05-15 11:07:27,2018-05-15 03:07:28.327091,4c:81:20:97:e7:e4,PLDTHOMEDSL7E7E4,WPA2/WPA,-86,6,TaicangT,Broadband,14.696470,121.094667
2018-05-15 11:07:54,2018-05-15 03:07:55.200419,00:26:75:ac:88:60,bayanDSLWiFi_8860,WPA2/WPA,-86,11,AztechEl,Broadband,14.696327,121.094768
2018-05-15 11:11:23,2018-05-15 03:11:24.222105,94:a7:b7:26:68:9c,BayanDSL,WPA2/WPA,-88,11,Zte,Broadband,14.697848,121.093298
2018-05-15 11:11:46,2018-05-15 03:11:46.941279,94:46:96:17:5d:26,PLDTHOMEDSLFYFY0,WPA2/WPA,-62,1,Baudtec,Broadband,14.698048,121.093067
2018-05-15 11:11:03,2018-05-15 03:11:04.198451,00:13:33:dd:ee:85,PLDTHOMEDSL,WPA2/WPA,-72,11,Baudtec,Broadband,14.697683,121.093493
2018-05-15 11:11:59,2018-05-15 03:12:00.424613,94:46:96:15:d8:25,PLDTHOMEDSLCECI0,WPA2/WPA,-83,10,Baudtec,Broadband,14.698193,121.092933
2018-05-15 11:12:01,2018-05-15 03:12:01.828574,e0:8e:3c:1b:b1:0b,bayanDSLWIFI_B10B,WPA2/WPA,-88,11,AztechEl,Broadband,14.698227,121.092912
2018-05-15 11:12:23,2018-05-15 03:12:24.304424,38:d8:2f:22:84:08,bayanDSLWiFi_8408,WPA2/WPA,-81,1,Zte,Broadband,14.698428,121.092710
2018-05-15 11:12:19,2018-05-15 03:12:20.535083,00:13:33:c6:84:63,PLDTHOMEDSL,WPA2/WPA,-87,11,Baudtec,Broadband,14.698388,121.092753
2018-05-15 11:12:24,2018-05-15 03:12:25.053935,90:61:0c:3a:43:b8,PLDTHOMEDSL13562,WPA2/WPA,-90,1,FidaInte,Broadband,14.698435,121.092702
2018-05-15 11:13:33,2018-05-15 03:13:34.058300,90:61:0c:35:c0:2e,PLDTHOMEDSL49198,WPA2/WPA,-75,11,FidaInte,Broadband,14.699058,121.092092
2018-05-15 11:13:27,2018-05-15 03:13:28.534968,00:13:33:d9:9f:ea,PLDTHOMEDSL,WPA2/WPA,-87,7,Baudtec,Broadband,14.699005,121.092140
2018-05-15 11:13:01,2018-05-15 03:13:02.201052,90:61:0c:3a:34:65,PLDTHOMEDSL13413,WPA2/WPA,-94,1,FidaInte,Broadband,14.698767,121.092370
2018-05-15 11:13:42,2018-05-15 03:13:42.865706,9c:6f:52:35:07:d5,bayanDSLWIFI_07D5,WPA2/WPA,-72,2,Zte,Broadband,14.699125,121.092013
2018-05-15 11:14:24,2018-05-15 03:14:25.406064,90:61:0c:3a:86:43,PLDTHOMEDSL34371 louiesilvestre,WPA2/WPA,-69,9,FidaInte,Broadband,14.699520,121.091632
2018-05-15 11:15:43,2018-05-15 03:15:44.352968,90:61:0c:16:fa:56,PLDTMyDSL-Playboyz,WPA2/WPA,-61,11,FidaInte,Broadband,14.700127,121.090720
2018-05-15 11:14:32,2018-05-15 03:14:33.589448,e0:8e:3c:22:57:73,bayanDSLWIFI_5773,WPA2/WPA,-87,1,AztechEl,Broadband,14.699593,121.091553
2018-05-15 11:15:17,2018-05-15 03:15:17.475102,9c:6f:52:35:18:13,bayanDSLWIFI_1813,WPA2/WPA,-79,2,Zte,Broadband,14.699970,121.091052
2018-05-15 11:16:58,2018-05-15 03:16:59.318096,e4:18:6b:c0:6e:a0,PLDTMyDSLBiz07260,WPA2/WPA,-46,8,ZyxelCom,Broadband,14.700315,121.089697
2018-05-15 11:15:44,2018-05-15 03:15:44.914167,00:13:33:d3:c4:30,PLDTHOMEDSL_ROSEMARIEBM,WPA2/WPA,-83,11,Baudtec,Broadband,14.700132,121.090707
2018-05-15 11:17:26,2018-05-15 03:17:26.864863,94:46:96:14:99:26,PLDTHOMEDSLU7U70,WPA2/WPA,-66,5,Baudtec,Broadband,14.700298,121.089302
2018-05-15 11:16:41,2018-05-15 03:16:42.573405,9c:6f:52:35:18:a8,bayanDSLWIFI_18A8,WPA2/WPA,-83,10,Zte,Broadband,14.700323,121.089937
2018-05-15 11:16:10,2018-05-15 03:16:11.430171,94:46:96:17:e6:42,PLDTHOMEDSLZGZG0,WPA2/WPA,-78,3,Baudtec,Broadband,14.700228,121.090355
2018-05-15 11:16:23,2018-05-15 03:16:24.629321,28:ff:3e:3d:df:35,bayanDSLWIFI_DF35,WPA2/WPA,-87,10,Zte,Broadband,14.700285,121.090172
2018-05-15 11:17:00,2018-05-15 03:17:01.751371,00:13:33:c2:e6:8e,PLDTHOMEDSLstarianmarketing,WPA,-80,11,Baudtec,Broadband,14.700313,121.089668
2018-05-15 11:17:20,2018-05-15 03:17:20.937359,b0:b2:dc:26:53:1c,PLDTMyDSL,WPA2/WPA,-73,11,ZyxelCom,Broadband,14.700310,121.089387
2018-05-15 11:16:42,2018-05-15 03:16:43.825000,8c:68:c8:c0:14:62,bayanDSLWIFI_1462,WPA2/WPA,-85,11,None,Broadband,14.700323,121.089925
2018-05-15 11:17:03,2018-05-15 03:17:04.736460,9c:6f:52:35:03:2b,bayanDSLWIFI_032B,WPA2/WPA,-73,1,Zte,Broadband,14.700312,121.089628
2018-05-15 11:17:05,2018-05-15 03:17:06.020025,38:d8:2f:22:94:d4,bayanDSLWiFi_94D4,WPA2/WPA,-71,1,Zte,Broadband,14.700313,121.089602
2018-05-15 11:17:00,2018-05-15 03:17:01.777929,00:13:33:c6:85:17,PLDTHOMEDSLgePyongYang,WPA2/WPA,-89,11,Baudtec,Broadband,14.700313,121.089668
2018-05-15 11:17:02,2018-05-15 03:17:03.502665,90:61:0c:10:59:f0,PLDTMyDSL_127BB,WPA2/WPA,-74,11,FidaInte,Broadband,14.700313,121.089640
2018-05-15 11:17:58,2018-05-15 03:17:59.832820,90:61:0c:3e:a5:25,PLDTHOMEDSL42277,WPA2/WPA,-82,1,FidaInte,Broadband,14.700173,121.088860
2018-05-15 11:17:57,2018-05-15 03:17:57.891454,00:13:33:df:0c:fc,PLDTHOMEDSL,WPA2/WPA,-74,11,Baudtec,Broadband,14.700178,121.088872
2018-05-15 11:18:34,2018-05-15 03:18:35.640743,28:ff:3e:3d:dc:58,bayanDSLWIFI_DC58,WPA2/WPA,-92,10,Zte,Broadband,14.700025,121.089075
""
Mobile broadband,32
GPS Time,Time,MAC,SSID,Encryption,RSSI,Channel,Manufacturer,AP Type,Latitude,Longitude
2018-05-15 11:05:16,2018-05-15 03:05:16.761943,00:1f:fb:b7:9e:03,HomeBro_ULTERA,WPA2,-79,10,GreenPac,Mobile broadband,14.697383,121.094192
2018-05-15 11:05:21,2018-05-15 03:05:21.604617,00:1f:fb:b2:38:49,HomeBro_ULTERA,WPA2,-66,1,GreenPac,Mobile broadband,14.697415,121.094180
2018-05-15 11:05:16,2018-05-15 03:05:16.598497,00:1f:fb:b7:31:87,HomeBro_ULTERA,WPA2,-87,10,GreenPac,Mobile broadband,14.697383,121.094192
2018-05-15 11:05:14,2018-05-15 03:05:15.493665,00:1f:fb:e6:41:99,HomeUltera_E64198,WPA2,-82,9,GreenPac,Mobile broadband,14.697287,121.094170
2018-05-15 11:10:26,2018-05-15 03:10:26.741640,00:1f:fb:b2:8d:89,HomeBro_ULTERA,WPA2,-72,1,GreenPac,Mobile broadband,14.697302,121.093832
2018-05-15 11:09:24,2018-05-15 03:09:25.083459,00:1f:fb:ba:dc:1d,ICE FOR SALE,WPA2,-72,11,GreenPac,Mobile broadband,14.696770,121.094343
2018-05-15 11:05:49,2018-05-15 03:05:49.918485,00:1f:fb:b7:72:37,Ems26,WPA2,-86,1,GreenPac,Mobile broadband,14.697298,121.093998
2018-05-15 11:07:17,2018-05-15 03:07:17.526478,00:1f:fb:b7:73:55,Aisteru,WPA2,-64,10,GreenPac,Mobile broadband,14.696602,121.094573
2018-05-15 11:07:17,2018-05-15 03:07:17.595816,00:1f:fb:b7:31:1d,HomeBro_ULTERA,WPA2,-90,9,GreenPac,Mobile broadband,14.696602,121.094573
2018-05-15 11:12:54,2018-05-15 03:12:54.774697,00:1f:fb:b3:02:6b,HomeBro_ULTERA,WPA2,-54,11,GreenPac,Mobile broadband,14.698697,121.092427
2018-05-15 11:10:35,2018-05-15 03:10:36.459746,00:1f:fb:b8:16:81,misha_wifi,WPA2,-88,5,GreenPac,Mobile broadband,14.697373,121.093778
2018-05-15 11:12:44,2018-05-15 03:12:45.684034,00:1f:fb:b7:b2:f7,HomeBro_ULTERA,WPA2,-56,1,GreenPac,Mobile broadband,14.698608,121.092508
2018-05-15 11:12:04,2018-05-15 03:12:05.631104,00:1f:fb:ac:fb:73,xNonex,WPA2,-85,1,GreenPac,Mobile broadband,14.698263,121.092880
2018-05-15 11:11:46,2018-05-15 03:11:47.147049,00:1f:fb:a4:8c:49,HomeBro_ULTERA,WPA2,-88,2,GreenPac,Mobile broadband,14.698048,121.093067
2018-05-15 11:11:27,2018-05-15 03:11:28.264518,00:1f:fb:c5:95:47,xNonex,WPA2,-88,1,GreenPac,Mobile broadband,14.697883,121.093263
2018-05-15 11:11:34,2018-05-15 03:11:34.496762,00:1f:fb:a4:50:fb,HomeBro_fibr,WPA2,-87,7,GreenPac,Mobile broadband,14.697962,121.093187
2018-05-15 11:12:42,2018-05-15 03:12:43.497075,00:1f:fb:b8:56:f3,wifiMOTO1,WPA2,-74,11,GreenPac,Mobile broadband,14.698595,121.092525
2018-05-15 11:11:43,2018-05-15 03:11:43.799809,00:1f:fb:98:da:bb,TALOTALONA,WPA2,-91,11,GreenPac,Mobile broadband,14.698028,121.093093
2018-05-15 11:12:01,2018-05-15 03:12:02.138927,00:1f:fb:b7:e8:6b,Hi felicia,WPA2,-86,11,GreenPac,Mobile broadband,14.698227,121.092912
2018-05-15 11:12:01,2018-05-15 03:12:01.785796,00:1f:fb:a1:e2:99,evyan9,WPA2,-85,11,GreenPac,Mobile broadband,14.698227,121.092912
2018-05-15 11:12:17,2018-05-15 03:12:18.270038,00:1f:fb:ac:d4:f3,Pldthomefibr,WPA2,-89,10,GreenPac,Mobile broadband,14.698375,121.092762
2018-05-15 11:13:55,2018-05-15 03:13:56.372103,00:1f:fb:b7:d8:2b,HomeBro_ULTERA,WPA2,-69,11,GreenPac,Mobile broadband,14.699265,121.091895
2018-05-15 11:13:19,2018-05-15 03:13:20.336791,00:1f:fb:ba:5a:39,xNonex,WPA2,-75,1,GreenPac,Mobile broadband,14.698930,121.092225
2018-05-15 11:13:58,2018-05-15 03:13:59.294827,00:1f:fb:a5:5b:f3,pan d dora is back!,WPA2,-56,1,GreenPac,Mobile broadband,14.699297,121.091862
2018-05-15 11:13:27,2018-05-15 03:13:28.902470,00:1f:fb:b7:bb:d5,Google-Fiber,WPA2,-89,7,GreenPac,Mobile broadband,14.699005,121.092140
2018-05-15 11:13:57,2018-05-15 03:13:58.145373,00:1f:fb:ba:77:c5,Virus,WPA2,-83,1,GreenPac,Mobile broadband,14.699285,121.091873
2018-05-15 11:14:36,2018-05-15 03:14:37.575786,00:1f:fb:b7:fa:07,PLDT_HOME_ULTERA,WPA2,-83,4,GreenPac,Mobile broadband,14.699630,121.091513
2018-05-15 11:15:07,2018-05-15 03:15:08.003873,00:1f:fb:ac:b1:5f,WARNING VIRUS !!!,WPA2,-85,11,GreenPac,Mobile broadband,14.699888,121.091167
2018-05-15 11:16:34,2018-05-15 03:16:35.015980,dc:ee:06:11:c6:e7,HUAWEI-B315-C6E6-1,WPA2/WPA,-72,5,HuaweiTe,Mobile broadband,14.700308,121.090028
2018-05-15 11:16:34,2018-05-15 03:16:35.038759,dc:ee:06:11:c6:e8,HUAWEI-B315-C6E6-2,WPA2/WPA,-73,5,HuaweiTe,Mobile broadband,14.700308,121.090028
2018-05-15 11:16:33,2018-05-15 03:16:34.325800,dc:ee:06:11:c6:e9,HUAWEI-B315-C6E6-3,WPA2/WPA,-72,5,HuaweiTe,Mobile broadband,14.700305,121.090045
2018-05-15 11:16:28,2018-05-15 03:16:29.712162,00:1f:fb:ba:3d:b1,HomeBro_ULTERA,WPA2,-73,23,GreenPac,Mobile broadband,14.700285,121.090108
""
Hotspot,5
GPS Time,Time,MAC,SSID,Encryption,RSSI,Channel,Manufacturer,AP Type,Latitude,Longitude
2018-05-15 11:05:25,2018-05-15 03:05:25.919635,5c:f2:86:2d:c1:53,Globe_LTE MIFI_C153,WPA2/WPA,-62,10,IeeeRegi,Hotspot,14.697423,121.094185
2018-05-15 11:08:36,2018-05-15 03:08:36.808348,5c:f2:86:2b:08:ce,Globe_LTE MIFI_08CE,WPA2/WPA,-79,6,IeeeRegi,Hotspot,14.696582,121.094527
2018-05-15 11:13:35,2018-05-15 03:13:36.171593,58:1f:28:c2:e8:b7,HUAWEI-E5330-E8B7,WPA2,-85,11,HuaweiTe,Hotspot,14.699072,121.092072
2018-05-15 11:13:51,2018-05-15 03:13:52.179062,d0:7a:b5:ca:4c:36,HUAWEI-E5220-4c36,WPA2/WPA,-69,11,HuaweiTe,Hotspot,14.699220,121.091927
2018-05-15 11:17:56,2018-05-15 03:17:57.182152,84:db:ac:38:07:8f,HUAWEI-E5330-078F,WPA2,-80,11,HuaweiTe,Hotspot,14.700188,121.088883
""
Phone,3
GPS Time,Time,MAC,SSID,Encryption,RSSI,Channel,Manufacturer,AP Type,Latitude,Longitude
2018-05-15 11:05:28,2018-05-15 03:05:29.515456,24:4b:81:25:22:34,BGpW-bHluMjM,OPN,-70,6,SamsungE,Phone,14.697403,121.094173
2018-05-15 11:07:35,2018-05-15 03:07:35.410784,9c:65:b0:2e:ef:95,BNXj-QWxlYmVkYQ,OPN,-80,11,SamsungE,Phone,14.696370,121.094738
2018-05-15 11:18:07,2018-05-15 03:18:08.386793,34:23:ba:ed:50:9d,K Zoom,WPA2,-65,6,SamsungE,Phone,14.700095,121.088848
""
Non AP,5
GPS Time,Time,MAC,SSID,Encryption,RSSI,Channel,Manufacturer,AP Type,Latitude,Longitude
2018-05-15 11:06:19,2018-05-15 03:06:20.296278,9e:d2:1e:1d:d4:ac,DIRECT-8C-BRAVIA,WPA2,-80,9,None,Not an AP,14.697040,121.094023
2018-05-15 11:09:45,2018-05-15 03:09:45.778227,92:cd:b6:27:df:bb,DIRECT-DE-BRAVIA,WPA2,-73,1,None,Not an AP,14.696962,121.094145
2018-05-15 11:10:47,2018-05-15 03:10:48.989815,96:53:30:c0:26:84,DIRECT-Cd-BRAVIA,WPA2,-74,1,None,Not an AP,14.697505,121.093678
2018-05-15 11:12:49,2018-05-15 03:12:50.176337,9e:ad:97:c2:0a:12,DIRECT-bh-BRAVIA,WPA2,-84,6,None,Not an AP,14.698647,121.092458
2018-05-15 11:16:01,2018-05-15 03:16:02.713410,58:70:c6:fb:9f:d4,YICarCam_fb9fd4,WPA2,-60,7,Shanghai,Not an AP,14.700198,121.090482
""
Unidentified,233
GPS Time,Time,MAC,SSID,Encryption,RSSI,Channel,Manufacturer,AP Type,Latitude,Longitude
2018-05-15 11:03:49,2018-05-15 03:03:50.412027,c0:4a:00:d0:77:64,TP-LINK_SPHYRO,WPA2,-51,6,Tp-LinkT,Unidentified,14.697970,121.094637
2018-05-15 11:05:11,2018-05-15 03:05:12.455271,d0:13:fd:4f:83:ba,V20_1573,WPA2,-7,6,LgElectr,Unidentified,14.697288,121.094153
2018-05-15 11:03:45,2018-05-15 03:03:45.360814,08:86:3b:30:93:04,belkin.304,WPA2/WPA,-83,6,BelkinIn,Unidentified,14.697963,121.094683
2018-05-15 11:12:32,2018-05-15 03:12:33.674942,08:16:08:00:0b:4f,HOSPOT_15,OPN,-79,6,None,Unidentified,14.698508,121.092622
2018-05-15 11:12:32,2018-05-15 03:12:33.119615,1a:40:a4:a7:ff:57,HOTSPOT_16,OPN,-65,6,None,Unidentified,14.698508,121.092622
2018-05-15 11:03:46,2018-05-15 03:03:46.414973,c4:ff:1f:56:75:9c,QWEQWE,WPA2/WPA,-87,7,HuaweiTe,Unidentified,14.697973,121.094678
2018-05-15 11:03:46,2018-05-15 03:03:46.453599,50:a7:2b:72:de:83,dB SYNERGY wifi,WPA2/WPA,-91,7,HuaweiTe,Unidentified,14.697973,121.094678
2018-05-15 11:03:46,2018-05-15 03:03:46.861224,c4:ff:1f:55:fb:48,EstradaFamily,WPA2/WPA,-79,9,HuaweiTe,Unidentified,14.697973,121.094678
2018-05-15 11:05:37,2018-05-15 03:05:37.985427,a0:8d:16:a9:6c:a2,globe tattoo,WPA2,-75,4,HuaweiTe,Unidentified,14.697338,121.094090
2018-05-15 11:03:48,2018-05-15 03:03:49.033778,3c:78:43:87:a1:20,free wifi,WPA2/WPA,-89,11,HuaweiTe,Unidentified,14.697982,121.094648
2018-05-15 11:12:33,2018-05-15 03:12:34.449500,2a:40:a4:a7:ff:57,HOTSPOT_17,OPN,-66,6,None,Unidentified,14.698522,121.092612
2018-05-15 11:12:32,2018-05-15 03:12:33.011338,3a:40:a4:a7:ff:57,HOTSPOT_18,OPN,-67,6,None,Unidentified,14.698508,121.092622
2018-05-15 11:05:31,2018-05-15 03:05:32.416652,c4:ff:1f:57:ec:38,HUAWEI-2t4k,WPA2/WPA,-67,7,HuaweiTe,Unidentified,14.697385,121.094148
2018-05-15 11:04:32,2018-05-15 03:04:33.360543,20:54:fa:35:26:ab,Pecson,WPA2/WPA,-52,1,HuaweiTe,Unidentified,14.697473,121.094240
2018-05-15 11:05:22,2018-05-15 03:05:23.490532,00:22:6b:8e:b5:6f,linksys,WPA2/WPA,-49,1,Cisco-Li,Unidentified,14.697418,121.094183
2018-05-15 11:09:46,2018-05-15 03:09:47.150320,94:46:96:1d:43:ea,....,WPA2/WPA,-66,1,Baudtec,Unidentified,14.696972,121.094137
2018-05-15 11:03:57,2018-05-15 03:03:57.838717,90:61:0c:33:54:dc,PLDTHOMEREPEATER354DC,WPA2/WPA,-78,10,FidaInte,Unidentified,14.697818,121.094547
2018-05-15 11:04:01,2018-05-15 03:04:02.180224,50:04:b8:7e:1d:fc,B315_E1DFC,WPA2/WPA,-57,1,HuaweiTe,Unidentified,14.697748,121.094495
2018-05-15 11:03:56,2018-05-15 03:03:57.456004,90:61:0c:37:3f:4d,ShaJayKean,WPA2/WPA,-63,11,FidaInte,Unidentified,14.697835,121.094560
2018-05-15 11:03:56,2018-05-15 03:03:56.575077,00:26:75:ab:8b:f4,Lamda,WPA2/WPA,-87,10,AztechEl,Unidentified,14.697835,121.094560
2018-05-15 11:05:28,2018-05-15 03:05:29.090002,90:61:0c:12:af:c4,Bawal Kayo Dito,WPA2/WPA,-80,11,FidaInte,Unidentified,14.697403,121.094173
2018-05-15 11:04:00,2018-05-15 03:04:00.607981,e0:a3:ac:4f:4c:52,Sseekend,WPA2,-88,13,HuaweiTe,Unidentified,14.697765,121.094505
2018-05-15 11:04:01,2018-05-15 03:04:02.230576,0a:18:0a:6f:3d:f8,Free Public Wifi - PipoI Konek,OPN,-78,1,None,Unidentified,14.697748,121.094495
2018-05-15 11:05:13,2018-05-15 03:05:14.565066,c4:ff:1f:57:d7:30,HUAWEI-e9fV,WPA2/WPA,-78,9,HuaweiTe,Unidentified,14.697287,121.094170
2018-05-15 11:05:22,2018-05-15 03:05:23.460948,bc:3f:8f:d5:3e:8c,Slow Connection...,WPA2/WPA,-80,2,HuaweiTe,Unidentified,14.697418,121.094183
2018-05-15 11:04:17,2018-05-15 03:04:18.220364,90:61:0c:41:16:27,RootBeer,WPA2/WPA,-92,11,FidaInte,Unidentified,14.697585,121.094352
2018-05-15 11:05:53,2018-05-15 03:05:54.054290,c4:ff:1f:55:f2:18,HUAWEI-59Dy,WPA2/WPA,-74,1,HuaweiTe,Unidentified,14.697273,121.093958
2018-05-15 11:09:48,2018-05-15 03:09:48.930068,c4:ff:1f:55:f7:2c,HUAWEI-9y8p,WPA2/WPA,-80,3,HuaweiTe,Unidentified,14.696987,121.094120
2018-05-15 11:05:13,2018-05-15 03:05:14.390737,c4:ff:1f:55:ee:f4,TheLegalWifi,WPA2/WPA,-83,9,HuaweiTe,Unidentified,14.697278,121.094152
2018-05-15 11:04:33,2018-05-15 03:04:34.094127,94:a7:b7:26:49:f1,HOME,WPA2/WPA,-90,1,Zte,Unidentified,14.697467,121.094233
2018-05-15 11:10:19,2018-05-15 03:10:20.243569,48:fd:8e:4b:d7:44,HUAWEI-n4K8,WPA2/WPA,-60,7,HuaweiTe,Unidentified,14.697242,121.093862
2018-05-15 11:10:11,2018-05-15 03:10:11.950869,00:e0:20:3e:13:ef,mddpkr,WPA2,-59,1,Tecnomen,Unidentified,14.697183,121.093927
2018-05-15 11:05:25,2018-05-15 03:05:25.709948,b0:4e:26:7f:66:a0,AkosiBosli,WPA2,-90,10,Tp-LinkT,Unidentified,14.697423,121.094185
2018-05-15 11:12:21,2018-05-15 03:12:21.836482,50:c7:bf:cf:84:e6,WIFI-ZONE,WPA2,-51,11,Tp-LinkT,Unidentified,14.698403,121.092732
2018-05-15 11:12:09,2018-05-15 03:12:10.088308,e4:8d:8c:f2:7b:d1,MK Wifi,OPN,-63,4,Routerbo,Unidentified,14.698308,121.092827
2018-05-15 11:10:44,2018-05-15 03:10:44.741626,6c:3b:6b:ca:40:80,Zeno Gaming,WPA2/WPA,-88,11,Routerbo,Unidentified,14.697480,121.093702
2018-05-15 11:05:44,2018-05-15 03:05:44.896345,48:fd:8e:b8:91:74,HUAWEI-5TG7,WPA2/WPA,-83,4,HuaweiTe,Unidentified,14.697315,121.094032
2018-05-15 11:10:36,2018-05-15 03:10:36.913755,c4:ff:1f:57:39:1c,HUAWEI-Xeqc,WPA2/WPA,-65,5,HuaweiTe,Unidentified,14.697382,121.093770
2018-05-15 11:07:12,2018-05-15 03:07:13.025069,d6:ae:05:85:52:09,BCeD-bWFl,WPA2,-55,6,None,Unidentified,14.696703,121.094525
2018-05-15 11:06:26,2018-05-15 03:06:27.251085,88:d2:74:86:ca:6c,xNonex,WPA2/WPA,-60,1,Zte,Unidentified,14.696975,121.094067
2018-05-15 11:06:27,2018-05-15 03:06:28.242308,c4:ff:1f:57:30:6c,wifikolang,WPA2/WPA,-53,1,HuaweiTe,Unidentified,14.696967,121.094082
2018-05-15 11:05:53,2018-05-15 03:05:53.896903,c4:ff:1f:56:5b:00,xNonex,WPA2/WPA,-76,1,HuaweiTe,Unidentified,14.697273,121.093958
2018-05-15 11:08:35,2018-05-15 03:08:36.014940,2c:dd:95:f4:c5:0e,Tanong mo sa aso namen yung Pass,WPA2,-72,9,TaicangT,Unidentified,14.696578,121.094528
2018-05-15 11:10:50,2018-05-15 03:10:51.689878,3c:78:43:31:f0:dc,HUAWEI-3UFc,WPA2/WPA,-66,3,HuaweiTe,Unidentified,14.697530,121.093653
2018-05-15 11:05:45,2018-05-15 03:05:45.733751,00:26:75:9a:d5:0c,FRUTZCHI,WPA2/WPA,-88,11,AztechEl,Unidentified,14.697310,121.094022
2018-05-15 11:10:41,2018-05-15 03:10:42.559913,54:25:ea:06:7f:36,ACD Trading,WPA2/WPA,-79,11,HuaweiTe,Unidentified,14.697450,121.093723
2018-05-15 11:06:33,2018-05-15 03:06:34.062885,3c:78:43:63:b1:a8,HUAWEI-tN3F,WPA2/WPA,-69,6,HuaweiTe,Unidentified,14.696927,121.094118
2018-05-15 11:08:24,2018-05-15 03:08:24.644314,c4:ff:1f:57:d5:b8,HUAWEI-4y5x,WPA2/WPA,-81,1,HuaweiTe,Unidentified,14.696542,121.094598
2018-05-15 11:10:26,2018-05-15 03:10:26.771249,3c:78:43:63:b2:44,HUAWEI-3C7v,WPA2/WPA,-80,2,HuaweiTe,Unidentified,14.697302,121.093832
2018-05-15 11:11:02,2018-05-15 03:11:03.646060,e0:8e:3c:20:05:bb,xNonex,WPA2/WPA,-78,11,AztechEl,Unidentified,14.697673,121.093507
2018-05-15 11:11:39,2018-05-15 03:11:39.620757,fc:2d:5e:0f:07:4e,PinkPanters,WPA2/WPA,-65,9,Zte,Unidentified,14.698007,121.093143
2018-05-15 11:09:44,2018-05-15 03:09:45.232602,e0:8e:3c:2f:24:0d,m@c pro,WPA2/WPA,-84,1,AztechEl,Unidentified,14.696950,121.094153
2018-05-15 11:07:16,2018-05-15 03:07:16.747398,c4:ff:1f:57:c8:84,Bella Dorothy :),WPA2/WPA,-87,7,HuaweiTe,Unidentified,14.696632,121.094567
2018-05-15 11:07:12,2018-05-15 03:07:12.587388,c4:ff:1f:57:df:6c,PAAWER,WPA2/WPA,-80,7,HuaweiTe,Unidentified,14.696703,121.094525
2018-05-15 11:06:56,2018-05-15 03:06:56.633396,c4:ff:1f:57:e3:2c,OBORDO,WPA2/WPA,-71,7,HuaweiTe,Unidentified,14.696765,121.094383
2018-05-15 11:06:32,2018-05-15 03:06:33.632532,3c:78:43:31:f8:50,HUAWEI-g3wh,WPA2/WPA,-88,11,HuaweiTe,Unidentified,14.696932,121.094110
2018-05-15 11:08:28,2018-05-15 03:08:29.140706,08:10:77:4b:90:61,netis,WPA2/WPA,-54,6,None,Unidentified,14.696550,121.094563
2018-05-15 11:07:04,2018-05-15 03:07:05.180888,c4:ff:1f:56:9e:08,HUAWEI-jTEr,WPA2/WPA,-64,1,HuaweiTe,Unidentified,14.696750,121.094440
2018-05-15 11:08:26,2018-05-15 03:08:27.325347,b8:55:10:98:90:48,Bluetooth ,WPA2,-85,1,ZioncomE,Unidentified,14.696553,121.094578
2018-05-15 11:07:08,2018-05-15 03:07:09.249466,1c:67:58:bd:c2:73,Mikkisun,WPA2,-79,2,HuaweiTe,Unidentified,14.696735,121.094487
2018-05-15 11:06:32,2018-05-15 03:06:33.605320,00:1e:e5:a0:c0:17,WagMahihiyangMagTanong,WPA,-91,11,Cisco-Li,Unidentified,14.696932,121.094110
2018-05-15 11:07:06,2018-05-15 03:07:06.538203,c4:ff:1f:57:66:50,HUAWEI-25UE,WPA2/WPA,-87,1,HuaweiTe,Unidentified,14.696743,121.094460
2018-05-15 11:06:46,2018-05-15 03:06:47.173921,90:1d:27:68:3b:40,Sun Wi-Fi_683B40,WPA2/WPA,-85,6,Zte,Unidentified,14.696828,121.094247
2018-05-15 11:08:45,2018-05-15 03:08:46.325831,c4:ff:1f:56:8a:88,TOLENTINO,WPA2/WPA,-70,2,HuaweiTe,Unidentified,14.696643,121.094490
2018-05-15 11:08:37,2018-05-15 03:08:38.524119,b4:fb:f9:97:6d:ec,HUAWEI-Mye4,WPA2/WPA,-84,11,HuaweiTe,Unidentified,14.696588,121.094527
2018-05-15 11:07:10,2018-05-15 03:07:10.399223,74:4a:a4:69:80:bb,xNonex,WPA2/WPA,-82,3,Zte,Unidentified,14.696725,121.094507
2018-05-15 11:07:18,2018-05-15 03:07:19.338766,70:9f:2d:a0:be:5c,CYRUZ JHOCEL,WPA2/WPA,-86,2,Zte,Unidentified,14.696590,121.094582
2018-05-15 11:07:12,2018-05-15 03:07:12.628919,c4:ff:1f:57:eb:74,Wag Ako,WPA2/WPA,-90,6,HuaweiTe,Unidentified,14.696703,121.094525
2018-05-15 11:07:17,2018-05-15 03:07:17.637243,c4:ff:1f:57:31:cc,HUAWEI-tn3V,WPA2/WPA,-90,9,HuaweiTe,Unidentified,14.696602,121.094573
2018-05-15 11:07:24,2018-05-15 03:07:24.807393,ee:1d:7f:97:a7:1f,Vaughdaniel,WPA2/WPA,-80,1,None,Unidentified,14.696512,121.094633
2018-05-15 11:07:32,2018-05-15 03:07:33.448050,7c:11:cb:6f:93:56,B315_F9356,WPA2/WPA,-84,10,HuaweiTe,Unidentified,14.696412,121.094712
2018-05-15 11:08:02,2018-05-15 03:08:03.504327,a8:0c:63:2c:f7:31,HUAWEI-F731,WPA2,-88,2,HuaweiTe,Unidentified,14.696417,121.094768
2018-05-15 11:07:41,2018-05-15 03:07:41.534836,8c:25:05:a4:96:d1,Chan ka Chao Nga,WPA2/WPA,-84,1,HuaweiTe,Unidentified,14.696305,121.094782
2018-05-15 11:07:26,2018-05-15 03:07:27.109575,c8:3a:35:4c:10:38,Tenda_4C1038,WPA,-85,6,TendaTec,Unidentified,14.696482,121.094657
2018-05-15 11:07:30,2018-05-15 03:07:30.454580,9e:a9:e4:d0:9b:28,Ken_Shin,WPA2/WPA,-87,5,None,Unidentified,14.696437,121.094697
2018-05-15 11:07:40,2018-05-15 03:07:41.091068,c8:94:bb:4b:c0:46,B315_BC046,WPA2/WPA,-90,1,HuaweiTe,Unidentified,14.696313,121.094775
2018-05-15 11:08:01,2018-05-15 03:08:01.506719,4c:60:de:3a:0a:a2,xNonex,WPA2,-94,1,Netgear,Unidentified,14.696412,121.094768
2018-05-15 11:12:22,2018-05-15 03:12:23.716462,68:72:51:0e:41:8a,Captive Portal,OPN,-67,13,Ubiquiti,Unidentified,14.698417,121.092722
2018-05-15 11:08:28,2018-05-15 03:08:28.892708,58:f9:87:24:8b:e8,HUAWEI-xdDH,WPA2/WPA,-89,5,HuaweiTe,Unidentified,14.696550,121.094563
2018-05-15 11:08:32,2018-05-15 03:08:32.408444,20:a6:80:4b:95:e1,CFM SHIPMAN,WPA2/WPA,-87,7,HuaweiTe,Unidentified,14.696573,121.094537
2018-05-15 11:09:53,2018-05-15 03:09:54.443083,34:ba:9a:54:e3:df,Laura,WPA2,-73,7,Asiatelc,Unidentified,14.697038,121.094058
2018-05-15 11:11:53,2018-05-15 03:11:54.649518,84:16:f9:3e:62:54,CSDA007,WPA2/WPA,-46,6,Tp-LinkT,Unidentified,14.698123,121.092998
2018-05-15 11:10:15,2018-05-15 03:10:16.299444,50:68:0a:66:4a:f6,B315_64AF6,WPA2/WPA,-86,7,HuaweiTe,Unidentified,14.697213,121.093893
2018-05-15 11:10:54,2018-05-15 03:10:55.658959,c4:ff:1f:57:23:38,HUAWEI-ENEg,WPA2/WPA,-79,7,HuaweiTe,Unidentified,14.697570,121.093617
2018-05-15 11:11:09,2018-05-15 03:11:09.794465,3a:1c:23:00:49:4a,SmartBro-00494a,WPA2,-65,1,None,Unidentified,14.697732,121.093440
2018-05-15 11:13:02,2018-05-15 03:13:02.970981,6c:3b:6b:9c:36:67,WiFi ni Dudong,OPN,-59,1,Routerbo,Unidentified,14.698777,121.092360
2018-05-15 11:10:48,2018-05-15 03:10:49.014689,54:22:f8:f1:90:30,TITANS,WPA,-77,1,Zte,Unidentified,14.697515,121.093670
2018-05-15 11:10:32,2018-05-15 03:10:33.552995,bc:3f:8f:d4:9c:d8,ReyesWifi2018,WPA2/WPA,-91,6,HuaweiTe,Unidentified,14.697350,121.093807
2018-05-15 11:10:33,2018-05-15 03:10:34.112982,b0:4e:26:7f:c2:d8,TP-Link_C2D8,WPA2/WPA,-91,4,Tp-LinkT,Unidentified,14.697358,121.093800
2018-05-15 11:10:54,2018-05-15 03:10:55.115598,c4:ff:1f:56:e5:10,HUAWEI-X3Ba,WPA2/WPA,-88,7,HuaweiTe,Unidentified,14.697570,121.093617
2018-05-15 11:10:56,2018-05-15 03:10:56.576519,c4:ff:1f:55:f4:3c,HUAWEI-c2A2,WPA2/WPA,-82,7,HuaweiTe,Unidentified,14.697603,121.093585
2018-05-15 11:10:39,2018-05-15 03:10:39.948559,d4:61:2e:17:8a:72,B315_78A72,WPA2/WPA,-92,8,HuaweiTe,Unidentified,14.697425,121.093740
2018-05-15 11:13:17,2018-05-15 03:13:17.807189,c4:ff:1f:55:fe:cc,Kit18,WPA2/WPA,-50,11,HuaweiTe,Unidentified,14.698913,121.092245
2018-05-15 11:10:43,2018-05-15 03:10:44.278785,98:e7:f5:55:64:6c,B315_5646C,WPA2/WPA,-88,11,HuaweiTe,Unidentified,14.697472,121.093708
2018-05-15 11:11:22,2018-05-15 03:11:23.954197,b8:55:10:0a:73:2b, HOTSPOT 2,OPN,-81,11,ZioncomE,Unidentified,14.697840,121.093308
2018-05-15 11:10:45,2018-05-15 03:10:46.431584,9c:6f:52:35:12:e7,fegidero,WPA2/WPA,-90,2,Zte,Unidentified,14.697490,121.093695
2018-05-15 11:10:49,2018-05-15 03:10:50.316596,a4:7e:39:ae:67:68,myamd,WPA2/WPA,-83,2,Zte,Unidentified,14.697522,121.093662
2018-05-15 11:10:48,2018-05-15 03:10:49.580971,b8:55:10:98:9d:3c,pldthome,WPA2/WPA,-91,1,ZioncomE,Unidentified,14.697515,121.093670
2018-05-15 11:12:47,2018-05-15 03:12:47.915403,c4:ff:1f:57:e1:dc,HUAWEI-DAYK,WPA2/WPA,-51,5,HuaweiTe,Unidentified,14.698632,121.092477
2018-05-15 11:12:14,2018-05-15 03:12:14.985669,08:16:08:00:0c:77,HOTSPOT,OPN,-80,6,None,Unidentified,14.698350,121.092778
2018-05-15 11:11:26,2018-05-15 03:11:27.363629,b0:4e:26:dc:ec:d6,Bawal Tambay,WPA2,-81,2,Tp-LinkT,Unidentified,14.697875,121.093270
2018-05-15 11:11:50,2018-05-15 03:11:51.051494,54:22:f8:f1:91:58,salazar,WPA,-66,3,Zte,Unidentified,14.698098,121.093028
2018-05-15 11:11:51,2018-05-15 03:11:51.995754,9c:d3:6d:a7:8e:cb,CCAFIWIFI,WPA2,-72,6,Netgear,Unidentified,14.698107,121.093022
2018-05-15 11:12:12,2018-05-15 03:12:13.143375,c4:ff:1f:57:1a:f4,Marco ,WPA2/WPA,-74,216,HuaweiTe,Unidentified,14.698335,121.092800
2018-05-15 11:11:56,2018-05-15 03:11:57.160527,60:de:f3:79:cf:84,HUAWEI-ReJn,WPA2/WPA,-78,8,HuaweiTe,Unidentified,14.698160,121.092972
2018-05-15 11:11:59,2018-05-15 03:11:59.981519,c8:3a:35:48:6a:40,Tenda_486A40,WPA,-71,10,TendaTec,Unidentified,14.698193,121.092933
2018-05-15 11:11:57,2018-05-15 03:11:59.036407,c4:ff:1f:55:fd:ec,*MAHAL*,WPA2/WPA,-80,11,HuaweiTe,Unidentified,14.698172,121.092958
2018-05-15 11:11:25,2018-05-15 03:11:26.040406,b0:4e:26:dc:a0:00,LPB,WPA2,-92,1,Tp-LinkT,Unidentified,14.697867,121.093280
2018-05-15 11:11:48,2018-05-15 03:11:49.002913,b0:4e:26:7f:ca:36,xNonex,WPA2/WPA,-83,3,Tp-LinkT,Unidentified,14.698073,121.093047
2018-05-15 11:11:56,2018-05-15 03:11:57.509978,50:c7:bf:73:51:1e,TP-LINK_511E,WPA2,-69,7,Tp-LinkT,Unidentified,14.698160,121.092972
2018-05-15 11:12:39,2018-05-15 03:12:39.826108,c4:ff:1f:57:ea:58,WILSON,WPA2/WPA,-69,11,HuaweiTe,Unidentified,14.698577,121.092552
2018-05-15 11:11:40,2018-05-15 03:11:41.012559,3c:33:00:ae:12:4e,SSID,WPA2/WPA,-88,10,Shenzhen,Unidentified,14.698012,121.093130
2018-05-15 11:13:54,2018-05-15 03:13:55.449853,b8:55:10:2b:41:7c,lageerssss,WPA2,-84,11,ZioncomE,Unidentified,14.699252,121.091903
2018-05-15 11:12:11,2018-05-15 03:12:12.689532,08:10:74:62:18:c2,HW007,WPA,-78,6,None,Unidentified,14.698327,121.092808
2018-05-15 11:13:11,2018-05-15 03:13:12.009756,c4:ff:1f:55:96:14,HUAWEI-bYJk,WPA2/WPA,-73,9,HuaweiTe,Unidentified,14.698857,121.092293
2018-05-15 11:12:01,2018-05-15 03:12:01.856300,00:1a:ef:2e:3f:6d,PLDTWifi,WPA,-86,11,Loopcomm,Unidentified,14.698227,121.092912
2018-05-15 11:12:02,2018-05-15 03:12:03.171993,b8:55:10:a7:6e:c8,WAYPAY,WPA2,-90,11,ZioncomE,Unidentified,14.698238,121.092900
2018-05-15 11:12:07,2018-05-15 03:12:08.763614,c4:ff:1f:57:35:34,Itsprivate!!,WPA2/WPA,-88,3,HuaweiTe,Unidentified,14.698292,121.092848
2018-05-15 11:12:09,2018-05-15 03:12:10.481218,34:ba:9a:55:dd:b0,Lte_home,WPA2/WPA,-88,4,Asiatelc,Unidentified,14.698308,121.092827
2018-05-15 11:13:30,2018-05-15 03:13:31.745506,60:de:f3:79:88:a0,HUAWEI-9kB6,WPA2/WPA,-76,9,HuaweiTe,Unidentified,14.699033,121.092115
2018-05-15 11:12:20,2018-05-15 03:12:21.150067,00:13:33:c6:84:64,xNonex,OPN,-89,11,Baudtec,Unidentified,14.698397,121.092743
2018-05-15 11:12:27,2018-05-15 03:12:27.730045,64:66:b3:cb:db:14,POGI09CBDB14,WPA2/WPA,-86,2,Tp-LinkT,Unidentified,14.698460,121.092667
2018-05-15 11:12:31,2018-05-15 03:12:32.433563,fa:8f:ca:74:e7:87,Living Room TV.b,OPN,-89,6,None,Unidentified,14.698500,121.092630
2018-05-15 11:13:27,2018-05-15 03:13:28.781822,c4:ff:1f:57:cd:c0,HUAWEI-hUc5,WPA2/WPA,-89,7,HuaweiTe,Unidentified,14.699005,121.092140
2018-05-15 11:12:34,2018-05-15 03:12:35.166976,c4:ff:1f:57:2f:b8,HUAWEI-c4Nf,WPA2/WPA,-90,7,HuaweiTe,Unidentified,14.698533,121.092600
2018-05-15 11:12:44,2018-05-15 03:12:45.068115,94:a7:b7:26:75:4b,abigail,WPA2/WPA,-79,1,Zte,Unidentified,14.698608,121.092508
2018-05-15 11:12:47,2018-05-15 03:12:47.997323,fe:2d:5e:b5:e1:40,WiFiKo,WPA2/WPA,-82,6,None,Unidentified,14.698632,121.092477
2018-05-15 11:12:49,2018-05-15 03:12:50.221068,20:aa:4b:02:6a:bc,0.0.0,WPA2/WPA,-90,6,Cisco-Li,Unidentified,14.698647,121.092458
2018-05-15 11:12:54,2018-05-15 03:12:55.626611,88:d2:74:86:ad:ff,WalangWIFI,WPA2/WPA,-89,10,Zte,Unidentified,14.698697,121.092427
2018-05-15 11:14:52,2018-05-15 03:14:53.286451,aa:a6:68:da:54:ae,VIDAL SUN,WPA2/WPA,-78,1,None,Unidentified,14.699758,121.091337
2018-05-15 11:13:18,2018-05-15 03:13:19.347750,58:f9:87:24:6e:98,HUAWEI-qK8F,WPA2/WPA,-82,1,HuaweiTe,Unidentified,14.698922,121.092233
2018-05-15 11:13:41,2018-05-15 03:13:42.627322,b0:4e:26:7f:c0:78,TP-Link_C078,WPA2/WPA,-77,2,Tp-LinkT,Unidentified,14.699118,121.092023
2018-05-15 11:15:17,2018-05-15 03:15:18.342844,d4:6e:0e:f3:65:c0,ANTHONY_WIFI4RENT,OPN,-74,4,Tp-LinkT,Unidentified,14.699970,121.091052
2018-05-15 11:13:23,2018-05-15 03:13:24.395473,60:83:34:4f:9d:53,B315_F9D53,WPA2/WPA,-74,5,HuaweiTe,Unidentified,14.698963,121.092180
2018-05-15 11:13:46,2018-05-15 03:13:47.283647,c4:6e:1f:48:b7:20,TP-LINK_48B720,WPA2,-76,6,Tp-LinkT,Unidentified,14.699168,121.091972
2018-05-15 11:13:12,2018-05-15 03:13:13.481123,e8:de:27:79:6e:cc,Pldthome,WPA2/WPA,-92,9,Tp-LinkT,Unidentified,14.698865,121.092285
2018-05-15 11:15:24,2018-05-15 03:15:25.529155,b0:4e:26:f8:bd:42,DELEON FAMILY,WPA2,-60,10,Tp-LinkT,Unidentified,14.700027,121.090970
2018-05-15 11:13:19,2018-05-15 03:13:20.410457,0a:86:3b:e2:8e:78,belkin.e77.guests,OPN,-90,1,None,Unidentified,14.698930,121.092225
2018-05-15 11:14:52,2018-05-15 03:14:53.933020,10:7b:44:78:27:eb,B9jo-TWFyam9obg,OPN,-76,3,AsustekC,Unidentified,14.699758,121.091337
2018-05-15 11:13:22,2018-05-15 03:13:23.816752,b0:4e:26:dc:ef:c2,Concepcion,WPA2,-90,4,Tp-LinkT,Unidentified,14.698955,121.092193
2018-05-15 11:16:14,2018-05-15 03:16:15.466781,8c:0d:76:b1:14:e4,B315_114E4,WPA2/WPA,-53,5,HuaweiTe,Unidentified,14.700242,121.090298
2018-05-15 11:13:48,2018-05-15 03:13:49.430084,c4:ff:1f:57:2a:20,HUAWEI-fPp4,WPA2/WPA,-86,9,HuaweiTe,Unidentified,14.699187,121.091948
2018-05-15 11:13:51,2018-05-15 03:13:52.689023,60:83:34:e0:2a:89,xNonex,WPA2/WPA,-77,10,HuaweiTe,Unidentified,14.699220,121.091927
2018-05-15 11:13:42,2018-05-15 03:13:43.734492,bc:f6:85:46:bb:22,SMC,WPA2/WPA,-92,4,D-LinkIn,Unidentified,14.699125,121.092013
2018-05-15 11:14:04,2018-05-15 03:14:04.827027,d0:7a:b5:0e:4c:25,MjaySirba28,WPA2/WPA,-80,6,HuaweiTe,Unidentified,14.699333,121.091798
2018-05-15 11:13:58,2018-05-15 03:13:59.408685,74:81:5f:e2:2c:5d,4G_UFI-C5D,WPA2,-78,2,None,Unidentified,14.699297,121.091862
2018-05-15 11:14:20,2018-05-15 03:14:21.714924,c4:ff:1f:55:82:7c,HUAWEI-D3U9,WPA2/WPA,-81,5,HuaweiTe,Unidentified,14.699488,121.091665
2018-05-15 11:14:14,2018-05-15 03:14:15.718482,b0:e5:ed:56:03:9f,HUAWEI-039F,WPA2,-94,1,HuaweiTe,Unidentified,14.699423,121.091712
2018-05-15 11:16:31,2018-05-15 03:16:32.457693,c8:3a:35:38:9c:38,Tenda_389C38,WPA,-51,2,TendaTec,Unidentified,14.700298,121.090078
2018-05-15 11:15:04,2018-05-15 03:15:05.237588,a0:ab:1b:76:46:fc,Monkeys Wifi,WPA2/WPA,-73,10,D-LinkIn,Unidentified,14.699863,121.091200
2018-05-15 11:15:29,2018-05-15 03:15:30.003425,2c:30:33:e5:f7:5d,NETGEAR02,WPA2,-49,1,Netgear,Unidentified,14.700048,121.090898
2018-05-15 11:14:32,2018-05-15 03:14:33.850176,50:04:b8:43:78:4a,Ha Boo Lin,WPA2/WPA,-87,1,HuaweiTe,Unidentified,14.699593,121.091553
2018-05-15 11:16:11,2018-05-15 03:16:12.064443,fc:2d:5e:14:de:dd,GLOBE_14DEDD,WPA2/WPA,-73,3,Zte,Unidentified,14.700230,121.090342
2018-05-15 11:14:55,2018-05-15 03:14:56.726317,b0:4e:26:f8:b0:a4,Steven,WPA2,-85,3,Tp-LinkT,Unidentified,14.699787,121.091307
2018-05-15 11:15:20,2018-05-15 03:15:20.573974,dc:ee:06:11:c6:e6,xNonex,WPA2/WPA,-77,5,HuaweiTe,Unidentified,14.699993,121.091015
2018-05-15 11:15:59,2018-05-15 03:16:00.293504,3c:78:43:87:d5:b0,HUAWEI-Nf5u,WPA2/WPA,-83,7,HuaweiTe,Unidentified,14.700188,121.090507
2018-05-15 11:16:38,2018-05-15 03:16:39.453189,d4:a1:48:6e:51:7d,good is God,WPA2/WPA,-65,8,HuaweiTe,Unidentified,14.700322,121.089977
2018-05-15 11:16:18,2018-05-15 03:16:19.333392,34:ba:9a:56:3e:e7,WinWin,WPA2,-68,8,Asiatelc,Unidentified,14.700260,121.090240
2018-05-15 11:16:58,2018-05-15 03:16:59.407648,fc:2d:5e:11:7a:22,photoavenue,WPA2,-53,9,Zte,Unidentified,14.700315,121.089697
2018-05-15 11:15:25,2018-05-15 03:15:26.041088,00:1e:2a:62:1e:8e,NETGEAR,WPA2/WPA,-80,11,Netgear,Unidentified,14.700032,121.090958
2018-05-15 11:15:13,2018-05-15 03:15:14.209864,b4:fb:f9:97:87:0c,Unite Residence,WPA2/WPA,-85,1,HuaweiTe,Unidentified,14.699933,121.091098
2018-05-15 11:18:02,2018-05-15 03:18:02.954170,e4:8d:8c:f7:a3:3a,ARK WiFi FOR RENT,OPN,-63,3,Routerbo,Unidentified,14.700150,121.088820
2018-05-15 11:15:33,2018-05-15 03:15:34.236310,58:f9:87:24:f1:78,"CHOCO,CINNAMON&CARAMEL",WPA2/WPA,-80,3,HuaweiTe,Unidentified,14.700077,121.090852
2018-05-15 11:15:37,2018-05-15 03:15:38.062526,c4:ff:1f:56:b3:34,HUAWEI-BdP2,WPA2/WPA,-84,5,HuaweiTe,Unidentified,14.700093,121.090795
2018-05-15 11:16:20,2018-05-15 03:16:20.917830,84:16:f9:3d:5b:c4,TP-LINK_5BC4,WPA2,-80,8,Tp-LinkT,Unidentified,14.700272,121.090213
2018-05-15 11:17:02,2018-05-15 03:17:03.344275,60:de:f3:79:ce:18,the thing go skyaaaa,WPA2/WPA,-72,11,HuaweiTe,Unidentified,14.700313,121.089640
2018-05-15 11:17:02,2018-05-15 03:17:03.286086,c8:3a:35:f7:53:99,Tenda_AP V2 old,WPA2,-83,12,TendaTec,Unidentified,14.700313,121.089640
2018-05-15 11:15:50,2018-05-15 03:15:51.292094,94:a7:b7:3c:f8:24,sibayanfamily,WPA2/WPA,-66,1,Zte,Unidentified,14.700148,121.090630
2018-05-15 11:17:08,2018-05-15 03:17:09.558481,24:1f:a0:94:7e:52,FloresWIFI,WPA2/WPA,-59,5,HuaweiTe,Unidentified,14.700322,121.089555
2018-05-15 11:18:27,2018-05-15 03:18:28.913606,5c:03:39:1e:5b:2e,V I N N E T T E,WPA2/WPA,-74,107,HuaweiTe,Unidentified,14.700022,121.089042
2018-05-15 11:16:17,2018-05-15 03:16:18.908961,00:23:69:32:bb:b9,linksys,WPA2,-73,6,Cisco-Li,Unidentified,14.700250,121.090255
2018-05-15 11:15:38,2018-05-15 03:15:39.192750,d2:b1:28:75:b3:79,Bje0-bWFyeWphbmVjYXlldGFuby4y,OPN,-93,6,None,Unidentified,14.700100,121.090782
2018-05-15 11:15:38,2018-05-15 03:15:39.280055,f8:d1:11:33:0b:9c,Brian,WPA2,-95,6,Tp-LinkT,Unidentified,14.700100,121.090782
2018-05-15 11:16:22,2018-05-15 03:16:24.024726,94:a7:b7:26:4f:60,Chico,WPA2/WPA,-75,9,Zte,Unidentified,14.700280,121.090187
2018-05-15 11:15:44,2018-05-15 03:15:44.778723,78:44:76:55:90:c7,Globe124,WPA2/WPA,-88,11,ZioncomE,Unidentified,14.700132,121.090707
2018-05-15 11:16:42,2018-05-15 03:16:43.230889,f4:8e:92:9d:c1:c9,B315_DC1C9,WPA2/WPA,-70,11,HuaweiTe,Unidentified,14.700323,121.089925
2018-05-15 11:15:48,2018-05-15 03:15:49.298123,e0:8e:3c:1b:70:0f,INVICTUS,WPA2/WPA,-86,1,AztechEl,Unidentified,14.700143,121.090653
2018-05-15 11:16:07,2018-05-15 03:16:09.008443,8c:68:c8:c0:0d:b9,ALDWIN,WPA2/WPA,-81,1,None,Unidentified,14.700215,121.090390
2018-05-15 11:16:46,2018-05-15 03:16:47.461899,c4:ff:1f:55:bb:5c,Miggys Wifi,WPA2/WPA,-76,1,HuaweiTe,Unidentified,14.700315,121.089867
2018-05-15 11:18:02,2018-05-15 03:18:03.018758,98:de:d0:7e:03:9e,ARK PC & PISONET PARTS COMPUTER ,WPA2/WPA,-68,3,Tp-LinkT,Unidentified,14.700150,121.088820
2018-05-15 11:16:17,2018-05-15 03:16:17.835982,c8:3a:35:45:e3:88,Tenda_45E388,WPA,-88,6,TendaTec,Unidentified,14.700250,121.090255
2018-05-15 11:17:12,2018-05-15 03:17:13.910104,5c:e2:8c:c8:89:8d,EFLitex,WPA2/WPA,-78,7,ZyxelCom,Unidentified,14.700318,121.089507
2018-05-15 11:17:16,2018-05-15 03:17:17.832687,98:e7:f5:55:6b:29,B315_56B29,WPA2/WPA,-79,11,HuaweiTe,Unidentified,14.700315,121.089447
2018-05-15 11:18:13,2018-05-15 03:18:14.775143,20:54:fa:34:e7:ef,B315_4E7EF,WPA2/WPA,-76,11,HuaweiTe,Unidentified,14.700057,121.088933
2018-05-15 11:16:07,2018-05-15 03:16:08.854982,c8:b3:73:10:58:81,none,none,-89,1,none,Unidentified,14.700215,121.090390
2018-05-15 11:16:08,2018-05-15 03:16:09.156942,00:1a:ef:46:02:a0,AOVggwp,WPA2/WPA,-89,1,Loopcomm,Unidentified,14.700218,121.090377
2018-05-15 11:16:08,2018-05-15 03:16:09.493468,8c:79:67:a7:96:5e,GLOBE_A7965E,WPA2/WPA,-85,1,Zte,Unidentified,14.700218,121.090377
2018-05-15 11:16:09,2018-05-15 03:16:10.378229,08:10:73:47:12:fe,Virus,WPA2/WPA,-69,2,None,Unidentified,14.700223,121.090368
2018-05-15 11:16:36,2018-05-15 03:16:37.525134,d4:6e:0e:49:d7:54,Dorie,WPA2,-83,7,Tp-LinkT,Unidentified,14.700318,121.090003
2018-05-15 11:16:28,2018-05-15 03:16:29.106406,28:ff:3e:3d:dd:c3,SITELfreeWiFi,WPA2/WPA,-86,1,Zte,Unidentified,14.700285,121.090108
2018-05-15 11:16:32,2018-05-15 03:16:32.936135,92:4e:2b:be:68:03,dimple,WPA2/WPA,-68,2,None,Unidentified,14.700302,121.090063
2018-05-15 11:18:00,2018-05-15 03:18:01.367837,8c:25:05:b2:6e:4e,B315_26E4E,WPA2/WPA,-46,1,HuaweiTe,Unidentified,14.700163,121.088838
2018-05-15 11:19:22,2018-05-15 03:19:23.014184,d0:ff:98:14:5a:00,B315_45A00,WPA2/WPA,-49,5,HuaweiTe,Unidentified,14.700038,121.089130
2018-05-15 11:16:52,2018-05-15 03:16:53.414244,54:27:58:93:a5:72,Bhmt-TkFUSEFO,OPN,-82,6,Motorola,Unidentified,14.700315,121.089778
2018-05-15 11:17:30,2018-05-15 03:17:31.379388,30:b5:c2:08:77:59,CommunityChurch,WPA2/WPA,-68,6,Tp-LinkT,Unidentified,14.700290,121.089243
2018-05-15 11:18:10,2018-05-15 03:18:11.265473,e0:8e:3c:22:07:5b,MANGMADS,WPA2/WPA,-59,10,AztechEl,Unidentified,14.700073,121.088897
2018-05-15 11:16:41,2018-05-15 03:16:42.331215,8c:0d:76:21:10:c7,B315_110C7,WPA2/WPA,-85,10,HuaweiTe,Unidentified,14.700323,121.089937
2018-05-15 11:18:11,2018-05-15 03:18:12.336852,c8:3a:35:f7:58:19,Tenda_Warly,WPA2,-71,10,TendaTec,Unidentified,14.700065,121.088912
2018-05-15 11:16:41,2018-05-15 03:16:42.421272,e0:a3:ac:4e:c1:6c,Authentication Problem,WPA2,-91,10,HuaweiTe,Unidentified,14.700323,121.089937
2018-05-15 11:16:47,2018-05-15 03:16:47.841016,50:04:b8:7e:3d:1e,hoymahirap,WPA2/WPA,-83,1,HuaweiTe,Unidentified,14.700312,121.089852
2018-05-15 11:18:05,2018-05-15 03:18:06.037638,88:d2:74:86:b2:77,restricted,WPA2/WPA,-77,5,Zte,Unidentified,14.700118,121.088823
2018-05-15 11:16:58,2018-05-15 03:16:59.859218,34:ba:9a:57:28:b4,Smart_Bro_5728B4,WPA2,-89,9,Asiatelc,Unidentified,14.700315,121.089697
2018-05-15 11:16:59,2018-05-15 03:17:00.060336,28:ff:3e:3d:eb:74,iShepherd INC.,WPA2/WPA,-90,9,Zte,Unidentified,14.700312,121.089683
2018-05-15 11:17:36,2018-05-15 03:17:37.325983,00:26:75:b7:aa:9c,xNonex,WPA2/WPA,-68,10,AztechEl,Unidentified,14.700277,121.089160
2018-05-15 11:17:01,2018-05-15 03:17:01.904541,46:d2:44:4e:37:bf,DIRECT-444EB7BF,WPA2,-89,11,None,Unidentified,14.700313,121.089655
2018-05-15 11:18:37,2018-05-15 03:18:38.410758,3c:fa:43:1a:b5:ad,HUAWEI-B5AD,WPA2,-42,1,HuaweiTe,Unidentified,14.700028,121.089093
2018-05-15 11:17:09,2018-05-15 03:17:09.957013,60:de:f3:79:8c:c8,GuarinoFamily,WPA2/WPA,-88,5,HuaweiTe,Unidentified,14.700322,121.089542
2018-05-15 11:19:26,2018-05-15 03:19:27.350514,96:79:67:e0:fe:a3,GLOBE_E0FEA3_4,WPA2/WPA,-60,5,None,Unidentified,14.700040,121.089125
2018-05-15 11:17:10,2018-05-15 03:17:11.684100,7c:11:cb:6f:98:60,B315_F9860,WPA2/WPA,-93,6,HuaweiTe,Unidentified,14.700322,121.089527
2018-05-15 11:18:31,2018-05-15 03:18:32.122903,82:6a:b0:e7:40:6a,chevin,WPA2,-60,6,None,Unidentified,14.700022,121.089065
2018-05-15 11:17:12,2018-05-15 03:17:13.136984,00:19:5b:de:6a:0a,dlink_bb127,WPA2/WPA,-80,6,D-Link,Unidentified,14.700318,121.089507
2018-05-15 11:17:50,2018-05-15 03:17:51.757821,fc:2d:5e:01:af:59,GLOBE_01AF59,WPA2/WPA,-83,8,Zte,Unidentified,14.700220,121.088968
2018-05-15 11:17:22,2018-05-15 03:17:23.314054,00:0c:43:30:50:d0,TELPAD HC7,WPA2/WPA,-81,1,RalinkTe,Unidentified,14.700303,121.089360
2018-05-15 11:18:00,2018-05-15 03:18:01.382825,90:61:0c:39:c0:e4,FreeWifi,WPA2/WPA,-69,1,FidaInte,Unidentified,14.700163,121.088838
2018-05-15 11:17:42,2018-05-15 03:17:43.624754,08:40:f3:c8:30:61,Tenda_C83060,WPA2/WPA,-80,1,TendaTec,Unidentified,14.700248,121.089075
2018-05-15 11:17:22,2018-05-15 03:17:23.095850,c4:86:e9:6e:30:6c,B315_E306C,WPA2/WPA,-89,1,HuaweiTe,Unidentified,14.700303,121.089360
2018-05-15 11:18:01,2018-05-15 03:18:02.315517,1c:7e:e5:3e:7a:74,Lupins WiFi,WPA,-84,2,D-LinkIn,Unidentified,14.700158,121.088827
2018-05-15 11:19:26,2018-05-15 03:19:27.268232,8c:79:67:e0:fe:a3,GLOBE_E0FEA3,WPA2/WPA,-60,5,Zte,Unidentified,14.700040,121.089125
2018-05-15 11:17:26,2018-05-15 03:17:27.450006,c4:ff:1f:57:c7:80,FC Prints Wifi,WPA2/WPA,-83,4,HuaweiTe,Unidentified,14.700298,121.089302
2018-05-15 11:19:24,2018-05-15 03:19:25.780183,8e:79:67:e0:fe:a3,GLOBE_E0FEA3_2,WPA2/WPA,-59,5,None,Unidentified,14.700042,121.089128
2018-05-15 11:19:26,2018-05-15 03:19:27.326997,92:79:67:e0:fe:a3,GLOBE_E0FEA3_3,WPA2/WPA,-61,5,None,Unidentified,14.700040,121.089125
2018-05-15 11:17:37,2018-05-15 03:17:38.961672,d4:40:f0:15:19:8e,maganda ba ako,WPA2,-84,11,HuaweiTe,Unidentified,14.700273,121.089145
2018-05-15 11:17:56,2018-05-15 03:17:57.757695,f4:8e:92:cd:88:d1,HT_APO,WPA2/WPA,-74,11,HuaweiTe,Unidentified,14.700188,121.088883
2018-05-15 11:17:37,2018-05-15 03:17:38.595110,7c:11:cb:47:a9:6f,B315_7A96F,WPA2,-91,11,HuaweiTe,Unidentified,14.700273,121.089145
2018-05-15 11:17:37,2018-05-15 03:17:38.830054,d6:40:f0:15:19:8f,xLezzur,WPA2,-84,11,None,Unidentified,14.700273,121.089145
2018-05-15 11:17:39,2018-05-15 03:17:40.173884,8e:79:67:61:02:83,wifi mo bato!!!,WPA2,-88,13,None,Unidentified,14.700267,121.089117
2018-05-15 11:18:00,2018-05-15 03:18:01.076041,d0:ff:98:14:27:ec,B315_427EC,WPA2/WPA,-67,1,HuaweiTe,Unidentified,14.700163,121.088838
2018-05-15 11:17:44,2018-05-15 03:17:45.641897,70:9f:2d:a0:9c:90,Di nabubulok,WPA2/WPA,-88,2,Zte,Unidentified,14.700243,121.089047
2018-05-15 11:18:20,2018-05-15 03:18:21.405969,c4:ff:1f:57:f2:28,HUAWEI-6GEE,WPA2/WPA,-72,3,HuaweiTe,Unidentified,14.700037,121.088993
2018-05-15 11:17:59,2018-05-15 03:18:00.287461,d0:ff:98:32:4e:ec,CD4,WPA2/WPA,-89,1,HuaweiTe,Unidentified,14.700167,121.088850
2018-05-15 11:18:01,2018-05-15 03:18:02.415858,94:46:96:15:5e:45,XYNET2018,WPA2/WPA,-86,2,Baudtec,Unidentified,14.700158,121.088827
2018-05-15 11:18:14,2018-05-15 03:18:15.315929,70:4f:57:36:6a:62,DYRAMEAN,WPA2,-85,11,Tp-LinkT,Unidentified,14.700053,121.088945
2018-05-15 11:18:55,2018-05-15 03:18:56.409846,d0:ff:98:71:7e:e1,HUAWEI-7EE1,WPA2,-70,2,HuaweiTe,Unidentified,14.700028,121.089138
