WigleWifi-1.4,appRelease=2.26,model=LG-H990,release=7.0,device=elsa,display=NRD90M,board=msm8996,brand=lge
MAC,SSID,AuthMode,FirstSeen,Channel,RSSI,CurrentLatitude,CurrentLongitude,AltitudeMeters,AccuracyMeters,Type
d0:04:92:03:04:88,PLDTHOMEFIBRQuantum,[WPA-PSK-CCMP+TKIP][WPA2-PSK-CCMP+TKIP][ESS],2018-02-18 14:13:49,9,-82,14.68514777,121.07711476,108,12.13599967956543,WIFI
5a:8b:f3:9c:cd:d8,PLDTOFFICE,[WPA-PSK-TKIP][WPS][ESS],2018-02-18 14:13:49,7,-85,14.68514777,121.07711476,108,12.13599967956543,WIFI
5a:8b:f3:9c:cd:e0,AF Holy Spirit,[WPA-PSK-CCMP+TKIP][WPS][ESS],2018-02-18 14:13:49,4,-81,14.68514777,121.07711476,108,12.13599967956543,WIFI
60:31:97:dd:09:bc,Wolfe_Company,[WPA-PSK-CCMP+TKIP][WPA2-PSK-CCMP+TKIP][ESS],2018-02-18 14:13:49,12,-78,14.68514777,121.07711476,108,12.13599967956543,WIFI
06:d6:aa:9e:e9:5a,AndroidAP,[WPA2-PSK-CCMP][ESS],2018-02-18 14:13:49,6,-86,14.68514777,121.07711476,108,12.13599967956543,WIFI
b0:b9:8a:46:9b:8c,NETGEAR00,[WPA2-PSK-CCMP][WPS][ESS],2018-02-18 14:13:49,4,-86,14.68514777,121.07711476,108,12.13599967956543,WIFI
3e:36:bb:9d:da:53,Bernadette Chantle?s iPhone,[WPA2-PSK-CCMP][ESS],2018-02-18 14:13:49,1,-84,14.68514777,121.07711476,108,12.13599967956543,WIFI
fc:8b:97:38:fc:db,PLDTMyDSL_therockh,[WPA2-PSK-CCMP][WPS][ESS],2018-02-18 14:13:49,11,-85,14.68514777,121.07711476,108,12.13599967956543,WIFI
c0:c1:c0:e7:d4:69,The Frame,[WPA-PSK-CCMP+TKIP][WPA2-PSK-CCMP+TKIP][ESS],2018-02-18 14:13:49,1,-85,14.68514777,121.07711476,108,12.13599967956543,WIFI
e0:a3:ac:4f:a2:5c,1,[WPA2-PSK-CCMP][ESS],2018-02-18 14:13:49,1,-83,14.68514777,121.07711476,108,12.13599967956543,WIFI
24:1f:a0:79:0d:18,B315_90D18,[WPA-PSK-CCMP][WPA2-PSK-CCMP][ESS],2018-02-18 14:13:49,5,-87,14.68514777,121.07711476,108,12.13599967956543,WIFI
88:3f:d3:05:d5:c0,AnytimeFitnessMembers,[WPA-PSK-CCMP+TKIP][WPA2-PSK-CCMP+TKIP][ESS],2018-02-18 14:13:49,7,-87,14.68514777,121.07711476,108,12.13599967956543,WIFI
98:e7:f5:90:21:92,davebb,[WPA-PSK-CCMP+TKIP][WPA2-PSK-CCMP+TKIP][WPS][ESS],2018-02-18 14:13:49,9,-88,14.68514777,121.07711476,108,12.13599967956543,WIFI
32:cd:a7:38:42:0f,DIRECT-8aM2020 Series,[WPA2-PSK-CCMP][WPS-AUTH][ESS][P2P],2018-02-18 14:13:49,11,-86,14.68514777,121.07711476,108,12.13599967956543,WIFI
c0:c1:c0:e7:d4:6a,The Frame-guest,[ESS],2018-02-18 14:13:49,1,-86,14.68514777,121.07711476,108,12.13599967956543,WIFI
c8:60:00:e4:70:cc,wcnet,[WPA-PSK-CCMP+TKIP][WPA2-PSK-CCMP+TKIP][ESS],2018-02-18 14:13:49,1,-86,14.68514777,121.07711476,108,12.13599967956543,WIFI
51502_30229_210031200,Globe,HSPA;ph,2018-02-18 14:13:49,0,-69,14.68514777,121.07711476,108,12.13599967956543,GSM
24:a4:3c:74:4f:e1,HolySpirit3,[WPA2-PSK-CCMP][ESS],2018-02-18 14:13:49,136,-86,14.68514777,121.07711476,108,12.13599967956543,WIFI
f0:9f:c2:9c:45:4e,BHSQC-PA2,[WPA2-PSK-CCMP][ESS],2018-02-18 14:13:49,36,-89,14.68514777,121.07711476,108,12.13599967956543,WIFI
00:13:33:cc:2f:03,PLDTHOMEDSLMPBAC1214,[WPA-PSK-CCMP+TKIP][WPA2-PSK-CCMP+TKIP][ESS],2018-02-18 14:13:49,11,-89,14.68514777,121.07711476,108,12.13599967956543,WIFI
d4:6e:0e:49:c1:cc,TP-LINK_C1CC,[WPA2-PSK-CCMP][WPS][ESS],2018-02-18 14:13:49,2,-90,14.68514777,121.07711476,108,12.13599967956543,WIFI
5a:8b:f3:9c:cd:d8,PLDTOFFICE,[WPA-PSK-TKIP][WPS][ESS],2018-02-18 14:13:49,7,-80,14.68514777,121.07711476,108,12.13599967956543,WIFI
90:61:0c:1f:5c:75,PLDTHOMEDSL,[WPA-PSK-CCMP+TKIP][WPA2-PSK-CCMP+TKIP][WPS][ESS],2018-02-18 14:13:49,11,-89,14.68514777,121.07711476,108,12.13599967956543,WIFI
5a:8b:f3:9c:cd:e0,AF Holy Spirit,[WPA-PSK-CCMP+TKIP][WPS][ESS],2018-02-18 14:14:06,4,-76,14.68525389,121.07727792,120,18.203998565673828,WIFI
66:a5:c3:8f:96:49,Myke?s iPhone,[WPA2-PSK-CCMP][ESS],2018-02-18 14:14:06,1,-84,14.68525389,121.07727792,120,18.203998565673828,WIFI
e4:6f:13:64:45:5c,Omakase DA,[WPA-PSK-CCMP+TKIP][WPA2-PSK-CCMP+TKIP][WPS][ESS],2018-02-18 14:14:06,9,-90,14.68525389,121.07727792,120,18.203998565673828,WIFI
00:13:33:ff:73:4d,PLDTHOMEDSLNailCocktales,[WPA-PSK-CCMP+TKIP][WPA2-PSK-CCMP+TKIP][ESS],2018-02-18 14:14:06,1,-89,14.68525389,121.07727792,120,18.203998565673828,WIFI
c0:c1:c0:e7:d4:69,The Frame,[WPA-PSK-CCMP+TKIP][WPA2-PSK-CCMP+TKIP][ESS],2018-02-18 14:14:47,1,-86,14.68615711,121.07748266,123,25.788999557495117,WIFI
c0:c1:c0:e7:d4:6a,The Frame-guest,[ESS],2018-02-18 14:14:47,1,-84,14.68615711,121.07748266,123,25.788999557495117,WIFI
d4:6e:0e:49:c1:cc,TP-LINK_C1CC,[WPA2-PSK-CCMP][WPS][ESS],2018-02-18 14:14:47,2,-79,14.68615711,121.07748266,123,25.788999557495117,WIFI
f0:98:38:3d:90:80,HUAWEI-rvf2,[WPA-PSK-CCMP+TKIP][WPA2-PSK-CCMP+TKIP][ESS],2018-02-18 14:14:47,6,-88,14.68615711,121.07748266,123,25.788999557495117,WIFI
94:46:96:0f:83:6c,PLDTHOMEDSL,[WPA-PSK-CCMP+TKIP][WPA2-PSK-CCMP+TKIP][ESS],2018-02-18 14:14:47,11,-85,14.68615711,121.07748266,123,25.788999557495117,WIFI
00:13:33:ea:58:2a,PLDTHOMEDSL,[WPA-PSK-CCMP+TKIP][WPA2-PSK-CCMP+TKIP][ESS],2018-02-18 14:14:47,11,-76,14.68615711,121.07748266,123,25.788999557495117,WIFI
cc:06:77:76:52:64,PLDTHOMEFIBR5G65260,[WPA-PSK-TKIP][WPA2-PSK-CCMP][ESS],2018-02-18 14:14:47,44,-85,14.68615711,121.07748266,123,25.788999557495117,WIFI
10:7b:44:ca:85:40,Hermes,[WPA2-PSK-CCMP][WPS][ESS],2018-02-18 14:14:47,6,-86,14.68615711,121.07748266,123,25.788999557495117,WIFI
cc:06:77:76:52:60,PLDTHOMEFIBR65260,[WPA-PSK-TKIP][WPA2-PSK-CCMP][ESS],2018-02-18 14:14:47,8,-88,14.68615711,121.07748266,123,25.788999557495117,WIFI
5c:54:6d:43:f1:b8,RGAMILLA,[WPA-PSK-CCMP+TKIP][WPA2-PSK-CCMP+TKIP][ESS],2018-02-18 14:14:47,1,-87,14.68615711,121.07748266,123,25.788999557495117,WIFI
51502_30229_209979518,Globe,HSPA;ph,2018-02-18 14:14:47,0,-113,14.68615711,121.07748266,123,25.788999557495117,GSM
d4:6e:0e:49:c1:cc,TP-LINK_C1CC,[WPA2-PSK-CCMP][WPS][ESS],1970-01-01 08:00:00,2,-67,14.68532971,121.07701852,0,104.30792236328125,WIFI
d4:6e:0e:49:c1:cc,TP-LINK_C1CC,[WPA2-PSK-CCMP][WPS][ESS],2018-02-18 14:14:47,2,-83,14.68615711,121.07748266,123,25.788999557495117,WIFI
9c:3d:cf:1a:c7:37,NETGEAR32-5G,[WPA2-PSK-CCMP][WPS][ESS],2018-02-18 14:14:47,153,-86,14.68615711,121.07748266,123,25.788999557495117,WIFI
24:a4:3c:74:4f:e1,HolySpirit3,[WPA2-PSK-CCMP][ESS],2018-02-18 14:14:47,136,-86,14.68615711,121.07748266,123,25.788999557495117,WIFI
0c:54:a5:15:7b:6b,481534,[WPA-PSK-CCMP+TKIP][WPA2-PSK-CCMP+TKIP][WPS][ESS],2018-02-18 14:14:47,1,-87,14.68615711,121.07748266,123,25.788999557495117,WIFI
cc:06:77:76:52:64,PLDTHOMEFIBR5G65260,[WPA-PSK-TKIP][WPA2-PSK-CCMP][ESS],2018-02-18 14:14:47,44,-74,14.68615711,121.07748266,123,25.788999557495117,WIFI
10:7b:44:ca:85:40,Hermes,[WPA2-PSK-CCMP][WPS][ESS],2018-02-18 14:14:47,6,-74,14.68615711,121.07748266,123,25.788999557495117,WIFI
cc:06:77:76:52:60,PLDTHOMEFIBR65260,[WPA-PSK-TKIP][WPA2-PSK-CCMP][ESS],2018-02-18 14:14:47,8,-80,14.68615711,121.07748266,123,25.788999557495117,WIFI
cc:a2:23:a1:18:f0,modnails,[WPA-PSK-CCMP+TKIP][WPA2-PSK-CCMP+TKIP][ESS],2018-02-18 14:14:47,1,-77,14.68615711,121.07748266,123,25.788999557495117,WIFI
cc:06:77:76:5e:c4,modnails,[WPA-PSK-TKIP][WPA2-PSK-CCMP][ESS],2018-02-18 14:14:47,36,-85,14.68615711,121.07748266,123,25.788999557495117,WIFI
b4:75:0e:f9:5d:7b,Linksys01468_5GHz,[WPA2-PSK-CCMP][WPS][ESS],2018-02-18 14:14:47,40,-89,14.68615711,121.07748266,123,25.788999557495117,WIFI
10:7b:44:ca:60:48,Hermes,[WPA2-PSK-CCMP][WPS][ESS],2018-02-18 14:14:47,6,-88,14.68615711,121.07748266,123,25.788999557495117,WIFI
88:3f:d3:05:d3:5c,HUAWEI-W8KB,[WPA-PSK-CCMP+TKIP][WPA2-PSK-CCMP+TKIP][ESS],2018-02-18 14:14:47,11,-92,14.68615711,121.07748266,123,25.788999557495117,WIFI
10:7b:44:ca:85:40,Hermes,[WPA2-PSK-CCMP][WPS][ESS],2018-02-18 14:15:05,6,-67,14.68694253,121.07767268,118,22.7549991607666,WIFI
9c:3d:cf:1a:c7:37,NETGEAR32-5G,[WPA2-PSK-CCMP][WPS][ESS],2018-02-18 14:15:05,153,-74,14.68694253,121.07767268,118,22.7549991607666,WIFI
cc:06:77:76:5e:c4,modnails,[WPA-PSK-TKIP][WPA2-PSK-CCMP][ESS],2018-02-18 14:15:05,36,-70,14.68694253,121.07767268,118,22.7549991607666,WIFI
10:7b:44:ca:85:44,Hermes,[WPA2-PSK-CCMP][WPS][ESS],2018-02-18 14:15:05,40,-87,14.68694253,121.07767268,118,22.7549991607666,WIFI
cc:06:77:76:5e:c0,modnails,[WPA-PSK-TKIP][WPA2-PSK-CCMP][ESS],2018-02-18 14:15:05,1,-75,14.68694253,121.07767268,118,22.7549991607666,WIFI
9c:3d:cf:1a:c7:38,NETGEAR32,[WPA2-PSK-CCMP][WPS][ESS],2018-02-18 14:15:05,13,-73,14.68694253,121.07767268,118,22.7549991607666,WIFI
10:7b:44:ca:7f:90,Hermes,[WPA2-PSK-CCMP][WPS][ESS],2018-02-18 14:15:05,6,-88,14.68694253,121.07767268,118,22.7549991607666,WIFI
20:aa:4b:5e:37:0b,LittleZebra,[WPA-PSK-TKIP][WPA2-PSK-CCMP][WPS][ESS],2018-02-18 14:15:05,4,-83,14.68694253,121.07767268,118,22.7549991607666,WIFI
26:aa:4b:5e:37:0b,LittleZebra-guest,[ESS],2018-02-18 14:15:05,4,-85,14.68694253,121.07767268,118,22.7549991607666,WIFI
10:7b:44:44:64:e0,FlashRouter24,[WPA2-PSK-CCMP][ESS],2018-02-18 14:15:05,1,-79,14.68694253,121.07767268,118,22.7549991607666,WIFI
3c:1e:04:0d:98:4a,Mojo,[WPA-PSK-CCMP+TKIP][WPA2-PSK-CCMP+TKIP][WPS][ESS],2018-02-18 14:15:05,9,-80,14.68694253,121.07767268,118,22.7549991607666,WIFI
f0:98:38:a0:20:38,NBI Surveillance,[WPA-PSK-CCMP+TKIP][WPA2-PSK-CCMP+TKIP][ESS],2018-02-18 14:15:05,11,-83,14.68694253,121.07767268,118,22.7549991607666,WIFI
b4:75:0e:f9:5d:7a,happycow,[WPA2-PSK-CCMP][WPS][ESS],2018-02-18 14:15:05,1,-84,14.68694253,121.07767268,118,22.7549991607666,WIFI
b6:75:0e:f9:5d:7c,happycow-guest,[ESS],2018-02-18 14:15:05,1,-86,14.68694253,121.07767268,118,22.7549991607666,WIFI
51502_30229_210040831,Globe,HSPA;ph,2018-02-18 14:15:05,0,-113,14.68694253,121.07767268,118,22.7549991607666,GSM
e0:8e:3c:0b:5d:82,Aztech 01,[WPA2-PSK-CCMP][WPS][ESS],2018-02-18 14:15:05,6,-86,14.68694253,121.07767268,118,22.7549991607666,WIFI
cc:06:77:6f:f1:08,Segunial,[WPA-PSK-TKIP][WPA2-PSK-CCMP][ESS],2018-02-18 14:15:05,5,-87,14.68694253,121.07767268,118,22.7549991607666,WIFI
51502_30229_210040831,Globe,HSPA;ph,2018-02-18 14:15:05,0,-83,14.68694253,121.07767268,118,22.7549991607666,GSM
90:61:0c:2e:bf:c8,PLDTHOMEDSL49096,[WPA-PSK-CCMP+TKIP][WPA2-PSK-CCMP+TKIP][WPS][ESS],2018-02-18 14:15:05,1,-78,14.68694253,121.07767268,118,22.7549991607666,WIFI
f0:98:38:f9:0a:74,mjcortes,[WPA-PSK-CCMP+TKIP][WPA2-PSK-CCMP+TKIP][ESS],2018-02-18 14:15:05,1,-78,14.68694253,121.07767268,118,22.7549991607666,WIFI
fc:b4:e6:a9:28:e5,A&K Home,[WPA-PSK-CCMP+TKIP][WPA2-PSK-CCMP+TKIP][WPS][ESS],2018-02-18 14:15:05,11,-89,14.68694253,121.07767268,118,22.7549991607666,WIFI
00:16:b6:ed:3d:58,linksys,[ESS],2018-02-18 14:15:27,6,-83,14.68639667,121.07850266,123,12.13599967956543,WIFI
cc:06:77:6f:f1:0c,Segunial5g,[WPA-PSK-TKIP][WPA2-PSK-CCMP][ESS],2018-02-18 14:15:27,36,-84,14.68639667,121.07850266,123,12.13599967956543,WIFI
e8:40:f2:da:bf:7e,c86964,[WPA-PSK-TKIP][WPS][ESS],2018-02-18 14:15:27,1,-79,14.68639667,121.07850266,123,12.13599967956543,WIFI
7a:40:4e:9d:99:5b,Sheena Martinez,[WPA2-PSK-CCMP][ESS],2018-02-18 14:15:27,11,-86,14.68639667,121.07850266,123,12.13599967956543,WIFI
90:61:0c:3e:af:30,PLDTHOMEDSL44848,[WPA-PSK-CCMP+TKIP][WPA2-PSK-CCMP+TKIP][ESS],2018-02-18 14:15:27,1,-82,14.68639667,121.07850266,123,12.13599967956543,WIFI
84:16:f9:ec:1c:b4,EZ office 2,[WPA-PSK-CCMP+TKIP][WPA2-PSK-CCMP+TKIP][ESS],2018-02-18 14:15:27,2,-82,14.68639667,121.07850266,123,12.13599967956543,WIFI
2c:dd:95:f4:06:0a,PLDTHOMEDSL4060A,[WPA-PSK-CCMP+TKIP][WPA2-PSK-CCMP+TKIP][WPS][ESS],2018-02-18 14:15:27,6,-87,14.68639667,121.07850266,123,12.13599967956543,WIFI
f0:98:38:f9:56:4c,HUAWEI-QhMs,[WPA-PSK-CCMP+TKIP][WPA2-PSK-CCMP+TKIP][ESS],2018-02-18 14:15:27,2,-86,14.68639667,121.07850266,123,12.13599967956543,WIFI
90:61:0c:2e:40:3a,PLDTHOMEDSL16442,[WPA-PSK-CCMP+TKIP][WPA2-PSK-CCMP+TKIP][WPS][ESS],2018-02-18 14:16:03,1,-83,14.68634544,121.07995783,102,7.585000038146973,WIFI
cc:06:77:22:87:50,Mendoza,[WPA-PSK-TKIP][WPA2-PSK-CCMP][WPS][ESS],2018-02-18 14:16:03,5,-83,14.68634544,121.07995783,102,7.585000038146973,WIFI
94:46:96:16:90:03,PLDTHOMEDSLGRGM0,[WPA-PSK-CCMP+TKIP][WPA2-PSK-CCMP+TKIP][ESS],2018-02-18 14:16:03,2,-77,14.68634544,121.07995783,102,7.585000038146973,WIFI
f0:98:38:a0:16:0c,IKOT,[WPA-PSK-CCMP+TKIP][WPA2-PSK-CCMP+TKIP][ESS],2018-02-18 14:16:03,6,-87,14.68634544,121.07995783,102,7.585000038146973,WIFI
51502_30229_210040831,Globe,HSPA;ph,2018-02-18 14:16:03,0,-113,14.68634544,121.07995783,102,7.585000038146973,GSM
94:46:96:16:f9:5d,PLDTHOMEDSLZFZF0,[WPA-PSK-CCMP+TKIP][WPA2-PSK-CCMP+TKIP][ESS],2018-02-18 14:16:07,5,-82,14.68634153,121.08015436,108,6.067999839782715,WIFI
bc:96:80:d9:a2:7e,PLDTMyDSL,[WPA-PSK-CCMP+TKIP][WPA2-PSK-CCMP+TKIP][WPS][ESS],2018-02-18 14:16:07,11,-86,14.68634153,121.08015436,108,6.067999839782715,WIFI
7c:8b:ca:31:36:36,KUYA GLEN WIFI-HOTSPOT,[ESS],2018-02-18 14:16:11,2,-88,14.68634658,121.08029987,110,6.067999839782715,WIFI
cc:06:77:b5:6b:8c,VALDERRAMA_5G,[WPA-PSK-TKIP][WPA2-PSK-CCMP][ESS],2018-02-18 14:16:20,36,-89,14.68635649,121.08077546,111,4.550999641418457,WIFI
c0:56:27:84:57:ad,ac9ad6,[WPA2-PSK-CCMP][WPS][ESS],2018-02-18 14:16:24,11,-84,14.68637498,121.08091468,110,6.067999839782715,WIFI
cc:06:77:6f:c5:2c,DoNotUse FIBR_Sulit5G,[WPA-PSK-TKIP][WPA2-PSK-CCMP][ESS],2018-02-18 14:16:28,36,-76,14.68638211,121.08100646,110,4.550999641418457,WIFI
cc:06:77:6f:c5:28,Use FIBR_Sulit2.4G,[WPA-PSK-TKIP][WPA2-PSK-CCMP][ESS],2018-02-18 14:16:28,11,-77,14.68638211,121.08100646,110,4.550999641418457,WIFI
cc:06:77:75:8d:64,PLDTHOMEFIBR5G58d60,[WPA-PSK-TKIP][WPA2-PSK-CCMP][ESS],2018-02-18 14:16:28,36,-89,14.68638211,121.08100646,110,4.550999641418457,WIFI
00:1a:ef:46:d5:67,montsrous101,[WPA-PSK-CCMP][ESS],2018-02-18 14:16:28,1,-85,14.68638211,121.08100646,110,4.550999641418457,WIFI
d8:5d:4c:9f:64:e0,TP-LINK_9F64E0,[WPA-PSK-CCMP+TKIP][WPA2-PSK-CCMP+TKIP][WPS][ESS],2018-02-18 14:16:28,1,-88,14.68638211,121.08100646,110,4.550999641418457,WIFI
2c:4d:54:e7:87:c1,MOMARCO_WiFi,[WPA2-PSK-CCMP][ESS],2018-02-18 14:16:28,2,-86,14.68638211,121.08100646,110,4.550999641418457,WIFI
2c:4d:54:e7:87:c0,Adrian's_WiFi,[WPA2-PSK-CCMP][WPS][ESS],2018-02-18 14:16:28,2,-88,14.68638211,121.08100646,110,4.550999641418457,WIFI
51502_30229_210040831,Globe,HSPA;ph,2018-02-18 14:16:28,0,-113,14.68638211,121.08100646,110,4.550999641418457,GSM
00:1a:ef:46:d5:67,montsrous101,[WPA-PSK-CCMP][ESS],2018-02-18 14:16:32,1,-80,14.68637449,121.08118771,109,4.550999641418457,WIFI
d8:5d:4c:9f:64:e0,TP-LINK_9F64E0,[WPA-PSK-CCMP+TKIP][WPA2-PSK-CCMP+TKIP][WPS][ESS],2018-02-18 14:16:32,1,-82,14.68637449,121.08118771,109,4.550999641418457,WIFI
90:61:0c:2e:95:a5,PLDTHOMEDSL38309,[WPA-PSK-CCMP+TKIP][WPA2-PSK-CCMP+TKIP][WPS][ESS],2018-02-18 14:16:32,1,-82,14.68637449,121.08118771,109,4.550999641418457,WIFI
f0:98:38:07:6c:d8,HYPRTONIC,[WPA-PSK-CCMP+TKIP][WPA2-PSK-CCMP+TKIP][ESS],2018-02-18 14:16:32,11,-85,14.68637449,121.08118771,109,4.550999641418457,WIFI
90:f6:52:df:2f:59,MONTSTER101,[WPA-?][WPA2-?][ESS],2018-02-18 14:16:32,1,-85,14.68637449,121.08118771,109,4.550999641418457,WIFI
88:3f:d3:2c:53:c8,SY FAMILY,[WPA-PSK-CCMP+TKIP][WPA2-PSK-CCMP+TKIP][ESS],2018-02-18 14:16:32,3,-86,14.68637449,121.08118771,109,4.550999641418457,WIFI
94:46:96:14:b6:d1,PLDTHOMEDSLT6TB0,[WPA-PSK-CCMP+TKIP][WPA2-PSK-CCMP+TKIP][ESS],2018-02-18 14:16:36,2,-88,14.68636891,121.08139029,110,4.550999641418457,WIFI
cc:06:77:75:8d:64,PLDTHOMEFIBR5G58d60,[WPA-PSK-TKIP][WPA2-PSK-CCMP][ESS],2018-02-18 14:16:40,36,-78,14.68636522,121.08150364,109,4.550999641418457,WIFI
d8:5d:4c:9f:64:e0,TP-LINK_9F64E0,[WPA-PSK-CCMP+TKIP][WPA2-PSK-CCMP+TKIP][WPS][ESS],2018-02-18 14:16:40,1,-75,14.68636522,121.08150364,109,4.550999641418457,WIFI
88:3f:d3:2c:53:c8,SY FAMILY,[WPA-PSK-CCMP+TKIP][WPA2-PSK-CCMP+TKIP][ESS],2018-02-18 14:16:40,3,-67,14.68636522,121.08150364,109,4.550999641418457,WIFI
cc:06:77:75:8d:60,PLDTHOMEFIBR58d60,[WPA-PSK-TKIP][WPA2-PSK-CCMP][ESS],2018-02-18 14:16:40,1,-72,14.68636522,121.08150364,109,4.550999641418457,WIFI
14:ab:f0:4c:cb:10,ARRIS-CB12,[WPA2-PSK-CCMP][WPS][ESS],2018-02-18 14:16:40,11,-86,14.68636522,121.08150364,109,4.550999641418457,WIFI
94:46:96:14:b6:d1,PLDTHOMEDSLT6TB0,[WPA-PSK-CCMP+TKIP][WPA2-PSK-CCMP+TKIP][ESS],2018-02-18 14:16:44,2,-75,14.68636625,121.08161926,110,4.550999641418457,WIFI
cc:06:77:5b:96:ac,Pugad Baboy,[WPA-PSK-TKIP][WPA2-PSK-CCMP][ESS],2018-02-18 14:16:44,36,-89,14.68636625,121.08161926,110,4.550999641418457,WIFI
cc:06:77:5b:96:a8,H&M,[WPA-PSK-TKIP][WPA2-PSK-CCMP][ESS],2018-02-18 14:16:44,8,-85,14.68636625,121.08161926,110,4.550999641418457,WIFI
00:13:33:ea:e1:19,PLDTHOMEDSL,[WPA-PSK-CCMP+TKIP][WPA2-PSK-CCMP+TKIP][ESS],2018-02-18 14:16:44,11,-87,14.68636625,121.08161926,110,4.550999641418457,WIFI
00:13:33:ff:72:80,PLDTHOMEDSLDAVID,[WPA-PSK-CCMP+TKIP][WPA2-PSK-CCMP+TKIP][ESS],2018-02-18 14:16:48,2,-81,14.68634771,121.08180145,110,6.067999839782715,WIFI
00:13:33:ff:72:84,,[WPA-PSK-CCMP+TKIP][WPA2-PSK-CCMP+TKIP][ESS],2018-02-18 14:16:52,2,-81,14.68627313,121.0820576,108,7.585000038146973,WIFI
00:13:33:ed:3f:82,PLDTHOMEDSLAganon,[WPA-PSK-CCMP+TKIP][WPA2-PSK-CCMP+TKIP][ESS],2018-02-18 14:16:52,2,-81,14.68627313,121.0820576,108,7.585000038146973,WIFI
60:02:92:3d:f9:8f,a8d3c4,[WPA-PSK-CCMP+TKIP][WPA2-PSK-CCMP+TKIP][WPS][ESS],2018-02-18 14:16:52,6,-88,14.68627313,121.0820576,108,7.585000038146973,WIFI
84:16:f9:78:ca:3c,TP-LINK_WA855RE,[WPA2-PSK-CCMP+TKIP][WPS][ESS],2018-02-18 14:16:52,11,-89,14.68627313,121.0820576,108,7.585000038146973,WIFI
51502_30229_210040831,Globe,HSPA;ph,2018-02-18 14:16:52,0,-113,14.68627313,121.0820576,108,7.585000038146973,GSM
94:46:96:14:b6:d1,PLDTHOMEDSLT6TB0,[WPA-PSK-CCMP+TKIP][WPA2-PSK-CCMP+TKIP][ESS],2018-02-18 14:18:31,2,-80,14.68732597,121.08552978,122,6.067999839782715,WIFI
00:13:33:ff:72:80,PLDTHOMEDSLDAVID,[WPA-PSK-CCMP+TKIP][WPA2-PSK-CCMP+TKIP][ESS],2018-02-18 14:18:31,2,-86,14.68732597,121.08552978,122,6.067999839782715,WIFI
00:13:33:ff:72:84,,[WPA-PSK-CCMP+TKIP][WPA2-PSK-CCMP+TKIP][ESS],2018-02-18 14:18:31,2,-81,14.68732597,121.08552978,122,6.067999839782715,WIFI
00:13:33:ed:3f:82,PLDTHOMEDSLAganon,[WPA-PSK-CCMP+TKIP][WPA2-PSK-CCMP+TKIP][ESS],2018-02-18 14:18:31,2,-81,14.68732597,121.08552978,122,6.067999839782715,WIFI
60:02:92:3d:f9:8f,a8d3c4,[WPA-PSK-CCMP+TKIP][WPA2-PSK-CCMP+TKIP][WPS][ESS],2018-02-18 14:18:31,6,-84,14.68732597,121.08552978,122,6.067999839782715,WIFI
84:16:f9:78:ca:3c,TP-LINK_WA855RE,[WPA2-PSK-CCMP+TKIP][WPS][ESS],2018-02-18 14:18:31,11,-85,14.68732597,121.08552978,122,6.067999839782715,WIFI
bc:96:80:d9:83:8e,PLDTMyDSL,[WPA2-PSK-CCMP][WPS][ESS],2018-02-18 14:18:31,11,-79,14.68732597,121.08552978,122,6.067999839782715,WIFI
51502_30229_210018752,Globe,HSPA;ph,2018-02-18 14:18:31,0,-113,14.68732597,121.08552978,122,6.067999839782715,GSM
90:61:0c:3a:81:21,Bayad muna bago connect,[WPA-PSK-CCMP+TKIP][WPA2-PSK-CCMP+TKIP][ESS],2018-02-18 14:18:41,1,-61,14.68772957,121.08569034,126,4.550999641418457,WIFI
90:61:0c:3a:47:39,PLDTHOMEDSL18233,[WPA-PSK-CCMP+TKIP][WPA2-PSK-CCMP+TKIP][ESS],2018-02-18 14:18:41,11,-76,14.68772957,121.08569034,126,4.550999641418457,WIFI
f4:9e:ef:d1:1e:d0,PLDTHOMEDSLMIRALLES,[WPA2-PSK-CCMP][WPS][ESS],2018-02-18 14:18:41,11,-84,14.68772957,121.08569034,126,4.550999641418457,WIFI
c4:e9:84:66:f9:36,PLDTHOMEDSL,[WPA2-PSK-CCMP][WPS][ESS],2018-02-18 14:18:41,2,-85,14.68772957,121.08569034,126,4.550999641418457,WIFI
88:d2:74:a9:8c:20,ZTEH108N_98C20,[WPA-PSK-CCMP+TKIP][WPS][ESS],2018-02-18 14:18:41,1,-84,14.68772957,121.08569034,126,4.550999641418457,WIFI
24:a4:3c:78:cc:0f,Annex3,[WPA2-PSK-CCMP][ESS],2018-02-18 14:18:41,40,-89,14.68772957,121.08569034,126,4.550999641418457,WIFI
e0:8e:3c:2e:7e:21,Aztech5068_E7E21,[WPA-PSK-CCMP+TKIP][ESS],2018-02-18 14:18:41,1,-85,14.68772957,121.08569034,126,4.550999641418457,WIFI
f0:98:38:f9:18:34,HappyHome,[WPA-PSK-CCMP+TKIP][WPA2-PSK-CCMP+TKIP][ESS],2018-02-18 14:18:41,4,-86,14.68772957,121.08569034,126,4.550999641418457,WIFI
90:61:0c:3a:47:39,PLDTHOMEDSL18233,[WPA-PSK-CCMP+TKIP][WPA2-PSK-CCMP+TKIP][ESS],2018-02-18 14:18:45,11,-52,14.68794167,121.08574049,127,4.550999641418457,WIFI
00:13:33:f6:1c:4e,PLDTHOMEDSL_BOY3T,[WPA-PSK-CCMP+TKIP][WPA2-PSK-CCMP+TKIP][ESS],2018-02-18 14:18:45,1,-74,14.68794167,121.08574049,127,4.550999641418457,WIFI
90:61:0c:35:ee:8f,PLDTHOMEDSL_Yeoboseyo,[WPA-PSK-CCMP+TKIP][WPA2-PSK-CCMP+TKIP][WPS][ESS],2018-02-18 14:18:45,11,-88,14.68794167,121.08574049,127,4.550999641418457,WIFI
00:13:33:f4:e9:05,PLDTHOMEDSL,[WPA-PSK-CCMP+TKIP][WPA2-PSK-CCMP+TKIP][ESS],2018-02-18 14:18:49,9,-68,14.68807621,121.08576904,129,4.550999641418457,WIFI
00:13:33:dd:f2:f5,connect_ka,[WPA-PSK-CCMP+TKIP][WPA2-PSK-CCMP+TKIP][ESS],2018-02-18 14:18:49,11,-86,14.68807621,121.08576904,129,4.550999641418457,WIFI
70:9f:2d:a0:16:6c,,[WPA-PSK-CCMP+TKIP][WPA2-PSK-CCMP+TKIP][WPS][ESS],2018-02-18 14:18:49,10,-82,14.68807621,121.08576904,129,4.550999641418457,WIFI
76:4a:a4:cd:f2:9d,Smart Bro_CDF29D,[WPA-PSK-CCMP+TKIP][WPA2-PSK-CCMP+TKIP][WPS][ESS],2018-02-18 14:18:49,10,-90,14.68807621,121.08576904,129,4.550999641418457,WIFI
1c:74:0d:16:63:78,PLDTHOMEDSLnapier,[WPA-PSK-CCMP+TKIP][WPA2-PSK-CCMP+TKIP][ESS],2018-02-18 14:18:49,4,-86,14.68807621,121.08576904,129,4.550999641418457,WIFI
00:13:33:dd:f2:f5,connect_ka,[WPA-PSK-CCMP+TKIP][WPA2-PSK-CCMP+TKIP][ESS],2018-02-18 14:18:53,11,-69,14.68821455,121.08578891,130,4.550999641418457,WIFI
76:4a:a4:cd:f2:9d,Smart Bro_CDF29D,[WPA-PSK-CCMP+TKIP][WPA2-PSK-CCMP+TKIP][WPS][ESS],2018-02-18 14:18:53,10,-68,14.68821455,121.08578891,130,4.550999641418457,WIFI
90:61:0c:35:4c:00,haideelhynnford,[WPA-PSK-CCMP+TKIP][WPA2-PSK-CCMP+TKIP][WPS][ESS],2018-02-18 14:18:53,1,-46,14.68821455,121.08578891,130,4.550999641418457,WIFI
00:13:33:dd:f2:f4,,[WPA-PSK-CCMP+TKIP][WPA2-PSK-CCMP+TKIP][ESS],2018-02-18 14:18:53,11,-71,14.68821455,121.08578891,130,4.550999641418457,WIFI
94:46:96:16:d4:0f,MaveeWifi,[WPA-PSK-CCMP+TKIP][WPA2-PSK-CCMP+TKIP][ESS],2018-02-18 14:18:53,1,-83,14.68821455,121.08578891,130,4.550999641418457,WIFI
08:86:3b:e2:8b:0e,connectkaboi,[WPA2-PSK-CCMP][WPS][ESS],2018-02-18 14:18:53,6,-82,14.68821455,121.08578891,130,4.550999641418457,WIFI
00:13:33:dd:f2:f5,connect_ka,[WPA-PSK-CCMP+TKIP][WPA2-PSK-CCMP+TKIP][ESS],2018-02-18 14:18:57,11,-59,14.68840063,121.08584924,131,4.550999641418457,WIFI
70:9f:2d:a0:16:6c,,[WPA-PSK-CCMP+TKIP][WPA2-PSK-CCMP+TKIP][WPS][ESS],2018-02-18 14:18:57,10,-62,14.68840063,121.08584924,131,4.550999641418457,WIFI
00:13:33:dd:f2:f4,,[WPA-PSK-CCMP+TKIP][WPA2-PSK-CCMP+TKIP][ESS],2018-02-18 14:18:57,11,-65,14.68840063,121.08584924,131,4.550999641418457,WIFI
94:a7:b7:26:60:bd,bayanDSLWIFI_60BD,[WPA-PSK-CCMP+TKIP][WPA2-PSK-CCMP+TKIP][WPS][ESS],2018-02-18 14:18:57,3,-87,14.68840063,121.08584924,131,4.550999641418457,WIFI
90:61:0c:35:bb:f0,PLDTHOMEDSLWALANGLIBRE,[WPA-PSK-CCMP+TKIP][WPA2-PSK-CCMP+TKIP][WPS][ESS],2018-02-18 14:18:57,1,-88,14.68840063,121.08584924,131,4.550999641418457,WIFI
38:d4:0b:03:8a:d9,S8 edge plus,[WPA2-PSK-CCMP][ESS],2018-02-18 14:18:57,6,-87,14.68840063,121.08584924,131,4.550999641418457,WIFI
51502_30229_210018752,Globe,HSPA;ph,2018-02-18 14:18:57,0,-113,14.68840063,121.08584924,131,4.550999641418457,GSM
90:61:0c:35:bb:f0,PLDTHOMEDSLWALANGLIBRE,[WPA-PSK-CCMP+TKIP][WPA2-PSK-CCMP+TKIP][WPS][ESS],2018-02-18 14:19:01,1,-66,14.68858175,121.08590876,131,4.550999641418457,WIFI
00:13:33:e7:bf:1b,PLDTHOMEDSL,[WPA-PSK-CCMP+TKIP][WPA2-PSK-CCMP+TKIP][ESS],2018-02-18 14:19:01,11,-72,14.68858175,121.08590876,131,4.550999641418457,WIFI
9c:6f:52:19:a3:93,ZTEH108N_9A393,[WPA-PSK-CCMP+TKIP][WPS][ESS],2018-02-18 14:19:01,10,-90,14.68858175,121.08590876,131,4.550999641418457,WIFI
24:a4:3c:78:cc:0f,Annex3,[WPA2-PSK-CCMP][ESS],2018-02-18 14:19:05,40,-87,14.68875331,121.08594451,131,4.550999641418457,WIFI
9c:6f:52:19:a3:93,ZTEH108N_9A393,[WPA-PSK-CCMP+TKIP][WPS][ESS],2018-02-18 14:19:05,10,-84,14.68875331,121.08594451,131,4.550999641418457,WIFI
94:46:96:1d:32:dd,PLDTHOMEDSLMQMQ0,[WPA-PSK-CCMP+TKIP][WPA2-PSK-CCMP+TKIP][ESS],2018-02-18 14:19:05,5,-88,14.68875331,121.08594451,131,4.550999641418457,WIFI
9c:6f:52:35:1b:c7,Waki Center,[WPA-PSK-CCMP+TKIP][WPA2-PSK-CCMP+TKIP][WPS][ESS],2018-02-18 14:19:05,1,-84,14.68875331,121.08594451,131,4.550999641418457,WIFI
e4:77:23:a5:f9:80,Theo & Joaquin,[WPA-PSK-CCMP+TKIP][WPA2-PSK-CCMP+TKIP][ESS],2018-02-18 14:19:05,2,-88,14.68875331,121.08594451,131,4.550999641418457,WIFI
1c:dd:ea:e2:63:51,BESO-aGVpZHM,[ESS],2018-02-18 14:19:05,6,-87,14.68875331,121.08594451,131,4.550999641418457,WIFI
9c:6f:52:19:a3:93,ZTEH108N_9A393,[WPA-PSK-CCMP+TKIP][WPS][ESS],2018-02-18 14:19:09,10,-68,14.68890343,121.08594927,131,4.550999641418457,WIFI
9c:6f:52:35:1b:c7,Waki Center,[WPA-PSK-CCMP+TKIP][WPA2-PSK-CCMP+TKIP][WPS][ESS],2018-02-18 14:19:09,1,-53,14.68890343,121.08594927,131,4.550999641418457,WIFI
e4:77:23:a5:f9:80,Theo & Joaquin,[WPA-PSK-CCMP+TKIP][WPA2-PSK-CCMP+TKIP][ESS],2018-02-18 14:19:09,2,-83,14.68890343,121.08594927,131,4.550999641418457,WIFI
00:13:33:f5:8f:27,PLDTHOMEDSL,[WPA-PSK-CCMP+TKIP][WPA2-PSK-CCMP+TKIP][ESS],2018-02-18 14:19:09,9,-79,14.68890343,121.08594927,131,4.550999641418457,WIFI
f4:9e:ef:d1:22:9c,PLDTHOMEDSLMarkz,[WPA2-PSK-CCMP][WPS][ESS],2018-02-18 14:19:09,5,-83,14.68890343,121.08594927,131,4.550999641418457,WIFI
94:46:96:1d:02:d6,PLDTHOMEDSLSFSK0,[WPA-PSK-CCMP+TKIP][WPA2-PSK-CCMP+TKIP][ESS],2018-02-18 14:19:09,5,-85,14.68890343,121.08594927,131,4.550999641418457,WIFI
00:13:33:f7:a0:d2,PLDTHOMEDSL-angelica,[WPA-PSK-CCMP+TKIP][WPA2-PSK-CCMP+TKIP][ESS],2018-02-18 14:19:09,1,-86,14.68890343,121.08594927,131,4.550999641418457,WIFI
00:13:33:e3:64:82,PLDTHOMEDSL,[WPA-PSK-CCMP+TKIP][WPA2-PSK-CCMP+TKIP][ESS],2018-02-18 14:19:09,11,-87,14.68890343,121.08594927,131,4.550999641418457,WIFI
f4:9e:ef:d1:22:9c,PLDTHOMEDSLMarkz,[WPA2-PSK-CCMP][WPS][ESS],2018-02-18 14:19:13,5,-68,14.68897126,121.08595726,131,6.067999839782715,WIFI
00:13:33:f7:a0:d2,PLDTHOMEDSL-angelica,[WPA-PSK-CCMP+TKIP][WPA2-PSK-CCMP+TKIP][ESS],2018-02-18 14:19:13,1,-57,14.68897126,121.08595726,131,6.067999839782715,WIFI
90:61:0c:17:e5:c3,,[WPA-PSK-CCMP+TKIP][WPA2-PSK-CCMP+TKIP][ESS],2018-02-18 14:19:13,11,-86,14.68897126,121.08595726,131,6.067999839782715,WIFI
90:61:0c:17:e5:c4,PPIQC,[WPA-PSK-CCMP+TKIP][WPA2-PSK-CCMP+TKIP][ESS],2018-02-18 14:19:17,11,-83,14.68907519,121.0859538,133,4.550999641418457,WIFI
00:13:33:f9:ee:5f,PLDTHOMEDSL,[WPA-PSK-CCMP+TKIP][WPA2-PSK-CCMP+TKIP][ESS],2018-02-18 14:19:17,11,-86,14.68907519,121.0859538,133,4.550999641418457,WIFI
34:ba:9a:54:8c:ec,MICAYA,[WPA2-PSK-CCMP][WPS][ESS],2018-02-18 14:19:17,9,-87,14.68907519,121.0859538,133,4.550999641418457,WIFI
88:3f:d3:06:8d:18,chikichikii ,[WPA-PSK-CCMP+TKIP][WPA2-PSK-CCMP+TKIP][ESS],2018-02-18 14:19:17,5,-88,14.68907519,121.0859538,133,4.550999641418457,WIFI
f8:df:a8:78:39:ae,GLOBE_7839AE,[WPA-PSK-CCMP][WPA2-PSK-CCMP][ESS],2018-02-18 14:19:17,2,-88,14.68907519,121.0859538,133,4.550999641418457,WIFI
90:61:0c:17:e5:c4,PPIQC,[WPA-PSK-CCMP+TKIP][WPA2-PSK-CCMP+TKIP][ESS],2018-02-18 14:19:21,11,-77,14.68923224,121.08595473,134,4.550999641418457,WIFI
00:13:33:f9:ee:5f,PLDTHOMEDSL,[WPA-PSK-CCMP+TKIP][WPA2-PSK-CCMP+TKIP][ESS],2018-02-18 14:19:21,11,-71,14.68923224,121.08595473,134,4.550999641418457,WIFI
90:61:0c:3a:81:20,kasmot,[WPA-PSK-CCMP+TKIP][WPA2-PSK-CCMP+TKIP][ESS],2018-02-18 14:19:21,1,-80,14.68923224,121.08595473,134,4.550999641418457,WIFI
00:13:33:f6:8e:5e,PLDTHOMEDSLFairyTail,[WPA-PSK-CCMP+TKIP][WPA2-PSK-CCMP+TKIP][ESS],2018-02-18 14:19:21,1,-83,14.68923224,121.08595473,134,4.550999641418457,WIFI
1c:74:0d:17:86:34,PLDTHOMEDSL63VRU,[WPA-PSK-CCMP+TKIP][WPA2-PSK-CCMP+TKIP][ESS],2018-02-18 14:19:21,10,-87,14.68923224,121.08595473,134,4.550999641418457,WIFI
90:61:0c:17:e5:c3,,[WPA-PSK-CCMP+TKIP][WPA2-PSK-CCMP+TKIP][ESS],2018-02-18 14:19:25,11,-67,14.68938426,121.085938,131,4.550999641418457,WIFI
90:61:0c:17:e5:c4,PPIQC,[WPA-PSK-CCMP+TKIP][WPA2-PSK-CCMP+TKIP][ESS],2018-02-18 14:19:25,11,-69,14.68938426,121.085938,131,4.550999641418457,WIFI
88:3f:d3:06:8d:18,chikichikii ,[WPA-PSK-CCMP+TKIP][WPA2-PSK-CCMP+TKIP][ESS],2018-02-18 14:19:25,5,-83,14.68938426,121.085938,131,4.550999641418457,WIFI
90:61:0c:3a:81:20,kasmot,[WPA-PSK-CCMP+TKIP][WPA2-PSK-CCMP+TKIP][ESS],2018-02-18 14:19:25,1,-65,14.68938426,121.085938,131,4.550999641418457,WIFI
34:6b:d3:b1:0a:2f,Connect4G,[WPA-PSK-CCMP+TKIP][WPA2-PSK-CCMP+TKIP][ESS],2018-02-18 14:19:25,7,-73,14.68938426,121.085938,131,4.550999641418457,WIFI
e8:94:f6:42:c4:54,TP-LINK_42C454,[WPA2-PSK-CCMP][WPS][ESS],2018-02-18 14:19:25,4,-86,14.68938426,121.085938,131,4.550999641418457,WIFI
d0:65:ca:20:00:9f,HUAWEI-009F,[WPA2-PSK-CCMP][ESS],2018-02-18 14:19:25,5,-88,14.68938426,121.085938,131,4.550999641418457,WIFI
42:53:49:86:58:7b,Connectify-me,[WPA2-PSK-CCMP][ESS],2018-02-18 14:19:25,11,-88,14.68938426,121.085938,131,4.550999641418457,WIFI
88:3f:d3:06:8d:18,chikichikii ,[WPA-PSK-CCMP+TKIP][WPA2-PSK-CCMP+TKIP][ESS],2018-02-18 14:19:29,5,-44,14.68953833,121.08589951,130,6.067999839782715,WIFI
d0:65:ca:20:00:9f,HUAWEI-009F,[WPA2-PSK-CCMP][ESS],2018-02-18 14:19:29,5,-77,14.68953833,121.08589951,130,6.067999839782715,WIFI
90:61:0c:2e:42:a2,PLDTHOMEDSL17058,[WPA-PSK-CCMP+TKIP][WPA2-PSK-CCMP+TKIP][WPS][ESS],2018-02-18 14:19:29,1,-78,14.68953833,121.08589951,130,6.067999839782715,WIFI
51502_30229_210018752,Globe,HSPA;ph,2018-02-18 14:19:29,0,-113,14.68953833,121.08589951,130,6.067999839782715,GSM
00:13:33:e7:bf:1b,PLDTHOMEDSL,[WPA-PSK-CCMP+TKIP][WPA2-PSK-CCMP+TKIP][ESS],2018-02-18 14:19:33,11,-89,14.68971262,121.08585629,132,6.067999839782715,WIFI
90:61:0c:35:cd:53,TUERCA,[WPA-PSK-CCMP+TKIP][WPA2-PSK-CCMP+TKIP][WPS][ESS],2018-02-18 14:19:33,11,-79,14.68971262,121.08585629,132,6.067999839782715,WIFI
00:1e:c8:a0:5f:c2,NielLyn,[WPA2-PSK-CCMP][ESS],2018-02-18 14:19:33,6,-82,14.68971262,121.08585629,132,6.067999839782715,WIFI
94:46:96:18:a2:2b,Saaminlangtoh,[WPA-PSK-CCMP+TKIP][WPA2-PSK-CCMP+TKIP][ESS],2018-02-18 14:19:33,10,-84,14.68971262,121.08585629,132,6.067999839782715,WIFI
88:3f:d3:05:de:ec,Thranduil,[WPA-PSK-CCMP+TKIP][WPA2-PSK-CCMP+TKIP][ESS],2018-02-18 14:19:33,3,-85,14.68971262,121.08585629,132,6.067999839782715,WIFI
bc:3f:8f:d1:ce:9c,superkalan,[WPA-PSK-CCMP+TKIP][WPA2-PSK-CCMP+TKIP][ESS],2018-02-18 14:19:33,5,-86,14.68971262,121.08585629,132,6.067999839782715,WIFI
24:a4:3c:78:cc:0f,Annex3,[WPA2-PSK-CCMP][ESS],2018-02-18 14:19:37,40,-89,14.6898431,121.08582059,130,6.067999839782715,WIFI
94:46:96:18:a2:2b,Saaminlangtoh,[WPA-PSK-CCMP+TKIP][WPA2-PSK-CCMP+TKIP][ESS],2018-02-18 14:19:37,10,-74,14.6898431,121.08582059,130,6.067999839782715,WIFI
88:3f:d3:05:de:ec,Thranduil,[WPA-PSK-CCMP+TKIP][WPA2-PSK-CCMP+TKIP][ESS],2018-02-18 14:19:37,3,-77,14.6898431,121.08582059,130,6.067999839782715,WIFI
bc:3f:8f:d1:ce:9c,superkalan,[WPA-PSK-CCMP+TKIP][WPA2-PSK-CCMP+TKIP][ESS],2018-02-18 14:19:37,5,-60,14.6898431,121.08582059,130,6.067999839782715,WIFI
1e:1e:e3:00:0a:ba,DIRECT-Cj,[WPA2-PSK-CCMP][WPS][ESS],2018-02-18 14:19:37,6,-56,14.6898431,121.08582059,130,6.067999839782715,WIFI
94:46:96:1d:87:d8,2pac,[WPA-PSK-CCMP+TKIP][WPA2-PSK-CCMP+TKIP][ESS],2018-02-18 14:19:37,11,-64,14.6898431,121.08582059,130,6.067999839782715,WIFI
90:61:0c:35:4a:77,PLDTHOMEDSL19063,[WPA-PSK-CCMP+TKIP][WPA2-PSK-CCMP+TKIP][WPS][ESS],2018-02-18 14:19:37,11,-83,14.6898431,121.08582059,130,6.067999839782715,WIFI
24:a4:3c:78:c6:4c,Annex2,[WPA2-PSK-CCMP][ESS],2018-02-18 14:19:37,112,-89,14.6898431,121.08582059,130,6.067999839782715,WIFI
90:61:0c:3a:48:73,PLDTHOMEDSL18547,[WPA-PSK-CCMP+TKIP][WPA2-PSK-CCMP+TKIP][ESS],2018-02-18 14:19:37,1,-87,14.6898431,121.08582059,130,6.067999839782715,WIFI
94:46:96:18:a2:2b,Saaminlangtoh,[WPA-PSK-CCMP+TKIP][WPA2-PSK-CCMP+TKIP][ESS],2018-02-18 14:19:41,10,-66,14.69000849,121.08578274,129,6.067999839782715,WIFI
90:61:0c:35:4a:77,PLDTHOMEDSL19063,[WPA-PSK-CCMP+TKIP][WPA2-PSK-CCMP+TKIP][WPS][ESS],2018-02-18 14:19:41,11,-67,14.69000849,121.08578274,129,6.067999839782715,WIFI
e0:8e:3c:16:80:25,virus,[WPA-PSK-CCMP+TKIP][WPA2-PSK-CCMP+TKIP][ESS],2018-02-18 14:19:41,1,-87,14.69000849,121.08578274,129,6.067999839782715,WIFI
90:61:0c:3a:48:73,PLDTHOMEDSL18547,[WPA-PSK-CCMP+TKIP][WPA2-PSK-CCMP+TKIP][ESS],2018-02-18 14:19:45,1,-70,14.69011471,121.08574746,133,4.550999641418457,WIFI
90:61:0c:3a:b1:2e,PLDTHOMEDSL45358,[WPA-PSK-CCMP+TKIP][WPA2-PSK-CCMP+TKIP][ESS],2018-02-18 14:19:45,11,-77,14.69011471,121.08574746,133,4.550999641418457,WIFI
1c:74:0d:1a:af:88,PLDTHOMEDSL38PYE,[WPA-PSK-CCMP+TKIP][WPA2-PSK-CCMP+TKIP][ESS],2018-02-18 14:19:45,7,-83,14.69011471,121.08574746,133,4.550999641418457,WIFI
e0:8e:3c:16:80:25,virus,[WPA-PSK-CCMP+TKIP][WPA2-PSK-CCMP+TKIP][ESS],2018-02-18 14:19:49,1,-73,14.69011615,121.08572798,134,4.550999641418457,WIFI
00:13:33:db:08:e4,PLDTHOMEDSLDefault,[WPA-PSK-TKIP][ESS],2018-02-18 14:19:49,2,-87,14.69011615,121.08572798,134,4.550999641418457,WIFI
24:a4:3c:78:c6:4c,Annex2,[WPA2-PSK-CCMP][ESS],2018-02-18 14:19:53,112,-79,14.69012646,121.0857269,134,6.067999839782715,WIFI
94:46:96:1f:ef:91,SOPHIA2018,[WPA-PSK-CCMP+TKIP][WPA2-PSK-CCMP+TKIP][ESS],2018-02-18 14:19:53,11,-80,14.69012646,121.0857269,134,6.067999839782715,WIFI
9c:6f:52:1d:24:9f,ZTEH108N_D249F,[WPA-PSK-CCMP+TKIP][WPS][ESS],2018-02-18 14:19:53,2,-84,14.69012646,121.0857269,134,6.067999839782715,WIFI
e0:8e:3c:16:80:25,virus,[WPA-PSK-CCMP+TKIP][WPA2-PSK-CCMP+TKIP][ESS],2018-02-18 14:19:58,1,-67,14.69014145,121.08572696,135,6.067999839782715,WIFI
00:1f:fb:ba:84:57,HomeBro_ULTERA,[WPA2-PSK-CCMP][WPS][ESS],2018-02-18 14:19:58,1,-82,14.69014145,121.08572696,135,6.067999839782715,WIFI
8c:34:fd:41:07:7d,HUAWEI-E5330-077D,[WPA2-PSK-CCMP][ESS],2018-02-18 14:20:02,11,-84,14.6901623,121.08571124,136,4.550999641418457,WIFI
58:6d:8f:6d:f7:cc,CiscoD2521,[WPA-PSK-CCMP+TKIP][WPA2-PSK-CCMP+TKIP][WPS][ESS],2018-02-18 14:20:02,6,-91,14.6901623,121.08571124,136,4.550999641418457,WIFI
24:a4:3c:78:c6:4c,Annex2,[WPA2-PSK-CCMP][ESS],2018-02-18 14:21:02,112,-89,14.69051316,121.08702786,123,9.101999282836914,WIFI
00:26:75:f7:0d:74,virus,[WPA-PSK-CCMP+TKIP][ESS],2018-02-18 14:21:02,1,-78,14.69051316,121.08702786,123,9.101999282836914,WIFI
c4:86:e9:ac:47:b8,Kjopzcarwash,[WPA-PSK-CCMP+TKIP][WPA2-PSK-CCMP+TKIP][ESS],2018-02-18 14:21:02,1,-84,14.69051316,121.08702786,123,9.101999282836914,WIFI
d8:d8:66:00:b2:c7,Maricel,[WPA2-PSK-CCMP][WPS][ESS],2018-02-18 14:21:02,2,-81,14.69051316,121.08702786,123,9.101999282836914,WIFI
b8:ec:a3:44:9e:ef,PLDTWIFIMANGSIMON,[WPA-PSK-CCMP+TKIP][WPA2-PSK-CCMP+TKIP][ESS],2018-02-18 14:21:02,13,-79,14.69051316,121.08702786,123,9.101999282836914,WIFI
34:ba:9a:57:54:f9,nightmare ,[WPA2-PSK-CCMP][WPS][ESS],2018-02-18 14:21:02,8,-80,14.69051316,121.08702786,123,9.101999282836914,WIFI
00:13:33:fc:e8:8a,PLDTHOMEDSL,[WPA-PSK-CCMP+TKIP][WPA2-PSK-CCMP+TKIP][ESS],2018-02-18 14:21:02,2,-78,14.69051316,121.08702786,123,9.101999282836914,WIFI
f0:98:38:a0:12:24,HUAWEI-2sbr,[WPA-PSK-CCMP+TKIP][WPA2-PSK-CCMP+TKIP][ESS],2018-02-18 14:21:02,3,-87,14.69051316,121.08702786,123,9.101999282836914,WIFI
86:be:52:de:f0:df,Hide yo wifi,[WPA2-PSK-CCMP][WPS][ESS],2018-02-18 14:21:02,11,-87,14.69051316,121.08702786,123,9.101999282836914,WIFI
0c:bd:51:2c:a7:95,Smart Bro_A795,[WPA-PSK-CCMP][WPS][ESS],2018-02-18 14:21:02,3,-88,14.69051316,121.08702786,123,9.101999282836914,WIFI
e4:18:6b:c2:8d:54,MIGO,[WPA-PSK-CCMP+TKIP][WPA2-PSK-CCMP+TKIP][ESS],2018-02-18 14:21:02,6,-89,14.69051316,121.08702786,123,9.101999282836914,WIFI
78:c1:a7:05:4f:28,nathanstore,[WPA-PSK-CCMP+TKIP][ESS],2018-02-18 14:21:02,5,-90,14.69051316,121.08702786,123,9.101999282836914,WIFI
78:c1:a7:02:bd:58,ZTEH108N_2BD58,[WPA-PSK-CCMP+TKIP][ESS],2018-02-18 14:21:02,11,-80,14.69051316,121.08702786,123,9.101999282836914,WIFI
a0:f8:49:ee:88:e0,REGION IV-A,[WPA2-PSK-CCMP][ESS],2018-02-18 14:21:02,6,-81,14.69051316,121.08702786,123,9.101999282836914,WIFI
a0:f8:49:ee:88:ef,REGION IV-A,[WPA2-PSK-CCMP][ESS],2018-02-18 14:21:02,36,-89,14.69051316,121.08702786,123,9.101999282836914,WIFI
a0:f8:49:ee:9e:cd,COA Exclusive,[WPA2-PSK-CCMP][ESS],2018-02-18 14:21:02,36,-90,14.69051316,121.08702786,123,9.101999282836914,WIFI
88:3f:d3:06:0e:20,hula,[WPA-PSK-CCMP+TKIP][WPA2-PSK-CCMP+TKIP][ESS],2018-02-18 14:21:02,11,-86,14.69051316,121.08702786,123,9.101999282836914,WIFI
51502_20212_53098,Globe,EDGE;ph,2018-02-18 14:21:02,0,-113,14.69051316,121.08702786,123,9.101999282836914,GSM
00:26:75:f7:0d:74,virus,[WPA-PSK-CCMP+TKIP][ESS],2018-02-18 14:21:07,1,-64,14.69052239,121.08695439,126,7.585000038146973,WIFI
34:ba:9a:57:54:f9,nightmare ,[WPA2-PSK-CCMP][WPS][ESS],2018-02-18 14:21:07,8,-73,14.69052239,121.08695439,126,7.585000038146973,WIFI
78:c1:a7:02:bd:58,ZTEH108N_2BD58,[WPA-PSK-CCMP+TKIP][ESS],2018-02-18 14:21:07,11,-75,14.69052239,121.08695439,126,7.585000038146973,WIFI
24:a4:3c:78:c6:4c,Annex2,[WPA2-PSK-CCMP][ESS],2018-02-18 14:21:13,112,-84,14.69053074,121.08686754,129,6.067999839782715,WIFI
b8:ec:a3:44:9e:ef,PLDTWIFIMANGSIMON,[WPA-PSK-CCMP+TKIP][WPA2-PSK-CCMP+TKIP][ESS],2018-02-18 14:21:13,13,-73,14.69053074,121.08686754,129,6.067999839782715,WIFI
d8:d8:66:00:b2:c7,Maricel,[WPA2-PSK-CCMP][WPS][ESS],2018-02-18 14:21:17,2,-66,14.6905458,121.08676909,133,4.550999641418457,WIFI
78:c1:a7:02:bd:58,ZTEH108N_2BD58,[WPA-PSK-CCMP+TKIP][ESS],2018-02-18 14:21:17,11,-54,14.6905458,121.08676909,133,4.550999641418457,WIFI
00:26:75:ea:cb:14,gppcoa,[WPA-PSK-CCMP+TKIP][ESS],2018-02-18 14:21:17,11,-78,14.6905458,121.08676909,133,4.550999641418457,WIFI
aa:a6:68:80:aa:70,Ang Smart mo Bro,[WPA-PSK-CCMP+TKIP][WPA2-PSK-CCMP+TKIP][WPS][ESS],2018-02-18 14:21:17,1,-84,14.6905458,121.08676909,133,4.550999641418457,WIFI
24:a4:3c:78:c6:4c,Annex2,[WPA2-PSK-CCMP][ESS],2018-02-18 14:21:21,112,-77,14.69055584,121.08666484,137,4.550999641418457,WIFI
b8:ec:a3:44:9e:ef,PLDTWIFIMANGSIMON,[WPA-PSK-CCMP+TKIP][WPA2-PSK-CCMP+TKIP][ESS],2018-02-18 14:21:21,13,-63,14.69055584,121.08666484,137,4.550999641418457,WIFI
88:3f:d3:06:0e:20,hula,[WPA-PSK-CCMP+TKIP][WPA2-PSK-CCMP+TKIP][ESS],2018-02-18 14:21:21,11,-60,14.69055584,121.08666484,137,4.550999641418457,WIFI
e4:18:6b:c2:8d:54,MIGO,[WPA-PSK-CCMP+TKIP][WPA2-PSK-CCMP+TKIP][ESS],2018-02-18 14:21:21,6,-78,14.69055584,121.08666484,137,4.550999641418457,WIFI
aa:a6:68:80:aa:70,Ang Smart mo Bro,[WPA-PSK-CCMP+TKIP][WPA2-PSK-CCMP+TKIP][WPS][ESS],2018-02-18 14:21:21,1,-73,14.69055584,121.08666484,137,4.550999641418457,WIFI
f0:98:38:a0:1c:08,dckyle,[WPA-PSK-CCMP+TKIP][WPA2-PSK-CCMP+TKIP][ESS],2018-02-18 14:21:21,11,-72,14.69055584,121.08666484,137,4.550999641418457,WIFI
34:ba:9a:54:9b:5a,Smart_Bro_549B5A,[WPA2-PSK-CCMP][WPS][ESS],2018-02-18 14:21:21,7,-76,14.69055584,121.08666484,137,4.550999641418457,WIFI
88:3f:d3:06:83:bc,parllyn,[WPA-PSK-CCMP+TKIP][WPA2-PSK-CCMP+TKIP][ESS],2018-02-18 14:21:21,4,-81,14.69055584,121.08666484,137,4.550999641418457,WIFI
00:26:75:d4:57:08,MOAOPT1,[WPA-PSK-CCMP+TKIP][ESS],2018-02-18 14:21:21,4,-87,14.69055584,121.08666484,137,4.550999641418457,WIFI
88:3f:d3:06:83:bc,parllyn,[WPA-PSK-CCMP+TKIP][WPA2-PSK-CCMP+TKIP][ESS],2018-02-18 14:21:25,4,-58,14.69056416,121.08658814,139,4.550999641418457,WIFI
90:61:0c:1d:0b:56,COA_SYATOY,[WPA2-PSK-CCMP][WPS][ESS],2018-02-18 14:21:25,11,-77,14.69056416,121.08658814,139,4.550999641418457,WIFI
94:46:96:19:53:79,PLDTHOMEDSLMWM00,[WPA-PSK-CCMP+TKIP][WPA2-PSK-CCMP+TKIP][ESS],2018-02-18 14:21:25,1,-84,14.69056416,121.08658814,139,4.550999641418457,WIFI
2c:4d:54:7a:33:ba,sample,[WPA2-PSK-CCMP][ESS],2018-02-18 14:21:25,1,-86,14.69056416,121.08658814,139,4.550999641418457,WIFI
e4:18:6b:c2:8d:54,MIGO,[WPA-PSK-CCMP+TKIP][WPA2-PSK-CCMP+TKIP][ESS],2018-02-18 14:21:29,6,-63,14.69053529,121.08650286,136,4.550999641418457,WIFI
90:61:0c:1d:0b:56,COA_SYATOY,[WPA2-PSK-CCMP][WPS][ESS],2018-02-18 14:21:29,11,-57,14.69053529,121.08650286,136,4.550999641418457,WIFI
84:16:f9:ec:34:64,SUPERGIVEN,[WPA-PSK-CCMP+TKIP][WPA2-PSK-CCMP+TKIP][ESS],2018-02-18 14:21:29,1,-86,14.69053529,121.08650286,136,4.550999641418457,WIFI
24:a4:3c:78:c6:4c,Annex2,[WPA2-PSK-CCMP][ESS],2018-02-18 14:21:33,112,-68,14.69051436,121.08637054,137,4.550999641418457,WIFI
00:26:75:d4:57:08,MOAOPT1,[WPA-PSK-CCMP+TKIP][ESS],2018-02-18 14:21:37,4,-76,14.69049516,121.08623595,139,4.550999641418457,WIFI
90:61:0c:35:4a:ff,PLDTHOMEDSL19199,[WPA-PSK-CCMP+TKIP][WPA2-PSK-CCMP+TKIP][WPS][ESS],2018-02-18 14:21:37,1,-65,14.69049516,121.08623595,139,4.550999641418457,WIFI
94:a7:b7:26:4d:96,bayanDSLWIFI_4D96,[WPA-PSK-CCMP+TKIP][WPA2-PSK-CCMP+TKIP][WPS][ESS],2018-02-18 14:21:37,7,-81,14.69049516,121.08623595,139,4.550999641418457,WIFI
f0:9f:c2:9c:45:4e,BHSQC-PA2,[WPA2-PSK-CCMP][ESS],2018-02-18 14:21:37,36,-89,14.69049516,121.08623595,139,4.550999641418457,WIFI
9e:a9:e4:d4:ca:b0,jaycee,[WPA2-PSK-CCMP][WPS][ESS],2018-02-18 14:21:37,11,-83,14.69049516,121.08623595,139,4.550999641418457,WIFI
c8:14:51:59:e5:c6,HUAWEI-E5C6,[WPA2-PSK-CCMP][ESS],2018-02-18 14:21:37,1,-85,14.69049516,121.08623595,139,4.550999641418457,WIFI
f0:98:38:a0:11:f0,jasperanz,[WPA-PSK-CCMP+TKIP][WPA2-PSK-CCMP+TKIP][ESS],2018-02-18 14:21:37,10,-87,14.69049516,121.08623595,139,4.550999641418457,WIFI
00:26:75:d4:57:08,MOAOPT1,[WPA-PSK-CCMP+TKIP][ESS],2018-02-18 14:21:41,4,-66,14.69046227,121.08615179,138,6.067999839782715,WIFI
2c:dd:95:f4:07:8a,PLDTHOMEDSL4078A,[WPA2-PSK-CCMP][WPS][ESS],2018-02-18 14:21:41,6,-81,14.69046227,121.08615179,138,6.067999839782715,WIFI
2c:dd:95:f4:07:8a,PLDTHOMEDSL4078A,[WPA2-PSK-CCMP][WPS][ESS],2018-02-18 14:21:45,6,-54,14.69036598,121.08591508,138,6.067999839782715,WIFI
8c:34:fd:41:07:7d,HUAWEI-E5330-077D,[WPA2-PSK-CCMP][ESS],2018-02-18 14:21:45,11,-74,14.69036598,121.08591508,138,6.067999839782715,WIFI
90:61:0c:40:ad:af,PLDTHOMEDSL44463,[WPA-PSK-CCMP+TKIP][WPA2-PSK-CCMP+TKIP][ESS],2018-02-18 14:21:45,1,-81,14.69036598,121.08591508,138,6.067999839782715,WIFI
88:d2:74:86:cb:86,Secret!!!,[WPA-PSK-CCMP+TKIP][WPA2-PSK-CCMP+TKIP][WPS][ESS],2018-02-18 14:21:45,10,-87,14.69036598,121.08591508,138,6.067999839782715,WIFI
51502_20212_53098,Globe,EDGE;ph,2018-02-18 14:21:45,0,-113,14.69036598,121.08591508,138,6.067999839782715,GSM
e4:72:e2:f3:a0:a0,Alberto Family,[WPA-PSK-CCMP+TKIP][WPA2-PSK-CCMP+TKIP][ESS],2018-02-18 14:21:49,11,-88,14.69030278,121.0858,137,4.550999641418457,WIFI
00:1f:fb:ba:84:57,HomeBro_ULTERA,[WPA2-PSK-CCMP][WPS][ESS],2018-02-18 14:21:53,1,-66,14.69028036,121.08571866,136,4.550999641418457,WIFI
00:13:33:f7:5b:ef,PLDTHOMEDSL,[WPA-PSK-CCMP+TKIP][WPA2-PSK-CCMP+TKIP][ESS],2018-02-18 14:21:57,2,-80,14.69019118,121.0857121,136,4.550999641418457,WIFI
90:61:0c:35:4a:77,PLDTHOMEDSL19063,[WPA-PSK-CCMP+TKIP][WPA2-PSK-CCMP+TKIP][WPS][ESS],2018-02-18 14:22:09,11,-62,14.68992709,121.08581138,137,4.550999641418457,WIFI
bc:c0:0f:7b:bc:10,REMEDIOS,[WPA-PSK-CCMP][WPA2-PSK-CCMP][ESS],2018-02-18 14:22:13,2,-86,14.6898695,121.08582359,138,4.550999641418457,WIFI
94:a7:b7:26:61:87,jaredcamuel1,[WPA-PSK-CCMP+TKIP][WPA2-PSK-CCMP+TKIP][WPS][ESS],2018-02-18 14:22:13,2,-88,14.6898695,121.08582359,138,4.550999641418457,WIFI
24:a4:3c:78:cc:c5,Link1,[ESS],2018-02-18 14:22:25,153,-87,14.68952837,121.08590123,138,4.550999641418457,WIFI
d0:65:ca:20:00:9f,HUAWEI-009F,[WPA2-PSK-CCMP][ESS],2018-02-18 14:22:29,5,-70,14.68941662,121.08591642,136,4.550999641418457,WIFI
42:53:49:86:58:7b,Connectify-me,[WPA2-PSK-CCMP][ESS],2018-02-18 14:22:33,11,-77,14.68934651,121.08590791,135,6.067999839782715,WIFI
51502_20212_53098,Globe,EDGE;ph,2018-02-18 14:22:33,0,-113,14.68934651,121.08590791,135,6.067999839782715,GSM
94:46:96:18:a2:2b,Saaminlangtoh,[WPA-PSK-CCMP+TKIP][WPA2-PSK-CCMP+TKIP][ESS],2018-02-18 14:24:07,10,-87,14.68652578,121.08475761,125,4.550999641418457,WIFI
d0:65:ca:20:00:9f,HUAWEI-009F,[WPA2-PSK-CCMP][ESS],2018-02-18 14:24:07,5,-82,14.68652578,121.08475761,125,4.550999641418457,WIFI
90:61:0c:17:e5:c3,,[WPA-PSK-CCMP+TKIP][WPA2-PSK-CCMP+TKIP][ESS],2018-02-18 14:24:07,11,-66,14.68652578,121.08475761,125,4.550999641418457,WIFI
90:61:0c:17:e5:c4,PPIQC,[WPA-PSK-CCMP+TKIP][WPA2-PSK-CCMP+TKIP][ESS],2018-02-18 14:24:07,11,-65,14.68652578,121.08475761,125,4.550999641418457,WIFI
88:3f:d3:06:8d:18,chikichikii ,[WPA-PSK-CCMP+TKIP][WPA2-PSK-CCMP+TKIP][ESS],2018-02-18 14:24:07,5,-71,14.68652578,121.08475761,125,4.550999641418457,WIFI
90:61:0c:2e:42:a2,PLDTHOMEDSL17058,[WPA-PSK-CCMP+TKIP][WPA2-PSK-CCMP+TKIP][WPS][ESS],2018-02-18 14:24:07,1,-76,14.68652578,121.08475761,125,4.550999641418457,WIFI
24:a4:3c:78:cc:0f,Annex3,[WPA2-PSK-CCMP][ESS],2018-02-18 14:24:07,40,-86,14.68652578,121.08475761,125,4.550999641418457,WIFI
42:53:49:86:58:7b,Connectify-me,[WPA2-PSK-CCMP][ESS],2018-02-18 14:24:07,11,-77,14.68652578,121.08475761,125,4.550999641418457,WIFI
00:13:33:e7:bf:1b,PLDTHOMEDSL,[WPA-PSK-CCMP+TKIP][WPA2-PSK-CCMP+TKIP][ESS],2018-02-18 14:24:07,11,-86,14.68652578,121.08475761,125,4.550999641418457,WIFI
78:c1:a7:06:58:08,buraot kaba,[WPA-PSK-CCMP+TKIP][ESS],2018-02-18 14:24:07,5,-58,14.68652578,121.08475761,125,4.550999641418457,WIFI
f0:98:38:72:f2:2c,Hellokitty,[WPA-PSK-CCMP+TKIP][WPA2-PSK-CCMP+TKIP][ESS],2018-02-18 14:24:07,3,-63,14.68652578,121.08475761,125,4.550999641418457,WIFI
78:c1:a7:05:40:5c,ZTEH108N_5405C,[WPA-PSK-CCMP+TKIP][ESS],2018-02-18 14:24:07,11,-77,14.68652578,121.08475761,125,4.550999641418457,WIFI
90:61:0c:37:76:20,PLDTHOMEDSL30240,[WPA-PSK-CCMP+TKIP][WPA2-PSK-CCMP+TKIP][ESS],2018-02-18 14:24:07,1,-82,14.68652578,121.08475761,125,4.550999641418457,WIFI
f0:98:38:07:e9:28,HUAWEI-t8s9,[WPA-PSK-CCMP+TKIP][WPA2-PSK-CCMP+TKIP][ESS],2018-02-18 14:24:07,11,-79,14.68652578,121.08475761,125,4.550999641418457,WIFI
94:46:96:1f:4a:32,PLDTHOMEDSLCTCP0,[WPA-PSK-CCMP+TKIP][WPA2-PSK-CCMP+TKIP][ESS],2018-02-18 14:24:07,1,-84,14.68652578,121.08475761,125,4.550999641418457,WIFI
6c:3b:6b:d7:3d:94,MikroTik-D73D94,[WPA-PSK-CCMP][WPA2-PSK-CCMP][WPS][ESS],2018-02-18 14:24:07,1,-85,14.68652578,121.08475761,125,4.550999641418457,WIFI
88:d2:74:86:b7:bc,bayanDSLWIFI_B7BC,[WPA-PSK-CCMP+TKIP][WPA2-PSK-CCMP+TKIP][WPS][ESS],2018-02-18 14:24:07,1,-88,14.68652578,121.08475761,125,4.550999641418457,WIFI
1c:74:0d:15:ac:20,PLDTHOMEDSLpoof,[WPA-PSK-CCMP+TKIP][WPA2-PSK-CCMP+TKIP][ESS],2018-02-18 14:24:07,6,-86,14.68652578,121.08475761,125,4.550999641418457,WIFI
51502_20212_53098,Globe,EDGE;ph,2018-02-18 14:24:07,0,-81,14.68652578,121.08475761,125,4.550999641418457,GSM
f0:98:38:07:e9:28,HUAWEI-t8s9,[WPA-PSK-CCMP+TKIP][WPA2-PSK-CCMP+TKIP][ESS],2018-02-18 14:24:14,11,-74,14.68654472,121.08458008,125,4.550999641418457,WIFI
6c:3b:6b:d7:3d:94,MikroTik-D73D94,[WPA-PSK-CCMP][WPA2-PSK-CCMP][WPS][ESS],2018-02-18 14:24:14,1,-74,14.68654472,121.08458008,125,4.550999641418457,WIFI
70:9f:2d:a0:5c:18,bayanDSLWiFi_5C18,[WPA-PSK-CCMP+TKIP][WPA2-PSK-CCMP+TKIP][WPS][ESS],2018-02-18 14:24:14,10,-83,14.68654472,121.08458008,125,4.550999641418457,WIFI
18:de:d7:34:13:80,HUAWEI-8vpD,[WPA-PSK-CCMP+TKIP][WPA2-PSK-CCMP+TKIP][ESS],2018-02-18 14:24:14,10,-86,14.68654472,121.08458008,125,4.550999641418457,WIFI
6c:3b:6b:d7:3d:94,MikroTik-D73D94,[WPA-PSK-CCMP][WPA2-PSK-CCMP][WPS][ESS],2018-02-18 14:24:21,1,-52,14.6865889,121.0842291,123,4.550999641418457,WIFI
70:9f:2d:a0:5c:18,bayanDSLWiFi_5C18,[WPA-PSK-CCMP+TKIP][WPA2-PSK-CCMP+TKIP][WPS][ESS],2018-02-18 14:24:21,10,-71,14.6865889,121.0842291,123,4.550999641418457,WIFI
00:26:75:ce:9e:c8,CDSMVL2006,[WPA-PSK-CCMP+TKIP][ESS],2018-02-18 14:24:21,3,-79,14.6865889,121.0842291,123,4.550999641418457,WIFI
9c:6f:52:35:01:38,DAXEL,[WPA-PSK-CCMP+TKIP][WPA2-PSK-CCMP+TKIP][WPS][ESS],2018-02-18 14:24:21,10,-86,14.6865889,121.0842291,123,4.550999641418457,WIFI
9c:6f:52:34:fd:bc,bayanDSLWIFI_FDBC,[WPA-PSK-CCMP+TKIP][WPA2-PSK-CCMP+TKIP][WPS][ESS],2018-02-18 14:24:25,1,-68,14.68664453,121.0840461,123,4.550999641418457,WIFI
90:61:0c:2c:81:0b,globe,[WPA2-PSK-CCMP][WPS][ESS],2018-02-18 14:24:25,11,-79,14.68664453,121.0840461,123,4.550999641418457,WIFI
9c:6f:52:35:01:38,DAXEL,[WPA-PSK-CCMP+TKIP][WPA2-PSK-CCMP+TKIP][WPS][ESS],2018-02-18 14:24:29,10,-81,14.68666345,121.08385585,123,4.550999641418457,WIFI
94:46:96:17:05:ab,BALADADFAMILY,[WPA-PSK-CCMP+TKIP][WPA2-PSK-CCMP+TKIP][ESS],2018-02-18 14:24:29,5,-77,14.68666345,121.08385585,123,4.550999641418457,WIFI
90:61:0c:3a:85:d2,,[WPA-PSK-CCMP+TKIP][WPA2-PSK-CCMP+TKIP][ESS],2018-02-18 14:24:29,1,-87,14.68666345,121.08385585,123,4.550999641418457,WIFI
18:de:d7:34:92:ec,,[WPA-PSK-CCMP+TKIP][WPA2-PSK-CCMP+TKIP][ESS],2018-02-18 14:24:29,2,-83,14.68666345,121.08385585,123,4.550999641418457,WIFI
1c:74:0d:15:ac:20,PLDTHOMEDSLpoof,[WPA-PSK-CCMP+TKIP][WPA2-PSK-CCMP+TKIP][ESS],2018-02-18 14:24:33,6,-79,14.68664873,121.08364727,124,4.550999641418457,WIFI
9c:6f:52:35:01:38,DAXEL,[WPA-PSK-CCMP+TKIP][WPA2-PSK-CCMP+TKIP][WPS][ESS],2018-02-18 14:24:33,10,-69,14.68664873,121.08364727,124,4.550999641418457,WIFI
18:de:d7:34:92:ec,,[WPA-PSK-CCMP+TKIP][WPA2-PSK-CCMP+TKIP][ESS],2018-02-18 14:24:33,2,-59,14.68664873,121.08364727,124,4.550999641418457,WIFI
94:46:96:14:c1:1a,PLDTHOMEDSLZMZD0,[WPA-PSK-CCMP+TKIP][WPA2-PSK-CCMP+TKIP][ESS],2018-02-18 14:24:33,7,-64,14.68664873,121.08364727,124,4.550999641418457,WIFI
4c:81:20:92:e1:02,GaliciaFamily,[WPA2-PSK-CCMP][WPS][ESS],2018-02-18 14:24:33,2,-78,14.68664873,121.08364727,124,4.550999641418457,WIFI
90:61:0c:0d:99:db,PLDTMyDSL,[WPA-PSK-TKIP][WPA2-PSK-CCMP][ESS],2018-02-18 14:24:33,11,-81,14.68664873,121.08364727,124,4.550999641418457,WIFI
f2:98:38:3d:ac:a9,159,[WPA-PSK-CCMP+TKIP][ESS],2018-02-18 14:24:33,7,-79,14.68664873,121.08364727,124,4.550999641418457,WIFI
5c:54:6d:43:e1:c8,HUAWEI-GKUp,[WPA-PSK-CCMP+TKIP][WPA2-PSK-CCMP+TKIP][ESS],2018-02-18 14:24:33,11,-79,14.68664873,121.08364727,124,4.550999641418457,WIFI
1c:74:0d:18:d3:68,PLDTHOMEDSL8NTZM,[WPA-PSK-CCMP+TKIP][WPA2-PSK-CCMP+TKIP][ESS],2018-02-18 14:24:33,8,-81,14.68664873,121.08364727,124,4.550999641418457,WIFI
b0:b2:dc:f9:e9:2c,PLDTMyDSL,[WPA2-PSK-CCMP][WPS][ESS],2018-02-18 14:24:33,11,-85,14.68664873,121.08364727,124,4.550999641418457,WIFI
00:26:75:e7:7d:5c,ayende_family,[WPA-PSK-CCMP+TKIP][ESS],2018-02-18 14:24:33,10,-87,14.68664873,121.08364727,124,4.550999641418457,WIFI
51502_20212_53098,Globe,EDGE;ph,2018-02-18 14:24:33,0,-113,14.68664873,121.08364727,124,4.550999641418457,GSM
1c:74:0d:18:d3:68,PLDTHOMEDSL8NTZM,[WPA-PSK-CCMP+TKIP][WPA2-PSK-CCMP+TKIP][ESS],2018-02-18 14:24:41,8,-75,14.68646841,121.08333087,124,4.550999641418457,WIFI
4c:54:99:11:2f:ae,B200W,[WEP][ESS],2018-02-18 14:24:41,6,-72,14.68646841,121.08333087,124,4.550999641418457,WIFI
be:44:34:fa:0f:b4,Thrill Access,[WPA2-PSK-CCMP][WPS][ESS],2018-02-18 14:24:46,11,-84,14.68634269,121.08316932,123,4.550999641418457,WIFI
90:61:0c:3a:50:c2,PLDTHOMEDSL20674,[WPA-PSK-CCMP+TKIP][WPA2-PSK-CCMP+TKIP][ESS],2018-02-18 14:24:50,11,-76,14.68622425,121.08299174,121,6.067999839782715,WIFI
78:c1:a7:22:f1:32,CloudCityPortal,[WPA2-PSK-CCMP+TKIP][WPS][ESS],2018-02-18 14:24:50,3,-79,14.68622425,121.08299174,121,6.067999839782715,WIFI
44:6e:e5:07:fc:99,B315_7FC99,[WPA2-PSK-CCMP][ESS],2018-02-18 14:24:50,11,-84,14.68622425,121.08299174,121,6.067999839782715,WIFI
18:de:d7:34:25:7c,HUAWEI-4Dc3,[WPA-PSK-CCMP+TKIP][WPA2-PSK-CCMP+TKIP][ESS],2018-02-18 14:24:50,6,-88,14.68622425,121.08299174,121,6.067999839782715,WIFI
90:61:0c:0d:99:db,PLDTMyDSL,[WPA-PSK-TKIP][WPA2-PSK-CCMP][ESS],2018-02-18 14:24:54,11,-76,14.68617766,121.08281813,120,6.067999839782715,WIFI
f0:98:38:07:d6:2c,JV,[WPA-PSK-CCMP+TKIP][WPA2-PSK-CCMP+TKIP][ESS],2018-02-18 14:24:54,6,-76,14.68617766,121.08281813,120,6.067999839782715,WIFI
94:46:96:1f:88:b7,PLDTHOMEDSLRoma1616,[WPA-PSK-CCMP+TKIP][WPA2-PSK-CCMP+TKIP][ESS],2018-02-18 14:24:54,1,-82,14.68617766,121.08281813,120,6.067999839782715,WIFI
e0:8e:3c:22:3c:c3,SDDR2017,[WPA-PSK-CCMP+TKIP][WPA2-PSK-CCMP+TKIP][ESS],2018-02-18 14:24:54,2,-83,14.68617766,121.08281813,120,6.067999839782715,WIFI
18:de:d7:34:71:30,SANTIAGO,[WPA-PSK-CCMP+TKIP][WPA2-PSK-CCMP+TKIP][ESS],2018-02-18 14:24:54,5,-87,14.68617766,121.08281813,120,6.067999839782715,WIFI
90:61:0c:0d:99:db,PLDTMyDSL,[WPA-PSK-TKIP][WPA2-PSK-CCMP][ESS],2018-02-18 14:25:03,11,-70,14.68614896,121.08265552,115,6.067999839782715,WIFI
f0:98:38:07:d6:2c,JV,[WPA-PSK-CCMP+TKIP][WPA2-PSK-CCMP+TKIP][ESS],2018-02-18 14:25:03,6,-61,14.68614896,121.08265552,115,6.067999839782715,WIFI
18:de:d7:34:71:30,SANTIAGO,[WPA-PSK-CCMP+TKIP][WPA2-PSK-CCMP+TKIP][ESS],2018-02-18 14:25:03,5,-77,14.68614896,121.08265552,115,6.067999839782715,WIFI
94:46:96:18:a1:95,PLDTHOMEDSLXPXP0,[WPA-PSK-CCMP+TKIP][WPA2-PSK-CCMP+TKIP][ESS],2018-02-18 14:25:03,1,-83,14.68614896,121.08265552,115,6.067999839782715,WIFI
d4:40:f0:34:b4:d8,VIRUS,[WPA-PSK-CCMP+TKIP][WPA2-PSK-CCMP+TKIP][ESS],2018-02-18 14:25:03,8,-86,14.68614896,121.08265552,115,6.067999839782715,WIFI
f2:81:7a:6e:2b:a6,April Sharron?s iPhone,[WPA2-PSK-CCMP][ESS],2018-02-18 14:25:03,1,-87,14.68614896,121.08265552,115,6.067999839782715,WIFI
94:46:96:1f:88:b7,PLDTHOMEDSLRoma1616,[WPA-PSK-CCMP+TKIP][WPA2-PSK-CCMP+TKIP][ESS],2018-02-18 14:25:08,1,-76,14.68614843,121.0825977,115,6.067999839782715,WIFI
d4:40:f0:34:b4:d8,VIRUS,[WPA-PSK-CCMP+TKIP][WPA2-PSK-CCMP+TKIP][ESS],2018-02-18 14:25:08,8,-79,14.68614843,121.0825977,115,6.067999839782715,WIFI
9c:6f:52:19:93:77,,[WPA-PSK-CCMP][WPA2-PSK-CCMP][ESS],2018-02-18 14:25:08,11,-85,14.68614843,121.0825977,115,6.067999839782715,WIFI
90:61:0c:3a:42:26,No Internet,[WPA-PSK-CCMP+TKIP][WPA2-PSK-CCMP+TKIP][ESS],2018-02-18 14:25:08,1,-87,14.68614843,121.0825977,115,6.067999839782715,WIFI
51502_20212_53098,Globe,EDGE;ph,2018-02-18 14:25:08,0,-113,14.68614843,121.0825977,115,6.067999839782715,GSM
88:3f:d3:2c:44:d4,cristina24,[WPA-PSK-CCMP+TKIP][WPA2-PSK-CCMP+TKIP][ESS],2018-02-18 14:25:16,11,-88,14.68615641,121.08249697,116,7.585000038146973,WIFI
60:a4:4c:56:a7:f4,ASUS,[WPA2-PSK-CCMP][WPS][ESS],2018-02-18 14:25:16,9,-89,14.68615641,121.08249697,116,7.585000038146973,WIFI
9c:6f:52:1c:cd:9f,ZTEH108N_CCD9F,[WPA-PSK-CCMP+TKIP][WPS][ESS],2018-02-18 14:25:16,11,-89,14.68615641,121.08249697,116,7.585000038146973,WIFI
60:a4:4c:56:a7:f4,ASUS,[WPA2-PSK-CCMP][WPS][ESS],2018-02-18 14:25:20,9,-84,14.68619427,121.08237893,116,6.067999839782715,WIFI
88:d2:74:86:ab:85,bayanDSLWIFI_AB85,[WPA-PSK-CCMP+TKIP][WPA2-PSK-CCMP+TKIP][ESS],2018-02-18 14:25:20,1,-84,14.68619427,121.08237893,116,6.067999839782715,WIFI
90:61:0c:40:ce:47,prettyinpink1208,[WPA-PSK-CCMP+TKIP][WPA2-PSK-CCMP+TKIP][ESS],2018-02-18 14:25:20,1,-86,14.68619427,121.08237893,116,6.067999839782715,WIFI
78:c1:a7:02:93:a0,pretty in pink,[WPA-PSK-CCMP+TKIP][ESS],2018-02-18 14:25:20,11,-86,14.68619427,121.08237893,116,6.067999839782715,WIFI
51502_30229_210031199,Globe,HSPA;ph,2018-02-18 14:25:20,0,-81,14.68619427,121.08237893,116,6.067999839782715,GSM
94:46:96:0f:89:2f,PLDTHOMEDSL,[WPA-PSK-CCMP+TKIP][WPA2-PSK-CCMP+TKIP][ESS],2018-02-18 14:25:24,1,-86,14.68627629,121.08214116,115,6.067999839782715,WIFI
60:02:92:3d:f9:8f,a8d3c4,[WPA-PSK-CCMP+TKIP][WPA2-PSK-CCMP+TKIP][WPS][ESS],2018-02-18 14:25:26,6,-83,14.68631054,121.0820562,115,6.067999839782715,WIFI
94:46:96:14:b6:d1,PLDTHOMEDSLT6TB0,[WPA-PSK-CCMP+TKIP][WPA2-PSK-CCMP+TKIP][ESS],2018-02-18 14:25:26,2,-88,14.68631054,121.0820562,115,6.067999839782715,WIFI
84:16:f9:78:ca:3c,TP-LINK_WA855RE,[WPA2-PSK-CCMP+TKIP][WPS][ESS],2018-02-18 14:25:26,11,-86,14.68631054,121.0820562,115,6.067999839782715,WIFI
00:13:33:ff:72:84,,[WPA-PSK-CCMP+TKIP][WPA2-PSK-CCMP+TKIP][ESS],2018-02-18 14:25:26,2,-86,14.68631054,121.0820562,115,6.067999839782715,WIFI
a8:a6:68:e0:2a:3c,FREE WIFI,[WPA-PSK-CCMP+TKIP][WPA2-PSK-CCMP+TKIP][WPS][ESS],2018-02-18 14:25:26,1,-83,14.68631054,121.0820562,115,6.067999839782715,WIFI
00:13:33:ff:72:84,,[WPA-PSK-CCMP+TKIP][WPA2-PSK-CCMP+TKIP][ESS],2018-02-18 14:25:26,2,-77,14.68631054,121.0820562,115,6.067999839782715,WIFI
00:13:33:ff:72:80,PLDTHOMEDSLDAVID,[WPA-PSK-CCMP+TKIP][WPA2-PSK-CCMP+TKIP][ESS],2018-02-18 14:25:26,2,-76,14.68631054,121.0820562,115,6.067999839782715,WIFI
fc:b4:e6:4a:d1:90,SKYbroadbandFCB8,[WPA-PSK-CCMP+TKIP][WPA2-PSK-CCMP+TKIP][WPS][ESS],2018-02-18 14:25:26,6,-78,14.68631054,121.0820562,115,6.067999839782715,WIFI
cc:06:77:e1:4e:d0,PLDTHOMEFIBR14ed0,[WPA-PSK-TKIP][WPA2-PSK-CCMP][ESS],2018-02-18 14:25:26,5,-83,14.68631054,121.0820562,115,6.067999839782715,WIFI
00:13:33:de:c4:6d,PLDTHOMEDSL,[WPA-PSK-CCMP+TKIP][WPA2-PSK-CCMP+TKIP][ESS],2018-02-18 14:26:10,11,-85,14.68792186,121.08090777,110,10.618999481201172,WIFI
51502_30229_210031199,Globe,HSPA;ph,2018-02-18 14:26:10,0,-113,14.68792186,121.08090777,110,10.618999481201172,GSM
c4:86:e9:a8:db:a2,escamillas family,[WPA-PSK-CCMP+TKIP][WPA2-PSK-CCMP+TKIP][ESS],1970-01-01 08:00:00,8,-85,14.68631054,121.0820562,0,216.99185180664062,WIFI
88:d2:74:86:ae:0a,Paparudzwifi,[WPA-PSK-CCMP+TKIP][WPA2-PSK-CCMP+TKIP][WPS][ESS],1970-01-01 08:00:00,9,-81,14.68631054,121.0820562,0,216.99185180664062,WIFI
f4:9e:ef:d1:67:f0,PLDTHOMEDSL167F0,[WPA-PSK-CCMP+TKIP][WPA2-PSK-CCMP+TKIP][WPS][ESS],1970-01-01 08:00:00,5,-89,14.68631054,121.0820562,0,216.99185180664062,WIFI
00:13:33:de:c4:6d,PLDTHOMEDSL,[WPA-PSK-CCMP+TKIP][WPA2-PSK-CCMP+TKIP][ESS],1970-01-01 08:00:00,11,-85,14.68631054,121.0820562,0,216.99185180664062,WIFI
00:13:33:de:c4:6d,PLDTHOMEDSL,[WPA-PSK-CCMP+TKIP][WPA2-PSK-CCMP+TKIP][ESS],2018-02-18 14:26:10,11,-85,14.68792186,121.08090777,110,10.618999481201172,WIFI
00:13:33:e1:9a:3a,PLDTHOMEDSL,[WPA-PSK-CCMP+TKIP][WPA2-PSK-CCMP+TKIP][ESS],2018-02-18 14:26:44,11,-84,14.68887772,121.08002915,100,10.618999481201172,WIFI
cc:06:77:5c:8b:50,PLDTHOMEFIBRc8b50,[WPA-PSK-TKIP][WPA2-PSK-CCMP][ESS],2018-02-18 14:26:44,5,-89,14.68887772,121.08002915,100,10.618999481201172,WIFI
cc:06:77:b4:38:fc,PLDTHOMEFIBRRAMOS5G,[WPA-PSK-TKIP][WPA2-PSK-CCMP][ESS],2018-02-18 14:26:44,36,-79,14.68887772,121.08002915,100,10.618999481201172,WIFI
cc:06:77:b4:38:f8,PLDTHOMEFIBRRAMOS2.4G,[WPA-PSK-TKIP][WPA2-PSK-CCMP][WPS][ESS],2018-02-18 14:26:44,1,-76,14.68887772,121.08002915,100,10.618999481201172,WIFI
d4:6e:0e:d4:6a:5c,PLDTHOMEDSL57753_EXT,[WPA-PSK-CCMP+TKIP][WPA2-PSK-CCMP+TKIP][ESS],2018-02-18 14:26:44,7,-89,14.68887772,121.08002915,100,10.618999481201172,WIFI
51502_30229_210031199,Globe,HSPA;ph,2018-02-18 14:26:48,0,-113,14.68896997,121.07992712,105,6.067999839782715,GSM
d4:6e:0e:d4:6a:5c,PLDTHOMEDSL57753_EXT,[WPA-PSK-CCMP+TKIP][WPA2-PSK-CCMP+TKIP][ESS],2018-02-18 14:26:52,7,-67,14.68910744,121.07981781,108,4.550999641418457,WIFI
d4:6e:0e:d4:6a:5e,PLDTHOMEDSL57753,[WPA-PSK-CCMP+TKIP][WPA2-PSK-CCMP+TKIP][ESS],2018-02-18 14:26:52,40,-68,14.68910744,121.07981781,108,4.550999641418457,WIFI
90:61:0c:2c:e1:99,PLDTHOMEDSL57753,[WPA-PSK-CCMP+TKIP][WPA2-PSK-CCMP+TKIP][WPS][ESS],2018-02-18 14:26:52,7,-84,14.68910744,121.07981781,108,4.550999641418457,WIFI
9c:a9:e4:93:5c:4c,no net,[WPA-PSK-CCMP+TKIP][WPA2-PSK-CCMP+TKIP][WPS][ESS],2018-02-18 14:26:56,11,-87,14.68923463,121.07972325,110,4.550999641418457,WIFI
94:46:96:15:54:27,PLDTHOMEDSL6S6N0,[WPA-PSK-CCMP+TKIP][WPA2-PSK-CCMP+TKIP][ESS],2018-02-18 14:27:00,5,-87,14.68926908,121.07962214,111,4.550999641418457,WIFI
00:0e:f4:db:e1:71,PLDTHOMEDSL,[WPA-PSK-CCMP+TKIP][WPA2-PSK-CCMP+TKIP][ESS],2018-02-18 14:27:04,11,-83,14.6891796,121.07954443,111,4.550999641418457,WIFI
d4:6e:0e:bd:1c:54,REDCIRCLE,[WPA-PSK-CCMP][WPA2-PSK-CCMP][WPS][ESS],2018-02-18 14:27:04,6,-88,14.6891796,121.07954443,111,4.550999641418457,WIFI
78:44:76:c8:1b:e8,TPLINK,[WPA2-PSK-CCMP][ESS],2018-02-18 14:27:04,6,-88,14.6891796,121.07954443,111,4.550999641418457,WIFI
78:54:2e:59:49:a8,dlink,[WPA-PSK-CCMP+TKIP][WPA2-PSK-CCMP+TKIP][WPS][ESS],2018-02-18 14:27:04,1,-87,14.6891796,121.07954443,111,4.550999641418457,WIFI
d4:6e:0e:d4:6a:5c,PLDTHOMEDSL57753_EXT,[WPA-PSK-CCMP+TKIP][WPA2-PSK-CCMP+TKIP][ESS],2018-02-18 14:28:43,7,-84,14.68540447,121.07711571,117,9.101999282836914,WIFI
94:46:96:15:54:27,PLDTHOMEDSL6S6N0,[WPA-PSK-CCMP+TKIP][WPA2-PSK-CCMP+TKIP][ESS],2018-02-18 14:28:43,5,-86,14.68540447,121.07711571,117,9.101999282836914,WIFI
00:0e:f4:db:e1:71,PLDTHOMEDSL,[WPA-PSK-CCMP+TKIP][WPA2-PSK-CCMP+TKIP][ESS],2018-02-18 14:28:43,11,-83,14.68540447,121.07711571,117,9.101999282836914,WIFI
d4:6e:0e:bd:1c:54,REDCIRCLE,[WPA-PSK-CCMP][WPA2-PSK-CCMP][WPS][ESS],2018-02-18 14:28:43,6,-88,14.68540447,121.07711571,117,9.101999282836914,WIFI
78:44:76:c8:1b:e8,TPLINK,[WPA2-PSK-CCMP][ESS],2018-02-18 14:28:43,6,-88,14.68540447,121.07711571,117,9.101999282836914,WIFI
78:54:2e:59:49:a8,dlink,[WPA-PSK-CCMP+TKIP][WPA2-PSK-CCMP+TKIP][WPS][ESS],2018-02-18 14:28:43,1,-87,14.68540447,121.07711571,117,9.101999282836914,WIFI
06:d6:aa:9e:e9:5a,AndroidAP,[WPA2-PSK-CCMP][ESS],2018-02-18 14:28:43,6,-57,14.68540447,121.07711571,117,9.101999282836914,WIFI
3e:36:bb:9d:da:53,Bernadette Chantle?s iPhone,[WPA2-PSK-CCMP][ESS],2018-02-18 14:28:43,1,-67,14.68540447,121.07711571,117,9.101999282836914,WIFI
51502_30229_210031199,Globe,HSPA;ph,2018-02-18 14:28:43,0,-113,14.68540447,121.07711571,117,9.101999282836914,GSM
f0:9f:c2:9c:45:4e,BHSQC-PA2,[WPA2-PSK-CCMP][ESS],2018-02-18 14:28:52,36,-89,14.6853495,121.07712271,115,4.550999641418457,WIFI
76:4a:a4:ce:13:f0,Smart Bro_CE13F0,[WPA-PSK-CCMP+TKIP][WPA2-PSK-CCMP+TKIP][WPS][ESS],2018-02-18 14:28:52,6,-87,14.6853495,121.07712271,115,4.550999641418457,WIFI
51502_30229_210031197,Globe,HSPA;ph,2018-02-18 14:28:52,0,-113,14.6853495,121.07712271,115,4.550999641418457,GSM
