{"success":true,"totalResults":2103,"search_after":60683031,"first":1,"last":100,"resultCount":100,"results":[{"trilat":14.6458759300000007641529009561054408550262451171875,"trilong":121.0605926500000038004145608283579349517822265625,"ssid":"GLOBE TATTO","qos":2,"transid":"20170609-00000","firsttime":"2017-06-03T18:00:00.000Z","lasttime":"2017-07-29T13:00:00.000Z","lastupdt":"2017-07-29T13:00:00.000Z","housenumber":"","road":"Maginhawa","city":"","region":"","country":"PH","netid":"D4:40:F0:F6:C4:28","name":null,"type":"infra","comment":null,"wep":"2","channel":5,"bcninterval":0,"freenet":"?","dhcp":"?","paynet":"?","userfound":false,"encryption":"wpa2"},{"trilat":14.6466484099999991741469784756191074848175048828125,"trilong":121.058410640000005287220119498670101165771484375,"ssid":"WhyPhy","qos":4,"transid":"20141230-00000","firsttime":"2014-12-01T22:00:00.000Z","lasttime":"2015-07-26T00:00:00.000Z","lastupdt":"2015-07-26T00:00:00.000Z","housenumber":null,"road":null,"city":null,"region":null,"country":null,"netid":"C6:05:28:77:C2:DA","name":null,"type":"infra","comment":null,"wep":"2","channel":6,"bcninterval":0,"freenet":"?","dhcp":"?","paynet":"?","userfound":false,"encryption":"wpa2"},{"trilat":14.644844060000000496302163810469210147857666015625,"trilong":121.057342529999999669598764739930629730224609375,"ssid":"Casa A","qos":0,"transid":"20130309-00000","firsttime":"2013-03-09T20:00:00.000Z","lasttime":"2013-03-11T16:00:00.000Z","lastupdt":"2013-03-11T14:00:00.000Z","housenumber":null,"road":null,"city":null,"region":"Metro Manila","country":"PH","netid":"D8:5D:4C:E2:1E:D0","name":null,"type":"infra","comment":null,"wep":"Y","channel":4,"bcninterval":0,"freenet":"?","dhcp":"?","paynet":"?","userfound":false,"encryption":"wep"},{"trilat":14.64502906999999964909875416196882724761962890625,"trilong":121.0608749400000050400194595567882061004638671875,"ssid":"Network Error","qos":1,"transid":"20150812-00000","firsttime":"2015-08-12T21:00:00.000Z","lasttime":"2015-08-12T07:00:00.000Z","lastupdt":"2015-08-12T07:00:00.000Z","housenumber":null,"road":null,"city":null,"region":null,"country":null,"netid":"AA:A6:68:9B:EF:68","name":null,"type":"infra","comment":null,"wep":"2","channel":6,"bcninterval":0,"freenet":"?","dhcp":"?","paynet":"?","userfound":false,"encryption":"wpa2"},{"trilat":14.6469316500000008574033927288837730884552001953125,"trilong":121.0611801099999951247809804044663906097412109375,"ssid":"Hulikabalbon yare ka","qos":0,"transid":"20160604-00000","firsttime":"2016-05-27T19:00:00.000Z","lasttime":"2016-06-04T16:00:00.000Z","lastupdt":"2016-06-04T16:00:00.000Z","housenumber":null,"road":null,"city":null,"region":null,"country":null,"netid":"AA:A6:68:B4:8F:CB","name":null,"type":"infra","comment":null,"wep":"2","channel":13,"bcninterval":0,"freenet":"?","dhcp":"?","paynet":"?","userfound":false,"encryption":"wpa2"},{"trilat":14.64683437000000054695192375220358371734619140625,"trilong":121.0607147200000071052272687666118144989013671875,"ssid":"uFi_FBC250","qos":0,"transid":"20150808-00000","firsttime":"2015-08-07T17:00:00.000Z","lasttime":"2015-08-08T09:00:00.000Z","lastupdt":"2015-08-08T09:00:00.000Z","housenumber":null,"road":null,"city":null,"region":null,"country":null,"netid":"AA:A6:68:FB:C2:50","name":null,"type":"infra","comment":null,"wep":"2","channel":1,"bcninterval":0,"freenet":"?","dhcp":"?","paynet":"?","userfound":false,"encryption":"wpa2"},{"trilat":14.646492959999999783349267090670764446258544921875,"trilong":121.0591201799999936383755994029343128204345703125,"ssid":"di libre wifi sorry..","qos":0,"transid":"20160604-00000","firsttime":"2016-05-27T19:00:00.000Z","lasttime":"2016-06-04T16:00:00.000Z","lastupdt":"2016-06-04T16:00:00.000Z","housenumber":null,"road":null,"city":null,"region":null,"country":null,"netid":"AA:A6:68:2D:0F:EE","name":null,"type":"infra","comment":null,"wep":"2","channel":1,"bcninterval":0,"freenet":"?","dhcp":"?","paynet":"?","userfound":false,"encryption":"wpa2"},{"trilat":14.6454353299999997517488736775703728199005126953125,"trilong":121.0609207199999985959948389790952205657958984375,"ssid":"minyey","qos":0,"transid":"20150120-00000","firsttime":"2015-01-10T19:00:00.000Z","lasttime":"2015-01-21T20:00:00.000Z","lastupdt":"2015-07-26T00:00:00.000Z","housenumber":null,"road":null,"city":null,"region":null,"country":null,"netid":"AA:A6:68:2F:AB:28","name":null,"type":"infra","comment":null,"wep":"2","channel":13,"bcninterval":0,"freenet":"?","dhcp":"?","paynet":"?","userfound":false,"encryption":"wpa2"},{"trilat":14.6469125699999995759981175069697201251983642578125,"trilong":121.0607452400000028092108550481498241424560546875,"ssid":"prinzdc","qos":0,"transid":"20150216-00000","firsttime":"2015-02-10T21:00:00.000Z","lasttime":"2015-02-16T06:00:00.000Z","lastupdt":"2015-07-26T00:00:00.000Z","housenumber":null,"road":null,"city":null,"region":null,"country":null,"netid":"AA:A6:68:78:6B:11","name":null,"type":"infra","comment":null,"wep":"2","channel":10,"bcninterval":0,"freenet":"?","dhcp":"?","paynet":"?","userfound":false,"encryption":"wpa2"},{"trilat":14.6461248400000005887022780370898544788360595703125,"trilong":121.0608520499999940511770546436309814453125,"ssid":"Smart Bro_74CF81","qos":0,"transid":"20150726-00000","firsttime":"2015-07-11T18:00:00.000Z","lasttime":"2015-07-26T00:00:00.000Z","lastupdt":"2015-07-26T00:00:00.000Z","housenumber":null,"road":null,"city":null,"region":null,"country":null,"netid":"AA:A6:68:74:CF:81","name":null,"type":"infra","comment":null,"wep":"2","channel":11,"bcninterval":0,"freenet":"?","dhcp":"?","paynet":"?","userfound":false,"encryption":"wpa2"},{"trilat":14.6446027799999995977486832998692989349365234375,"trilong":121.061294559999993225574144162237644195556640625,"ssid":"wew","qos":1,"transid":"20150120-00000","firsttime":"2001-01-01T08:00:00.000Z","lasttime":"2015-01-21T20:00:00.000Z","lastupdt":"2015-07-26T00:00:00.000Z","housenumber":null,"road":null,"city":null,"region":null,"country":null,"netid":"9E:A9:E4:05:18:B6","name":null,"type":"infra","comment":null,"wep":"2","channel":1,"bcninterval":0,"freenet":"?","dhcp":"?","paynet":"?","userfound":false,"encryption":"wpa2"},{"trilat":14.6460599899999994732979757827706634998321533203125,"trilong":121.0611648600000052056202548556029796600341796875,"ssid":"wengki","qos":0,"transid":"20160227-00000","firsttime":"2016-02-27T20:00:00.000Z","lasttime":"2016-02-27T07:00:00.000Z","lastupdt":"2016-02-27T07:00:00.000Z","housenumber":null,"road":null,"city":null,"region":null,"country":null,"netid":"9E:A9:E4:E2:E4:2B","name":null,"type":"infra","comment":null,"wep":"2","channel":6,"bcninterval":0,"freenet":"?","dhcp":"?","paynet":"?","userfound":false,"encryption":"wpa2"},{"trilat":14.6468486799999997316490407683886587619781494140625,"trilong":121.0606002800000027264104573987424373626708984375,"ssid":"MagRoyalekamuna","qos":0,"transid":"20150120-00000","firsttime":"2015-01-11T20:00:00.000Z","lasttime":"2015-01-21T20:00:00.000Z","lastupdt":"2015-07-26T00:00:00.000Z","housenumber":null,"road":null,"city":null,"region":null,"country":null,"netid":"9E:A9:E4:D0:BB:42","name":null,"type":"infra","comment":null,"wep":"2","channel":13,"bcninterval":0,"freenet":"?","dhcp":"?","paynet":"?","userfound":false,"encryption":"wpa2"},{"trilat":14.6468982699999994423478710814379155635833740234375,"trilong":121.061203000000006113623385317623615264892578125,"ssid":"smartbroXXXX","qos":0,"transid":"20150120-00000","firsttime":"2015-01-11T19:00:00.000Z","lasttime":"2015-01-21T20:00:00.000Z","lastupdt":"2015-07-26T00:00:00.000Z","housenumber":null,"road":null,"city":null,"region":null,"country":null,"netid":"9E:A9:E4:F7:79:C4","name":null,"type":"infra","comment":null,"wep":"2","channel":1,"bcninterval":0,"freenet":"?","dhcp":"?","paynet":"?","userfound":false,"encryption":"wpa2"},{"trilat":14.6464586299999997009990693186409771442413330078125,"trilong":121.058746339999999008796294219791889190673828125,"ssid":"Grabcar","qos":0,"transid":"20160907-00000","firsttime":"2016-09-03T21:00:00.000Z","lasttime":"2016-09-07T19:00:00.000Z","lastupdt":"2016-09-07T19:00:00.000Z","housenumber":null,"road":null,"city":null,"region":null,"country":null,"netid":"DC:EE:06:C0:8E:5C","name":null,"type":"infra","comment":null,"wep":"2","channel":5,"bcninterval":0,"freenet":"?","dhcp":"?","paynet":"?","userfound":false,"encryption":"wpa2"},{"trilat":14.646955489999999855399437365122139453887939453125,"trilong":121.05815886999999975159880705177783966064453125,"ssid":"HUAWEI-E5220-2599","qos":2,"transid":"20140805-00000","firsttime":"2014-08-05T19:00:00.000Z","lasttime":"2015-07-26T00:00:00.000Z","lastupdt":"2015-07-26T00:00:00.000Z","housenumber":null,"road":null,"city":null,"region":null,"country":null,"netid":"D0:7A:B5:D4:25:99","name":null,"type":"infra","comment":null,"wep":"2","channel":6,"bcninterval":0,"freenet":"?","dhcp":"?","paynet":"?","userfound":false,"encryption":"wpa2"},{"trilat":14.645614619999999916899469099007546901702880859375,"trilong":121.0607299800000049572190619073808193206787109375,"ssid":"Vulpix7","qos":0,"transid":"20150726-00000","firsttime":"2015-07-11T19:00:00.000Z","lasttime":"2015-07-26T00:00:00.000Z","lastupdt":"2015-07-26T00:00:00.000Z","housenumber":null,"road":null,"city":null,"region":null,"country":null,"netid":"D0:7A:B5:72:28:AF","name":null,"type":"infra","comment":null,"wep":"2","channel":11,"bcninterval":0,"freenet":"?","dhcp":"?","paynet":"?","userfound":false,"encryption":"wpa2"},{"trilat":14.646791459999999318597474484704434871673583984375,"trilong":121.0605316200000061144237406551837921142578125,"ssid":"Note3 mo","qos":0,"transid":"20131030-00000","firsttime":"2013-10-27T14:00:00.000Z","lasttime":"2013-10-30T05:00:00.000Z","lastupdt":"2013-10-30T03:00:00.000Z","housenumber":null,"road":null,"city":null,"region":"Metro Manila","country":"PH","netid":"D0:22:BE:21:7A:F2","name":null,"type":"infra","comment":null,"wep":"2","channel":6,"bcninterval":0,"freenet":"?","dhcp":"?","paynet":"?","userfound":false,"encryption":"wpa2"},{"trilat":14.6468429600000007440030458383262157440185546875,"trilong":121.06096648999999842999386601150035858154296875,"ssid":"Smartbro_B865F4","qos":0,"transid":"20130222-00000","firsttime":"2013-02-22T22:00:00.000Z","lasttime":"2013-02-22T10:00:00.000Z","lastupdt":"2013-02-22T08:00:00.000Z","housenumber":null,"road":null,"city":null,"region":"Metro Manila","country":"PH","netid":"D0:15:4A:B8:65:F4","name":null,"type":"infra","comment":null,"wep":"N","channel":1,"bcninterval":0,"freenet":"?","dhcp":"?","paynet":"?","userfound":false,"encryption":"none"},{"trilat":14.6468315100000001649505065870471298694610595703125,"trilong":121.0599288899999947943797451443970203399658203125,"ssid":"TP-LINK_E711F0","qos":0,"transid":"20130429-00000","firsttime":"2013-04-27T20:00:00.000Z","lasttime":"2013-04-29T11:00:00.000Z","lastupdt":"2013-04-29T09:00:00.000Z","housenumber":null,"road":null,"city":null,"region":"Metro Manila","country":"PH","netid":"B0:48:7A:E7:11:F0","name":null,"type":"infra","comment":null,"wep":"2","channel":6,"bcninterval":0,"freenet":"?","dhcp":"?","paynet":"?","userfound":false,"encryption":"wpa2"},{"trilat":14.646466260000000403351805289275944232940673828125,"trilong":121.0590438800000043784166336990892887115478515625,"ssid":"HUAWEI-E5220-7bab","qos":0,"transid":"20150726-00000","firsttime":"2015-02-27T19:00:00.000Z","lasttime":"2015-07-26T00:00:00.000Z","lastupdt":"2015-07-26T00:00:00.000Z","housenumber":null,"road":null,"city":null,"region":null,"country":null,"netid":"D0:2D:B3:0A:7B:AB","name":null,"type":"infra","comment":null,"wep":"2","channel":1,"bcninterval":0,"freenet":"?","dhcp":"?","paynet":"?","userfound":false,"encryption":"wpa2"},{"trilat":14.6472501800000003413515514694154262542724609375,"trilong":121.0581054700000009916038834489881992340087890625,"ssid":"JMC","qos":0,"transid":"20140219-00000","firsttime":"2014-02-19T10:00:00.000Z","lasttime":"2015-07-26T00:00:00.000Z","lastupdt":"2015-07-26T00:00:00.000Z","housenumber":null,"road":null,"city":null,"region":null,"country":null,"netid":"D0:2D:B3:0A:E9:0B","name":null,"type":"infra","comment":null,"wep":"2","channel":6,"bcninterval":0,"freenet":"?","dhcp":"?","paynet":"?","userfound":false,"encryption":"wpa2"},{"trilat":14.646864889999999803649188834242522716522216796875,"trilong":121.057891850000004296816769056022167205810546875,"ssid":"JOBERT","qos":0,"transid":"20140508-00000","firsttime":"2014-05-01T21:00:00.000Z","lasttime":"2014-05-09T05:00:00.000Z","lastupdt":"2015-07-26T00:00:00.000Z","housenumber":null,"road":null,"city":null,"region":null,"country":null,"netid":"D0:2D:B3:0A:F4:7D","name":null,"type":"infra","comment":null,"wep":"2","channel":6,"bcninterval":0,"freenet":"?","dhcp":"?","paynet":"?","userfound":false,"encryption":"wpa2"},{"trilat":14.6459302900000007952030500746332108974456787109375,"trilong":121.0610351600000029748116503469645977020263671875,"ssid":"Lenovo A536","qos":0,"transid":"20160227-00000","firsttime":"2016-02-27T20:00:00.000Z","lasttime":"2016-02-27T07:00:00.000Z","lastupdt":"2016-02-27T07:00:00.000Z","housenumber":null,"road":null,"city":null,"region":null,"country":null,"netid":"AE:38:70:97:41:9F","name":null,"type":"infra","comment":null,"wep":"2","channel":6,"bcninterval":0,"freenet":"?","dhcp":"?","paynet":"?","userfound":false,"encryption":"wpa2"},{"trilat":14.64480305000000015525074559263885021209716796875,"trilong":121.0611724900000041316161514259874820709228515625,"ssid":"Connecting..","qos":5,"transid":"20140901-00000","firsttime":"2014-08-29T19:00:00.000Z","lasttime":"2015-02-16T06:00:00.000Z","lastupdt":"2015-07-26T00:00:00.000Z","housenumber":null,"road":null,"city":null,"region":null,"country":null,"netid":"D0:2D:B3:03:DA:BA","name":null,"type":"infra","comment":null,"wep":"2","channel":6,"bcninterval":0,"freenet":"?","dhcp":"?","paynet":"?","userfound":false,"encryption":"wpa2"},{"trilat":14.645823480000000671452653477899730205535888671875,"trilong":121.0607147200000071052272687666118144989013671875,"ssid":"AP","qos":0,"transid":"20150812-00000","firsttime":"2015-08-12T21:00:00.000Z","lasttime":"2015-08-12T07:00:00.000Z","lastupdt":"2015-08-12T07:00:00.000Z","housenumber":null,"road":null,"city":null,"region":null,"country":null,"netid":"C4:E9:84:30:41:8A","name":null,"type":"infra","comment":null,"wep":"2","channel":8,"bcninterval":0,"freenet":"?","dhcp":"?","paynet":"?","userfound":false,"encryption":"wpa2"},{"trilat":14.645805360000000661102603771723806858062744140625,"trilong":121.061279299999995373582351021468639373779296875,"ssid":"Bananas","qos":0,"transid":"20140817-00000","firsttime":"2014-08-16T18:00:00.000Z","lasttime":"2014-08-17T06:00:00.000Z","lastupdt":"2015-07-26T00:00:00.000Z","housenumber":null,"road":null,"city":null,"region":null,"country":null,"netid":"CC:A2:23:C1:E5:A2","name":null,"type":"infra","comment":null,"wep":"2","channel":8,"bcninterval":0,"freenet":"?","dhcp":"?","paynet":"?","userfound":false,"encryption":"wpa2"},{"trilat":14.645478250000000031150193535722792148590087890625,"trilong":121.0608825700000039660153561271727085113525390625,"ssid":"HUAWEI-E5330-9BC5","qos":0,"transid":"20140922-00000","firsttime":"2014-09-22T20:00:00.000Z","lasttime":"2014-09-22T08:00:00.000Z","lastupdt":"2015-07-26T00:00:00.000Z","housenumber":null,"road":null,"city":null,"region":null,"country":null,"netid":"CC:A2:23:C2:9B:C5","name":null,"type":"infra","comment":null,"wep":"2","channel":9,"bcninterval":0,"freenet":"?","dhcp":"?","paynet":"?","userfound":false,"encryption":"wpa2"},{"trilat":14.6461152999999999479996404261328279972076416015625,"trilong":121.0601120000000037180143408477306365966796875,"ssid":"cosme","qos":1,"transid":"20170609-00000","firsttime":"2017-06-03T18:00:00.000Z","lasttime":"2017-07-15T01:00:00.000Z","lastupdt":"2017-07-15T01:00:00.000Z","housenumber":"","road":"Maginhawa","city":"","region":"","country":"PH","netid":"E0:8E:3C:16:58:8D","name":null,"type":"infra","comment":null,"wep":"2","channel":6,"bcninterval":0,"freenet":"?","dhcp":"?","paynet":"?","userfound":false,"encryption":"wpa2"},{"trilat":14.642910000000000536601874046027660369873046875,"trilong":121.0601730300000014040051610209047794342041015625,"ssid":"malingap","qos":0,"transid":"20161206-00000","firsttime":"2016-12-04T20:00:00.000Z","lasttime":"2016-12-06T07:00:00.000Z","lastupdt":"2016-12-06T07:00:00.000Z","housenumber":null,"road":null,"city":null,"region":null,"country":null,"netid":"E0:8E:3C:16:7C:FD","name":null,"type":"infra","comment":null,"wep":"2","channel":1,"bcninterval":0,"freenet":"?","dhcp":"?","paynet":"?","userfound":false,"encryption":"wpa2"},{"trilat":14.6457967799999995150983522762544453144073486328125,"trilong":121.058891299999999091596691869199275970458984375,"ssid":"bayanDSLWIFI_800D","qos":5,"transid":"20160227-00000","firsttime":"2016-01-29T18:00:00.000Z","lasttime":"2016-06-26T09:00:00.000Z","lastupdt":"2016-06-26T09:00:00.000Z","housenumber":null,"road":null,"city":null,"region":null,"country":null,"netid":"E0:8E:3C:16:80:0D","name":null,"type":"infra","comment":null,"wep":"2","channel":1,"bcninterval":0,"freenet":"?","dhcp":"?","paynet":"?","userfound":false,"encryption":"wpa2"},{"trilat":14.64684199999999947294782032258808612823486328125,"trilong":121.061134339999995290781953372061252593994140625,"ssid":"bayanDSLWIFI_6D43","qos":0,"transid":"20160907-00000","firsttime":"2016-09-03T21:00:00.000Z","lasttime":"2016-09-07T19:00:00.000Z","lastupdt":"2016-09-07T19:00:00.000Z","housenumber":null,"road":null,"city":null,"region":null,"country":null,"netid":"E0:8E:3C:1B:6D:43","name":null,"type":"infra","comment":null,"wep":"2","channel":1,"bcninterval":0,"freenet":"?","dhcp":"?","paynet":"?","userfound":false,"encryption":"wpa2"},{"trilat":14.642904279999999772599039715714752674102783203125,"trilong":121.0600738499999948771801427938044071197509765625,"ssid":"JJWC2","qos":0,"transid":"20161206-00000","firsttime":"2016-12-04T20:00:00.000Z","lasttime":"2016-12-06T07:00:00.000Z","lastupdt":"2016-12-06T07:00:00.000Z","housenumber":null,"road":null,"city":null,"region":null,"country":null,"netid":"E0:8E:3C:1C:50:D3","name":null,"type":"infra","comment":null,"wep":"W","channel":1,"bcninterval":0,"freenet":"?","dhcp":"?","paynet":"?","userfound":false,"encryption":"wpa"},{"trilat":14.6441946000000005057017915532924234867095947265625,"trilong":121.0610122700000061968239606358110904693603515625,"ssid":"francis","qos":0,"transid":"20161206-00000","firsttime":"2016-12-04T20:00:00.000Z","lasttime":"2016-12-06T07:00:00.000Z","lastupdt":"2016-12-06T07:00:00.000Z","housenumber":null,"road":null,"city":null,"region":null,"country":null,"netid":"E0:8E:3C:1A:5F:2F","name":null,"type":"infra","comment":null,"wep":"2","channel":11,"bcninterval":0,"freenet":"?","dhcp":"?","paynet":"?","userfound":false,"encryption":"wpa2"},{"trilat":14.64720439999999967994881444610655307769775390625,"trilong":121.05760956000000305721187032759189605712890625,"ssid":"bayanDSLWIFI_8857","qos":4,"transid":"20160907-00000","firsttime":"2016-09-03T21:00:00.000Z","lasttime":"2017-07-29T13:00:00.000Z","lastupdt":"2017-07-29T13:00:00.000Z","housenumber":"","road":"Maginhawa","city":"","region":"","country":"PH","netid":"E0:8E:3C:1A:88:57","name":null,"type":"infra","comment":null,"wep":"2","channel":11,"bcninterval":0,"freenet":"?","dhcp":"?","paynet":"?","userfound":false,"encryption":"wpa2"},{"trilat":14.6466274300000005581523510045371949672698974609375,"trilong":121.05857849000000214800820685923099517822265625,"ssid":"MOORE","qos":1,"transid":"20160604-00000","firsttime":"2016-05-27T19:00:00.000Z","lasttime":"2017-04-04T04:00:00.000Z","lastupdt":"2017-04-04T04:00:00.000Z","housenumber":null,"road":null,"city":null,"region":null,"country":null,"netid":"E0:8E:3C:1A:8A:27","name":null,"type":"infra","comment":null,"wep":"2","channel":11,"bcninterval":0,"freenet":"?","dhcp":"?","paynet":"?","userfound":false,"encryption":"wpa2"},{"trilat":14.6462287900000003304512574686668813228607177734375,"trilong":121.0597534200000069404268288053572177886962890625,"ssid":"Cupcakes by Gremlins","qos":3,"transid":"20170303-00000","firsttime":"2017-03-03T20:00:00.000Z","lasttime":"2017-07-29T13:00:00.000Z","lastupdt":"2017-07-29T13:00:00.000Z","housenumber":"","road":"Maginhawa","city":"","region":"","country":"PH","netid":"E0:8E:3C:1A:ED:7F","name":null,"type":"infra","comment":null,"wep":"2","channel":1,"bcninterval":0,"freenet":"?","dhcp":"?","paynet":"?","userfound":false,"encryption":"wpa2"},{"trilat":14.6468181600000004749517756863497197628021240234375,"trilong":121.061004639999993059973348863422870635986328125,"ssid":"bayanDSLWIFI_EE1B","qos":1,"transid":"20160907-00000","firsttime":"2016-09-03T21:00:00.000Z","lasttime":"2017-03-03T07:00:00.000Z","lastupdt":"2017-03-03T07:00:00.000Z","housenumber":null,"road":null,"city":null,"region":null,"country":null,"netid":"E0:8E:3C:1A:EE:1B","name":null,"type":"infra","comment":null,"wep":"2","channel":6,"bcninterval":0,"freenet":"?","dhcp":"?","paynet":"?","userfound":false,"encryption":"wpa2"},{"trilat":14.6455402400000007645530786248855292797088623046875,"trilong":121.0608215299999983471934683620929718017578125,"ssid":"bayanDSLWIFI_D167","qos":1,"transid":"20170715-00000","firsttime":"2017-07-15T16:00:00.000Z","lasttime":"2017-07-29T13:00:00.000Z","lastupdt":"2017-07-29T13:00:00.000Z","housenumber":"","road":"Masinsinan","city":"","region":"","country":"PH","netid":"E0:8E:3C:21:D1:67","name":null,"type":"infra","comment":null,"wep":"2","channel":1,"bcninterval":0,"freenet":"?","dhcp":"?","paynet":"?","userfound":false,"encryption":"wpa2"},{"trilat":14.6450910600000003825016392511315643787384033203125,"trilong":121.0609817499999962819856591522693634033203125,"ssid":"bayanDSLWIFI_E64B","qos":0,"transid":"20170729-00000","firsttime":"2017-07-16T19:00:00.000Z","lasttime":"2017-07-29T13:00:00.000Z","lastupdt":"2017-07-29T13:00:00.000Z","housenumber":"","road":"Maginhawa","city":"","region":"","country":"PH","netid":"E0:8E:3C:21:E6:4B","name":null,"type":"infra","comment":null,"wep":"2","channel":2,"bcninterval":0,"freenet":"?","dhcp":"?","paynet":"?","userfound":false,"encryption":"wpa2"},{"trilat":14.644708630000000226800693781115114688873291015625,"trilong":121.060974119999997355989762581884860992431640625,"ssid":"AG_PC","qos":0,"transid":"20161206-00000","firsttime":"2016-12-04T20:00:00.000Z","lasttime":"2016-12-06T07:00:00.000Z","lastupdt":"2016-12-06T07:00:00.000Z","housenumber":null,"road":null,"city":null,"region":null,"country":null,"netid":"E0:8E:3C:21:FF:7F","name":null,"type":"infra","comment":null,"wep":"2","channel":11,"bcninterval":0,"freenet":"?","dhcp":"?","paynet":"?","userfound":false,"encryption":"wpa2"},{"trilat":14.646375660000000351601556758396327495574951171875,"trilong":121.0589218100000010736039257608354091644287109375,"ssid":"WiFiConnect 317","qos":0,"transid":"20170609-00000","firsttime":"2017-06-03T18:00:00.000Z","lasttime":"2017-06-09T05:00:00.000Z","lastupdt":"2017-06-09T05:00:00.000Z","housenumber":null,"road":null,"city":null,"region":null,"country":null,"netid":"CC:79:CF:2E:F3:E0","name":null,"type":"infra","comment":null,"wep":"?","channel":36,"bcninterval":0,"freenet":"?","dhcp":"?","paynet":"?","userfound":false,"encryption":"unknown"},{"trilat":14.646900179999999380697772721759974956512451171875,"trilong":121.061218260000003965615178458392620086669921875,"ssid":"OnePlus3","qos":0,"transid":"20170404-00000","firsttime":"2017-03-31T19:00:00.000Z","lasttime":"2017-04-04T04:00:00.000Z","lastupdt":"2017-04-04T04:00:00.000Z","housenumber":null,"road":null,"city":null,"region":null,"country":null,"netid":"C0:EE:FB:EE:58:B8","name":null,"type":"infra","comment":null,"wep":"2","channel":11,"bcninterval":0,"freenet":"?","dhcp":"?","paynet":"?","userfound":false,"encryption":"wpa2"},{"trilat":14.6460151700000000829504642751999199390411376953125,"trilong":121.061073300000003882814780808985233306884765625,"ssid":"Lucas","qos":0,"transid":"20160227-00000","firsttime":"2016-02-27T20:00:00.000Z","lasttime":"2016-02-27T07:00:00.000Z","lastupdt":"2016-02-27T07:00:00.000Z","housenumber":null,"road":null,"city":null,"region":null,"country":null,"netid":"AC:CF:85:58:B0:1E","name":null,"type":"infra","comment":null,"wep":"2","channel":6,"bcninterval":0,"freenet":"?","dhcp":"?","paynet":"?","userfound":false,"encryption":"wpa2"},{"trilat":14.6465368300000005064021024736575782299041748046875,"trilong":121.05876922999999578678398393094539642333984375,"ssid":"SKYbroadband7B2C_EXT","qos":4,"transid":"20160227-00000","firsttime":"2016-02-27T20:00:00.000Z","lasttime":"2017-07-29T13:00:00.000Z","lastupdt":"2017-07-29T13:00:00.000Z","housenumber":"","road":"Maginhawa","city":"","region":"","country":"PH","netid":"A4:2B:B0:C1:4C:87","name":null,"type":"infra","comment":null,"wep":"2","channel":11,"bcninterval":0,"freenet":"?","dhcp":"?","paynet":"?","userfound":false,"encryption":"wpa2"},{"trilat":14.646791459999999318597474484704434871673583984375,"trilong":121.0607605000000006612026481889188289642333984375,"ssid":"Everfit","qos":0,"transid":"20150916-00000","firsttime":"2015-09-04T19:00:00.000Z","lasttime":"2015-09-16T09:00:00.000Z","lastupdt":"2015-09-16T09:00:00.000Z","housenumber":null,"road":null,"city":null,"region":null,"country":null,"netid":"A8:A6:68:E4:B4:A9","name":null,"type":"infra","comment":null,"wep":"2","channel":11,"bcninterval":0,"freenet":"?","dhcp":"?","paynet":"?","userfound":false,"encryption":"wpa2"},{"trilat":14.64685154000000011365045793354511260986328125,"trilong":121.0597839400000026444104150868952274322509765625,"ssid":"HUAWEI-E5330-45B3","qos":0,"transid":"20150808-00000","firsttime":"2015-08-07T22:00:00.000Z","lasttime":"2015-08-08T09:00:00.000Z","lastupdt":"2015-08-08T09:00:00.000Z","housenumber":null,"road":null,"city":null,"region":null,"country":null,"netid":"C4:07:2F:99:45:B3","name":null,"type":"infra","comment":null,"wep":"2","channel":2,"bcninterval":0,"freenet":"?","dhcp":"?","paynet":"?","userfound":false,"encryption":"wpa2"},{"trilat":14.646855349999999162946551223285496234893798828125,"trilong":121.05996704000000363521394319832324981689453125,"ssid":"vickystore","qos":4,"transid":"20130815-00000","firsttime":"2013-08-12T21:00:00.000Z","lasttime":"2013-10-01T22:00:00.000Z","lastupdt":"2013-10-01T20:00:00.000Z","housenumber":null,"road":null,"city":null,"region":"Metro Manila","country":"PH","netid":"CC:1A:FA:97:16:C0","name":null,"type":"infra","comment":null,"wep":"W","channel":4,"bcninterval":0,"freenet":"?","dhcp":"?","paynet":"?","userfound":false,"encryption":"wpa"},{"trilat":14.646585460000000722402546671219170093536376953125,"trilong":121.0592041000000023132088244892656803131103515625,"ssid":"VespieZenetic","qos":5,"transid":"20130719-00000","firsttime":"2013-07-19T21:00:00.000Z","lasttime":"2013-11-13T22:00:00.000Z","lastupdt":"2013-11-13T20:00:00.000Z","housenumber":null,"road":null,"city":null,"region":"Metro Manila","country":"PH","netid":"CC:1A:FA:97:3E:3C","name":null,"type":"infra","comment":null,"wep":"W","channel":11,"bcninterval":0,"freenet":"?","dhcp":"?","paynet":"?","userfound":false,"encryption":"wpa"},{"trilat":14.647251130000000785003066994249820709228515625,"trilong":121.058471679999996695187292061746120452880859375,"ssid":"chenix25 :-*","qos":0,"transid":"20150726-00000","firsttime":"2015-02-27T19:00:00.000Z","lasttime":"2015-07-26T00:00:00.000Z","lastupdt":"2015-07-26T00:00:00.000Z","housenumber":null,"road":null,"city":null,"region":null,"country":null,"netid":"B2:45:19:AF:E0:52","name":null,"type":"infra","comment":null,"wep":"W","channel":2,"bcninterval":0,"freenet":"?","dhcp":"?","paynet":"?","userfound":false,"encryption":"wpa"},{"trilat":14.6466531799999994944982972810976207256317138671875,"trilong":121.0593490600000023960092221386730670928955078125,"ssid":"Michiko","qos":0,"transid":"20140508-00000","firsttime":"2014-05-01T21:00:00.000Z","lasttime":"2014-05-09T05:00:00.000Z","lastupdt":"2015-07-26T00:00:00.000Z","housenumber":null,"road":null,"city":null,"region":null,"country":null,"netid":"CC:3A:61:D1:E9:86","name":null,"type":"infra","comment":null,"wep":"2","channel":11,"bcninterval":0,"freenet":"?","dhcp":"?","paynet":"?","userfound":false,"encryption":"wpa2"},{"trilat":14.6413564699999998452994987019337713718414306640625,"trilong":121.06125640999999859559466131031513214111328125,"ssid":"BACK2BACK","qos":0,"transid":"20131130-00000","firsttime":"2013-11-30T19:00:00.000Z","lasttime":"2013-11-30T20:00:00.000Z","lastupdt":"2013-11-30T18:00:00.000Z","housenumber":null,"road":null,"city":null,"region":"Metro Manila","country":"PH","netid":"CC:1A:FA:96:EA:94","name":null,"type":"infra","comment":null,"wep":"W","channel":4,"bcninterval":0,"freenet":"?","dhcp":"?","paynet":"?","userfound":false,"encryption":"wpa"},{"trilat":14.646801950000000402951627620495855808258056640625,"trilong":121.0608825700000039660153561271727085113525390625,"ssid":"bayanDSL","qos":4,"transid":"20130720-00000","firsttime":"2013-07-20T00:00:00.000Z","lasttime":"2013-11-06T04:00:00.000Z","lastupdt":"2013-11-06T02:00:00.000Z","housenumber":null,"road":null,"city":null,"region":"Metro Manila","country":"PH","netid":"CC:1A:FA:96:F1:FC","name":null,"type":"infra","comment":null,"wep":"W","channel":1,"bcninterval":0,"freenet":"?","dhcp":"?","paynet":"?","userfound":false,"encryption":"wpa"},{"trilat":14.64451312999999998964995029382407665252685546875,"trilong":121.060974119999997355989762581884860992431640625,"ssid":"Samyana","qos":2,"transid":"20131001-00000","firsttime":"2013-09-27T21:00:00.000Z","lasttime":"2013-11-30T01:00:00.000Z","lastupdt":"2013-12-09T07:00:00.000Z","housenumber":null,"road":null,"city":null,"region":"Metro Manila","country":"PH","netid":"CC:1A:FA:96:FC:64","name":null,"type":"infra","comment":null,"wep":"W","channel":4,"bcninterval":0,"freenet":"?","dhcp":"?","paynet":"?","userfound":false,"encryption":"wpa"},{"trilat":14.6469249700000005987021722830832004547119140625,"trilong":121.06002807999999504318111576139926910400390625,"ssid":"SOBC","qos":5,"transid":"20130719-00000","firsttime":"2013-07-19T21:00:00.000Z","lasttime":"2017-04-04T04:00:00.000Z","lastupdt":"2017-04-04T04:00:00.000Z","housenumber":null,"road":null,"city":null,"region":"Metro Manila","country":"PH","netid":"CC:1A:FA:97:46:FC","name":null,"type":"infra","comment":null,"wep":"W","channel":1,"bcninterval":0,"freenet":"?","dhcp":"?","paynet":"?","userfound":false,"encryption":"wpa"},{"trilat":14.646956440000000299050952889956533908843994140625,"trilong":121.0578079200000019000071915797889232635498046875,"ssid":"Connectify-puffyskein","qos":1,"transid":"20130322-00000","firsttime":"2013-03-22T22:00:00.000Z","lasttime":"2013-04-29T11:00:00.000Z","lastupdt":"2013-04-29T09:00:00.000Z","housenumber":null,"road":null,"city":null,"region":"Metro Manila","country":"PH","netid":"C6:CB:38:3E:72:C4","name":null,"type":"infra","comment":null,"wep":"2","channel":11,"bcninterval":0,"freenet":"?","dhcp":"?","paynet":"?","userfound":false,"encryption":"wpa2"},{"trilat":14.646574019999999194396878010593354701995849609375,"trilong":121.06099700999999413397745229303836822509765625,"ssid":"bayanDSL","qos":5,"transid":"20130222-00000","firsttime":"2013-02-22T22:00:00.000Z","lasttime":"2015-07-26T00:00:00.000Z","lastupdt":"2015-07-26T00:00:00.000Z","housenumber":null,"road":null,"city":null,"region":"Metro Manila","country":"PH","netid":"C8:7B:5B:C2:0C:44","name":null,"type":"infra","comment":null,"wep":"W","channel":4,"bcninterval":0,"freenet":"?","dhcp":"?","paynet":"?","userfound":false,"encryption":"wpa"},{"trilat":14.6437578199999993699975675554014742374420166015625,"trilong":121.0610504200000008268034434877336025238037109375,"ssid":"RIVENDELL","qos":5,"transid":"20130309-00000","firsttime":"2013-03-08T23:00:00.000Z","lasttime":"2013-11-30T18:00:00.000Z","lastupdt":"2015-11-24T06:00:00.000Z","housenumber":null,"road":null,"city":null,"region":"Metro Manila","country":"PH","netid":"C8:3A:35:1A:67:88","name":null,"type":"infra","comment":null,"wep":"2","channel":2,"bcninterval":0,"freenet":"?","dhcp":"?","paynet":"?","userfound":false,"encryption":"wpa2"},{"trilat":14.6426925699999994634481481625698506832122802734375,"trilong":121.0604476900000037176141631789505481719970703125,"ssid":"ASUS","qos":0,"transid":"20130414-00000","firsttime":"2013-04-14T14:00:00.000Z","lasttime":"2013-04-14T06:00:00.000Z","lastupdt":"2013-04-14T04:00:00.000Z","housenumber":null,"road":null,"city":null,"region":"Metro Manila","country":"PH","netid":"C8:60:00:71:6F:F8","name":null,"type":"infra","comment":null,"wep":"N","channel":6,"bcninterval":0,"freenet":"?","dhcp":"?","paynet":"?","userfound":false,"encryption":"none"},{"trilat":14.6465539899999992456969266640953719615936279296875,"trilong":121.0588149999999956207830109633505344390869140625,"ssid":"Smartbro_DFCC47","qos":0,"transid":"20130621-00000","firsttime":"2013-06-02T19:00:00.000Z","lasttime":"2013-06-21T06:00:00.000Z","lastupdt":"2013-06-21T04:00:00.000Z","housenumber":null,"road":null,"city":null,"region":"Metro Manila","country":"PH","netid":"C8:64:C7:DF:CC:47","name":null,"type":"infra","comment":null,"wep":"2","channel":1,"bcninterval":0,"freenet":"?","dhcp":"?","paynet":"?","userfound":false,"encryption":"wpa2"},{"trilat":14.646619799999999855799615033902227878570556640625,"trilong":121.0584335300000020652078092098236083984375,"ssid":null,"qos":4,"transid":"20160604-00000","firsttime":"2016-05-27T19:00:00.000Z","lasttime":"2017-07-29T13:00:00.000Z","lastupdt":"2017-07-29T13:00:00.000Z","housenumber":"86","road":"Maginhawa","city":"","region":"","country":"PH","netid":"A4:2B:B0:D9:10:26","name":null,"type":"infra","comment":null,"wep":"2","channel":6,"bcninterval":0,"freenet":"?","dhcp":"?","paynet":"?","userfound":false,"encryption":"wpa2"},{"trilat":14.646837229999999152596501517109572887420654296875,"trilong":121.05988311999999496038071811199188232421875,"ssid":"BARANGAY GINEBRA","qos":5,"transid":"20150120-00000","firsttime":"2015-01-10T18:00:00.000Z","lasttime":"2016-09-07T19:00:00.000Z","lastupdt":"2016-09-07T19:00:00.000Z","housenumber":null,"road":null,"city":null,"region":null,"country":null,"netid":"A4:7E:39:AE:61:08","name":null,"type":"infra","comment":null,"wep":"2","channel":1,"bcninterval":0,"freenet":"?","dhcp":"?","paynet":"?","userfound":false,"encryption":"wpa2"},{"trilat":14.64441395000000056825228966772556304931640625,"trilong":121.0610275300000040488157537765800952911376953125,"ssid":"Bawal Dito!","qos":0,"transid":"20131130-00000","firsttime":"2013-11-30T13:00:00.000Z","lasttime":"2013-11-30T01:00:00.000Z","lastupdt":"2013-11-29T23:00:00.000Z","housenumber":null,"road":null,"city":null,"region":"Metro Manila","country":"PH","netid":"A0:F3:C1:CA:00:8E","name":null,"type":"infra","comment":null,"wep":"2","channel":6,"bcninterval":0,"freenet":"?","dhcp":"?","paynet":"?","userfound":false,"encryption":"wpa2"},{"trilat":14.646683689999999700148691772483289241790771484375,"trilong":121.0583877600000022312087821774184703826904296875,"ssid":"Bluemoon AP","qos":0,"transid":"20130317-00000","firsttime":"2013-03-17T21:00:00.000Z","lasttime":"2013-03-17T09:00:00.000Z","lastupdt":"2013-03-17T07:00:00.000Z","housenumber":null,"road":null,"city":null,"region":"Metro Manila","country":"PH","netid":"C8:7B:5B:86:EB:99","name":null,"type":"infra","comment":null,"wep":"2","channel":6,"bcninterval":0,"freenet":"?","dhcp":"?","paynet":"?","userfound":false,"encryption":"wpa2"},{"trilat":14.6466369600000003714512786245904862880706787109375,"trilong":121.06040192000000388361513614654541015625,"ssid":"Linksys02762","qos":0,"transid":"20140922-00000","firsttime":"2014-09-22T20:00:00.000Z","lasttime":"2014-09-22T08:00:00.000Z","lastupdt":"2016-02-27T07:00:00.000Z","housenumber":null,"road":null,"city":null,"region":null,"country":null,"netid":"C8:B3:73:4C:F9:FC","name":null,"type":"infra","comment":null,"wep":"2","channel":11,"bcninterval":0,"freenet":"?","dhcp":"?","paynet":"?","userfound":false,"encryption":"wpa2"},{"trilat":14.6466417300000006918025974300689995288848876953125,"trilong":121.060394290000004957619239576160907745361328125,"ssid":"Goldshark-guest","qos":0,"transid":"20140922-00000","firsttime":"2014-09-22T20:00:00.000Z","lasttime":"2014-09-22T08:00:00.000Z","lastupdt":"2015-07-26T00:00:00.000Z","housenumber":null,"road":null,"city":null,"region":null,"country":null,"netid":"C8:B3:73:4C:F9:FD","name":null,"type":"infra","comment":null,"wep":"?","channel":11,"bcninterval":0,"freenet":"?","dhcp":"?","paynet":"?","userfound":false,"encryption":"unknown"},{"trilat":14.6468114899999992672974258312024176120758056640625,"trilong":121.06121063000000503961928188800811767578125,"ssid":"franciscofamily-guest","qos":0,"transid":"20160604-00000","firsttime":"2016-05-27T19:00:00.000Z","lasttime":"2016-06-04T16:00:00.000Z","lastupdt":"2016-06-04T16:00:00.000Z","housenumber":null,"road":null,"city":null,"region":null,"country":null,"netid":"C8:B3:73:51:00:BF","name":null,"type":"infra","comment":null,"wep":"?","channel":11,"bcninterval":0,"freenet":"?","dhcp":"?","paynet":"?","userfound":false,"encryption":"unknown"},{"trilat":14.6467132600000002895512807299382984638214111328125,"trilong":121.058456419999998843195498920977115631103515625,"ssid":"Think_47ADF2","qos":0,"transid":"20150808-00000","firsttime":"2015-08-07T17:00:00.000Z","lasttime":"2015-08-08T09:00:00.000Z","lastupdt":"2015-08-08T09:00:00.000Z","housenumber":null,"road":null,"city":null,"region":null,"country":null,"netid":"C8:93:46:47:AD:F2","name":null,"type":"infra","comment":null,"wep":"2","channel":10,"bcninterval":0,"freenet":"?","dhcp":"?","paynet":"?","userfound":false,"encryption":"wpa2"},{"trilat":14.64635372000000046455170377157628536224365234375,"trilong":121.0591049199999957863838062621653079986572265625,"ssid":"_Beadel","qos":0,"transid":"20170609-00000","firsttime":"2017-06-03T18:00:00.000Z","lasttime":"2017-06-09T05:00:00.000Z","lastupdt":"2017-06-09T05:00:00.000Z","housenumber":null,"road":null,"city":null,"region":null,"country":null,"netid":"C8:F2:30:29:07:7F","name":null,"type":"infra","comment":null,"wep":"W","channel":6,"bcninterval":0,"freenet":"?","dhcp":"?","paynet":"?","userfound":false,"encryption":"wpa"},{"trilat":14.6438083599999995243479133932851254940032958984375,"trilong":121.0610427900000019008075469173491001129150390625,"ssid":"Globo-Guest","qos":0,"transid":"20161206-00000","firsttime":"2016-12-04T20:00:00.000Z","lasttime":"2016-12-06T07:00:00.000Z","lastupdt":"2016-12-06T07:00:00.000Z","housenumber":null,"road":null,"city":null,"region":null,"country":null,"netid":"E6:8D:8C:5A:8B:3C","name":null,"type":"infra","comment":null,"wep":"?","channel":6,"bcninterval":0,"freenet":"?","dhcp":"?","paynet":"?","userfound":false,"encryption":"unknown"},{"trilat":14.6429786699999997523491401807405054569244384765625,"trilong":121.060951230000000578002072870731353759765625,"ssid":"RBGM 1","qos":3,"transid":"20130414-00000","firsttime":"2013-04-14T14:00:00.000Z","lasttime":"2013-11-30T20:00:00.000Z","lastupdt":"2013-11-30T18:00:00.000Z","housenumber":null,"road":null,"city":null,"region":"Metro Manila","country":"PH","netid":"A0:F3:C1:C1:01:72","name":null,"type":"infra","comment":null,"wep":"2","channel":4,"bcninterval":0,"freenet":"?","dhcp":"?","paynet":"?","userfound":false,"encryption":"wpa2"},{"trilat":14.64289093000000008260030881501734256744384765625,"trilong":121.0609054600000007440030458383262157440185546875,"ssid":"RBGM 3-2","qos":2,"transid":"20131030-00000","firsttime":"2013-10-21T17:00:00.000Z","lasttime":"2013-11-30T20:00:00.000Z","lastupdt":"2013-11-30T18:00:00.000Z","housenumber":null,"road":null,"city":null,"region":"Metro Manila","country":"PH","netid":"A0:F3:C1:C1:01:AA","name":null,"type":"infra","comment":null,"wep":"2","channel":4,"bcninterval":0,"freenet":"?","dhcp":"?","paynet":"?","userfound":false,"encryption":"wpa2"},{"trilat":14.6469411800000006707023203489370644092559814453125,"trilong":121.05828857000000198240741156041622161865234375,"ssid":"TOQGER","qos":0,"transid":"20150726-00000","firsttime":"2015-02-28T19:00:00.000Z","lasttime":"2015-07-26T00:00:00.000Z","lastupdt":"2015-07-26T00:00:00.000Z","housenumber":null,"road":null,"city":null,"region":null,"country":null,"netid":"E4:77:23:A5:43:54","name":null,"type":"infra","comment":null,"wep":"2","channel":1,"bcninterval":0,"freenet":"?","dhcp":"?","paynet":"?","userfound":false,"encryption":"wpa2"},{"trilat":14.64540195000000011305019143037497997283935546875,"trilong":121.060974119999997355989762581884860992431640625,"ssid":"bayanDSLWiFi_B2FC","qos":0,"transid":"20150726-00000","firsttime":"2015-04-27T15:00:00.000Z","lasttime":"2015-07-26T00:00:00.000Z","lastupdt":"2015-07-26T00:00:00.000Z","housenumber":null,"road":null,"city":null,"region":null,"country":null,"netid":"E4:77:23:A5:B2:FC","name":null,"type":"infra","comment":null,"wep":"2","channel":12,"bcninterval":0,"freenet":"?","dhcp":"?","paynet":"?","userfound":false,"encryption":"wpa2"},{"trilat":14.646937369999999845049387658946216106414794921875,"trilong":121.057357789999997521590557880699634552001953125,"ssid":"SMART-BRO-C622","qos":0,"transid":"20150216-00000","firsttime":"2015-02-09T17:00:00.000Z","lasttime":"2015-02-16T06:00:00.000Z","lastupdt":"2015-07-26T00:00:00.000Z","housenumber":null,"road":null,"city":null,"region":null,"country":null,"netid":"CC:A2:23:13:C6:22","name":null,"type":"infra","comment":null,"wep":"2","channel":5,"bcninterval":0,"freenet":"?","dhcp":"?","paynet":"?","userfound":false,"encryption":"wpa2"},{"trilat":14.6464900999999994013478499255143105983734130859375,"trilong":121.0591201799999936383755994029343128204345703125,"ssid":"AndroidAP","qos":0,"transid":"20160604-00000","firsttime":"2016-05-27T19:00:00.000Z","lasttime":"2016-06-04T16:00:00.000Z","lastupdt":"2016-06-04T16:00:00.000Z","housenumber":null,"road":null,"city":null,"region":null,"country":null,"netid":"E4:12:1D:16:EF:FF","name":null,"type":"infra","comment":null,"wep":"2","channel":6,"bcninterval":0,"freenet":"?","dhcp":"?","paynet":"?","userfound":false,"encryption":"wpa2"},{"trilat":14.6464290600000008879533197614364326000213623046875,"trilong":121.0599517800000057832221500575542449951171875,"ssid":"_WF Zentea","qos":2,"transid":"20140813-00000","firsttime":"2014-08-07T14:00:00.000Z","lasttime":"2014-09-22T08:00:00.000Z","lastupdt":"2015-07-26T00:00:00.000Z","housenumber":null,"road":null,"city":null,"region":null,"country":null,"netid":"D4:CA:6D:9F:3C:C3","name":null,"type":"infra","comment":null,"wep":"?","channel":1,"bcninterval":0,"freenet":"?","dhcp":"?","paynet":"?","userfound":false,"encryption":"unknown"},{"trilat":14.6458244299999993387473296024836599826812744140625,"trilong":121.0606079100000016524063539691269397735595703125,"ssid":"LBS CAMERA","qos":2,"transid":"20170609-00000","firsttime":"2017-06-03T18:00:00.000Z","lasttime":"2017-07-29T13:00:00.000Z","lastupdt":"2017-07-29T13:00:00.000Z","housenumber":"","road":"Maginhawa","city":"","region":"","country":"PH","netid":"E4:7D:EB:01:DD:5A","name":null,"type":"infra","comment":null,"wep":"2","channel":4,"bcninterval":0,"freenet":"?","dhcp":"?","paynet":"?","userfound":false,"encryption":"wpa2"},{"trilat":14.6469211599999997730492395930923521518707275390625,"trilong":121.0606613199999941343776299618184566497802734375,"ssid":"Limited connection","qos":0,"transid":"20150216-00000","firsttime":"2015-02-10T21:00:00.000Z","lasttime":"2015-02-16T06:00:00.000Z","lastupdt":"2015-07-26T00:00:00.000Z","housenumber":null,"road":null,"city":null,"region":null,"country":null,"netid":"E8:CD:2D:7E:E8:A5","name":null,"type":"infra","comment":null,"wep":"2","channel":11,"bcninterval":0,"freenet":"?","dhcp":"?","paynet":"?","userfound":false,"encryption":"wpa2"},{"trilat":14.6442480100000000931004251469857990741729736328125,"trilong":121.061264039999997521590557880699634552001953125,"ssid":"HUAWEI-1F1A","qos":0,"transid":"20170729-00000","firsttime":"2017-07-16T19:00:00.000Z","lasttime":"2017-07-29T13:00:00.000Z","lastupdt":"2017-07-29T13:00:00.000Z","housenumber":"","road":"P. Francisco","city":"","region":"","country":"PH","netid":"D4:61:2E:61:1F:1A","name":null,"type":"infra","comment":null,"wep":"2","channel":1,"bcninterval":0,"freenet":"?","dhcp":"?","paynet":"?","userfound":false,"encryption":"wpa2"},{"trilat":14.6464242900000005676020009559579193592071533203125,"trilong":121.058700560000005452820914797484874725341796875,"ssid":"TrojanVirus","qos":0,"transid":"20170303-00000","firsttime":"2017-03-03T20:00:00.000Z","lasttime":"2017-03-03T07:00:00.000Z","lastupdt":"2017-03-03T07:00:00.000Z","housenumber":null,"road":null,"city":null,"region":null,"country":null,"netid":"0C:D6:BD:5B:95:CA","name":null,"type":"infra","comment":null,"wep":"2","channel":10,"bcninterval":0,"freenet":"?","dhcp":"?","paynet":"?","userfound":false,"encryption":"wpa2"},{"trilat":14.6462821999999999178498910623602569103240966796875,"trilong":121.0608520499999940511770546436309814453125,"ssid":"AndroidAP7861","qos":0,"transid":"20131030-00000","firsttime":"2013-10-20T14:00:00.000Z","lasttime":"2013-10-30T05:00:00.000Z","lastupdt":"2013-10-30T03:00:00.000Z","housenumber":null,"road":null,"city":null,"region":"Metro Manila","country":"PH","netid":"B0:D0:9C:20:7C:DF","name":null,"type":"infra","comment":null,"wep":"2","channel":6,"bcninterval":0,"freenet":"?","dhcp":"?","paynet":"?","userfound":false,"encryption":"wpa2"},{"trilat":14.6463689800000000929003363125957548618316650390625,"trilong":121.0593795799999980999928084202110767364501953125,"ssid":"OXO ORIGINAL","qos":0,"transid":"20170729-00000","firsttime":"2017-07-16T19:00:00.000Z","lasttime":"2017-07-29T13:00:00.000Z","lastupdt":"2017-07-29T13:00:00.000Z","housenumber":"","road":"Maginhawa","city":"","region":"","country":"PH","netid":"B4:30:52:E0:47:9A","name":null,"type":"infra","comment":null,"wep":"2","channel":10,"bcninterval":0,"freenet":"?","dhcp":"?","paynet":"?","userfound":false,"encryption":"wpa2"},{"trilat":14.645486829999999400797605630941689014434814453125,"trilong":121.0611801099999951247809804044663906097412109375,"ssid":"Xperia E dual_ed6c","qos":0,"transid":"20150120-00000","firsttime":"2015-01-10T18:00:00.000Z","lasttime":"2015-01-21T20:00:00.000Z","lastupdt":"2015-07-26T00:00:00.000Z","housenumber":null,"road":null,"city":null,"region":null,"country":null,"netid":"B4:52:7E:13:06:8E","name":null,"type":"infra","comment":null,"wep":"2","channel":1,"bcninterval":0,"freenet":"?","dhcp":"?","paynet":"?","userfound":false,"encryption":"wpa2"},{"trilat":14.6467933699999992569473761250264942646026611328125,"trilong":121.0579910299999966127870720811188220977783203125,"ssid":"juliepie","qos":0,"transid":"20160604-00000","firsttime":"2016-05-27T19:00:00.000Z","lasttime":"2016-06-04T16:00:00.000Z","lastupdt":"2016-06-04T16:00:00.000Z","housenumber":null,"road":null,"city":null,"region":null,"country":null,"netid":"B4:30:52:00:76:FF","name":null,"type":"infra","comment":null,"wep":"2","channel":3,"bcninterval":0,"freenet":"?","dhcp":"?","paynet":"?","userfound":false,"encryption":"wpa2"},{"trilat":14.6453628499999997103486748528666794300079345703125,"trilong":121.060989379999995207981555722653865814208984375,"ssid":"YeLLowGiRL","qos":0,"transid":"20150726-00000","firsttime":"2015-02-25T20:00:00.000Z","lasttime":"2015-07-26T00:00:00.000Z","lastupdt":"2015-07-26T00:00:00.000Z","housenumber":null,"road":null,"city":null,"region":null,"country":null,"netid":"B4:30:52:5A:CC:D2","name":null,"type":"infra","comment":null,"wep":"2","channel":1,"bcninterval":0,"freenet":"?","dhcp":"?","paynet":"?","userfound":false,"encryption":"wpa2"},{"trilat":14.646585460000000722402546671219170093536376953125,"trilong":121.0613021900000063624247559346258640289306640625,"ssid":"Please wait...","qos":5,"transid":"20130222-00000","firsttime":"2013-02-22T22:00:00.000Z","lasttime":"2015-07-26T00:00:00.000Z","lastupdt":"2015-07-26T00:00:00.000Z","housenumber":null,"road":null,"city":null,"region":"Metro Manila","country":"PH","netid":"B0:48:7A:DF:7E:16","name":null,"type":"infra","comment":null,"wep":"2","channel":6,"bcninterval":0,"freenet":"?","dhcp":"?","paynet":"?","userfound":false,"encryption":"wpa2"},{"trilat":14.647041319999999586798367090523242950439453125,"trilong":121.058021550000006527625373564660549163818359375,"ssid":"steffi","qos":0,"transid":"20150726-00000","firsttime":"2015-02-25T20:00:00.000Z","lasttime":"2015-07-26T00:00:00.000Z","lastupdt":"2015-07-26T00:00:00.000Z","housenumber":null,"road":null,"city":null,"region":null,"country":null,"netid":"CE:07:E6:16:89:72","name":null,"type":"infra","comment":null,"wep":"2","channel":1,"bcninterval":0,"freenet":"?","dhcp":"?","paynet":"?","userfound":false,"encryption":"wpa2"},{"trilat":14.6455764800000007852531780372373759746551513671875,"trilong":121.0605316200000061144237406551837921142578125,"ssid":"the legal wifi","qos":0,"transid":"20150726-00000","firsttime":"2015-02-25T20:00:00.000Z","lasttime":"2015-07-26T00:00:00.000Z","lastupdt":"2015-07-26T00:00:00.000Z","housenumber":null,"road":null,"city":null,"region":null,"country":null,"netid":"D0:22:BE:21:37:4B","name":null,"type":"infra","comment":null,"wep":"2","channel":6,"bcninterval":0,"freenet":"?","dhcp":"?","paynet":"?","userfound":false,"encryption":"wpa2"},{"trilat":14.646076199999999545298123848624527454376220703125,"trilong":121.0610122700000061968239606358110904693603515625,"ssid":"mikkorexic","qos":0,"transid":"20150726-00000","firsttime":"2015-02-27T19:00:00.000Z","lasttime":"2015-07-26T00:00:00.000Z","lastupdt":"2015-07-26T00:00:00.000Z","housenumber":null,"road":null,"city":null,"region":null,"country":null,"netid":"D0:22:BE:21:89:60","name":null,"type":"infra","comment":null,"wep":"2","channel":11,"bcninterval":0,"freenet":"?","dhcp":"?","paynet":"?","userfound":false,"encryption":"wpa2"},{"trilat":14.644616129999999287747414200566709041595458984375,"trilong":121.05762482000000090920366346836090087890625,"ssid":"PLM-CM","qos":0,"transid":"20141230-00000","firsttime":"2014-11-19T18:00:00.000Z","lasttime":"2014-12-30T04:00:00.000Z","lastupdt":"2015-07-26T00:00:00.000Z","housenumber":null,"road":null,"city":null,"region":null,"country":null,"netid":"D0:22:BE:8D:FD:85","name":null,"type":"infra","comment":null,"wep":"2","channel":1,"bcninterval":0,"freenet":"?","dhcp":"?","paynet":"?","userfound":false,"encryption":"wpa2"},{"trilat":14.6421594600000002373008101130835711956024169921875,"trilong":121.0599288899999947943797451443970203399658203125,"ssid":"IPDI_ROUTER2","qos":0,"transid":"20131130-00000","firsttime":"2013-11-30T13:00:00.000Z","lasttime":"2013-11-30T01:00:00.000Z","lastupdt":"2013-11-29T23:00:00.000Z","housenumber":null,"road":null,"city":null,"region":"Metro Manila","country":"PH","netid":"BC:F6:85:BF:47:E8","name":null,"type":"infra","comment":null,"wep":"2","channel":11,"bcninterval":0,"freenet":"?","dhcp":"?","paynet":"?","userfound":false,"encryption":"wpa2"},{"trilat":14.6414232299999991226968631963245570659637451171875,"trilong":121.059684750000002395609044469892978668212890625,"ssid":"blahblahblacksheep","qos":1,"transid":"20150126-00000","firsttime":"2015-01-26T14:00:00.000Z","lasttime":"2015-07-26T00:00:00.000Z","lastupdt":"2015-07-26T00:00:00.000Z","housenumber":null,"road":null,"city":null,"region":null,"country":null,"netid":"D0:7A:B5:84:D7:74","name":null,"type":"infra","comment":null,"wep":"2","channel":6,"bcninterval":0,"freenet":"?","dhcp":"?","paynet":"?","userfound":false,"encryption":"wpa2"},{"trilat":14.6453628499999997103486748528666794300079345703125,"trilong":121.060989379999995207981555722653865814208984375,"ssid":"HUAWEI-E5220-ffc8","qos":0,"transid":"20150726-00000","firsttime":"2015-02-25T20:00:00.000Z","lasttime":"2015-07-26T00:00:00.000Z","lastupdt":"2015-07-26T00:00:00.000Z","housenumber":null,"road":null,"city":null,"region":null,"country":null,"netid":"D0:7A:B5:84:FF:C8","name":null,"type":"infra","comment":null,"wep":"2","channel":6,"bcninterval":0,"freenet":"?","dhcp":"?","paynet":"?","userfound":false,"encryption":"wpa2"},{"trilat":14.6438579600000000624504536972381174564361572265625,"trilong":121.0580673200000063616244005970656871795654296875,"ssid":"HUAWEI-E5220-37f3","qos":2,"transid":"20140813-00000","firsttime":"2001-01-01T08:00:00.000Z","lasttime":"2014-08-13T06:00:00.000Z","lastupdt":"2015-07-26T00:00:00.000Z","housenumber":null,"road":null,"city":null,"region":null,"country":null,"netid":"D0:7A:B5:8A:37:F3","name":null,"type":"infra","comment":null,"wep":"2","channel":6,"bcninterval":0,"freenet":"?","dhcp":"?","paynet":"?","userfound":false,"encryption":"wpa2"},{"trilat":14.6466360099999999277997630997560918331146240234375,"trilong":121.058456419999998843195498920977115631103515625,"ssid":"daddysgopro","qos":0,"transid":"20140805-00000","firsttime":"2014-08-05T19:00:00.000Z","lasttime":"2014-08-05T06:00:00.000Z","lastupdt":"2015-07-26T00:00:00.000Z","housenumber":null,"road":null,"city":null,"region":null,"country":null,"netid":"D4:D9:19:10:76:53","name":null,"type":"infra","comment":null,"wep":"2","channel":11,"bcninterval":0,"freenet":"?","dhcp":"?","paynet":"?","userfound":false,"encryption":"wpa2"},{"trilat":14.646896359999999503997969441115856170654296875,"trilong":121.0600433299999991731965565122663974761962890625,"ssid":"rielaislove","qos":0,"transid":"20150216-00000","firsttime":"2015-02-11T16:00:00.000Z","lasttime":"2015-02-16T06:00:00.000Z","lastupdt":"2015-07-26T00:00:00.000Z","housenumber":null,"road":null,"city":null,"region":null,"country":null,"netid":"D4:D9:19:0F:A5:CE","name":null,"type":"infra","comment":null,"wep":"2","channel":6,"bcninterval":0,"freenet":"?","dhcp":"?","paynet":"?","userfound":false,"encryption":"wpa2"},{"trilat":14.6466636700000005788524504168890416622161865234375,"trilong":121.058471679999996695187292061746120452880859375,"ssid":"HUAWEI-E5220-e07d","qos":0,"transid":"20150808-00000","firsttime":"2015-08-07T22:00:00.000Z","lasttime":"2015-08-08T09:00:00.000Z","lastupdt":"2015-08-08T09:00:00.000Z","housenumber":null,"road":null,"city":null,"region":null,"country":null,"netid":"D0:7A:B5:22:E0:7D","name":null,"type":"infra","comment":null,"wep":"2","channel":11,"bcninterval":0,"freenet":"?","dhcp":"?","paynet":"?","userfound":false,"encryption":"wpa2"},{"trilat":14.6455669400000001445505404262803494930267333984375,"trilong":121.0580062899999944647788652218878269195556640625,"ssid":"HUAWEI-E5220-dbd9","qos":5,"transid":"20150104-00000","firsttime":"2015-01-04T19:00:00.000Z","lasttime":"2017-07-15T01:00:00.000Z","lastupdt":"2017-07-15T01:00:00.000Z","housenumber":"","road":"Mahiyain","city":"","region":"","country":"PH","netid":"D0:7A:B5:D3:DB:D9","name":null,"type":"infra","comment":null,"wep":"2","channel":11,"bcninterval":0,"freenet":"?","dhcp":"?","paynet":"?","userfound":false,"encryption":"wpa2"},{"trilat":14.64687061000000056765202316455543041229248046875,"trilong":121.0595321699999971087891026400029659271240234375,"ssid":"HP-Print-A2-Deskjet 3540 series","qos":0,"transid":"20170715-00000","firsttime":"2017-07-15T16:00:00.000Z","lasttime":"2017-07-15T01:00:00.000Z","lastupdt":"2017-07-15T01:00:00.000Z","housenumber":"","road":"Magiting","city":"","region":"","country":"PH","netid":"D0:BF:9C:70:6F:A2","name":null,"type":"infra","comment":null,"wep":"2","channel":6,"bcninterval":0,"freenet":"?","dhcp":"?","paynet":"?","userfound":false,"encryption":"wpa2"}]}