{"success":true,"totalResults":2103,"search_after":51797695,"first":1,"last":100,"resultCount":100,"results":[{"trilat":14.6437816600000001443504515918903052806854248046875,"trilong":121.0584640499999977691913954913616180419921875,"ssid":"Smart Bro_B89781","qos":1,"transid":"20150120-00000","firsttime":"2015-01-10T18:00:00.000Z","lasttime":"2015-01-21T20:00:00.000Z","lastupdt":"2015-07-26T00:00:00.000Z","housenumber":null,"road":null,"city":null,"region":null,"country":null,"netid":"78:E8:B6:B8:97:81","name":null,"type":"infra","comment":null,"wep":"2","channel":11,"bcninterval":0,"freenet":"?","dhcp":"?","paynet":"?","userfound":false,"encryption":"wpa2"},{"trilat":14.64673327999999941084752208553254604339599609375,"trilong":121.05815886999999975159880705177783966064453125,"ssid":"dfrancisco","qos":0,"transid":"20150726-00000","firsttime":"2015-02-27T19:00:00.000Z","lasttime":"2015-07-26T00:00:00.000Z","lastupdt":"2015-07-26T00:00:00.000Z","housenumber":null,"road":null,"city":null,"region":null,"country":null,"netid":"78:E8:B6:B4:3F:F8","name":null,"type":"infra","comment":null,"wep":"2","channel":6,"bcninterval":0,"freenet":"?","dhcp":"?","paynet":"?","userfound":false,"encryption":"wpa2"},{"trilat":14.6439313900000005475021680467762053012847900390625,"trilong":121.0610275300000040488157537765800952911376953125,"ssid":"GloboAsiatico","qos":0,"transid":"20161206-00000","firsttime":"2016-12-04T20:00:00.000Z","lasttime":"2016-12-06T07:00:00.000Z","lastupdt":"2016-12-06T07:00:00.000Z","housenumber":null,"road":null,"city":null,"region":null,"country":null,"netid":"E4:8D:8C:8C:85:29","name":null,"type":"infra","comment":null,"wep":"2","channel":6,"bcninterval":0,"freenet":"?","dhcp":"?","paynet":"?","userfound":false,"encryption":"wpa2"},{"trilat":14.6471338299999995768985172617249190807342529296875,"trilong":121.0576782199999996691985870711505413055419921875,"ssid":"Alvin Papa","qos":0,"transid":"20130621-00000","firsttime":"2013-06-02T19:00:00.000Z","lasttime":"2013-06-21T06:00:00.000Z","lastupdt":"2013-06-21T04:00:00.000Z","housenumber":null,"road":null,"city":null,"region":"Metro Manila","country":"PH","netid":"7A:6C:1C:C1:4B:86","name":null,"type":"infra","comment":null,"wep":"2","channel":1,"bcninterval":0,"freenet":"?","dhcp":"?","paynet":"?","userfound":false,"encryption":"wpa2"},{"trilat":14.645459179999999577148628304712474346160888671875,"trilong":121.0606613199999941343776299618184566497802734375,"ssid":"laboy","qos":2,"transid":"20140922-00000","firsttime":"2014-09-22T20:00:00.000Z","lasttime":"2015-07-26T00:00:00.000Z","lastupdt":"2015-07-26T00:00:00.000Z","housenumber":null,"road":null,"city":null,"region":null,"country":null,"netid":"E4:77:23:A5:4F:98","name":null,"type":"infra","comment":null,"wep":"2","channel":13,"bcninterval":0,"freenet":"?","dhcp":"?","paynet":"?","userfound":false,"encryption":"wpa2"},{"trilat":14.645941730000000546851879335008561611175537109375,"trilong":121.060150149999998347993823699653148651123046875,"ssid":"bayanDSLWiFi_8D24","qos":2,"transid":"20150120-00000","firsttime":"2015-01-10T18:00:00.000Z","lasttime":"2015-09-16T09:00:00.000Z","lastupdt":"2015-09-16T09:00:00.000Z","housenumber":null,"road":null,"city":null,"region":null,"country":null,"netid":"E4:77:23:A5:8D:24","name":null,"type":"infra","comment":null,"wep":"2","channel":11,"bcninterval":0,"freenet":"?","dhcp":"?","paynet":"?","userfound":false,"encryption":"wpa2"},{"trilat":14.6466121699999991534468790632672607898712158203125,"trilong":121.059310909999993555175024084746837615966796875,"ssid":"Coco is Love","qos":5,"transid":"20141013-00000","firsttime":"2014-10-10T19:00:00.000Z","lasttime":"2015-08-12T07:00:00.000Z","lastupdt":"2015-08-12T07:00:00.000Z","housenumber":null,"road":null,"city":null,"region":null,"country":null,"netid":"E4:77:23:A6:39:6C","name":null,"type":"infra","comment":null,"wep":"2","channel":10,"bcninterval":0,"freenet":"?","dhcp":"?","paynet":"?","userfound":false,"encryption":"wpa2"},{"trilat":14.64676189000000050555172492749989032745361328125,"trilong":121.0580673200000063616244005970656871795654296875,"ssid":"MobileWiFi-4a72","qos":0,"transid":"20140212-00000","firsttime":"2014-02-07T19:00:00.000Z","lasttime":"2014-02-13T15:00:00.000Z","lastupdt":"2015-07-26T00:00:00.000Z","housenumber":null,"road":null,"city":null,"region":null,"country":null,"netid":"78:F5:FD:E3:4A:72","name":null,"type":"infra","comment":null,"wep":"W","channel":11,"bcninterval":0,"freenet":"?","dhcp":"?","paynet":"Y","userfound":false,"encryption":"wpa"},{"trilat":14.6467542599999998031989889568649232387542724609375,"trilong":121.0592422499999969431883073411881923675537109375,"ssid":"MobileWiFi-aa34","qos":0,"transid":"20130719-00000","firsttime":"2013-07-19T21:00:00.000Z","lasttime":"2013-07-19T09:00:00.000Z","lastupdt":"2013-07-19T07:00:00.000Z","housenumber":null,"road":null,"city":null,"region":"Metro Manila","country":"PH","netid":"78:F5:FD:E3:AA:34","name":null,"type":"infra","comment":null,"wep":"2","channel":1,"bcninterval":0,"freenet":"?","dhcp":"?","paynet":"Y","userfound":false,"encryption":"wpa2"},{"trilat":14.6450824700000001854505171650089323520660400390625,"trilong":121.0607376100000038832149584777653217315673828125,"ssid":"DollysRocks","qos":1,"transid":"20150120-00000","firsttime":"2015-01-10T18:00:00.000Z","lasttime":"2015-01-21T20:00:00.000Z","lastupdt":"2015-07-26T00:00:00.000Z","housenumber":null,"road":null,"city":null,"region":null,"country":null,"netid":"78:F5:FD:F8:6A:0B","name":null,"type":"infra","comment":null,"wep":"Y","channel":11,"bcninterval":0,"freenet":"?","dhcp":"?","paynet":"?","userfound":false,"encryption":"wep"},{"trilat":14.646456719999999762649167678318917751312255859375,"trilong":121.0584640499999977691913954913616180419921875,"ssid":"MobileWiFi-6c44","qos":5,"transid":"20130429-00000","firsttime":"2013-04-27T20:00:00.000Z","lasttime":"2014-10-13T17:00:00.000Z","lastupdt":"2015-07-26T00:00:00.000Z","housenumber":null,"road":null,"city":null,"region":"Metro Manila","country":"PH","netid":"78:F5:FD:FD:6C:44","name":null,"type":"infra","comment":null,"wep":"2","channel":1,"bcninterval":0,"freenet":"?","dhcp":"?","paynet":"Y","userfound":false,"encryption":"wpa2"},{"trilat":14.6465911900000005374522515921853482723236083984375,"trilong":121.0590820299999990083961165510118007659912109375,"ssid":"Jojo-WIFI","qos":0,"transid":"20130924-00000","firsttime":"2013-09-22T15:00:00.000Z","lasttime":"2013-09-24T19:00:00.000Z","lastupdt":"2013-09-24T17:00:00.000Z","housenumber":null,"road":null,"city":null,"region":"Metro Manila","country":"PH","netid":"78:F5:FD:FD:AD:79","name":null,"type":"infra","comment":null,"wep":"2","channel":1,"bcninterval":0,"freenet":"?","dhcp":"?","paynet":"?","userfound":false,"encryption":"wpa2"},{"trilat":14.646303180000000310201357933692634105682373046875,"trilong":121.05863952999999355597537942230701446533203125,"ssid":"Smart Bro_47A137","qos":0,"transid":"20150216-00000","firsttime":"2015-02-11T17:00:00.000Z","lasttime":"2015-02-16T06:00:00.000Z","lastupdt":"2015-07-26T00:00:00.000Z","housenumber":null,"road":null,"city":null,"region":null,"country":null,"netid":"9A:6C:F5:47:A1:37","name":null,"type":"infra","comment":null,"wep":"?","channel":6,"bcninterval":0,"freenet":"?","dhcp":"?","paynet":"?","userfound":false,"encryption":"unknown"},{"trilat":14.642813679999999720848791184835135936737060546875,"trilong":121.059440609999995785983628593385219573974609375,"ssid":"Leonardo","qos":0,"transid":"20130309-00000","firsttime":"2013-03-09T20:00:00.000Z","lasttime":"2013-03-11T16:00:00.000Z","lastupdt":"2013-03-11T14:00:00.000Z","housenumber":null,"road":null,"city":null,"region":"Metro Manila","country":"PH","netid":"9C:D2:4B:FB:D6:B0","name":null,"type":"infra","comment":null,"wep":"2","channel":6,"bcninterval":0,"freenet":"?","dhcp":"?","paynet":"?","userfound":false,"encryption":"wpa2"},{"trilat":14.6470394099999996484484654502011835575103759765625,"trilong":121.057617190000001983207766897976398468017578125,"ssid":"oldHAUS","qos":4,"transid":"20130309-00000","firsttime":"2013-03-09T20:00:00.000Z","lasttime":"2013-03-24T04:00:00.000Z","lastupdt":"2013-03-24T02:00:00.000Z","housenumber":null,"road":null,"city":null,"region":"Metro Manila","country":"PH","netid":"78:44:76:C7:EB:50","name":null,"type":"infra","comment":null,"wep":"2","channel":11,"bcninterval":0,"freenet":"?","dhcp":"?","paynet":"?","userfound":false,"encryption":"wpa2"},{"trilat":14.6436767599999999589499566354788839817047119140625,"trilong":121.057762150000002066008164547383785247802734375,"ssid":"Victor_Garcia","qos":0,"transid":"20130309-00000","firsttime":"2013-03-09T20:00:00.000Z","lasttime":"2013-03-11T16:00:00.000Z","lastupdt":"2013-03-11T14:00:00.000Z","housenumber":null,"road":null,"city":null,"region":"Metro Manila","country":"PH","netid":"98:FC:11:96:14:0D","name":null,"type":"infra","comment":null,"wep":"2","channel":6,"bcninterval":0,"freenet":"?","dhcp":"?","paynet":"?","userfound":false,"encryption":"wpa2"},{"trilat":14.6451320599999998961493474780581891536712646484375,"trilong":121.060943600000001652006176300346851348876953125,"ssid":"K5MPCTV","qos":0,"transid":"20161206-00000","firsttime":"2016-12-04T20:00:00.000Z","lasttime":"2016-12-06T07:00:00.000Z","lastupdt":"2016-12-06T07:00:00.000Z","housenumber":null,"road":null,"city":null,"region":null,"country":null,"netid":"98:DE:D0:CC:D4:72","name":null,"type":"infra","comment":null,"wep":"2","channel":6,"bcninterval":0,"freenet":"?","dhcp":"?","paynet":"?","userfound":false,"encryption":"wpa2"},{"trilat":14.6439313900000005475021680467762053012847900390625,"trilong":121.0610275300000040488157537765800952911376953125,"ssid":"Globo-Guest","qos":0,"transid":"20161206-00000","firsttime":"2016-12-04T20:00:00.000Z","lasttime":"2016-12-06T07:00:00.000Z","lastupdt":"2016-12-06T07:00:00.000Z","housenumber":null,"road":null,"city":null,"region":null,"country":null,"netid":"E6:8D:8C:8C:85:2A","name":null,"type":"infra","comment":null,"wep":"?","channel":6,"bcninterval":0,"freenet":"?","dhcp":"?","paynet":"?","userfound":false,"encryption":"unknown"},{"trilat":14.6439313900000005475021680467762053012847900390625,"trilong":121.0610275300000040488157537765800952911376953125,"ssid":"PCSO","qos":0,"transid":"20161206-00000","firsttime":"2016-12-04T20:00:00.000Z","lasttime":"2016-12-06T07:00:00.000Z","lastupdt":"2016-12-06T07:00:00.000Z","housenumber":null,"road":null,"city":null,"region":null,"country":null,"netid":"E6:8D:8C:8C:85:2B","name":null,"type":"infra","comment":null,"wep":"?","channel":6,"bcninterval":0,"freenet":"?","dhcp":"?","paynet":"?","userfound":false,"encryption":"unknown"},{"trilat":14.64356135999999963814843795262277126312255859375,"trilong":121.061058040000006030822987668216228485107421875,"ssid":"PCSO","qos":0,"transid":"20161206-00000","firsttime":"2016-12-04T20:00:00.000Z","lasttime":"2016-12-06T07:00:00.000Z","lastupdt":"2016-12-06T07:00:00.000Z","housenumber":null,"road":null,"city":null,"region":null,"country":null,"netid":"E6:8D:8C:5A:8D:B9","name":null,"type":"infra","comment":null,"wep":"?","channel":6,"bcninterval":0,"freenet":"?","dhcp":"?","paynet":"?","userfound":false,"encryption":"unknown"},{"trilat":14.6471433599999993901974448817782104015350341796875,"trilong":121.0613098099999973555895849131047725677490234375,"ssid":"RONNIE","qos":0,"transid":"20171026-00000","firsttime":"2017-10-26T20:00:00.000Z","lasttime":"2017-10-26T06:00:00.000Z","lastupdt":"2017-10-26T06:00:00.000Z","housenumber":"60","road":"Magiting","city":"","region":"","country":"PH","netid":"98:E7:F5:90:29:EA","name":null,"type":"infra","comment":null,"wep":"2","channel":8,"bcninterval":0,"freenet":"?","dhcp":"?","paynet":"?","userfound":false,"encryption":"wpa2"},{"trilat":14.645890239999999948850017972290515899658203125,"trilong":121.0605773900000059484227676875889301300048828125,"ssid":"AndroidAP","qos":0,"transid":"20150726-00000","firsttime":"2015-02-25T20:00:00.000Z","lasttime":"2015-07-26T00:00:00.000Z","lastupdt":"2015-07-26T00:00:00.000Z","housenumber":null,"road":null,"city":null,"region":null,"country":null,"netid":"98:F1:70:1A:6A:6A","name":null,"type":"infra","comment":null,"wep":"2","channel":11,"bcninterval":0,"freenet":"?","dhcp":"?","paynet":"?","userfound":false,"encryption":"wpa2"},{"trilat":14.6466808299999993181472746073268353939056396484375,"trilong":121.0583725000000043792169890366494655609130859375,"ssid":"SKYbroadband7B2C_EXT","qos":1,"transid":"20170609-00000","firsttime":"2017-06-03T18:00:00.000Z","lasttime":"2017-07-29T13:00:00.000Z","lastupdt":"2017-07-29T13:00:00.000Z","housenumber":"85","road":"Maginhawa","city":"","region":"","country":"PH","netid":"A4:2B:B0:C1:4E:B5","name":null,"type":"infra","comment":null,"wep":"2","channel":11,"bcninterval":0,"freenet":"?","dhcp":"?","paynet":"?","userfound":false,"encryption":"wpa2"},{"trilat":14.646779060000000072250259108841419219970703125,"trilong":121.05834960999999339037458412349224090576171875,"ssid":"staph me","qos":1,"transid":"20170609-00000","firsttime":"2017-06-03T18:00:00.000Z","lasttime":"2017-07-29T13:00:00.000Z","lastupdt":"2017-07-29T13:00:00.000Z","housenumber":"83","road":"Maginhawa","city":"","region":"","country":"PH","netid":"DC:EE:06:C0:1E:1C","name":null,"type":"infra","comment":null,"wep":"2","channel":7,"bcninterval":0,"freenet":"?","dhcp":"?","paynet":"?","userfound":false,"encryption":"wpa2"},{"trilat":14.6465511300000006400523488991893827915191650390625,"trilong":121.058410640000005287220119498670101165771484375,"ssid":"wifiqtoh","qos":0,"transid":"20170609-00000","firsttime":"2017-06-03T18:00:00.000Z","lasttime":"2017-06-09T05:00:00.000Z","lastupdt":"2017-06-09T05:00:00.000Z","housenumber":null,"road":null,"city":null,"region":null,"country":null,"netid":"DC:EE:06:CF:7D:5C","name":null,"type":"infra","comment":null,"wep":"2","channel":8,"bcninterval":0,"freenet":"?","dhcp":"?","paynet":"?","userfound":false,"encryption":"wpa2"},{"trilat":14.646112439999999565998223260976374149322509765625,"trilong":121.0608215299999983471934683620929718017578125,"ssid":"Dx","qos":0,"transid":"20130408-00000","firsttime":"2013-04-06T21:00:00.000Z","lasttime":"2013-04-08T10:00:00.000Z","lastupdt":"2013-04-08T08:00:00.000Z","housenumber":null,"road":null,"city":null,"region":"Metro Manila","country":"PH","netid":"7E:95:AE:DB:B9:80","name":null,"type":"infra","comment":null,"wep":"2","channel":1,"bcninterval":0,"freenet":"?","dhcp":"?","paynet":"?","userfound":false,"encryption":"wpa2"},{"trilat":14.646801950000000402951627620495855808258056640625,"trilong":121.059455869999993637975421734154224395751953125,"ssid":"Fuck","qos":0,"transid":"20150726-00000","firsttime":"2015-02-27T18:00:00.000Z","lasttime":"2015-07-26T00:00:00.000Z","lastupdt":"2015-07-26T00:00:00.000Z","housenumber":null,"road":null,"city":null,"region":null,"country":null,"netid":"7E:95:AE:1C:BD:57","name":null,"type":"infra","comment":null,"wep":"2","channel":1,"bcninterval":0,"freenet":"?","dhcp":"?","paynet":"?","userfound":false,"encryption":"wpa2"},{"trilat":14.6468448599999998549492374877445399761199951171875,"trilong":121.0580444299999953727819956839084625244140625,"ssid":"withaphurr","qos":0,"transid":"20130831-00000","firsttime":"2013-08-31T19:00:00.000Z","lasttime":"2013-08-31T17:00:00.000Z","lastupdt":"2013-08-31T15:00:00.000Z","housenumber":null,"road":null,"city":null,"region":"Metro Manila","country":"PH","netid":"80:22:75:C5:C6:CD","name":null,"type":"infra","comment":null,"wep":"2","channel":1,"bcninterval":0,"freenet":"?","dhcp":"?","paynet":"?","userfound":false,"encryption":"wpa2"},{"trilat":14.6415796300000007335029295063577592372894287109375,"trilong":121.05999755999999933919752947986125946044921875,"ssid":"kire807cba","qos":0,"transid":"20131130-00000","firsttime":"2013-11-30T13:00:00.000Z","lasttime":"2013-11-30T01:00:00.000Z","lastupdt":"2013-11-29T23:00:00.000Z","housenumber":null,"road":null,"city":null,"region":"Metro Manila","country":"PH","netid":"80:1F:02:80:7C:BA","name":null,"type":"infra","comment":null,"wep":"2","channel":9,"bcninterval":0,"freenet":"?","dhcp":"?","paynet":"?","userfound":false,"encryption":"wpa2"},{"trilat":14.6460561800000004240018824930302798748016357421875,"trilong":121.060264590000002726810635067522525787353515625,"ssid":null,"qos":2,"transid":"20170609-00000","firsttime":"2017-06-03T18:00:00.000Z","lasttime":"2017-07-29T13:00:00.000Z","lastupdt":"2017-07-29T13:00:00.000Z","housenumber":"","road":"Maginhawa","city":"","region":"","country":"PH","netid":"AC:86:74:4A:09:53","name":null,"type":"infra","comment":null,"wep":"2","channel":5,"bcninterval":0,"freenet":"?","dhcp":"?","paynet":"?","userfound":false,"encryption":"wpa2"},{"trilat":14.64499378000000007205017027445137500762939453125,"trilong":121.0610504200000008268034434877336025238037109375,"ssid":"BHJn-YWdwYW9hYW5nZWxvOQ","qos":0,"transid":"20170729-00000","firsttime":"2017-07-16T19:00:00.000Z","lasttime":"2017-07-29T13:00:00.000Z","lastupdt":"2017-07-29T13:00:00.000Z","housenumber":"","road":"Maginhawa","city":"","region":"","country":"PH","netid":"DC:6D:CD:D6:72:B5","name":null,"type":"infra","comment":null,"wep":"?","channel":6,"bcninterval":0,"freenet":"?","dhcp":"?","paynet":"?","userfound":false,"encryption":"unknown"},{"trilat":14.645541189999999431847754749469459056854248046875,"trilong":121.058197019999994381578289903700351715087890625,"ssid":"JamesLTE","qos":4,"transid":"20150120-00000","firsttime":"2015-01-11T19:00:00.000Z","lasttime":"2015-02-16T06:00:00.000Z","lastupdt":"2015-07-26T00:00:00.000Z","housenumber":null,"road":null,"city":null,"region":null,"country":null,"netid":"D2:2D:B3:17:9B:AC","name":null,"type":"infra","comment":null,"wep":"2","channel":3,"bcninterval":0,"freenet":"?","dhcp":"?","paynet":"?","userfound":false,"encryption":"wpa2"},{"trilat":14.6466131199999995970983945881016552448272705078125,"trilong":121.058181759999996529586496762931346893310546875,"ssid":null,"qos":0,"transid":"20160907-00000","firsttime":"2016-09-03T21:00:00.000Z","lasttime":"2016-09-07T19:00:00.000Z","lastupdt":"2016-09-07T19:00:00.000Z","housenumber":null,"road":null,"city":null,"region":null,"country":null,"netid":"D2:5B:A8:2B:7F:30","name":null,"type":"infra","comment":null,"wep":"2","channel":6,"bcninterval":0,"freenet":"?","dhcp":"?","paynet":"?","userfound":false,"encryption":"wpa2"},{"trilat":14.646466260000000403351805289275944232940673828125,"trilong":121.0586776699999944639785098843276500701904296875,"ssid":"TBT","qos":1,"transid":"20160604-00000","firsttime":"2016-05-27T19:00:00.000Z","lasttime":"2017-06-09T05:00:00.000Z","lastupdt":"2017-06-09T05:00:00.000Z","housenumber":null,"road":null,"city":null,"region":null,"country":null,"netid":"D2:5B:A8:9B:6C:06","name":null,"type":"infra","comment":null,"wep":"2","channel":10,"bcninterval":0,"freenet":"?","dhcp":"?","paynet":"?","userfound":false,"encryption":"wpa2"},{"trilat":14.6454563100000001441003405489027500152587890625,"trilong":121.0609054600000007440030458383262157440185546875,"ssid":"Maricar","qos":0,"transid":"20170609-00000","firsttime":"2017-06-03T18:00:00.000Z","lasttime":"2017-06-09T05:00:00.000Z","lastupdt":"2017-06-09T05:00:00.000Z","housenumber":null,"road":null,"city":null,"region":null,"country":null,"netid":"D2:5B:A8:9B:8D:02","name":null,"type":"infra","comment":null,"wep":"2","channel":13,"bcninterval":0,"freenet":"?","dhcp":"?","paynet":"?","userfound":false,"encryption":"wpa2"},{"trilat":14.6464462300000004546518539427779614925384521484375,"trilong":121.0591049199999957863838062621653079986572265625,"ssid":"Lenovo A536","qos":0,"transid":"20150120-00000","firsttime":"2015-01-11T20:00:00.000Z","lasttime":"2015-01-21T20:00:00.000Z","lastupdt":"2015-07-26T00:00:00.000Z","housenumber":null,"road":null,"city":null,"region":null,"country":null,"netid":"AE:38:70:9B:77:E7","name":null,"type":"infra","comment":null,"wep":"2","channel":6,"bcninterval":0,"freenet":"?","dhcp":"?","paynet":"?","userfound":false,"encryption":"wpa2"},{"trilat":14.64606380000000029895090847276151180267333984375,"trilong":121.0612411500000007436028681695461273193359375,"ssid":"Not_for_Free","qos":0,"transid":"20160227-00000","firsttime":"2016-02-27T20:00:00.000Z","lasttime":"2016-02-27T07:00:00.000Z","lastupdt":"2016-02-27T07:00:00.000Z","housenumber":null,"road":null,"city":null,"region":null,"country":null,"netid":"D2:5B:A8:F8:D2:FB","name":null,"type":"infra","comment":null,"wep":"2","channel":1,"bcninterval":0,"freenet":"?","dhcp":"?","paynet":"?","userfound":false,"encryption":"wpa2"},{"trilat":14.6464967700000006090021997806616127490997314453125,"trilong":121.059455869999993637975421734154224395751953125,"ssid":"HERRERA","qos":2,"transid":"20140817-00000","firsttime":"2014-08-14T23:00:00.000Z","lasttime":"2015-01-04T21:00:00.000Z","lastupdt":"2015-07-26T00:00:00.000Z","housenumber":null,"road":null,"city":null,"region":null,"country":null,"netid":"D0:2D:B3:0B:33:05","name":null,"type":"infra","comment":null,"wep":"2","channel":11,"bcninterval":0,"freenet":"?","dhcp":"?","paynet":"?","userfound":false,"encryption":"wpa2"},{"trilat":14.645668029999999504298102692700922489166259765625,"trilong":121.0603637699999950427809380926191806793212890625,"ssid":"Pretty Fly For A Wifi","qos":1,"transid":"20150120-00000","firsttime":"2015-01-10T18:00:00.000Z","lasttime":"2015-01-21T20:00:00.000Z","lastupdt":"2015-07-26T00:00:00.000Z","housenumber":null,"road":null,"city":null,"region":null,"country":null,"netid":"92:5F:2E:4C:7B:77","name":null,"type":"infra","comment":null,"wep":"W","channel":1,"bcninterval":0,"freenet":"?","dhcp":"?","paynet":"?","userfound":false,"encryption":"wpa"},{"trilat":14.6465368300000005064021024736575782299041748046875,"trilong":121.058555600000005370020517148077487945556640625,"ssid":"PLDTHOMEDSL7M7R0","qos":2,"transid":"20170303-00000","firsttime":"2017-03-03T19:00:00.000Z","lasttime":"2017-07-29T13:00:00.000Z","lastupdt":"2017-07-29T13:00:00.000Z","housenumber":"88","road":"Maginhawa","city":"","region":"","country":"PH","netid":"94:46:96:17:00:3D","name":null,"type":"infra","comment":null,"wep":"2","channel":4,"bcninterval":0,"freenet":"?","dhcp":"?","paynet":"?","userfound":false,"encryption":"wpa2"},{"trilat":14.6423950200000003718514562933705747127532958984375,"trilong":121.0604324300000058656223700381815433502197265625,"ssid":"OS NETWORK 2.4GHZ","qos":6,"transid":"20161129-00000","firsttime":"2016-11-28T12:00:00.000Z","lasttime":"2017-08-06T22:00:00.000Z","lastupdt":"2017-08-06T22:00:00.000Z","housenumber":"86","road":"Matimtiman","city":"","region":"","country":"PH","netid":"A4:2B:B0:D9:12:24","name":null,"type":"infra","comment":null,"wep":"2","channel":5,"bcninterval":0,"freenet":"?","dhcp":"?","paynet":"?","userfound":false,"encryption":"wpa2"},{"trilat":14.646809579999999328947524190880358219146728515625,"trilong":121.05815886999999975159880705177783966064453125,"ssid":"Guest","qos":0,"transid":"20130810-00000","firsttime":"2013-08-07T21:00:00.000Z","lasttime":"2013-08-10T02:00:00.000Z","lastupdt":"2013-08-10T00:00:00.000Z","housenumber":null,"road":null,"city":null,"region":"Metro Manila","country":"PH","netid":"82:D1:A9:0D:A6:C0","name":null,"type":"infra","comment":null,"wep":"2","channel":9,"bcninterval":0,"freenet":"?","dhcp":"?","paynet":"?","userfound":false,"encryption":"wpa2"},{"trilat":14.64667988000000065085259848274290561676025390625,"trilong":121.05886841000000231360900215804576873779296875,"ssid":"juls pogi","qos":0,"transid":"20130621-00000","firsttime":"2013-06-02T19:00:00.000Z","lasttime":"2013-06-21T06:00:00.000Z","lastupdt":"2013-06-21T04:00:00.000Z","housenumber":null,"road":null,"city":null,"region":"Metro Manila","country":"PH","netid":"82:CF:41:24:D1:E2","name":null,"type":"infra","comment":null,"wep":"2","channel":11,"bcninterval":0,"freenet":"?","dhcp":"?","paynet":"?","userfound":false,"encryption":"wpa2"},{"trilat":14.642495159999999287947503034956753253936767578125,"trilong":121.0600738499999948771801427938044071197509765625,"ssid":"corega","qos":1,"transid":"20130309-00000","firsttime":"2013-03-09T20:00:00.000Z","lasttime":"2013-11-30T01:00:00.000Z","lastupdt":"2013-11-29T23:00:00.000Z","housenumber":null,"road":null,"city":null,"region":"Metro Manila","country":"PH","netid":"00:0A:79:AA:B8:D3","name":null,"type":"infra","comment":null,"wep":"Y","channel":6,"bcninterval":0,"freenet":"?","dhcp":"?","paynet":"?","userfound":false,"encryption":"wep"},{"trilat":14.646129609999999132696757442317903041839599609375,"trilong":121.0602188099999949599805404432117938995361328125,"ssid":"Pickld 2.0","qos":5,"transid":"20130222-00000","firsttime":"2013-02-22T22:00:00.000Z","lasttime":"2016-06-04T16:00:00.000Z","lastupdt":"2016-06-04T16:00:00.000Z","housenumber":null,"road":null,"city":null,"region":"Metro Manila","country":"PH","netid":"00:08:A1:CB:D9:C9","name":null,"type":"infra","comment":null,"wep":"2","channel":6,"bcninterval":0,"freenet":"?","dhcp":"?","paynet":"?","userfound":false,"encryption":"wpa2"},{"trilat":14.6472015399999992979473972809500992298126220703125,"trilong":121.0600738499999948771801427938044071197509765625,"ssid":"Smart Bro_F385FB","qos":2,"transid":"20140817-00000","firsttime":"2014-08-14T23:00:00.000Z","lasttime":"2015-02-16T06:00:00.000Z","lastupdt":"2015-07-26T00:00:00.000Z","housenumber":null,"road":null,"city":null,"region":null,"country":null,"netid":"A2:EC:80:F3:85:FB","name":null,"type":"infra","comment":null,"wep":"2","channel":7,"bcninterval":0,"freenet":"?","dhcp":"?","paynet":"?","userfound":false,"encryption":"wpa2"},{"trilat":14.64711379999999962819856591522693634033203125,"trilong":121.057518009999995456382748670876026153564453125,"ssid":"Smart Bro_F39423","qos":0,"transid":"20160907-00000","firsttime":"2016-09-03T21:00:00.000Z","lasttime":"2016-09-07T19:00:00.000Z","lastupdt":"2016-09-07T19:00:00.000Z","housenumber":null,"road":null,"city":null,"region":null,"country":null,"netid":"A2:EC:80:F3:94:23","name":null,"type":"infra","comment":null,"wep":"2","channel":1,"bcninterval":0,"freenet":"?","dhcp":"?","paynet":"?","userfound":false,"encryption":"wpa2"},{"trilat":14.646226880000000392101355828344821929931640625,"trilong":121.0596084600000068576264311559498310089111328125,"ssid":"Smart Bro04","qos":0,"transid":"20150216-00000","firsttime":"2015-02-09T17:00:00.000Z","lasttime":"2015-02-16T06:00:00.000Z","lastupdt":"2015-07-26T00:00:00.000Z","housenumber":null,"road":null,"city":null,"region":null,"country":null,"netid":"A2:EC:80:F3:C3:EC","name":null,"type":"infra","comment":null,"wep":"2","channel":1,"bcninterval":0,"freenet":"?","dhcp":"?","paynet":"?","userfound":false,"encryption":"wpa2"},{"trilat":14.6467227900000001028502083499915897846221923828125,"trilong":121.0591430700000046272180043160915374755859375,"ssid":"myDestiny","qos":0,"transid":"20150726-00000","firsttime":"2015-07-25T23:00:00.000Z","lasttime":"2015-07-26T00:00:00.000Z","lastupdt":"2015-07-26T00:00:00.000Z","housenumber":null,"road":null,"city":null,"region":null,"country":null,"netid":"AA:A6:68:D4:C4:DD","name":null,"type":"infra","comment":null,"wep":"2","channel":7,"bcninterval":0,"freenet":"?","dhcp":"?","paynet":"?","userfound":false,"encryption":"wpa2"},{"trilat":14.6449461000000002997012416017241775989532470703125,"trilong":121.0610275300000040488157537765800952911376953125,"ssid":"Epic Me","qos":0,"transid":"20170729-00000","firsttime":"2017-07-16T19:00:00.000Z","lasttime":"2017-07-29T13:00:00.000Z","lastupdt":"2017-07-29T13:00:00.000Z","housenumber":"","road":"Maginhawa","city":"","region":"","country":"PH","netid":"AA:A6:68:B4:AF:6D","name":null,"type":"infra","comment":null,"wep":"2","channel":1,"bcninterval":0,"freenet":"?","dhcp":"?","paynet":"?","userfound":false,"encryption":"wpa2"},{"trilat":14.6467132600000002895512807299382984638214111328125,"trilong":121.05883789000000660962541587650775909423828125,"ssid":"INLAYO","qos":0,"transid":"20160509-00000","firsttime":"2001-01-01T08:00:00.000Z","lasttime":"2016-05-09T03:00:00.000Z","lastupdt":"2016-05-09T03:00:00.000Z","housenumber":null,"road":null,"city":null,"region":null,"country":null,"netid":"AA:A6:68:B4:F2:F0","name":null,"type":"infra","comment":null,"wep":"2","channel":1,"bcninterval":0,"freenet":"?","dhcp":"?","paynet":"?","userfound":false,"encryption":"wpa2"},{"trilat":14.6466531799999994944982972810976207256317138671875,"trilong":121.058296200000000908403308130800724029541015625,"ssid":"pocketwifiplus","qos":0,"transid":"20160604-00000","firsttime":"2016-05-27T19:00:00.000Z","lasttime":"2016-06-04T16:00:00.000Z","lastupdt":"2016-06-04T16:00:00.000Z","housenumber":null,"road":null,"city":null,"region":null,"country":null,"netid":"AA:A6:68:A6:02:0F","name":null,"type":"infra","comment":null,"wep":"2","channel":6,"bcninterval":0,"freenet":"?","dhcp":"?","paynet":"?","userfound":false,"encryption":"wpa2"},{"trilat":14.6468038600000003413015292608179152011871337890625,"trilong":121.061294559999993225574144162237644195556640625,"ssid":"Smart Bro_21CD5C","qos":1,"transid":"20150808-00000","firsttime":"2015-08-07T22:00:00.000Z","lasttime":"2015-09-16T09:00:00.000Z","lastupdt":"2015-09-16T09:00:00.000Z","housenumber":null,"road":null,"city":null,"region":null,"country":null,"netid":"AA:A6:68:21:CD:5C","name":null,"type":"infra","comment":null,"wep":"2","channel":1,"bcninterval":0,"freenet":"?","dhcp":"?","paynet":"?","userfound":false,"encryption":"wpa2"},{"trilat":14.646712300000000794852894614450633525848388671875,"trilong":121.061264039999997521590557880699634552001953125,"ssid":"SMART-BRO-854A","qos":5,"transid":"20140929-00000","firsttime":"2014-09-29T18:00:00.000Z","lasttime":"2015-07-26T00:00:00.000Z","lastupdt":"2015-07-26T00:00:00.000Z","housenumber":null,"road":null,"city":null,"region":null,"country":null,"netid":"9C:C1:72:D1:85:4A","name":null,"type":"infra","comment":null,"wep":"2","channel":7,"bcninterval":0,"freenet":"?","dhcp":"?","paynet":"?","userfound":false,"encryption":"wpa2"},{"trilat":14.645297049999999927649696473963558673858642578125,"trilong":121.0608902000000028920112526975572109222412109375,"ssid":"ASAN NA KAIBIGAN KO","qos":0,"transid":"20150726-00000","firsttime":"2015-02-25T20:00:00.000Z","lasttime":"2015-07-26T00:00:00.000Z","lastupdt":"2015-07-26T00:00:00.000Z","housenumber":null,"road":null,"city":null,"region":null,"country":null,"netid":"9C:C1:72:D1:8F:E0","name":null,"type":"infra","comment":null,"wep":"2","channel":1,"bcninterval":0,"freenet":"?","dhcp":"?","paynet":"?","userfound":false,"encryption":"wpa2"},{"trilat":14.6468181600000004749517756863497197628021240234375,"trilong":121.06099700999999413397745229303836822509765625,"ssid":"SPINNR Connection","qos":0,"transid":"20150916-00000","firsttime":"2015-09-04T19:00:00.000Z","lasttime":"2015-09-16T09:00:00.000Z","lastupdt":"2015-09-16T09:00:00.000Z","housenumber":null,"road":null,"city":null,"region":null,"country":null,"netid":"AA:A6:68:68:B0:9B","name":null,"type":"infra","comment":null,"wep":"2","channel":1,"bcninterval":0,"freenet":"?","dhcp":"?","paynet":"?","userfound":false,"encryption":"wpa2"},{"trilat":14.64616299000000054775227908976376056671142578125,"trilong":121.06096648999999842999386601150035858154296875,"ssid":"sidmhar_24","qos":0,"transid":"20150726-00000","firsttime":"2015-02-25T20:00:00.000Z","lasttime":"2015-07-26T00:00:00.000Z","lastupdt":"2015-07-26T00:00:00.000Z","housenumber":null,"road":null,"city":null,"region":null,"country":null,"netid":"AA:A6:68:6E:B6:D1","name":null,"type":"infra","comment":null,"wep":"2","channel":11,"bcninterval":0,"freenet":"?","dhcp":"?","paynet":"?","userfound":false,"encryption":"wpa2"},{"trilat":14.645923610000000536501829628832638263702392578125,"trilong":121.0606307999999984303940436802804470062255859375,"ssid":"bawal mag-connect","qos":0,"transid":"20150812-00000","firsttime":"2015-08-12T21:00:00.000Z","lasttime":"2015-08-12T07:00:00.000Z","lastupdt":"2015-08-12T07:00:00.000Z","housenumber":null,"road":null,"city":null,"region":null,"country":null,"netid":"AA:A6:68:7A:7D:43","name":null,"type":"infra","comment":null,"wep":"2","channel":13,"bcninterval":0,"freenet":"?","dhcp":"?","paynet":"?","userfound":false,"encryption":"wpa2"},{"trilat":14.646806720000000723302946425974369049072265625,"trilong":121.0593872099999970259887049905955791473388671875,"ssid":"apolpielovesyou","qos":0,"transid":"20160907-00000","firsttime":"2016-09-03T21:00:00.000Z","lasttime":"2016-09-07T19:00:00.000Z","lastupdt":"2016-09-07T19:00:00.000Z","housenumber":null,"road":null,"city":null,"region":null,"country":null,"netid":"AA:A6:68:7C:B1:45","name":null,"type":"infra","comment":null,"wep":"2","channel":13,"bcninterval":0,"freenet":"?","dhcp":"?","paynet":"?","userfound":false,"encryption":"wpa2"},{"trilat":14.64671612000000067155269789509475231170654296875,"trilong":121.060020449999996117185219191014766693115234375,"ssid":"Brad","qos":4,"transid":"20150104-00000","firsttime":"2015-01-04T19:00:00.000Z","lasttime":"2015-02-16T06:00:00.000Z","lastupdt":"2015-07-26T00:00:00.000Z","housenumber":null,"road":null,"city":null,"region":null,"country":null,"netid":"9C:A9:E4:9A:F3:A6","name":null,"type":"infra","comment":null,"wep":"2","channel":6,"bcninterval":0,"freenet":"?","dhcp":"?","paynet":"?","userfound":false,"encryption":"wpa2"},{"trilat":14.6465454099999998760495145688764750957489013671875,"trilong":121.05902863000000024840119294822216033935546875,"ssid":"HUAWEI-E5330-E585","qos":0,"transid":"20150216-00000","firsttime":"2015-02-10T21:00:00.000Z","lasttime":"2015-02-16T06:00:00.000Z","lastupdt":"2015-07-26T00:00:00.000Z","housenumber":null,"road":null,"city":null,"region":null,"country":null,"netid":"84:DB:AC:7A:E5:85","name":null,"type":"infra","comment":null,"wep":"2","channel":1,"bcninterval":0,"freenet":"?","dhcp":"?","paynet":"?","userfound":false,"encryption":"wpa2"},{"trilat":14.6462688399999994004474501707591116428375244140625,"trilong":121.0596923800000013216049410402774810791015625,"ssid":"wifidental","qos":0,"transid":"20170715-00000","firsttime":"2017-07-15T16:00:00.000Z","lasttime":"2017-07-15T01:00:00.000Z","lastupdt":"2017-07-15T01:00:00.000Z","housenumber":"","road":"Maginhawa","city":"","region":"","country":"PH","netid":"84:9F:B5:3E:81:8C","name":null,"type":"infra","comment":null,"wep":"2","channel":2,"bcninterval":0,"freenet":"?","dhcp":"?","paynet":"?","userfound":false,"encryption":"wpa2"},{"trilat":14.646730420000000805202944320626556873321533203125,"trilong":121.0589675899999946295793051831424236297607421875,"ssid":"Mark Lui's iPhone","qos":0,"transid":"20150104-00000","firsttime":"2015-01-04T19:00:00.000Z","lasttime":"2015-01-04T21:00:00.000Z","lastupdt":"2015-07-26T00:00:00.000Z","housenumber":null,"road":null,"city":null,"region":null,"country":null,"netid":"AA:63:DF:41:32:E7","name":null,"type":"infra","comment":null,"wep":"2","channel":6,"bcninterval":0,"freenet":"?","dhcp":"?","paynet":"?","userfound":false,"encryption":"wpa2"},{"trilat":14.6468496300000001753005562932230532169342041015625,"trilong":121.06121063000000503961928188800811767578125,"ssid":"Smart Bro","qos":0,"transid":"20150726-00000","firsttime":"2015-02-27T18:00:00.000Z","lasttime":"2015-07-26T00:00:00.000Z","lastupdt":"2015-07-26T00:00:00.000Z","housenumber":null,"road":null,"city":null,"region":null,"country":null,"netid":"AA:A6:68:2C:F8:18","name":null,"type":"infra","comment":null,"wep":"2","channel":13,"bcninterval":0,"freenet":"?","dhcp":"?","paynet":"?","userfound":false,"encryption":"wpa2"},{"trilat":14.64682484000000073365299613215029239654541015625,"trilong":121.0609130899999996699989424087107181549072265625,"ssid":"pothead","qos":0,"transid":"20150120-00000","firsttime":"2015-01-16T23:00:00.000Z","lasttime":"2015-01-21T20:00:00.000Z","lastupdt":"2015-07-26T00:00:00.000Z","housenumber":null,"road":null,"city":null,"region":null,"country":null,"netid":"AA:A6:68:51:87:83","name":null,"type":"infra","comment":null,"wep":"2","channel":13,"bcninterval":0,"freenet":"?","dhcp":"?","paynet":"?","userfound":false,"encryption":"wpa2"},{"trilat":14.6464500399999995039479472325183451175689697265625,"trilong":121.058860780000003387613105587661266326904296875,"ssid":"Xperia Z3_886d","qos":0,"transid":"20160907-00000","firsttime":"2016-09-03T21:00:00.000Z","lasttime":"2016-09-07T19:00:00.000Z","lastupdt":"2016-09-07T19:00:00.000Z","housenumber":null,"road":null,"city":null,"region":null,"country":null,"netid":"84:8E:DF:6F:BB:48","name":null,"type":"infra","comment":null,"wep":"2","channel":1,"bcninterval":0,"freenet":"?","dhcp":"?","paynet":"?","userfound":false,"encryption":"wpa2"},{"trilat":14.6432189899999993798473951756022870540618896484375,"trilong":121.0579223600000062788240029476583003997802734375,"ssid":"ASA KA PA!","qos":0,"transid":"20130309-00000","firsttime":"2013-03-09T20:00:00.000Z","lasttime":"2013-03-11T16:00:00.000Z","lastupdt":"2013-03-11T14:00:00.000Z","housenumber":null,"road":null,"city":null,"region":"Metro Manila","country":"PH","netid":"00:02:2A:EE:D3:EA","name":null,"type":"infra","comment":null,"wep":"2","channel":11,"bcninterval":0,"freenet":"?","dhcp":"?","paynet":"?","userfound":false,"encryption":"wpa2"},{"trilat":14.645858759999999421097527374513447284698486328125,"trilong":121.0610504200000008268034434877336025238037109375,"ssid":"AndroidAP","qos":0,"transid":"20150812-00000","firsttime":"2015-08-12T21:00:00.000Z","lasttime":"2015-08-12T07:00:00.000Z","lastupdt":"2015-08-12T07:00:00.000Z","housenumber":null,"road":null,"city":null,"region":null,"country":null,"netid":"A8:9F:BA:E7:33:0A","name":null,"type":"infra","comment":null,"wep":"2","channel":1,"bcninterval":0,"freenet":"?","dhcp":"?","paynet":"?","userfound":false,"encryption":"wpa2"},{"trilat":14.6458787899999993697974787210114300251007080078125,"trilong":121.0603027300000036348137655295431613922119140625,"ssid":"SMART-BRO-8340","qos":0,"transid":"20150726-00000","firsttime":"2015-02-25T20:00:00.000Z","lasttime":"2015-07-26T00:00:00.000Z","lastupdt":"2015-07-26T00:00:00.000Z","housenumber":null,"road":null,"city":null,"region":null,"country":null,"netid":"E8:CD:2D:24:83:40","name":null,"type":"infra","comment":null,"wep":"2","channel":10,"bcninterval":0,"freenet":"?","dhcp":"?","paynet":"?","userfound":false,"encryption":"wpa2"},{"trilat":14.6451997800000004446019374881871044635772705078125,"trilong":121.058494569999993473174981772899627685546875,"ssid":"KAYE-PC_Network","qos":1,"transid":"20130309-00000","firsttime":"2001-01-01T08:00:00.000Z","lasttime":"2013-03-24T04:00:00.000Z","lastupdt":"2013-03-24T02:00:00.000Z","housenumber":null,"road":null,"city":null,"region":"Metro Manila","country":"PH","netid":"74:EA:3A:F5:96:06","name":null,"type":"infra","comment":null,"wep":"Y","channel":4,"bcninterval":0,"freenet":"?","dhcp":"?","paynet":"?","userfound":false,"encryption":"wep"},{"trilat":14.646784780000000836253093439154326915740966796875,"trilong":121.0582046499999933075741864740848541259765625,"ssid":"dlink-2C7E","qos":0,"transid":"20170729-00000","firsttime":"2017-07-16T19:00:00.000Z","lasttime":"2017-07-29T13:00:00.000Z","lastupdt":"2017-07-29T13:00:00.000Z","housenumber":"81","road":"Maginhawa","city":"","region":"","country":"PH","netid":"B0:C5:54:2E:2C:7E","name":null,"type":"infra","comment":null,"wep":"?","channel":11,"bcninterval":0,"freenet":"?","dhcp":"?","paynet":"?","userfound":false,"encryption":"unknown"},{"trilat":14.64672374999999959754859446547925472259521484375,"trilong":121.05815886999999975159880705177783966064453125,"ssid":"Lorenzo","qos":0,"transid":"20150726-00000","firsttime":"2015-07-25T23:00:00.000Z","lasttime":"2015-07-26T00:00:00.000Z","lastupdt":"2015-07-26T00:00:00.000Z","housenumber":null,"road":null,"city":null,"region":null,"country":null,"netid":"76:72:4F:6B:22:83","name":null,"type":"infra","comment":null,"wep":"2","channel":1,"bcninterval":0,"freenet":"?","dhcp":"?","paynet":"?","userfound":false,"encryption":"wpa2"},{"trilat":14.643003459999999193996700341813266277313232421875,"trilong":121.06099700999999413397745229303836822509765625,"ssid":"BillyGaga","qos":1,"transid":"20130322-00000","firsttime":"2013-03-23T10:00:00.000Z","lasttime":"2013-04-14T06:00:00.000Z","lastupdt":"2013-04-14T04:00:00.000Z","housenumber":null,"road":null,"city":null,"region":"Metro Manila","country":"PH","netid":"74:EA:3A:E6:13:F8","name":null,"type":"infra","comment":null,"wep":"2","channel":2,"bcninterval":0,"freenet":"?","dhcp":"?","paynet":"?","userfound":false,"encryption":"wpa2"},{"trilat":14.6466407800000002481510819052346050739288330078125,"trilong":121.0583038299999998343992047011852264404296875,"ssid":"Elenita","qos":5,"transid":"20140422-00000","firsttime":"2014-04-22T20:00:00.000Z","lasttime":"2016-06-04T16:00:00.000Z","lastupdt":"2016-06-04T16:00:00.000Z","housenumber":null,"road":null,"city":null,"region":null,"country":null,"netid":"A0:F3:C1:A4:4D:8A","name":null,"type":"infra","comment":null,"wep":"2","channel":1,"bcninterval":0,"freenet":"?","dhcp":"?","paynet":"?","userfound":false,"encryption":"wpa2"},{"trilat":14.6468954100000008367032933165319263935089111328125,"trilong":121.058601379999998925995896570384502410888671875,"ssid":"PLDTMyDSL","qos":5,"transid":"20130309-00000","firsttime":"2013-03-09T18:00:00.000Z","lasttime":"2015-07-26T00:00:00.000Z","lastupdt":"2015-07-26T00:00:00.000Z","housenumber":null,"road":null,"city":null,"region":"Metro Manila","country":"PH","netid":"B0:B2:DC:73:E0:94","name":null,"type":"infra","comment":null,"wep":"2","channel":11,"bcninterval":0,"freenet":"?","dhcp":"?","paynet":"?","userfound":false,"encryption":"wpa2"},{"trilat":14.642813679999999720848791184835135936737060546875,"trilong":121.059440609999995785983628593385219573974609375,"ssid":"PLDTMyDSL","qos":0,"transid":"20130309-00000","firsttime":"2013-03-09T20:00:00.000Z","lasttime":"2013-03-11T16:00:00.000Z","lastupdt":"2013-03-11T14:00:00.000Z","housenumber":null,"road":null,"city":null,"region":"Metro Manila","country":"PH","netid":"B0:B2:DC:74:9B:E0","name":null,"type":"infra","comment":null,"wep":"2","channel":11,"bcninterval":0,"freenet":"?","dhcp":"?","paynet":"?","userfound":false,"encryption":"wpa2"},{"trilat":14.643447880000000083100530900992453098297119140625,"trilong":121.0579299900000052048198995180428028106689453125,"ssid":"GuWaPoToNiO_5010","qos":0,"transid":"20130924-00000","firsttime":"2013-09-22T16:00:00.000Z","lasttime":"2013-09-24T19:00:00.000Z","lastupdt":"2013-09-24T17:00:00.000Z","housenumber":null,"road":null,"city":null,"region":"Metro Manila","country":"PH","netid":"A0:F4:19:63:2D:BF","name":null,"type":"infra","comment":null,"wep":"2","channel":11,"bcninterval":0,"freenet":"?","dhcp":"?","paynet":"?","userfound":false,"encryption":"wpa2"},{"trilat":14.64291859000000073365299613215029239654541015625,"trilong":121.0609207199999985959948389790952205657958984375,"ssid":"Bayan Wi-Fi+","qos":1,"transid":"20130324-00000","firsttime":"2013-03-23T17:00:00.000Z","lasttime":"2013-04-14T06:00:00.000Z","lastupdt":"2013-04-14T04:00:00.000Z","housenumber":null,"road":null,"city":null,"region":"Metro Manila","country":"PH","netid":"00:0B:86:F1:97:C1","name":null,"type":"infra","comment":null,"wep":"W","channel":11,"bcninterval":0,"freenet":"?","dhcp":"?","paynet":"?","userfound":false,"encryption":"wpa"},{"trilat":14.64373493000000081565303844399750232696533203125,"trilong":121.0610809300000028088106773793697357177734375,"ssid":"IMBayan","qos":5,"transid":"20130309-00000","firsttime":"2013-03-08T23:00:00.000Z","lasttime":"2013-11-30T20:00:00.000Z","lastupdt":"2013-11-30T18:00:00.000Z","housenumber":null,"road":null,"city":null,"region":"Metro Manila","country":"PH","netid":"00:0B:86:F2:FB:42","name":null,"type":"infra","comment":null,"wep":"N","channel":11,"bcninterval":0,"freenet":"?","dhcp":"?","paynet":"?","userfound":false,"encryption":"none"},{"trilat":14.642975809999999370347723015584051609039306640625,"trilong":121.06093597000000272601027972996234893798828125,"ssid":"Bayan Guest","qos":1,"transid":"20130309-00000","firsttime":"2013-03-09T20:00:00.000Z","lasttime":"2013-04-14T06:00:00.000Z","lastupdt":"2013-04-14T04:00:00.000Z","housenumber":null,"road":null,"city":null,"region":"Metro Manila","country":"PH","netid":"00:0B:86:F3:14:20","name":null,"type":"infra","comment":null,"wep":"N","channel":11,"bcninterval":0,"freenet":"?","dhcp":"?","paynet":"?","userfound":false,"encryption":"none"},{"trilat":14.6435451499999995661482898867689073085784912109375,"trilong":121.061058040000006030822987668216228485107421875,"ssid":"Bayan Guest","qos":5,"transid":"20130309-00000","firsttime":"2013-03-09T18:00:00.000Z","lasttime":"2013-11-30T20:00:00.000Z","lastupdt":"2013-11-30T18:00:00.000Z","housenumber":null,"road":null,"city":null,"region":"Metro Manila","country":"PH","netid":"00:0B:86:F3:15:20","name":null,"type":"infra","comment":null,"wep":"N","channel":11,"bcninterval":0,"freenet":"?","dhcp":"?","paynet":"?","userfound":false,"encryption":"none"},{"trilat":14.6461286499999996379983713268302381038665771484375,"trilong":121.0605163599999940515772323124110698699951171875,"ssid":"s7EDGIE","qos":0,"transid":"20170729-00000","firsttime":"2017-07-16T19:00:00.000Z","lasttime":"2017-07-29T13:00:00.000Z","lastupdt":"2017-07-29T13:00:00.000Z","housenumber":"","road":"Maginhawa","city":"","region":"","country":"PH","netid":"AE:5F:3E:FD:7D:E0","name":null,"type":"infra","comment":null,"wep":"2","channel":10,"bcninterval":0,"freenet":"?","dhcp":"?","paynet":"?","userfound":false,"encryption":"wpa2"},{"trilat":14.6462707499999993387973518110811710357666015625,"trilong":121.05967712000000346961314789950847625732421875,"ssid":"iPhone","qos":0,"transid":"20170715-00000","firsttime":"2017-07-15T16:00:00.000Z","lasttime":"2017-07-15T01:00:00.000Z","lastupdt":"2017-07-15T01:00:00.000Z","housenumber":"","road":"Maginhawa","city":"","region":"","country":"PH","netid":"AE:61:EA:ED:67:EF","name":null,"type":"infra","comment":null,"wep":"2","channel":1,"bcninterval":0,"freenet":"?","dhcp":"?","paynet":"?","userfound":false,"encryption":"wpa2"},{"trilat":14.6469154400000007854032446630299091339111328125,"trilong":121.059974670000002561209839768707752227783203125,"ssid":"DIRECT-F8-HP DeskJet 5820 series","qos":0,"transid":"20170303-00000","firsttime":"2017-03-03T19:00:00.000Z","lasttime":"2017-03-03T07:00:00.000Z","lastupdt":"2017-03-03T07:00:00.000Z","housenumber":null,"road":null,"city":null,"region":null,"country":null,"netid":"70:5A:0F:58:C6:F9","name":null,"type":"infra","comment":null,"wep":"2","channel":8,"bcninterval":0,"freenet":"?","dhcp":"?","paynet":"?","userfound":false,"encryption":"wpa2"},{"trilat":14.6464061700000005572519512497819960117340087890625,"trilong":121.0613403299999930595731711946427822113037109375,"ssid":"AndroidAP","qos":4,"transid":"20130317-00000","firsttime":"2013-03-17T19:00:00.000Z","lasttime":"2013-06-21T06:00:00.000Z","lastupdt":"2013-06-21T04:00:00.000Z","housenumber":null,"road":null,"city":null,"region":"Metro Manila","country":"PH","netid":"88:30:8A:E7:69:EC","name":null,"type":"infra","comment":null,"wep":"2","channel":6,"bcninterval":0,"freenet":"?","dhcp":"?","paynet":"?","userfound":false,"encryption":"wpa2"},{"trilat":14.64682387999999946259777061641216278076171875,"trilong":121.0579986599999955387829686515033245086669921875,"ssid":"CheQ","qos":0,"transid":"20140212-00000","firsttime":"2014-02-07T19:00:00.000Z","lasttime":"2014-02-13T15:00:00.000Z","lastupdt":"2015-07-26T00:00:00.000Z","housenumber":null,"road":null,"city":null,"region":null,"country":null,"netid":"88:32:9B:7D:42:42","name":null,"type":"infra","comment":null,"wep":"2","channel":6,"bcninterval":0,"freenet":"?","dhcp":"?","paynet":"?","userfound":false,"encryption":"wpa2"},{"trilat":14.645751000000000630052454653196036815643310546875,"trilong":121.0612411500000007436028681695461273193359375,"ssid":"ARMI_77","qos":0,"transid":"20150812-00000","firsttime":"2015-08-12T17:00:00.000Z","lasttime":"2015-08-12T07:00:00.000Z","lastupdt":"2015-08-12T07:00:00.000Z","housenumber":null,"road":null,"city":null,"region":null,"country":null,"netid":"90:5F:2E:3E:9C:4E","name":null,"type":"infra","comment":null,"wep":"2","channel":1,"bcninterval":0,"freenet":"?","dhcp":"?","paynet":"?","userfound":false,"encryption":"wpa2"},{"trilat":14.6461868299999995457483237260021269321441650390625,"trilong":121.0608902000000028920112526975572109222412109375,"ssid":"KAKAI","qos":0,"transid":"20150726-00000","firsttime":"2015-07-11T18:00:00.000Z","lasttime":"2015-07-26T00:00:00.000Z","lastupdt":"2015-07-26T00:00:00.000Z","housenumber":null,"road":null,"city":null,"region":null,"country":null,"netid":"90:5F:2E:3E:BD:BD","name":null,"type":"infra","comment":null,"wep":"2","channel":2,"bcninterval":0,"freenet":"?","dhcp":"?","paynet":"?","userfound":false,"encryption":"wpa2"},{"trilat":14.646729470000000361551428795792162418365478515625,"trilong":121.0592346199999980171924107708036899566650390625,"ssid":"Project Destiny","qos":0,"transid":"20150808-00000","firsttime":"2015-08-07T17:00:00.000Z","lasttime":"2015-08-08T09:00:00.000Z","lastupdt":"2015-08-08T09:00:00.000Z","housenumber":null,"road":null,"city":null,"region":null,"country":null,"netid":"AA:A6:68:82:D3:41","name":null,"type":"infra","comment":null,"wep":"2","channel":1,"bcninterval":0,"freenet":"?","dhcp":"?","paynet":"?","userfound":false,"encryption":"wpa2"},{"trilat":14.6460056299999994422478266642428934574127197265625,"trilong":121.0601730300000014040051610209047794342041015625,"ssid":"erP_erG","qos":0,"transid":"20140901-00000","firsttime":"2014-09-01T20:00:00.000Z","lasttime":"2014-09-01T12:00:00.000Z","lastupdt":"2015-07-26T00:00:00.000Z","housenumber":null,"road":null,"city":null,"region":null,"country":null,"netid":"CC:3A:61:9E:12:43","name":null,"type":"infra","comment":null,"wep":"2","channel":11,"bcninterval":0,"freenet":"?","dhcp":"?","paynet":"?","userfound":false,"encryption":"wpa2"},{"trilat":14.6466980000000006612026481889188289642333984375,"trilong":121.0593261700000056180215324275195598602294921875,"ssid":"AndroidAP","qos":0,"transid":"20141230-00000","firsttime":"2014-12-01T22:00:00.000Z","lasttime":"2014-12-30T04:00:00.000Z","lastupdt":"2015-07-26T00:00:00.000Z","housenumber":null,"road":null,"city":null,"region":null,"country":null,"netid":"CC:3A:61:A3:54:C1","name":null,"type":"infra","comment":null,"wep":"2","channel":11,"bcninterval":0,"freenet":"?","dhcp":"?","paynet":"?","userfound":false,"encryption":"wpa2"},{"trilat":14.647064209999999917499735602177679538726806640625,"trilong":121.0577087399999953731821733526885509490966796875,"ssid":"rvramos","qos":0,"transid":"20130918-00000","firsttime":"2013-09-17T19:00:00.000Z","lasttime":"2013-09-18T00:00:00.000Z","lastupdt":"2013-09-17T22:00:00.000Z","housenumber":null,"road":null,"city":null,"region":"Metro Manila","country":"PH","netid":"CC:3A:61:C3:D9:4F","name":null,"type":"infra","comment":null,"wep":"2","channel":6,"bcninterval":0,"freenet":"?","dhcp":"?","paynet":"?","userfound":false,"encryption":"wpa2"},{"trilat":14.6468048100000007849530447856523096561431884765625,"trilong":121.0600128199999971911893226206302642822265625,"ssid":"Dr.  Abante","qos":0,"transid":"20131106-00000","firsttime":"2013-11-02T18:00:00.000Z","lasttime":"2013-11-06T04:00:00.000Z","lastupdt":"2013-11-06T02:00:00.000Z","housenumber":null,"road":null,"city":null,"region":"Metro Manila","country":"PH","netid":"CC:3A:61:DE:3A:73","name":null,"type":"infra","comment":null,"wep":"2","channel":11,"bcninterval":0,"freenet":"?","dhcp":"?","paynet":"?","userfound":false,"encryption":"wpa2"},{"trilat":14.6457891500000005891024557058699429035186767578125,"trilong":121.0606307999999984303940436802804470062255859375,"ssid":"Need wifi?","qos":0,"transid":"20150726-00000","firsttime":"2015-02-25T20:00:00.000Z","lasttime":"2015-07-26T00:00:00.000Z","lastupdt":"2015-07-26T00:00:00.000Z","housenumber":null,"road":null,"city":null,"region":null,"country":null,"netid":"A6:3D:78:22:93:0B","name":null,"type":"infra","comment":null,"wep":"2","channel":1,"bcninterval":0,"freenet":"?","dhcp":"?","paynet":"?","userfound":false,"encryption":"wpa2"},{"trilat":14.6444749800000000305999492411501705646514892578125,"trilong":121.0611801099999951247809804044663906097412109375,"ssid":"bayanDSLWiFi_61D0","qos":5,"transid":"20150120-00000","firsttime":"2015-01-10T18:00:00.000Z","lasttime":"2015-08-12T07:00:00.000Z","lastupdt":"2015-08-12T07:00:00.000Z","housenumber":null,"road":null,"city":null,"region":null,"country":null,"netid":"A4:7E:39:AE:61:D0","name":null,"type":"infra","comment":null,"wep":"2","channel":12,"bcninterval":0,"freenet":"?","dhcp":"?","paynet":"?","userfound":false,"encryption":"wpa2"},{"trilat":14.6462144900000001968010110431350767612457275390625,"trilong":121.059585569999995868784026242792606353759765625,"ssid":"PLDTMyDSLRanin","qos":4,"transid":"20131110-00000","firsttime":"2013-11-09T19:00:00.000Z","lasttime":"2015-08-12T07:00:00.000Z","lastupdt":"2015-08-12T07:00:00.000Z","housenumber":null,"road":null,"city":null,"region":"Metro Manila","country":"PH","netid":"90:61:0C:12:09:B4","name":null,"type":"infra","comment":null,"wep":"2","channel":11,"bcninterval":0,"freenet":"?","dhcp":"?","paynet":"?","userfound":false,"encryption":"wpa2"},{"trilat":14.646048549999999721649146522395312786102294921875,"trilong":121.058166499999998677594703622162342071533203125,"ssid":"vanaquino","qos":0,"transid":"20131030-00000","firsttime":"2013-10-19T20:00:00.000Z","lasttime":"2013-10-30T05:00:00.000Z","lastupdt":"2013-10-30T03:00:00.000Z","housenumber":null,"road":null,"city":null,"region":"Metro Manila","country":"PH","netid":"90:61:0C:07:3A:6C","name":null,"type":"infra","comment":null,"wep":"2","channel":8,"bcninterval":0,"freenet":"?","dhcp":"?","paynet":"?","userfound":false,"encryption":"wpa2"},{"trilat":14.6457748399999996280484992894344031810760498046875,"trilong":121.0606613199999941343776299618184566497802734375,"ssid":"bistromercato","qos":1,"transid":"20130419-00000","firsttime":"2013-04-18T20:00:00.000Z","lasttime":"2013-04-21T03:00:00.000Z","lastupdt":"2013-04-21T01:00:00.000Z","housenumber":null,"road":null,"city":null,"region":"Metro Manila","country":"PH","netid":"90:61:0C:0D:BC:67","name":null,"type":"infra","comment":null,"wep":"2","channel":8,"bcninterval":0,"freenet":"?","dhcp":"?","paynet":"?","userfound":false,"encryption":"wpa2"},{"trilat":14.6409950299999991329968906939029693603515625,"trilong":121.058891299999999091596691869199275970458984375,"ssid":"PLDTMyDSL","qos":1,"transid":"20131030-00000","firsttime":"2013-10-21T17:00:00.000Z","lasttime":"2013-10-30T05:00:00.000Z","lastupdt":"2013-10-30T03:00:00.000Z","housenumber":null,"road":null,"city":null,"region":"Metro Manila","country":"PH","netid":"90:61:0C:10:CD:32","name":null,"type":"infra","comment":null,"wep":"2","channel":11,"bcninterval":0,"freenet":"?","dhcp":"?","paynet":"?","userfound":false,"encryption":"wpa2"},{"trilat":14.64676951999999943154762149788439273834228515625,"trilong":121.0595169099999992567973094992339611053466796875,"ssid":"Heigh Ho","qos":0,"transid":"20160604-00000","firsttime":"2016-05-27T19:00:00.000Z","lasttime":"2016-06-04T16:00:00.000Z","lastupdt":"2016-06-04T16:00:00.000Z","housenumber":null,"road":null,"city":null,"region":null,"country":null,"netid":"90:67:1C:8C:F3:0C","name":null,"type":"infra","comment":null,"wep":"2","channel":6,"bcninterval":0,"freenet":"?","dhcp":"?","paynet":"?","userfound":false,"encryption":"wpa2"}]}