{"success":true,"totalResults":690,"search_after":89952999,"first":1,"last":91,"resultCount":91,"results":[{"trilat":14.6784200699999995975986166740767657756805419921875,"trilong":121.0832138100000037184145185165107250213623046875,"ssid":"HUAWEI-E5330-41CC","qos":0,"transid":"20160505-00000","firsttime":"2016-03-23T10:00:00.000Z","lasttime":"2016-05-05T10:00:00.000Z","lastupdt":"2016-05-05T10:00:00.000Z","housenumber":null,"road":null,"city":null,"region":null,"country":null,"netid":"7C:7D:3D:7E:41:CC","name":null,"type":"infra","comment":null,"wep":"2","channel":9,"bcninterval":0,"freenet":"?","dhcp":"?","paynet":"?","userfound":false,"encryption":"wpa2"},{"trilat":14.68792629000000005135007086209952831268310546875,"trilong":121.0863800000000054524207371287047863006591796875,"ssid":"no signal","qos":0,"transid":"20160505-00000","firsttime":"2016-03-27T10:00:00.000Z","lasttime":"2016-05-05T10:00:00.000Z","lastupdt":"2016-05-05T10:00:00.000Z","housenumber":null,"road":null,"city":null,"region":null,"country":null,"netid":"50:9F:27:0C:6E:02","name":null,"type":"infra","comment":null,"wep":"2","channel":1,"bcninterval":0,"freenet":"?","dhcp":"?","paynet":"?","userfound":false,"encryption":"wpa2"},{"trilat":14.6922655100000003614013621699996292591094970703125,"trilong":121.087059019999998099592630751430988311767578125,"ssid":"jaysongutang","qos":0,"transid":"20160505-00000","firsttime":"2016-03-20T13:00:00.000Z","lasttime":"2016-05-05T10:00:00.000Z","lastupdt":"2016-05-05T10:00:00.000Z","housenumber":null,"road":null,"city":null,"region":null,"country":null,"netid":"5C:F2:86:23:06:15","name":null,"type":"infra","comment":null,"wep":"2","channel":6,"bcninterval":0,"freenet":"?","dhcp":"?","paynet":"?","userfound":false,"encryption":"wpa2"},{"trilat":14.6767616299999996698488757829181849956512451171875,"trilong":121.07465363000000024840119294822216033935546875,"ssid":"voice","qos":0,"transid":"20130810-00000","firsttime":"2001-01-01T08:00:00.000Z","lasttime":"2013-08-10T02:00:00.000Z","lastupdt":"2013-08-10T00:00:00.000Z","housenumber":null,"road":null,"city":null,"region":"Metro Manila","country":"PH","netid":"44:AD:D9:70:DD:93","name":null,"type":"infra","comment":null,"wep":"2","channel":11,"bcninterval":0,"freenet":"?","dhcp":"?","paynet":"?","userfound":false,"encryption":"wpa2"},{"trilat":14.67616272000000066100255935452878475189208984375,"trilong":121.0740890499999977691913954913616180419921875,"ssid":"PROGRAMMERS","qos":0,"transid":"20130810-00000","firsttime":"2001-01-01T08:00:00.000Z","lasttime":"2013-08-10T02:00:00.000Z","lastupdt":"2013-08-10T00:00:00.000Z","housenumber":null,"road":null,"city":null,"region":"Metro Manila","country":"PH","netid":"44:AD:D9:71:3D:B4","name":null,"type":"infra","comment":null,"wep":"2","channel":11,"bcninterval":0,"freenet":"?","dhcp":"?","paynet":"?","userfound":false,"encryption":"wpa2"},{"trilat":14.6771860099999997828490450046956539154052734375,"trilong":121.0826339700000033872129279188811779022216796875,"ssid":"wifi ng magaganda at pogi","qos":0,"transid":"20160505-00000","firsttime":"2016-03-21T09:00:00.000Z","lasttime":"2016-05-05T10:00:00.000Z","lastupdt":"2016-05-05T10:00:00.000Z","housenumber":null,"road":null,"city":null,"region":null,"country":null,"netid":"0C:BD:51:17:13:BC","name":null,"type":"infra","comment":null,"wep":"W","channel":2,"bcninterval":0,"freenet":"?","dhcp":"?","paynet":"?","userfound":false,"encryption":"wpa"},{"trilat":14.6740217200000007125026968424208462238311767578125,"trilong":121.0831298800000013216049410402774810791015625,"ssid":"TP-LINK_M5_46F06C","qos":0,"transid":"20140917-00000","firsttime":"2001-01-01T08:00:00.000Z","lasttime":"2014-09-17T10:00:00.000Z","lastupdt":"2015-07-26T00:00:00.000Z","housenumber":null,"road":null,"city":null,"region":null,"country":null,"netid":"0C:82:68:46:F0:6C","name":null,"type":"infra","comment":null,"wep":"2","channel":1,"bcninterval":0,"freenet":"?","dhcp":"?","paynet":"?","userfound":false,"encryption":"wpa2"},{"trilat":14.67225552000000021735104382969439029693603515625,"trilong":121.0790634199999971087891026400029659271240234375,"ssid":"gkiscwifi1","qos":0,"transid":"20160505-00000","firsttime":"2016-03-25T08:00:00.000Z","lasttime":"2016-05-05T10:00:00.000Z","lastupdt":"2016-05-05T10:00:00.000Z","housenumber":null,"road":null,"city":null,"region":null,"country":null,"netid":"B4:75:0E:19:F3:61","name":null,"type":"infra","comment":null,"wep":"2","channel":6,"bcninterval":0,"freenet":"?","dhcp":"?","paynet":"?","userfound":false,"encryption":"wpa2"},{"trilat":14.6835947000000004436515155248343944549560546875,"trilong":121.0854110700000063616244005970656871795654296875,"ssid":"belkin.37bc","qos":0,"transid":"20130416-00000","firsttime":"2013-04-16T15:00:00.000Z","lasttime":"2013-04-16T21:00:00.000Z","lastupdt":"2013-04-16T19:00:00.000Z","housenumber":null,"road":null,"city":null,"region":"Metro Manila","country":"PH","netid":"94:44:52:E4:C7:BC","name":null,"type":"infra","comment":null,"wep":"2","channel":6,"bcninterval":0,"freenet":"?","dhcp":"?","paynet":"?","userfound":false,"encryption":"wpa2"},{"trilat":14.6872444200000007441531124641187489032745361328125,"trilong":121.0868301400000035528137232176959514617919921875,"ssid":"bayanDSLWIFI_46FF","qos":1,"transid":"20160505-00000","firsttime":"2016-03-21T09:00:00.000Z","lasttime":"2016-05-05T10:00:00.000Z","lastupdt":"2016-05-05T10:00:00.000Z","housenumber":null,"road":null,"city":null,"region":null,"country":null,"netid":"94:A7:B7:26:46:FF","name":null,"type":"infra","comment":null,"wep":"2","channel":2,"bcninterval":0,"freenet":"?","dhcp":"?","paynet":"?","userfound":false,"encryption":"wpa2"},{"trilat":14.676909450000000134650690597482025623321533203125,"trilong":121.082427980000005618421710096299648284912109375,"ssid":"moaccent","qos":0,"transid":"20160505-00000","firsttime":"2016-03-23T10:00:00.000Z","lasttime":"2016-05-05T10:00:00.000Z","lastupdt":"2016-05-05T10:00:00.000Z","housenumber":null,"road":null,"city":null,"region":null,"country":null,"netid":"EE:1D:7F:A2:43:C7","name":null,"type":"infra","comment":null,"wep":"2","channel":1,"bcninterval":0,"freenet":"?","dhcp":"?","paynet":"?","userfound":false,"encryption":"wpa2"},{"trilat":14.6836376200000007230528353829868137836456298828125,"trilong":121.0855560300000064444247982464730739593505859375,"ssid":"nolad79","qos":0,"transid":"20160505-00000","firsttime":"2016-03-21T09:00:00.000Z","lasttime":"2016-05-05T10:00:00.000Z","lastupdt":"2016-11-17T07:00:00.000Z","housenumber":null,"road":null,"city":null,"region":null,"country":null,"netid":"EE:1D:7F:73:3F:A8","name":null,"type":"infra","comment":null,"wep":"2","channel":13,"bcninterval":0,"freenet":"?","dhcp":"?","paynet":"?","userfound":false,"encryption":"wpa2"},{"trilat":14.6719179200000002794013198581524193286895751953125,"trilong":121.079116819999995868784026242792606353759765625,"ssid":"theAVgroup","qos":2,"transid":"20130416-00000","firsttime":"2013-04-16T13:00:00.000Z","lasttime":"2013-05-07T06:00:00.000Z","lastupdt":"2013-05-07T04:00:00.000Z","housenumber":null,"road":null,"city":null,"region":"Metro Manila","country":"PH","netid":"58:6D:8F:2C:28:20","name":null,"type":"infra","comment":null,"wep":"2","channel":1,"bcninterval":0,"freenet":"?","dhcp":"?","paynet":"?","userfound":false,"encryption":"wpa2"},{"trilat":14.68529797000000058915247791446745395660400390625,"trilong":121.086654659999993555175024084746837615966796875,"ssid":"JAIME","qos":0,"transid":"20140917-00000","firsttime":"2014-09-16T21:00:00.000Z","lasttime":"2014-09-17T10:00:00.000Z","lastupdt":"2015-07-26T00:00:00.000Z","housenumber":null,"road":null,"city":null,"region":null,"country":null,"netid":"F0:7D:68:43:13:7A","name":null,"type":"infra","comment":null,"wep":"2","channel":11,"bcninterval":0,"freenet":"?","dhcp":"?","paynet":"?","userfound":false,"encryption":"wpa2"},{"trilat":14.67848301000000077465301728807389736175537109375,"trilong":121.0735549900000052048198995180428028106689453125,"ssid":"HUAWEI-E5330-EC16","qos":5,"transid":"20150731-00000","firsttime":"2001-01-01T08:00:00.000Z","lasttime":"2016-05-09T03:00:00.000Z","lastupdt":"2016-06-04T16:00:00.000Z","housenumber":null,"road":null,"city":null,"region":null,"country":null,"netid":"8C:34:FD:D3:EC:16","name":null,"type":"infra","comment":null,"wep":"2","channel":3,"bcninterval":0,"freenet":"?","dhcp":"?","paynet":"?","userfound":false,"encryption":"wpa2"},{"trilat":14.67376900000000006230038707144558429718017578125,"trilong":121.0805740400000019008075469173491001129150390625,"ssid":"ADMIN4-PC_Network","qos":0,"transid":"20130416-00000","firsttime":"2013-04-16T13:00:00.000Z","lasttime":"2013-04-16T21:00:00.000Z","lastupdt":"2013-04-16T19:00:00.000Z","housenumber":null,"road":null,"city":null,"region":"Metro Manila","country":"PH","netid":"6C:E8:73:A4:E7:00","name":null,"type":"infra","comment":null,"wep":"2","channel":1,"bcninterval":0,"freenet":"?","dhcp":"?","paynet":"?","userfound":false,"encryption":"wpa2"},{"trilat":14.6906146999999993596475178492255508899688720703125,"trilong":121.0870056199999993395977071486413478851318359375,"ssid":"balljoint","qos":0,"transid":"20150126-00000","firsttime":"2015-01-26T22:00:00.000Z","lasttime":"2015-01-26T07:00:00.000Z","lastupdt":"2015-07-26T00:00:00.000Z","housenumber":null,"road":null,"city":null,"region":null,"country":null,"netid":"88:CE:FA:4D:4E:F6","name":null,"type":"infra","comment":null,"wep":"2","channel":1,"bcninterval":0,"freenet":"?","dhcp":"?","paynet":"?","userfound":false,"encryption":"wpa2"},{"trilat":14.681242940000000629652276984415948390960693359375,"trilong":121.08450317000000495681888423860073089599609375,"ssid":"awn_guest","qos":2,"transid":"20130218-00000","firsttime":"2001-01-01T00:00:00.000Z","lasttime":"2016-05-05T10:00:00.000Z","lastupdt":"2016-05-05T10:00:00.000Z","housenumber":null,"road":null,"city":null,"region":"Metro Manila","country":"PH","netid":"58:BF:EA:FA:B7:D3","name":null,"type":"infra","comment":null,"wep":"2","channel":11,"bcninterval":0,"freenet":"?","dhcp":"?","paynet":"?","userfound":false,"encryption":"wpa2"},{"trilat":14.6813392599999996690485204453580081462860107421875,"trilong":121.084548949999998512794263660907745361328125,"ssid":"awn_guest","qos":1,"transid":"20160505-00000","firsttime":"2016-03-21T09:00:00.000Z","lasttime":"2016-05-05T10:00:00.000Z","lastupdt":"2016-05-05T10:00:00.000Z","housenumber":null,"road":null,"city":null,"region":null,"country":null,"netid":"58:BF:EA:FA:B7:DC","name":null,"type":"infra","comment":null,"wep":"?","channel":36,"bcninterval":0,"freenet":"?","dhcp":"?","paynet":"?","userfound":false,"encryption":"unknown"},{"trilat":14.67143058999999993829987943172454833984375,"trilong":121.0788955700000002480010152794420719146728515625,"ssid":"HNMKTG","qos":1,"transid":"20130424-00000","firsttime":"2013-04-23T13:00:00.000Z","lasttime":"2014-09-17T10:00:00.000Z","lastupdt":"2015-07-26T00:00:00.000Z","housenumber":null,"road":null,"city":null,"region":"Metro Manila","country":"PH","netid":"58:6D:8F:7E:AE:07","name":null,"type":"infra","comment":null,"wep":"2","channel":1,"bcninterval":0,"freenet":"?","dhcp":"?","paynet":"?","userfound":false,"encryption":"wpa2"},{"trilat":14.6724653200000005881520337425172328948974609375,"trilong":121.0787658699999980171924107708036899566650390625,"ssid":"Cisco19267","qos":0,"transid":"20150126-00000","firsttime":"2015-01-26T22:00:00.000Z","lasttime":"2015-01-26T07:00:00.000Z","lastupdt":"2015-07-26T00:00:00.000Z","housenumber":null,"road":null,"city":null,"region":null,"country":null,"netid":"58:6D:8F:7E:BC:EE","name":null,"type":"infra","comment":null,"wep":"Y","channel":1,"bcninterval":0,"freenet":"?","dhcp":"?","paynet":"?","userfound":false,"encryption":"wep"},{"trilat":14.6770248399999996280484992894344031810760498046875,"trilong":121.0825271599999979343920131213963031768798828125,"ssid":"TP-Link_710C3E","qos":1,"transid":"20160505-00000","firsttime":"2016-03-21T09:00:00.000Z","lasttime":"2016-05-05T10:00:00.000Z","lastupdt":"2016-05-05T10:00:00.000Z","housenumber":null,"road":null,"city":null,"region":null,"country":null,"netid":"E8:DE:27:71:0C:3E","name":null,"type":"infra","comment":null,"wep":"2","channel":5,"bcninterval":0,"freenet":"?","dhcp":"?","paynet":"?","userfound":false,"encryption":"wpa2"},{"trilat":14.6729974700000003196009856765158474445343017578125,"trilong":121.0801010100000070224268711172044277191162109375,"ssid":"blueberry","qos":2,"transid":"20130416-00000","firsttime":"2013-04-16T15:00:00.000Z","lasttime":"2014-09-17T10:00:00.000Z","lastupdt":"2015-07-26T00:00:00.000Z","housenumber":null,"road":null,"city":null,"region":"Metro Manila","country":"PH","netid":"E2:5F:B9:0C:8E:A3","name":null,"type":"infra","comment":null,"wep":"2","channel":3,"bcninterval":0,"freenet":"?","dhcp":"?","paynet":"?","userfound":false,"encryption":"wpa2"},{"trilat":14.676443100000000185900717042386531829833984375,"trilong":121.0822677599999934727748041041195392608642578125,"ssid":"wala ka wifi bili ka! hehehe","qos":0,"transid":"20140917-00000","firsttime":"2014-09-16T21:00:00.000Z","lasttime":"2014-09-17T10:00:00.000Z","lastupdt":"2015-07-26T00:00:00.000Z","housenumber":null,"road":null,"city":null,"region":null,"country":null,"netid":"6C:F3:73:3E:BF:25","name":null,"type":"infra","comment":null,"wep":"2","channel":1,"bcninterval":0,"freenet":"?","dhcp":"?","paynet":"?","userfound":false,"encryption":"wpa2"},{"trilat":14.6822366699999999894998836680315434932708740234375,"trilong":121.0852127099999933079743641428649425506591796875,"ssid":"pancake house","qos":1,"transid":"20130416-00000","firsttime":"2013-04-16T13:00:00.000Z","lasttime":"2013-04-24T23:00:00.000Z","lastupdt":"2013-04-24T21:00:00.000Z","housenumber":null,"road":null,"city":null,"region":"Metro Manila","country":"PH","netid":"64:16:F0:1D:A3:CF","name":null,"type":"infra","comment":null,"wep":"Y","channel":1,"bcninterval":0,"freenet":"?","dhcp":"?","paynet":"?","userfound":false,"encryption":"wep"},{"trilat":14.6815338099999994625477484078146517276763916015625,"trilong":121.0846328699999929767727735452353954315185546875,"ssid":"awn_cafe","qos":0,"transid":"20160505-00000","firsttime":"2016-03-21T09:00:00.000Z","lasttime":"2016-05-05T10:00:00.000Z","lastupdt":"2016-05-05T10:00:00.000Z","housenumber":null,"road":null,"city":null,"region":null,"country":null,"netid":"F4:7F:35:42:0C:14","name":null,"type":"infra","comment":null,"wep":"2","channel":1,"bcninterval":0,"freenet":"?","dhcp":"?","paynet":"?","userfound":false,"encryption":"wpa2"},{"trilat":14.6796722400000003716513674589805305004119873046875,"trilong":121.075309750000002395609044469892978668212890625,"ssid":"HUAWEI-E5330-3597","qos":0,"transid":"20150808-00000","firsttime":"2001-01-01T08:00:00.000Z","lasttime":"2015-08-08T09:00:00.000Z","lastupdt":"2015-08-08T09:00:00.000Z","housenumber":null,"road":null,"city":null,"region":null,"country":null,"netid":"F4:9F:F3:E7:35:97","name":null,"type":"infra","comment":null,"wep":"2","channel":2,"bcninterval":0,"freenet":"?","dhcp":"?","paynet":"?","userfound":false,"encryption":"wpa2"},{"trilat":14.687740330000000454901964985765516757965087890625,"trilong":121.07926940999999487758032046258449554443359375,"ssid":null,"qos":0,"transid":"20170609-00000","firsttime":"2001-01-01T08:00:00.000Z","lasttime":"2017-06-09T05:00:00.000Z","lastupdt":"2017-06-09T05:00:00.000Z","housenumber":null,"road":null,"city":null,"region":null,"country":null,"netid":"B4:5D:50:38:57:F0","name":null,"type":"infra","comment":null,"wep":"?","channel":157,"bcninterval":0,"freenet":"?","dhcp":"?","paynet":"?","userfound":false,"encryption":"unknown"},{"trilat":14.6927270899999999898000169196166098117828369140625,"trilong":121.085899350000005370020517148077487945556640625,"ssid":"@AyalaMalls_GoWiFi","qos":0,"transid":"20170609-00000","firsttime":"2001-01-01T08:00:00.000Z","lasttime":"2017-06-09T05:00:00.000Z","lastupdt":"2017-06-09T05:00:00.000Z","housenumber":null,"road":null,"city":null,"region":null,"country":null,"netid":"B4:5D:50:38:6D:61","name":null,"type":"infra","comment":null,"wep":"?","channel":11,"bcninterval":0,"freenet":"?","dhcp":"?","paynet":"?","userfound":false,"encryption":"unknown"},{"trilat":14.686805729999999670098986825905740261077880859375,"trilong":121.078025819999993473174981772899627685546875,"ssid":null,"qos":0,"transid":"20170609-00000","firsttime":"2001-01-01T08:00:00.000Z","lasttime":"2017-06-09T05:00:00.000Z","lastupdt":"2017-06-09T05:00:00.000Z","housenumber":null,"road":null,"city":null,"region":null,"country":null,"netid":"B4:5D:50:46:BD:46","name":null,"type":"infra","comment":null,"wep":"?","channel":6,"bcninterval":0,"freenet":"?","dhcp":"?","paynet":"?","userfound":false,"encryption":"unknown"},{"trilat":14.67612553000000019665094441734254360198974609375,"trilong":121.082008360000003222012310288846492767333984375,"ssid":"HUAWEI-E5330-1456","qos":0,"transid":"20160505-00000","firsttime":"2016-03-21T09:00:00.000Z","lasttime":"2016-05-05T10:00:00.000Z","lastupdt":"2016-05-05T10:00:00.000Z","housenumber":null,"road":null,"city":null,"region":null,"country":null,"netid":"B4:30:52:E1:14:56","name":null,"type":"infra","comment":null,"wep":"2","channel":2,"bcninterval":0,"freenet":"?","dhcp":"?","paynet":"?","userfound":false,"encryption":"wpa2"},{"trilat":14.677181239999999462497726199217140674591064453125,"trilong":121.0826339700000033872129279188811779022216796875,"ssid":"bayanDSLWiFi_6C70","qos":0,"transid":"20160505-00000","firsttime":"2016-03-21T09:00:00.000Z","lasttime":"2016-05-05T10:00:00.000Z","lastupdt":"2016-05-05T10:00:00.000Z","housenumber":null,"road":null,"city":null,"region":null,"country":null,"netid":"E4:77:23:9D:6C:70","name":null,"type":"infra","comment":null,"wep":"2","channel":12,"bcninterval":0,"freenet":"?","dhcp":"?","paynet":"?","userfound":false,"encryption":"wpa2"},{"trilat":14.6868352899999994320978657924570143222808837890625,"trilong":121.0865478500000023132088244892656803131103515625,"ssid":"dynalink1","qos":4,"transid":"20140917-00000","firsttime":"2014-09-16T21:00:00.000Z","lasttime":"2016-05-05T10:00:00.000Z","lastupdt":"2016-05-05T10:00:00.000Z","housenumber":null,"road":null,"city":null,"region":null,"country":null,"netid":"E4:77:23:A0:21:54","name":null,"type":"infra","comment":null,"wep":"2","channel":6,"bcninterval":0,"freenet":"?","dhcp":"?","paynet":"?","userfound":false,"encryption":"wpa2"},{"trilat":14.6806516600000005468018571264110505580902099609375,"trilong":121.0841980000000006612026481889188289642333984375,"ssid":"FILKOHAYES","qos":0,"transid":"20150126-00000","firsttime":"2015-01-26T22:00:00.000Z","lasttime":"2015-01-26T07:00:00.000Z","lastupdt":"2015-07-26T00:00:00.000Z","housenumber":null,"road":null,"city":null,"region":null,"country":null,"netid":"E4:77:23:A0:4A:FC","name":null,"type":"infra","comment":null,"wep":"2","channel":1,"bcninterval":0,"freenet":"?","dhcp":"?","paynet":"?","userfound":false,"encryption":"wpa2"},{"trilat":14.672812459999999390447555924765765666961669921875,"trilong":121.079681399999998347993823699653148651123046875,"ssid":"uFi_D2D050","qos":0,"transid":"20140917-00000","firsttime":"2014-09-16T21:00:00.000Z","lasttime":"2014-09-17T10:00:00.000Z","lastupdt":"2016-11-17T07:00:00.000Z","housenumber":null,"road":null,"city":null,"region":null,"country":null,"netid":"F2:84:C9:D2:D0:50","name":null,"type":"infra","comment":null,"wep":"2","channel":8,"bcninterval":0,"freenet":"?","dhcp":"?","paynet":"?","userfound":false,"encryption":"wpa2"},{"trilat":14.675024029999999441997715621255338191986083984375,"trilong":121.08120728000000099200406111776828765869140625,"ssid":"AGU41","qos":0,"transid":"20160505-00000","firsttime":"2016-03-21T09:00:00.000Z","lasttime":"2016-05-05T10:00:00.000Z","lastupdt":"2016-05-05T10:00:00.000Z","housenumber":null,"road":null,"city":null,"region":null,"country":null,"netid":"F4:0E:22:4F:89:B6","name":null,"type":"infra","comment":null,"wep":"2","channel":11,"bcninterval":0,"freenet":"?","dhcp":"?","paynet":"?","userfound":false,"encryption":"wpa2"},{"trilat":14.6773605299999996276483216206543147563934326171875,"trilong":121.0839996299999938855762593448162078857421875,"ssid":"PLDTMyDSL","qos":0,"transid":"20130507-00000","firsttime":"2013-05-07T16:00:00.000Z","lasttime":"2013-05-07T06:00:00.000Z","lastupdt":"2013-05-07T04:00:00.000Z","housenumber":null,"road":null,"city":null,"region":"Metro Manila","country":"PH","netid":"B0:B2:DC:73:F2:00","name":null,"type":"infra","comment":null,"wep":"2","channel":11,"bcninterval":0,"freenet":"?","dhcp":"?","paynet":"?","userfound":false,"encryption":"wpa2"},{"trilat":14.6749010099999992462471709586679935455322265625,"trilong":121.073387150000002066008164547383785247802734375,"ssid":"justinallister","qos":5,"transid":"20150216-00000","firsttime":"2001-01-01T08:00:00.000Z","lasttime":"2016-06-04T16:00:00.000Z","lastupdt":"2016-06-04T16:00:00.000Z","housenumber":null,"road":null,"city":null,"region":null,"country":null,"netid":"B6:F0:AB:F2:CF:72","name":null,"type":"infra","comment":null,"wep":"2","channel":1,"bcninterval":0,"freenet":"?","dhcp":"?","paynet":"?","userfound":false,"encryption":"wpa2"},{"trilat":14.6773605299999996276483216206543147563934326171875,"trilong":121.0839996299999938855762593448162078857421875,"ssid":"uFi_32778A","qos":0,"transid":"20130507-00000","firsttime":"2013-05-07T16:00:00.000Z","lasttime":"2013-05-07T06:00:00.000Z","lastupdt":"2013-05-07T04:00:00.000Z","housenumber":null,"road":null,"city":null,"region":"Metro Manila","country":"PH","netid":"F8:DF:A8:32:77:8A","name":null,"type":"infra","comment":null,"wep":"2","channel":11,"bcninterval":0,"freenet":"?","dhcp":"?","paynet":"?","userfound":false,"encryption":"wpa2"},{"trilat":14.677724839999999772999217384494841098785400390625,"trilong":121.08288573999999471197952516376972198486328125,"ssid":"Smart Bro_0BE4CB","qos":0,"transid":"20130507-00000","firsttime":"2013-05-07T16:00:00.000Z","lasttime":"2013-05-07T06:00:00.000Z","lastupdt":"2013-05-07T04:00:00.000Z","housenumber":null,"road":null,"city":null,"region":"Metro Manila","country":"PH","netid":"F8:DF:A8:0B:E4:CB","name":null,"type":"infra","comment":null,"wep":"2","channel":1,"bcninterval":0,"freenet":"?","dhcp":"?","paynet":"?","userfound":false,"encryption":"wpa2"},{"trilat":14.686805729999999670098986825905740261077880859375,"trilong":121.078025819999993473174981772899627685546875,"ssid":"@GoWiFi_Auto","qos":0,"transid":"20170609-00000","firsttime":"2001-01-01T08:00:00.000Z","lasttime":"2017-06-09T05:00:00.000Z","lastupdt":"2017-06-09T05:00:00.000Z","housenumber":null,"road":null,"city":null,"region":null,"country":null,"netid":"B4:5D:50:46:BB:B4","name":null,"type":"infra","comment":null,"wep":"?","channel":108,"bcninterval":0,"freenet":"?","dhcp":"?","paynet":"?","userfound":false,"encryption":"unknown"},{"trilat":14.686805729999999670098986825905740261077880859375,"trilong":121.078025819999993473174981772899627685546875,"ssid":null,"qos":0,"transid":"20170609-00000","firsttime":"2001-01-01T08:00:00.000Z","lasttime":"2017-06-09T05:00:00.000Z","lastupdt":"2017-06-09T05:00:00.000Z","housenumber":null,"road":null,"city":null,"region":null,"country":null,"netid":"B4:5D:50:46:BB:B5","name":null,"type":"infra","comment":null,"wep":"?","channel":108,"bcninterval":0,"freenet":"?","dhcp":"?","paynet":"?","userfound":false,"encryption":"unknown"},{"trilat":14.686805729999999670098986825905740261077880859375,"trilong":121.078025819999993473174981772899627685546875,"ssid":"YTFanfest","qos":0,"transid":"20170609-00000","firsttime":"2001-01-01T08:00:00.000Z","lasttime":"2017-06-09T05:00:00.000Z","lastupdt":"2017-06-09T05:00:00.000Z","housenumber":null,"road":null,"city":null,"region":null,"country":null,"netid":"B4:5D:50:46:BB:B6","name":null,"type":"infra","comment":null,"wep":"2","channel":108,"bcninterval":0,"freenet":"?","dhcp":"?","paynet":"?","userfound":false,"encryption":"wpa2"},{"trilat":14.687740330000000454901964985765516757965087890625,"trilong":121.07926940999999487758032046258449554443359375,"ssid":null,"qos":0,"transid":"20170609-00000","firsttime":"2001-01-01T08:00:00.000Z","lasttime":"2017-06-09T05:00:00.000Z","lastupdt":"2017-06-09T05:00:00.000Z","housenumber":null,"road":null,"city":null,"region":null,"country":null,"netid":"B4:5D:50:46:BE:35","name":null,"type":"infra","comment":null,"wep":"?","channel":120,"bcninterval":0,"freenet":"?","dhcp":"?","paynet":"?","userfound":false,"encryption":"unknown"},{"trilat":14.687740330000000454901964985765516757965087890625,"trilong":121.07926940999999487758032046258449554443359375,"ssid":null,"qos":0,"transid":"20170609-00000","firsttime":"2001-01-01T08:00:00.000Z","lasttime":"2017-06-09T05:00:00.000Z","lastupdt":"2017-06-09T05:00:00.000Z","housenumber":null,"road":null,"city":null,"region":null,"country":null,"netid":"B4:5D:50:46:BE:36","name":null,"type":"infra","comment":null,"wep":"?","channel":120,"bcninterval":0,"freenet":"?","dhcp":"?","paynet":"?","userfound":false,"encryption":"unknown"},{"trilat":14.6723203699999995563985066837631165981292724609375,"trilong":121.079475400000006857226253487169742584228515625,"ssid":"SRC RAISING STANDARDS","qos":3,"transid":"20130416-00000","firsttime":"2013-04-16T13:00:00.000Z","lasttime":"2014-09-17T10:00:00.000Z","lastupdt":"2015-07-26T00:00:00.000Z","housenumber":null,"road":null,"city":null,"region":"Metro Manila","country":"PH","netid":"B8:A3:86:61:98:9E","name":null,"type":"infra","comment":null,"wep":"W","channel":1,"bcninterval":0,"freenet":"?","dhcp":"?","paynet":"?","userfound":false,"encryption":"wpa"},{"trilat":14.677572250000000764202923164702951908111572265625,"trilong":121.0828704799999968599877320230007171630859375,"ssid":"PLDTMyDSL","qos":1,"transid":"20140917-00000","firsttime":"2014-09-16T21:00:00.000Z","lasttime":"2015-01-26T07:00:00.000Z","lastupdt":"2015-07-26T00:00:00.000Z","housenumber":null,"road":null,"city":null,"region":null,"country":null,"netid":"FC:8B:97:27:81:97","name":null,"type":"infra","comment":null,"wep":"2","channel":11,"bcninterval":0,"freenet":"?","dhcp":"?","paynet":"?","userfound":false,"encryption":"wpa2"},{"trilat":14.690494539999999545898390351794660091400146484375,"trilong":121.0870056199999993395977071486413478851318359375,"ssid":"virus dtetected","qos":0,"transid":"20150126-00000","firsttime":"2015-01-26T22:00:00.000Z","lasttime":"2015-01-26T07:00:00.000Z","lastupdt":"2015-07-26T00:00:00.000Z","housenumber":null,"road":null,"city":null,"region":null,"country":null,"netid":"EC:8A:4C:94:A4:CD","name":null,"type":"infra","comment":null,"wep":"2","channel":10,"bcninterval":0,"freenet":"?","dhcp":"?","paynet":"?","userfound":false,"encryption":"wpa2"},{"trilat":14.6906146999999993596475178492255508899688720703125,"trilong":121.0870056199999993395977071486413478851318359375,"ssid":"fearless","qos":0,"transid":"20150126-00000","firsttime":"2015-01-26T22:00:00.000Z","lasttime":"2015-01-26T07:00:00.000Z","lastupdt":"2015-07-26T00:00:00.000Z","housenumber":null,"road":null,"city":null,"region":null,"country":null,"netid":"EC:8A:4C:A6:4B:10","name":null,"type":"infra","comment":null,"wep":"2","channel":1,"bcninterval":0,"freenet":"?","dhcp":"?","paynet":"?","userfound":false,"encryption":"wpa2"},{"trilat":14.686805729999999670098986825905740261077880859375,"trilong":121.078025819999993473174981772899627685546875,"ssid":"CMDuroy","qos":0,"transid":"20170609-00000","firsttime":"2001-01-01T08:00:00.000Z","lasttime":"2017-06-09T05:00:00.000Z","lastupdt":"2017-06-09T05:00:00.000Z","housenumber":null,"road":null,"city":null,"region":null,"country":null,"netid":"AA:A6:68:DA:3F:84","name":null,"type":"infra","comment":null,"wep":"2","channel":1,"bcninterval":0,"freenet":"?","dhcp":"?","paynet":"?","userfound":false,"encryption":"wpa2"},{"trilat":14.6863050499999996389988154987804591655731201171875,"trilong":121.08621216000000231360900215804576873779296875,"ssid":"Richkid65mbps","qos":1,"transid":"20150126-00000","firsttime":"2015-01-26T22:00:00.000Z","lasttime":"2015-01-26T07:00:00.000Z","lastupdt":"2015-07-26T00:00:00.000Z","housenumber":null,"road":null,"city":null,"region":null,"country":null,"netid":"B2:46:FC:8D:E5:78","name":null,"type":"infra","comment":null,"wep":"2","channel":9,"bcninterval":0,"freenet":"?","dhcp":"?","paynet":"?","userfound":false,"encryption":"wpa2"},{"trilat":14.685112950000000608952177572064101696014404296875,"trilong":121.0865249600000055352211347781121730804443359375,"ssid":"AndroidAP","qos":0,"transid":"20140917-00000","firsttime":"2014-09-16T21:00:00.000Z","lasttime":"2014-09-17T10:00:00.000Z","lastupdt":"2015-07-26T00:00:00.000Z","housenumber":null,"road":null,"city":null,"region":null,"country":null,"netid":"F0:5A:09:73:8D:62","name":null,"type":"infra","comment":null,"wep":"2","channel":6,"bcninterval":0,"freenet":"?","dhcp":"?","paynet":"?","userfound":false,"encryption":"wpa2"},{"trilat":14.6738853500000008267534212791360914707183837890625,"trilong":121.0808334400000063624247559346258640289306640625,"ssid":"Secret Shop","qos":3,"transid":"20130416-00000","firsttime":"2013-04-16T13:00:00.000Z","lasttime":"2014-09-17T10:00:00.000Z","lastupdt":"2015-07-26T00:00:00.000Z","housenumber":null,"road":null,"city":null,"region":"Metro Manila","country":"PH","netid":"FC:75:16:E7:D1:E8","name":null,"type":"infra","comment":null,"wep":"2","channel":1,"bcninterval":0,"freenet":"?","dhcp":"?","paynet":"?","userfound":false,"encryption":"wpa2"},{"trilat":14.6723337199999992463972375844605267047882080078125,"trilong":121.079231260000000247600837610661983489990234375,"ssid":"OMNI TIRE CENTER","qos":0,"transid":"20160505-00000","firsttime":"2016-03-21T09:00:00.000Z","lasttime":"2016-05-05T10:00:00.000Z","lastupdt":"2016-05-05T10:00:00.000Z","housenumber":null,"road":null,"city":null,"region":null,"country":null,"netid":"B8:55:10:0A:51:3B","name":null,"type":"infra","comment":null,"wep":"2","channel":11,"bcninterval":0,"freenet":"?","dhcp":"?","paynet":"?","userfound":false,"encryption":"wpa2"},{"trilat":14.6830806700000007225526132970117032527923583984375,"trilong":121.0704422000000022308086045086383819580078125,"ssid":"LEARC G","qos":1,"transid":"20150126-00000","firsttime":"2015-01-26T22:00:00.000Z","lasttime":"2016-12-06T07:00:00.000Z","lastupdt":"2016-12-06T07:00:00.000Z","housenumber":null,"road":null,"city":null,"region":null,"country":null,"netid":"F8:01:13:07:AB:3F","name":null,"type":"infra","comment":null,"wep":"2","channel":3,"bcninterval":0,"freenet":"?","dhcp":"?","paynet":"?","userfound":false,"encryption":"wpa2"},{"trilat":14.6839265799999996175984051660634577274322509765625,"trilong":121.0857315100000022312087821774184703826904296875,"ssid":"PLDTMyDSLBERGCHEMCW","qos":2,"transid":"20130416-00000","firsttime":"2013-04-16T13:00:00.000Z","lasttime":"2016-05-05T10:00:00.000Z","lastupdt":"2016-05-05T10:00:00.000Z","housenumber":null,"road":null,"city":null,"region":"Metro Manila","country":"PH","netid":"FC:F5:28:3D:28:38","name":null,"type":"infra","comment":null,"wep":"2","channel":11,"bcninterval":0,"freenet":"?","dhcp":"?","paynet":"?","userfound":false,"encryption":"wpa2"},{"trilat":14.6764640800000005782521839137189090251922607421875,"trilong":121.0820922900000056188218877650797367095947265625,"ssid":"PLDTMyDSLJnJCebuLechon","qos":1,"transid":"20140917-00000","firsttime":"2014-09-16T21:00:00.000Z","lasttime":"2015-01-26T07:00:00.000Z","lastupdt":"2015-07-26T00:00:00.000Z","housenumber":null,"road":null,"city":null,"region":null,"country":null,"netid":"FC:F5:28:3D:C3:E8","name":null,"type":"infra","comment":null,"wep":"W","channel":11,"bcninterval":0,"freenet":"?","dhcp":"?","paynet":"?","userfound":false,"encryption":"wpa"},{"trilat":14.6788196600000002689512257347814738750457763671875,"trilong":121.08412932999999611638486385345458984375,"ssid":"ilovecamela","qos":0,"transid":"20140917-00000","firsttime":"2014-09-16T21:00:00.000Z","lasttime":"2014-09-17T10:00:00.000Z","lastupdt":"2015-07-26T00:00:00.000Z","housenumber":null,"road":null,"city":null,"region":null,"country":null,"netid":"F6:F1:5A:DE:23:9D","name":null,"type":"infra","comment":null,"wep":"2","channel":1,"bcninterval":0,"freenet":"?","dhcp":"?","paynet":"?","userfound":false,"encryption":"wpa2"},{"trilat":14.6734943399999995250482243136502802371978759765625,"trilong":121.079795840000002726810635067522525787353515625,"ssid":"Balsa Boys","qos":0,"transid":"20140917-00000","firsttime":"2014-09-16T21:00:00.000Z","lasttime":"2014-09-17T10:00:00.000Z","lastupdt":"2015-07-26T00:00:00.000Z","housenumber":null,"road":null,"city":null,"region":null,"country":null,"netid":"F6:F1:5A:E0:BE:25","name":null,"type":"infra","comment":null,"wep":"2","channel":1,"bcninterval":0,"freenet":"?","dhcp":"?","paynet":"?","userfound":false,"encryption":"wpa2"},{"trilat":14.6755399700000008778033588896505534648895263671875,"trilong":121.0815811199999956215833663009107112884521484375,"ssid":"broSmart","qos":0,"transid":"20160505-00000","firsttime":"2016-03-25T08:00:00.000Z","lasttime":"2016-05-05T10:00:00.000Z","lastupdt":"2016-05-05T10:00:00.000Z","housenumber":null,"road":null,"city":null,"region":null,"country":null,"netid":"AA:A6:68:80:B5:06","name":null,"type":"infra","comment":null,"wep":"2","channel":1,"bcninterval":0,"freenet":"?","dhcp":"?","paynet":"?","userfound":false,"encryption":"wpa2"},{"trilat":14.6922655100000003614013621699996292591094970703125,"trilong":121.087059019999998099592630751430988311767578125,"ssid":"Khalai","qos":0,"transid":"20160505-00000","firsttime":"2016-03-20T13:00:00.000Z","lasttime":"2016-05-05T10:00:00.000Z","lastupdt":"2016-05-05T10:00:00.000Z","housenumber":null,"road":null,"city":null,"region":null,"country":null,"netid":"AA:A6:68:AC:75:D4","name":null,"type":"infra","comment":null,"wep":"2","channel":6,"bcninterval":0,"freenet":"?","dhcp":"?","paynet":"?","userfound":false,"encryption":"wpa2"},{"trilat":14.674295430000000806103344075381755828857421875,"trilong":121.080764770000001817606971599161624908447265625,"ssid":"free wifi","qos":0,"transid":"20160505-00000","firsttime":"2016-03-21T09:00:00.000Z","lasttime":"2016-05-05T10:00:00.000Z","lastupdt":"2016-05-05T10:00:00.000Z","housenumber":null,"road":null,"city":null,"region":null,"country":null,"netid":"AA:A6:68:74:C5:8B","name":null,"type":"infra","comment":null,"wep":"2","channel":1,"bcninterval":0,"freenet":"Y","dhcp":"?","paynet":"?","userfound":false,"encryption":"wpa2"},{"trilat":14.680425639999999276597009156830608844757080078125,"trilong":121.084136959999995042380760423839092254638671875,"ssid":"Rippain","qos":0,"transid":"20160505-00000","firsttime":"2016-03-21T09:00:00.000Z","lasttime":"2016-05-05T10:00:00.000Z","lastupdt":"2016-09-08T22:00:00.000Z","housenumber":null,"road":null,"city":null,"region":null,"country":null,"netid":"AA:A6:68:B4:D3:05","name":null,"type":"infra","comment":null,"wep":"2","channel":13,"bcninterval":0,"freenet":"?","dhcp":"?","paynet":"?","userfound":false,"encryption":"wpa2"},{"trilat":14.6720399900000000315003489959053695201873779296875,"trilong":121.079116819999995868784026242792606353759765625,"ssid":"webmedia","qos":6,"transid":"20130416-00000","firsttime":"2013-04-16T13:00:00.000Z","lasttime":"2016-05-05T10:00:00.000Z","lastupdt":"2016-05-05T10:00:00.000Z","housenumber":null,"road":null,"city":null,"region":"Metro Manila","country":"PH","netid":"FC:75:16:99:D7:82","name":null,"type":"infra","comment":null,"wep":"2","channel":11,"bcninterval":0,"freenet":"?","dhcp":"?","paynet":"?","userfound":false,"encryption":"wpa2"},{"trilat":14.6806955299999994934978531091473996639251708984375,"trilong":121.084136959999995042380760423839092254638671875,"ssid":"JK BUILDERS_ INC.","qos":0,"transid":"20130507-00000","firsttime":"2013-05-07T16:00:00.000Z","lasttime":"2013-05-07T06:00:00.000Z","lastupdt":"2013-05-07T04:00:00.000Z","housenumber":null,"road":null,"city":null,"region":"Metro Manila","country":"PH","netid":"F4:EC:38:D7:A2:60","name":null,"type":"infra","comment":null,"wep":"2","channel":1,"bcninterval":0,"freenet":"?","dhcp":"?","paynet":"?","userfound":false,"encryption":"wpa2"},{"trilat":14.6806411699999994624477039906196296215057373046875,"trilong":121.0842285199999963651862344704568386077880859375,"ssid":"Civil War","qos":0,"transid":"20160505-00000","firsttime":"2016-03-21T09:00:00.000Z","lasttime":"2016-05-05T10:00:00.000Z","lastupdt":"2016-05-05T10:00:00.000Z","housenumber":null,"road":null,"city":null,"region":null,"country":null,"netid":"F4:8E:92:05:69:E6","name":null,"type":"infra","comment":null,"wep":"2","channel":2,"bcninterval":0,"freenet":"?","dhcp":"?","paynet":"?","userfound":false,"encryption":"wpa2"},{"trilat":14.6815338099999994625477484078146517276763916015625,"trilong":121.0846328699999929767727735452353954315185546875,"ssid":"awn_voip","qos":0,"transid":"20160505-00000","firsttime":"2016-03-21T09:00:00.000Z","lasttime":"2016-05-05T10:00:00.000Z","lastupdt":"2016-05-05T10:00:00.000Z","housenumber":null,"road":null,"city":null,"region":null,"country":null,"netid":"F4:7F:35:42:0C:12","name":null,"type":"infra","comment":null,"wep":"2","channel":1,"bcninterval":0,"freenet":"?","dhcp":"?","paynet":"?","userfound":false,"encryption":"wpa2"},{"trilat":14.67213725999999951454810798168182373046875,"trilong":121.0724563600000038832149584777653217315673828125,"ssid":"PLDTMyDSLCatif","qos":0,"transid":"20131220-00000","firsttime":"2013-12-18T12:00:00.000Z","lasttime":"2014-09-14T03:00:00.000Z","lastupdt":"2015-07-26T00:00:00.000Z","housenumber":null,"road":null,"city":null,"region":"Metro Manila","country":"PH","netid":"B0:B2:DC:AB:8A:E0","name":null,"type":"infra","comment":null,"wep":"2","channel":11,"bcninterval":0,"freenet":"?","dhcp":"?","paynet":"?","userfound":false,"encryption":"wpa2"},{"trilat":14.6788883200000004336516212788410484790802001953125,"trilong":121.0835037199999959511842462234199047088623046875,"ssid":"PLDTMyDSLSCREENMARK","qos":3,"transid":"20130416-00000","firsttime":"2013-04-16T13:00:00.000Z","lasttime":"2013-05-07T06:00:00.000Z","lastupdt":"2013-05-07T04:00:00.000Z","housenumber":null,"road":null,"city":null,"region":"Metro Manila","country":"PH","netid":"B0:B2:DC:AB:EC:90","name":null,"type":"infra","comment":null,"wep":"2","channel":1,"bcninterval":0,"freenet":"?","dhcp":"?","paynet":"?","userfound":false,"encryption":"wpa2"},{"trilat":14.685142519999999421997927129268646240234375,"trilong":121.086204530000003387613105587661266326904296875,"ssid":"B315_2A59B","qos":0,"transid":"20160505-00000","firsttime":"2016-03-21T09:00:00.000Z","lasttime":"2016-05-05T10:00:00.000Z","lastupdt":"2016-05-05T10:00:00.000Z","housenumber":null,"road":null,"city":null,"region":null,"country":null,"netid":"F4:E3:FB:72:A5:9B","name":null,"type":"infra","comment":null,"wep":"2","channel":8,"bcninterval":0,"freenet":"?","dhcp":"?","paynet":"?","userfound":false,"encryption":"wpa2"},{"trilat":14.689457889999999906649463810026645660400390625,"trilong":121.086944579999993720775819383561611175537109375,"ssid":"bayanDSLWiFi_5464","qos":0,"transid":"20150126-00000","firsttime":"2015-01-26T22:00:00.000Z","lasttime":"2015-01-26T07:00:00.000Z","lastupdt":"2015-07-26T00:00:00.000Z","housenumber":null,"road":null,"city":null,"region":null,"country":null,"netid":"EC:8A:4C:A6:54:64","name":null,"type":"infra","comment":null,"wep":"2","channel":1,"bcninterval":0,"freenet":"?","dhcp":"?","paynet":"?","userfound":false,"encryption":"wpa2"},{"trilat":14.686805729999999670098986825905740261077880859375,"trilong":121.078025819999993473174981772899627685546875,"ssid":"RoyceMatthew222","qos":0,"transid":"20170609-00000","firsttime":"2001-01-01T08:00:00.000Z","lasttime":"2017-06-09T05:00:00.000Z","lastupdt":"2017-06-09T05:00:00.000Z","housenumber":null,"road":null,"city":null,"region":null,"country":null,"netid":"EC:9B:F3:3E:D9:31","name":null,"type":"infra","comment":null,"wep":"2","channel":1,"bcninterval":0,"freenet":"?","dhcp":"?","paynet":"?","userfound":false,"encryption":"wpa2"},{"trilat":14.6794719699999998141493051662109792232513427734375,"trilong":121.0839538599999940515772323124110698699951171875,"ssid":"GarciaWIFI","qos":2,"transid":"20140917-00000","firsttime":"2014-09-16T21:00:00.000Z","lasttime":"2016-05-05T10:00:00.000Z","lastupdt":"2016-05-05T10:00:00.000Z","housenumber":null,"road":null,"city":null,"region":null,"country":null,"netid":"EC:1A:59:26:E5:1D","name":null,"type":"infra","comment":null,"wep":"2","channel":6,"bcninterval":0,"freenet":"?","dhcp":"?","paynet":"?","userfound":false,"encryption":"wpa2"},{"trilat":14.687749860000000268200892605818808078765869140625,"trilong":121.0871048000000058664227253757417201995849609375,"ssid":"OurCoatWiFii","qos":0,"transid":"20160505-00000","firsttime":"2016-03-21T09:00:00.000Z","lasttime":"2016-05-05T10:00:00.000Z","lastupdt":"2016-05-05T10:00:00.000Z","housenumber":null,"road":null,"city":null,"region":null,"country":null,"netid":"EC:8A:4C:94:BC:71","name":null,"type":"infra","comment":null,"wep":"2","channel":6,"bcninterval":0,"freenet":"?","dhcp":"?","paynet":"?","userfound":false,"encryption":"wpa2"},{"trilat":14.6721582399999999068995748530142009258270263671875,"trilong":121.079277039999993803576217032968997955322265625,"ssid":"JBL","qos":3,"transid":"20130416-00000","firsttime":"2013-04-16T13:00:00.000Z","lasttime":"2013-05-07T06:00:00.000Z","lastupdt":"2013-05-07T04:00:00.000Z","housenumber":null,"road":null,"city":null,"region":"Metro Manila","country":"PH","netid":"E8:9A:8F:7D:71:F9","name":null,"type":"infra","comment":null,"wep":"W","channel":11,"bcninterval":0,"freenet":"?","dhcp":"?","paynet":"?","userfound":false,"encryption":"wpa"},{"trilat":14.673420910000000816353349364362657070159912109375,"trilong":121.0801239000000038004145608283579349517822265625,"ssid":"CTI-WIFI","qos":0,"transid":"20160505-00000","firsttime":"2016-03-21T09:00:00.000Z","lasttime":"2016-05-05T10:00:00.000Z","lastupdt":"2016-05-05T10:00:00.000Z","housenumber":null,"road":null,"city":null,"region":null,"country":null,"netid":"E8:DE:27:49:83:AC","name":null,"type":"infra","comment":null,"wep":"Y","channel":6,"bcninterval":0,"freenet":"?","dhcp":"?","paynet":"?","userfound":false,"encryption":"wep"},{"trilat":14.68375683000000009315044735558331012725830078125,"trilong":121.0856018100000000004001776687800884246826171875,"ssid":null,"qos":0,"transid":"20160505-00000","firsttime":"2016-03-21T09:00:00.000Z","lasttime":"2016-05-05T10:00:00.000Z","lastupdt":"2016-05-05T10:00:00.000Z","housenumber":null,"road":null,"city":null,"region":null,"country":null,"netid":"AC:A3:1E:9F:38:F1","name":null,"type":"infra","comment":null,"wep":"2","channel":157,"bcninterval":0,"freenet":"?","dhcp":"?","paynet":"?","userfound":false,"encryption":"wpa2"},{"trilat":14.690205569999999823949110577814280986785888671875,"trilong":121.08537291999999752079020254313945770263671875,"ssid":"LynBasil","qos":0,"transid":"20130817-00000","firsttime":"2001-01-01T08:00:00.000Z","lasttime":"2013-08-17T03:00:00.000Z","lastupdt":"2013-08-17T01:00:00.000Z","housenumber":null,"road":null,"city":null,"region":"Metro Manila","country":"PH","netid":"E8:CD:2D:7E:EF:5A","name":null,"type":"infra","comment":null,"wep":"2","channel":1,"bcninterval":0,"freenet":"?","dhcp":"?","paynet":"?","userfound":false,"encryption":"wpa2"},{"trilat":14.675974849999999349847712437622249126434326171875,"trilong":121.081909179999996695187292061746120452880859375,"ssid":"JESUS","qos":0,"transid":"20160505-00000","firsttime":"2016-03-21T09:00:00.000Z","lasttime":"2016-05-05T10:00:00.000Z","lastupdt":"2016-05-05T10:00:00.000Z","housenumber":null,"road":null,"city":null,"region":null,"country":null,"netid":"AC:CF:85:58:E6:D0","name":null,"type":"infra","comment":null,"wep":"2","channel":1,"bcninterval":0,"freenet":"?","dhcp":"?","paynet":"?","userfound":false,"encryption":"wpa2"},{"trilat":14.6762332900000007640528565389104187488555908203125,"trilong":121.0820007300000042960164137184619903564453125,"ssid":"friendly jezz","qos":0,"transid":"20160505-00000","firsttime":"2016-03-25T08:00:00.000Z","lasttime":"2016-05-05T10:00:00.000Z","lastupdt":"2017-03-05T18:00:00.000Z","housenumber":null,"road":null,"city":null,"region":null,"country":null,"netid":"AC:CF:85:20:CA:9F","name":null,"type":"infra","comment":null,"wep":"2","channel":6,"bcninterval":0,"freenet":"?","dhcp":"?","paynet":"?","userfound":false,"encryption":"wpa2"},{"trilat":14.6863050499999996389988154987804591655731201171875,"trilong":121.08621216000000231360900215804576873779296875,"ssid":"PLDTMyDSL","qos":1,"transid":"20150126-00000","firsttime":"2015-01-26T22:00:00.000Z","lasttime":"2015-01-26T07:00:00.000Z","lastupdt":"2015-07-26T00:00:00.000Z","housenumber":null,"road":null,"city":null,"region":null,"country":null,"netid":"FC:8B:97:EC:1B:FA","name":null,"type":"infra","comment":null,"wep":"2","channel":11,"bcninterval":0,"freenet":"?","dhcp":"?","paynet":"?","userfound":false,"encryption":"wpa2"},{"trilat":14.672005649999999121746441232971847057342529296875,"trilong":121.07868958000000247920979745686054229736328125,"ssid":"PLDTMyDSL_PRIMETECH","qos":2,"transid":"20150126-00000","firsttime":"2015-01-26T22:00:00.000Z","lasttime":"2016-05-05T10:00:00.000Z","lastupdt":"2016-05-05T10:00:00.000Z","housenumber":null,"road":null,"city":null,"region":null,"country":null,"netid":"FC:8B:97:EC:47:DD","name":null,"type":"infra","comment":null,"wep":"2","channel":11,"bcninterval":0,"freenet":"?","dhcp":"?","paynet":"?","userfound":false,"encryption":"wpa2"},{"trilat":14.676470760000000836953404359519481658935546875,"trilong":121.0820999099999966119867167435586452484130859375,"ssid":"PLDTMyDSLGuestCebuLechon","qos":1,"transid":"20140917-00000","firsttime":"2014-09-16T21:00:00.000Z","lasttime":"2015-01-26T07:00:00.000Z","lastupdt":"2015-07-26T00:00:00.000Z","housenumber":null,"road":null,"city":null,"region":null,"country":null,"netid":"FC:F5:28:3D:C3:E9","name":null,"type":"infra","comment":null,"wep":"2","channel":11,"bcninterval":0,"freenet":"?","dhcp":"?","paynet":"?","userfound":false,"encryption":"wpa2"},{"trilat":14.6716280000000001138005245593376457691192626953125,"trilong":121.079216000000002395609044469892978668212890625,"ssid":"PLDTMyDSL","qos":0,"transid":"20140917-00000","firsttime":"2014-09-16T21:00:00.000Z","lasttime":"2014-09-17T10:00:00.000Z","lastupdt":"2015-07-26T00:00:00.000Z","housenumber":null,"road":null,"city":null,"region":null,"country":null,"netid":"FC:F5:28:40:B9:F8","name":null,"type":"infra","comment":null,"wep":"2","channel":11,"bcninterval":0,"freenet":"?","dhcp":"?","paynet":"?","userfound":false,"encryption":"wpa2"},{"trilat":14.67307090999999985569957061670720577239990234375,"trilong":121.0798644999999993387973518110811710357666015625,"ssid":"yuhlla","qos":0,"transid":"20130416-00000","firsttime":"2013-04-16T15:00:00.000Z","lasttime":"2013-04-16T21:00:00.000Z","lastupdt":"2013-04-16T19:00:00.000Z","housenumber":null,"road":null,"city":null,"region":"Metro Manila","country":"PH","netid":"F8:D1:11:7A:23:70","name":null,"type":"infra","comment":null,"wep":"2","channel":1,"bcninterval":0,"freenet":"?","dhcp":"?","paynet":"?","userfound":false,"encryption":"wpa2"},{"trilat":14.6725759500000005886022336198948323726654052734375,"trilong":121.07952880999999933919752947986125946044921875,"ssid":"PLDTMyDSL","qos":1,"transid":"20140917-00000","firsttime":"2014-09-16T21:00:00.000Z","lasttime":"2015-01-26T07:00:00.000Z","lastupdt":"2015-07-26T00:00:00.000Z","housenumber":null,"road":null,"city":null,"region":null,"country":null,"netid":"BC:96:80:D9:4B:76","name":null,"type":"infra","comment":null,"wep":"2","channel":11,"bcninterval":0,"freenet":"?","dhcp":"?","paynet":"?","userfound":false,"encryption":"wpa2"},{"trilat":14.681087489999999462497726199217140674591064453125,"trilong":121.0844192499999962819856591522693634033203125,"ssid":"awn_voip","qos":0,"transid":"20160505-00000","firsttime":"2016-03-21T09:00:00.000Z","lasttime":"2016-05-05T10:00:00.000Z","lastupdt":"2016-05-05T10:00:00.000Z","housenumber":null,"road":null,"city":null,"region":null,"country":null,"netid":"F4:7F:35:05:14:F2","name":null,"type":"infra","comment":null,"wep":"2","channel":1,"bcninterval":0,"freenet":"?","dhcp":"?","paynet":"?","userfound":false,"encryption":"wpa2"},{"trilat":14.6813106500000003507011570036411285400390625,"trilong":121.08453369000000066080247052013874053955078125,"ssid":"awn_cafe","qos":0,"transid":"20160505-00000","firsttime":"2016-03-21T09:00:00.000Z","lasttime":"2016-05-05T10:00:00.000Z","lastupdt":"2016-05-05T10:00:00.000Z","housenumber":null,"road":null,"city":null,"region":null,"country":null,"netid":"F4:7F:35:05:14:F4","name":null,"type":"infra","comment":null,"wep":"2","channel":1,"bcninterval":0,"freenet":"?","dhcp":"?","paynet":"?","userfound":false,"encryption":"wpa2"},{"trilat":14.672387119999999782749000587500631809234619140625,"trilong":121.079086300000000164800439961254596710205078125,"ssid":"PLDTMyDSL2014","qos":1,"transid":"20140917-00000","firsttime":"2014-09-16T21:00:00.000Z","lasttime":"2015-01-26T07:00:00.000Z","lastupdt":"2015-07-26T00:00:00.000Z","housenumber":null,"road":null,"city":null,"region":null,"country":null,"netid":"FC:8B:97:EB:57:BB","name":null,"type":"infra","comment":null,"wep":"2","channel":5,"bcninterval":0,"freenet":"?","dhcp":"?","paynet":"?","userfound":false,"encryption":"wpa2"},{"trilat":14.67568207000000057860233937390148639678955078125,"trilong":121.0833740199999937203756417147815227508544921875,"ssid":"Router2","qos":0,"transid":"20150222-00000","firsttime":"2001-01-01T08:00:00.000Z","lasttime":"2015-09-16T09:00:00.000Z","lastupdt":"2015-09-16T09:00:00.000Z","housenumber":null,"road":null,"city":null,"region":null,"country":null,"netid":"C0:4A:00:DB:29:9C","name":null,"type":"infra","comment":null,"wep":"2","channel":1,"bcninterval":0,"freenet":"?","dhcp":"?","paynet":"?","userfound":false,"encryption":"wpa2"},{"trilat":14.67284489000000036185156204737722873687744140625,"trilong":121.076583859999999503997969441115856170654296875,"ssid":"PLDTMyDSLBiz","qos":5,"transid":"20141008-00000","firsttime":"2014-10-06T18:00:00.000Z","lasttime":"2015-07-26T00:00:00.000Z","lastupdt":"2015-07-26T00:00:00.000Z","housenumber":null,"road":null,"city":null,"region":null,"country":null,"netid":"EC:43:F6:B8:9D:74","name":null,"type":"infra","comment":null,"wep":"2","channel":11,"bcninterval":0,"freenet":"?","dhcp":"?","paynet":"?","userfound":false,"encryption":"wpa2"}]}