{"success":true,"totalResults":690,"search_after":57481384,"first":1,"last":100,"resultCount":100,"results":[{"trilat":14.6807241400000005882020559511147439479827880859375,"trilong":121.0801925699999941343776299618184566497802734375,"ssid":"HP-Print-3F-LaserJet 1102","qos":3,"transid":"20150202-00000","firsttime":"2015-01-29T14:00:00.000Z","lasttime":"2017-03-26T07:00:00.000Z","lastupdt":"2017-03-26T07:00:00.000Z","housenumber":null,"road":null,"city":null,"region":null,"country":null,"netid":"9C:AD:97:04:0E:3F","name":null,"type":"infra","comment":null,"wep":"?","channel":6,"bcninterval":0,"freenet":"?","dhcp":"?","paynet":"?","userfound":false,"encryption":"unknown"},{"trilat":14.6727695499999999384499460575170814990997314453125,"trilong":121.0791244499999947947799228131771087646484375,"ssid":"Chowking-Luzon-Ave.","qos":0,"transid":"20160505-00000","firsttime":"2016-03-21T09:00:00.000Z","lasttime":"2016-05-05T10:00:00.000Z","lastupdt":"2016-05-05T10:00:00.000Z","housenumber":null,"road":null,"city":null,"region":null,"country":null,"netid":"6C:72:20:F8:8C:C6","name":null,"type":"infra","comment":null,"wep":"2","channel":1,"bcninterval":0,"freenet":"?","dhcp":"?","paynet":"?","userfound":false,"encryption":"wpa2"},{"trilat":14.6858196299999992362472767126746475696563720703125,"trilong":121.0862655600000010736039257608354091644287109375,"ssid":"nerissa","qos":2,"transid":"20140917-00000","firsttime":"2014-09-16T21:00:00.000Z","lasttime":"2015-01-26T07:00:00.000Z","lastupdt":"2015-07-26T00:00:00.000Z","housenumber":null,"road":null,"city":null,"region":null,"country":null,"netid":"D0:7A:B5:5F:8D:0E","name":null,"type":"infra","comment":null,"wep":"2","channel":6,"bcninterval":0,"freenet":"?","dhcp":"?","paynet":"?","userfound":false,"encryption":"wpa2"},{"trilat":14.6863574999999997316990629769861698150634765625,"trilong":121.08676146999999900799593888223171234130859375,"ssid":"HUAWEI-E5220-3f95","qos":0,"transid":"20160505-00000","firsttime":"2016-03-21T09:00:00.000Z","lasttime":"2016-05-05T10:00:00.000Z","lastupdt":"2016-05-05T10:00:00.000Z","housenumber":null,"road":null,"city":null,"region":null,"country":null,"netid":"D0:7A:B5:CA:3F:95","name":null,"type":"infra","comment":null,"wep":"2","channel":6,"bcninterval":0,"freenet":"?","dhcp":"?","paynet":"?","userfound":false,"encryption":"wpa2"},{"trilat":14.6769151699999991222966855275444686412811279296875,"trilong":121.0824890100000033044125302694737911224365234375,"ssid":"dlink_Lab3","qos":0,"transid":"20160505-00000","firsttime":"2016-03-21T09:00:00.000Z","lasttime":"2016-05-05T10:00:00.000Z","lastupdt":"2016-05-05T10:00:00.000Z","housenumber":null,"road":null,"city":null,"region":null,"country":null,"netid":"6C:19:8F:05:B9:6C","name":null,"type":"infra","comment":null,"wep":"2","channel":7,"bcninterval":0,"freenet":"?","dhcp":"?","paynet":"?","userfound":false,"encryption":"wpa2"},{"trilat":14.690494539999999545898390351794660091400146484375,"trilong":121.0870056199999993395977071486413478851318359375,"ssid":"nelbha","qos":0,"transid":"20150126-00000","firsttime":"2015-01-26T22:00:00.000Z","lasttime":"2015-01-26T07:00:00.000Z","lastupdt":"2015-07-26T00:00:00.000Z","housenumber":null,"road":null,"city":null,"region":null,"country":null,"netid":"A4:7E:39:AE:4F:C0","name":null,"type":"infra","comment":null,"wep":"2","channel":13,"bcninterval":0,"freenet":"?","dhcp":"?","paynet":"?","userfound":false,"encryption":"wpa2"},{"trilat":14.6886787400000002890010364353656768798828125,"trilong":121.086898800000000164800439961254596710205078125,"ssid":"Randolph Tailoring","qos":0,"transid":"20150126-00000","firsttime":"2015-01-26T22:00:00.000Z","lasttime":"2015-01-26T07:00:00.000Z","lastupdt":"2015-07-26T00:00:00.000Z","housenumber":null,"road":null,"city":null,"region":null,"country":null,"netid":"A4:7E:39:AE:62:E0","name":null,"type":"infra","comment":null,"wep":"2","channel":10,"bcninterval":0,"freenet":"?","dhcp":"?","paynet":"?","userfound":false,"encryption":"wpa2"},{"trilat":14.6792516699999993079472915269434452056884765625,"trilong":121.084671020000001817606971599161624908447265625,"ssid":"Serbie","qos":0,"transid":"20140917-00000","firsttime":"2014-09-16T21:00:00.000Z","lasttime":"2014-09-17T10:00:00.000Z","lastupdt":"2015-07-26T00:00:00.000Z","housenumber":null,"road":null,"city":null,"region":null,"country":null,"netid":"A2:EA:96:29:46:29","name":null,"type":"infra","comment":null,"wep":"2","channel":6,"bcninterval":0,"freenet":"?","dhcp":"?","paynet":"?","userfound":false,"encryption":"wpa2"},{"trilat":14.6902341799999991422964740195311605930328369140625,"trilong":121.0825805700000046272180043160915374755859375,"ssid":"VIPinoy","qos":0,"transid":"20170304-00000","firsttime":"2001-01-01T08:00:00.000Z","lasttime":"2017-06-09T05:00:00.000Z","lastupdt":"2017-06-09T05:00:00.000Z","housenumber":null,"road":null,"city":null,"region":null,"country":null,"netid":"84:18:3A:4F:F2:8D","name":null,"type":"infra","comment":null,"wep":"W","channel":44,"bcninterval":0,"freenet":"?","dhcp":"?","paynet":"?","userfound":false,"encryption":"wpa"},{"trilat":14.690621379999999618348738295026123523712158203125,"trilong":121.0813903800000019828075892291963100433349609375,"ssid":"LorenzanaPocketWiFi","qos":0,"transid":"20160227-00000","firsttime":"2001-01-01T08:00:00.000Z","lasttime":"2016-02-27T07:00:00.000Z","lastupdt":"2016-02-27T07:00:00.000Z","housenumber":null,"road":null,"city":null,"region":null,"country":null,"netid":"9A:6C:F5:45:02:E8","name":null,"type":"infra","comment":null,"wep":"2","channel":6,"bcninterval":0,"freenet":"?","dhcp":"?","paynet":"?","userfound":false,"encryption":"wpa2"},{"trilat":14.6828708599999995243479133932851254940032958984375,"trilong":121.085525509999996529586496762931346893310546875,"ssid":"EIGenTech Corporation","qos":1,"transid":"20130416-00000","firsttime":"2013-04-16T13:00:00.000Z","lasttime":"2013-04-24T23:00:00.000Z","lastupdt":"2013-04-24T21:00:00.000Z","housenumber":null,"road":null,"city":null,"region":"Metro Manila","country":"PH","netid":"98:FC:11:96:13:D9","name":null,"type":"infra","comment":null,"wep":"2","channel":6,"bcninterval":0,"freenet":"?","dhcp":"?","paynet":"?","userfound":false,"encryption":"wpa2"},{"trilat":14.6902341799999991422964740195311605930328369140625,"trilong":121.0825805700000046272180043160915374755859375,"ssid":"NTDCCPOS","qos":0,"transid":"20170304-00000","firsttime":"2001-01-01T08:00:00.000Z","lasttime":"2017-06-09T05:00:00.000Z","lastupdt":"2017-06-09T05:00:00.000Z","housenumber":null,"road":null,"city":null,"region":null,"country":null,"netid":"84:18:3A:CF:F2:8C","name":null,"type":"infra","comment":null,"wep":"2","channel":44,"bcninterval":0,"freenet":"?","dhcp":"?","paynet":"?","userfound":false,"encryption":"wpa2"},{"trilat":14.6902341799999991422964740195311605930328369140625,"trilong":121.0825805700000046272180043160915374755859375,"ssid":"Family Lounge","qos":0,"transid":"20170304-00000","firsttime":"2001-01-01T08:00:00.000Z","lasttime":"2017-06-09T05:00:00.000Z","lastupdt":"2017-06-09T05:00:00.000Z","housenumber":null,"road":null,"city":null,"region":null,"country":null,"netid":"84:18:3A:8F:F2:8D","name":null,"type":"infra","comment":null,"wep":"W","channel":44,"bcninterval":0,"freenet":"?","dhcp":"?","paynet":"?","userfound":false,"encryption":"wpa"},{"trilat":14.6762399699999992463972375844605267047882080078125,"trilong":121.0775756799999953727819956839084625244140625,"ssid":"HUAWEI-E5330-7F7C","qos":0,"transid":"20150731-00000","firsttime":"2015-07-31T19:00:00.000Z","lasttime":"2015-07-31T21:00:00.000Z","lastupdt":"2015-07-31T21:00:00.000Z","housenumber":null,"road":null,"city":null,"region":null,"country":null,"netid":"80:71:7A:68:7F:7C","name":null,"type":"infra","comment":null,"wep":"2","channel":3,"bcninterval":0,"freenet":"?","dhcp":"?","paynet":"?","userfound":false,"encryption":"wpa2"},{"trilat":14.67779254999999949404809740372002124786376953125,"trilong":121.083526610000006940026651136577129364013671875,"ssid":"Noj Wifi","qos":0,"transid":"20130507-00000","firsttime":"2013-05-07T16:00:00.000Z","lasttime":"2013-05-07T06:00:00.000Z","lastupdt":"2013-05-07T04:00:00.000Z","housenumber":null,"road":null,"city":null,"region":"Metro Manila","country":"PH","netid":"70:72:3C:DF:37:63","name":null,"type":"infra","comment":null,"wep":"Y","channel":6,"bcninterval":0,"freenet":"?","dhcp":"?","paynet":"?","userfound":false,"encryption":"wep"},{"trilat":14.67477416999999917379682301543653011322021484375,"trilong":121.0866699200000056180215324275195598602294921875,"ssid":"Virus Detected","qos":0,"transid":"20131220-00000","firsttime":"2013-12-18T13:00:00.000Z","lasttime":"2013-12-20T05:00:00.000Z","lastupdt":"2013-12-20T03:00:00.000Z","housenumber":null,"road":null,"city":null,"region":"Metro Manila","country":"PH","netid":"70:72:3C:E1:19:DF","name":null,"type":"infra","comment":null,"wep":"W","channel":6,"bcninterval":0,"freenet":"?","dhcp":"?","paynet":"?","userfound":false,"encryption":"wpa"},{"trilat":14.68758202000000068210283643566071987152099609375,"trilong":121.087043760000000247600837610661983489990234375,"ssid":"B315_840C3","qos":0,"transid":"20160505-00000","firsttime":"2016-03-21T09:00:00.000Z","lasttime":"2016-05-05T10:00:00.000Z","lastupdt":"2016-05-05T10:00:00.000Z","housenumber":null,"road":null,"city":null,"region":null,"country":null,"netid":"74:A5:28:A8:40:C3","name":null,"type":"infra","comment":null,"wep":"2","channel":5,"bcninterval":0,"freenet":"?","dhcp":"?","paynet":"?","userfound":false,"encryption":"wpa2"},{"trilat":14.67195702000000068210283643566071987152099609375,"trilong":121.078552250000001322405296377837657928466796875,"ssid":"Webdev","qos":2,"transid":"20150126-00000","firsttime":"2015-01-26T22:00:00.000Z","lasttime":"2016-05-05T10:00:00.000Z","lastupdt":"2016-05-05T10:00:00.000Z","housenumber":null,"road":null,"city":null,"region":null,"country":null,"netid":"C8:D7:19:17:6B:1E","name":null,"type":"infra","comment":null,"wep":"2","channel":4,"bcninterval":0,"freenet":"?","dhcp":"?","paynet":"?","userfound":false,"encryption":"wpa2"},{"trilat":14.6788559000000002896513251471333205699920654296875,"trilong":121.0784988399999946295793051831424236297607421875,"ssid":"island-2078B0","qos":0,"transid":"20161206-00000","firsttime":"2001-01-01T08:00:00.000Z","lasttime":"2016-12-06T07:00:00.000Z","lastupdt":"2016-12-06T07:00:00.000Z","housenumber":null,"road":null,"city":null,"region":null,"country":null,"netid":"74:91:1A:60:78:B3","name":null,"type":"infra","comment":null,"wep":"2","channel":6,"bcninterval":0,"freenet":"?","dhcp":"?","paynet":"?","userfound":false,"encryption":"wpa2"},{"trilat":14.6914806399999999797501004650257527828216552734375,"trilong":121.08424377000000049520167522132396697998046875,"ssid":"menganese","qos":0,"transid":"20170609-00000","firsttime":"2001-01-01T08:00:00.000Z","lasttime":"2017-06-09T05:00:00.000Z","lastupdt":"2017-06-09T05:00:00.000Z","housenumber":null,"road":null,"city":null,"region":null,"country":null,"netid":"78:00:9E:2C:D4:E8","name":null,"type":"infra","comment":null,"wep":"2","channel":6,"bcninterval":0,"freenet":"?","dhcp":"?","paynet":"?","userfound":false,"encryption":"wpa2"},{"trilat":14.687740330000000454901964985765516757965087890625,"trilong":121.07926940999999487758032046258449554443359375,"ssid":"Coffeebean","qos":0,"transid":"20140508-00000","firsttime":"2014-04-26T17:00:00.000Z","lasttime":"2017-06-09T05:00:00.000Z","lastupdt":"2017-06-09T05:00:00.000Z","housenumber":null,"road":null,"city":null,"region":null,"country":null,"netid":"C8:B3:73:36:4B:6B","name":null,"type":"infra","comment":null,"wep":"2","channel":1,"bcninterval":0,"freenet":"?","dhcp":"?","paynet":"?","userfound":false,"encryption":"wpa2"},{"trilat":14.67667961000000076410287874750792980194091796875,"trilong":121.082290650000004461617209017276763916015625,"ssid":"PLDTMyDSL","qos":4,"transid":"20140917-00000","firsttime":"2014-09-16T21:00:00.000Z","lasttime":"2016-05-05T10:00:00.000Z","lastupdt":"2016-05-05T10:00:00.000Z","housenumber":null,"road":null,"city":null,"region":null,"country":null,"netid":"90:61:0C:11:4B:A1","name":null,"type":"infra","comment":null,"wep":"2","channel":11,"bcninterval":0,"freenet":"?","dhcp":"?","paynet":"?","userfound":false,"encryption":"wpa2"},{"trilat":14.6885452300000007852531780372373759746551513671875,"trilong":121.0870361300000013216049410402774810791015625,"ssid":"PLDTMyDSL","qos":2,"transid":"20140917-00000","firsttime":"2014-09-16T21:00:00.000Z","lasttime":"2015-01-26T07:00:00.000Z","lastupdt":"2015-07-26T00:00:00.000Z","housenumber":null,"road":null,"city":null,"region":null,"country":null,"netid":"90:61:0C:12:CC:99","name":null,"type":"infra","comment":null,"wep":"2","channel":11,"bcninterval":0,"freenet":"?","dhcp":"?","paynet":"?","userfound":false,"encryption":"wpa2"},{"trilat":14.67215632999999996854967321269214153289794921875,"trilong":121.079246519999998099592630751430988311767578125,"ssid":"PLDTMyDSLeZe","qos":3,"transid":"20130416-00000","firsttime":"2013-04-16T13:00:00.000Z","lasttime":"2013-05-07T06:00:00.000Z","lastupdt":"2013-05-07T04:00:00.000Z","housenumber":null,"road":null,"city":null,"region":"Metro Manila","country":"PH","netid":"90:61:0C:0D:70:E9","name":null,"type":"infra","comment":null,"wep":"2","channel":11,"bcninterval":0,"freenet":"?","dhcp":"?","paynet":"?","userfound":false,"encryption":"wpa2"},{"trilat":14.6866903299999993492974681430496275424957275390625,"trilong":121.086624150000005784022505395114421844482421875,"ssid":"lavares","qos":0,"transid":"20130506-00000","firsttime":"2013-05-06T16:00:00.000Z","lasttime":"2013-05-06T09:00:00.000Z","lastupdt":"2013-05-06T07:00:00.000Z","housenumber":null,"road":null,"city":null,"region":"Metro Manila","country":"PH","netid":"90:61:0C:0D:BE:74","name":null,"type":"infra","comment":null,"wep":"2","channel":1,"bcninterval":0,"freenet":"?","dhcp":"?","paynet":"?","userfound":false,"encryption":"wpa2"},{"trilat":14.677896499999999235797076835297048091888427734375,"trilong":121.083297729999998182393028400838375091552734375,"ssid":"PLDTMyDSL","qos":0,"transid":"20140917-00000","firsttime":"2014-09-16T21:00:00.000Z","lasttime":"2014-09-17T10:00:00.000Z","lastupdt":"2015-07-26T00:00:00.000Z","housenumber":null,"road":null,"city":null,"region":null,"country":null,"netid":"90:61:0C:0E:B3:76","name":null,"type":"infra","comment":null,"wep":"2","channel":11,"bcninterval":0,"freenet":"?","dhcp":"?","paynet":"?","userfound":false,"encryption":"wpa2"},{"trilat":14.6840295800000006920527084730565547943115234375,"trilong":121.0857238800000033052128856070339679718017578125,"ssid":"HUAWEI-E5330-5BF3","qos":0,"transid":"20160505-00000","firsttime":"2016-03-21T09:00:00.000Z","lasttime":"2016-05-05T10:00:00.000Z","lastupdt":"2016-05-05T10:00:00.000Z","housenumber":null,"road":null,"city":null,"region":null,"country":null,"netid":"8C:34:FD:C7:5B:F3","name":null,"type":"infra","comment":null,"wep":"2","channel":10,"bcninterval":0,"freenet":"?","dhcp":"?","paynet":"?","userfound":false,"encryption":"wpa2"},{"trilat":14.6743831599999996484484654502011835575103759765625,"trilong":121.08078765999999859559466131031513214111328125,"ssid":"PLDTHOMEDSL","qos":1,"transid":"20160505-00000","firsttime":"2016-03-21T09:00:00.000Z","lasttime":"2016-05-05T10:00:00.000Z","lastupdt":"2016-05-05T10:00:00.000Z","housenumber":null,"road":null,"city":null,"region":null,"country":null,"netid":"90:61:0C:1F:63:65","name":null,"type":"infra","comment":null,"wep":"2","channel":11,"bcninterval":0,"freenet":"?","dhcp":"?","paynet":"?","userfound":false,"encryption":"wpa2"},{"trilat":14.6891517599999996690485204453580081462860107421875,"trilong":121.0871200600000037184145185165107250213623046875,"ssid":"Exclusive","qos":1,"transid":"20140917-00000","firsttime":"2014-09-16T21:00:00.000Z","lasttime":"2015-01-26T07:00:00.000Z","lastupdt":"2015-07-26T00:00:00.000Z","housenumber":null,"road":null,"city":null,"region":null,"country":null,"netid":"84:82:F4:00:3A:2B","name":null,"type":"infra","comment":null,"wep":"?","channel":1,"bcninterval":0,"freenet":"?","dhcp":"?","paynet":"?","userfound":false,"encryption":"unknown"},{"trilat":14.679846760000000216450644074939191341400146484375,"trilong":121.0837326000000047088178689591586589813232421875,"ssid":"AndroidAp","qos":0,"transid":"20130507-00000","firsttime":"2013-05-07T16:00:00.000Z","lasttime":"2013-05-07T06:00:00.000Z","lastupdt":"2013-05-07T04:00:00.000Z","housenumber":null,"road":null,"city":null,"region":"Metro Manila","country":"PH","netid":"84:74:2A:C4:07:C4","name":null,"type":"infra","comment":null,"wep":"N","channel":6,"bcninterval":0,"freenet":"?","dhcp":"?","paynet":"?","userfound":false,"encryption":"none"},{"trilat":14.67587089999999960809873300604522228240966796875,"trilong":121.0816650400000042964165913872420787811279296875,"ssid":"GETYOUROWNWIFI","qos":0,"transid":"20160505-00000","firsttime":"2016-03-23T15:00:00.000Z","lasttime":"2016-05-05T10:00:00.000Z","lastupdt":"2016-05-05T10:00:00.000Z","housenumber":null,"road":null,"city":null,"region":null,"country":null,"netid":"9E:A9:E4:D4:06:2E","name":null,"type":"infra","comment":null,"wep":"2","channel":1,"bcninterval":0,"freenet":"?","dhcp":"?","paynet":"?","userfound":false,"encryption":"wpa2"},{"trilat":14.680662160000000682202880852855741977691650390625,"trilong":121.0842056299999995871985447593033313751220703125,"ssid":"WiFi.JMU_Steel","qos":0,"transid":"20150126-00000","firsttime":"2015-01-26T22:00:00.000Z","lasttime":"2015-01-26T07:00:00.000Z","lastupdt":"2015-07-26T00:00:00.000Z","housenumber":null,"road":null,"city":null,"region":null,"country":null,"netid":"9E:A9:E4:D8:BD:47","name":null,"type":"infra","comment":null,"wep":"2","channel":6,"bcninterval":0,"freenet":"?","dhcp":"?","paynet":"?","userfound":false,"encryption":"wpa2"},{"trilat":14.67753124000000042315150494687259197235107421875,"trilong":121.0828170799999980999928084202110767364501953125,"ssid":"jun","qos":0,"transid":"20160505-00000","firsttime":"2016-03-21T09:00:00.000Z","lasttime":"2016-05-05T10:00:00.000Z","lastupdt":"2016-05-05T10:00:00.000Z","housenumber":null,"road":null,"city":null,"region":null,"country":null,"netid":"9C:D6:43:D0:26:2C","name":null,"type":"infra","comment":null,"wep":"Y","channel":7,"bcninterval":0,"freenet":"?","dhcp":"?","paynet":"?","userfound":false,"encryption":"wep"},{"trilat":14.690494539999999545898390351794660091400146484375,"trilong":121.0870056199999993395977071486413478851318359375,"ssid":"delia","qos":0,"transid":"20150126-00000","firsttime":"2015-01-26T22:00:00.000Z","lasttime":"2015-01-26T07:00:00.000Z","lastupdt":"2015-07-26T00:00:00.000Z","housenumber":null,"road":null,"city":null,"region":null,"country":null,"netid":"E4:77:23:A5:51:08","name":null,"type":"infra","comment":null,"wep":"2","channel":4,"bcninterval":0,"freenet":"?","dhcp":"?","paynet":"?","userfound":false,"encryption":"wpa2"},{"trilat":14.6863050499999996389988154987804591655731201171875,"trilong":121.08621216000000231360900215804576873779296875,"ssid":"ajienomoto","qos":1,"transid":"20150126-00000","firsttime":"2015-01-26T22:00:00.000Z","lasttime":"2015-01-26T07:00:00.000Z","lastupdt":"2015-07-26T00:00:00.000Z","housenumber":null,"road":null,"city":null,"region":null,"country":null,"netid":"E4:77:23:A5:9D:FC","name":null,"type":"infra","comment":null,"wep":"2","channel":4,"bcninterval":0,"freenet":"?","dhcp":"?","paynet":"?","userfound":false,"encryption":"wpa2"},{"trilat":14.675950050000000857153281685896217823028564453125,"trilong":121.0842056299999995871985447593033313751220703125,"ssid":"Edimax","qos":3,"transid":"20130416-00000","firsttime":"2013-04-16T13:00:00.000Z","lasttime":"2013-05-07T06:00:00.000Z","lastupdt":"2013-05-07T04:00:00.000Z","housenumber":null,"road":null,"city":null,"region":"Metro Manila","country":"PH","netid":"80:1F:02:59:91:42","name":null,"type":"infra","comment":null,"wep":"Y","channel":11,"bcninterval":0,"freenet":"?","dhcp":"?","paynet":"?","userfound":false,"encryption":"wep"},{"trilat":14.683752059999999772799128550104796886444091796875,"trilong":121.0855941800000010744042810983955860137939453125,"ssid":null,"qos":0,"transid":"20160505-00000","firsttime":"2016-03-21T09:00:00.000Z","lasttime":"2016-05-05T10:00:00.000Z","lastupdt":"2016-05-05T10:00:00.000Z","housenumber":null,"road":null,"city":null,"region":null,"country":null,"netid":"AC:A3:1E:9F:38:F2","name":null,"type":"infra","comment":null,"wep":"2","channel":157,"bcninterval":0,"freenet":"?","dhcp":"?","paynet":"?","userfound":false,"encryption":"wpa2"},{"trilat":14.6777591699999998553494151565246284008026123046875,"trilong":121.0795822099999980991924530826508998870849609375,"ssid":"AndroidAP","qos":1,"transid":"20160227-00000","firsttime":"2001-01-01T08:00:00.000Z","lasttime":"2016-02-27T07:00:00.000Z","lastupdt":"2016-02-27T07:00:00.000Z","housenumber":null,"road":null,"city":null,"region":null,"country":null,"netid":"90:C1:15:16:82:DF","name":null,"type":"infra","comment":null,"wep":"2","channel":11,"bcninterval":0,"freenet":"?","dhcp":"?","paynet":"?","userfound":false,"encryption":"wpa2"},{"trilat":14.6799287799999991221966411103494465351104736328125,"trilong":121.079277039999993803576217032968997955322265625,"ssid":"Lenovo A536","qos":0,"transid":"20150731-00000","firsttime":"2001-01-01T08:00:00.000Z","lasttime":"2015-07-31T21:00:00.000Z","lastupdt":"2015-07-31T21:00:00.000Z","housenumber":null,"road":null,"city":null,"region":null,"country":null,"netid":"AE:38:70:9B:A9:45","name":null,"type":"infra","comment":null,"wep":"2","channel":6,"bcninterval":0,"freenet":"?","dhcp":"?","paynet":"?","userfound":false,"encryption":"wpa2"},{"trilat":14.6724557900000007748531061224639415740966796875,"trilong":121.0794601399999947943797451443970203399658203125,"ssid":"belkin.34f4","qos":0,"transid":"20130416-00000","firsttime":"2013-04-16T13:00:00.000Z","lasttime":"2013-04-16T21:00:00.000Z","lastupdt":"2013-04-16T19:00:00.000Z","housenumber":null,"road":null,"city":null,"region":"Metro Manila","country":"PH","netid":"94:44:52:E4:B2:F4","name":null,"type":"infra","comment":null,"wep":"2","channel":6,"bcninterval":0,"freenet":"?","dhcp":"?","paynet":"?","userfound":false,"encryption":"wpa2"},{"trilat":14.6927270899999999898000169196166098117828369140625,"trilong":121.085899350000005370020517148077487945556640625,"ssid":"STARCINEMA","qos":0,"transid":"20170304-00000","firsttime":"2001-01-01T08:00:00.000Z","lasttime":"2017-06-09T05:00:00.000Z","lastupdt":"2017-06-09T05:00:00.000Z","housenumber":null,"road":null,"city":null,"region":null,"country":null,"netid":"84:18:3A:0F:F2:89","name":null,"type":"infra","comment":null,"wep":"2","channel":6,"bcninterval":0,"freenet":"?","dhcp":"?","paynet":"?","userfound":false,"encryption":"wpa2"},{"trilat":14.6927270899999999898000169196166098117828369140625,"trilong":121.085899350000005370020517148077487945556640625,"ssid":"VIPinoy","qos":0,"transid":"20170304-00000","firsttime":"2001-01-01T08:00:00.000Z","lasttime":"2017-06-09T05:00:00.000Z","lastupdt":"2017-06-09T05:00:00.000Z","housenumber":null,"road":null,"city":null,"region":null,"country":null,"netid":"84:18:3A:4F:F2:89","name":null,"type":"infra","comment":null,"wep":"W","channel":6,"bcninterval":0,"freenet":"?","dhcp":"?","paynet":"?","userfound":false,"encryption":"wpa"},{"trilat":14.6718759500000004436515155248343944549560546875,"trilong":121.0788650500000045440174289979040622711181640625,"ssid":"PLDTMyDSLBizGPTT","qos":0,"transid":"20160505-00000","firsttime":"2016-03-21T09:00:00.000Z","lasttime":"2016-05-05T10:00:00.000Z","lastupdt":"2016-05-05T10:00:00.000Z","housenumber":null,"road":null,"city":null,"region":null,"country":null,"netid":"92:EF:68:B4:9A:10","name":null,"type":"infra","comment":null,"wep":"2","channel":11,"bcninterval":0,"freenet":"?","dhcp":"?","paynet":"?","userfound":false,"encryption":"wpa2"},{"trilat":14.6763734800000005265019353828392922878265380859375,"trilong":121.070579530000003387613105587661266326904296875,"ssid":"JK","qos":0,"transid":"20160227-00000","firsttime":"2001-01-01T08:00:00.000Z","lasttime":"2016-02-27T07:00:00.000Z","lastupdt":"2016-02-27T07:00:00.000Z","housenumber":null,"road":null,"city":null,"region":null,"country":null,"netid":"D2:5B:A8:97:54:91","name":null,"type":"infra","comment":null,"wep":"2","channel":1,"bcninterval":0,"freenet":"?","dhcp":"?","paynet":"?","userfound":false,"encryption":"wpa2"},{"trilat":14.6866102200000003819013727479614317417144775390625,"trilong":121.0783462499999956207830109633505344390869140625,"ssid":"Love","qos":0,"transid":"20160227-00000","firsttime":"2001-01-01T08:00:00.000Z","lasttime":"2016-02-27T07:00:00.000Z","lastupdt":"2016-02-27T07:00:00.000Z","housenumber":null,"road":null,"city":null,"region":null,"country":null,"netid":"D2:5B:A8:5E:82:CD","name":null,"type":"infra","comment":null,"wep":"2","channel":13,"bcninterval":0,"freenet":"?","dhcp":"?","paynet":"?","userfound":false,"encryption":"wpa2"},{"trilat":14.6809263199999993076971804839558899402618408203125,"trilong":121.0843582199999985959948389790952205657958984375,"ssid":"Sun Wi-Fi_F7EF2D","qos":0,"transid":"20160505-00000","firsttime":"2016-03-21T09:00:00.000Z","lasttime":"2016-05-05T10:00:00.000Z","lastupdt":"2016-05-05T10:00:00.000Z","housenumber":null,"road":null,"city":null,"region":null,"country":null,"netid":"A2:EC:80:F7:EF:2D","name":null,"type":"infra","comment":null,"wep":"2","channel":13,"bcninterval":0,"freenet":"?","dhcp":"?","paynet":"?","userfound":false,"encryption":"wpa2"},{"trilat":14.67831039000000004079993232153356075286865234375,"trilong":121.0830612200000047096182242967188358306884765625,"ssid":"MIGUILITO","qos":0,"transid":"20150126-00000","firsttime":"2015-01-26T22:00:00.000Z","lasttime":"2015-01-26T07:00:00.000Z","lastupdt":"2015-07-26T00:00:00.000Z","housenumber":null,"road":null,"city":null,"region":null,"country":null,"netid":"AA:A6:68:58:E0:7F","name":null,"type":"infra","comment":null,"wep":"2","channel":1,"bcninterval":0,"freenet":"?","dhcp":"?","paynet":"?","userfound":false,"encryption":"wpa2"},{"trilat":14.67800998999999961824869387783110141754150390625,"trilong":121.0830612200000047096182242967188358306884765625,"ssid":"#mybhebhe23","qos":0,"transid":"20160505-00000","firsttime":"2016-03-21T09:00:00.000Z","lasttime":"2016-05-05T10:00:00.000Z","lastupdt":"2016-05-05T10:00:00.000Z","housenumber":null,"road":null,"city":null,"region":null,"country":null,"netid":"AA:A6:68:33:82:FD","name":null,"type":"infra","comment":null,"wep":"2","channel":13,"bcninterval":0,"freenet":"?","dhcp":"?","paynet":"?","userfound":false,"encryption":"wpa2"},{"trilat":14.6721315400000005269021130516193807125091552734375,"trilong":121.0793075600000037184145185165107250213623046875,"ssid":"U+zone","qos":3,"transid":"20130416-00000","firsttime":"2013-04-16T13:00:00.000Z","lasttime":"2013-05-07T06:00:00.000Z","lastupdt":"2013-05-07T04:00:00.000Z","housenumber":null,"road":null,"city":null,"region":"Metro Manila","country":"PH","netid":"00:02:A8:B0:4D:96","name":null,"type":"infra","comment":null,"wep":"2","channel":6,"bcninterval":0,"freenet":"?","dhcp":"?","paynet":"?","userfound":false,"encryption":"wpa2"},{"trilat":14.6833677300000005061519914306700229644775390625,"trilong":121.0854339600000031396120903082191944122314453125,"ssid":"FOUR-S GLASS","qos":0,"transid":"20160505-00000","firsttime":"2016-03-21T09:00:00.000Z","lasttime":"2016-05-05T10:00:00.000Z","lastupdt":"2016-05-05T10:00:00.000Z","housenumber":null,"road":null,"city":null,"region":null,"country":null,"netid":"9C:A9:E4:93:4F:5A","name":null,"type":"infra","comment":null,"wep":"2","channel":11,"bcninterval":0,"freenet":"?","dhcp":"?","paynet":"?","userfound":false,"encryption":"wpa2"},{"trilat":14.6859149900000005573019734583795070648193359375,"trilong":121.0868682899999981827932060696184635162353515625,"ssid":"dlink","qos":0,"transid":"20140917-00000","firsttime":"2014-09-16T21:00:00.000Z","lasttime":"2014-09-17T10:00:00.000Z","lastupdt":"2015-07-26T00:00:00.000Z","housenumber":null,"road":null,"city":null,"region":null,"country":null,"netid":"78:54:2E:F1:F2:D2","name":null,"type":"infra","comment":null,"wep":"2","channel":3,"bcninterval":0,"freenet":"?","dhcp":"?","paynet":"?","userfound":false,"encryption":"wpa2"},{"trilat":14.6724710500000004032017386634834110736846923828125,"trilong":121.0794830300000057832221500575542449951171875,"ssid":"Prolink-H6300G","qos":2,"transid":"20130416-00000","firsttime":"2013-04-16T13:00:00.000Z","lasttime":"2013-05-07T06:00:00.000Z","lastupdt":"2013-05-07T04:00:00.000Z","housenumber":null,"road":null,"city":null,"region":"Metro Manila","country":"PH","netid":"00:04:ED:B7:B0:93","name":null,"type":"infra","comment":null,"wep":"N","channel":1,"bcninterval":0,"freenet":"?","dhcp":"?","paynet":"?","userfound":false,"encryption":"none"},{"trilat":14.6772594499999993189476299448870122432708740234375,"trilong":121.0751190200000024788096197880804538726806640625,"ssid":"archivo1984","qos":0,"transid":"20130810-00000","firsttime":"2001-01-01T08:00:00.000Z","lasttime":"2013-08-10T02:00:00.000Z","lastupdt":"2013-08-10T00:00:00.000Z","housenumber":null,"road":null,"city":null,"region":"Metro Manila","country":"PH","netid":"90:5F:2E:3E:C5:AA","name":null,"type":"infra","comment":null,"wep":"2","channel":2,"bcninterval":0,"freenet":"?","dhcp":"?","paynet":"?","userfound":false,"encryption":"wpa2"},{"trilat":14.6908645599999996278484104550443589687347412109375,"trilong":121.087074279999995951584423892199993133544921875,"ssid":"Smart Bro_74C60D","qos":0,"transid":"20150126-00000","firsttime":"2015-01-26T22:00:00.000Z","lasttime":"2015-01-26T07:00:00.000Z","lastupdt":"2015-07-26T00:00:00.000Z","housenumber":null,"road":null,"city":null,"region":null,"country":null,"netid":"AA:A6:68:74:C6:0D","name":null,"type":"infra","comment":null,"wep":"2","channel":1,"bcninterval":0,"freenet":"?","dhcp":"?","paynet":"?","userfound":false,"encryption":"wpa2"},{"trilat":14.67587089999999960809873300604522228240966796875,"trilong":121.0816650400000042964165913872420787811279296875,"ssid":"mca","qos":0,"transid":"20160505-00000","firsttime":"2016-03-23T15:00:00.000Z","lasttime":"2016-05-05T10:00:00.000Z","lastupdt":"2016-05-05T10:00:00.000Z","housenumber":null,"road":null,"city":null,"region":null,"country":null,"netid":"AA:A6:68:74:CC:BC","name":null,"type":"infra","comment":null,"wep":"2","channel":6,"bcninterval":0,"freenet":"?","dhcp":"?","paynet":"?","userfound":false,"encryption":"wpa2"},{"trilat":14.6878356899999999995998223312199115753173828125,"trilong":121.077857969999996612386894412338733673095703125,"ssid":"PLDTMyDSLR","qos":0,"transid":"20160315-00000","firsttime":"2001-01-01T09:00:00.000Z","lasttime":"2016-03-15T22:00:00.000Z","lastupdt":"2016-03-15T22:00:00.000Z","housenumber":null,"road":null,"city":null,"region":null,"country":null,"netid":"90:61:0C:0E:76:A6","name":null,"type":"infra","comment":null,"wep":"W","channel":11,"bcninterval":0,"freenet":"?","dhcp":"?","paynet":"?","userfound":false,"encryption":"wpa"},{"trilat":14.690494539999999545898390351794660091400146484375,"trilong":121.0870056199999993395977071486413478851318359375,"ssid":"JJ8 auto supply","qos":0,"transid":"20150126-00000","firsttime":"2015-01-26T22:00:00.000Z","lasttime":"2015-01-26T07:00:00.000Z","lastupdt":"2015-07-26T00:00:00.000Z","housenumber":null,"road":null,"city":null,"region":null,"country":null,"netid":"A4:7E:39:AE:64:CC","name":null,"type":"infra","comment":null,"wep":"2","channel":11,"bcninterval":0,"freenet":"?","dhcp":"?","paynet":"?","userfound":false,"encryption":"wpa2"},{"trilat":14.673238749999999441797626786865293979644775390625,"trilong":121.07962799000000586602254770696163177490234375,"ssid":"PLDTMyDSL","qos":0,"transid":"20140917-00000","firsttime":"2014-09-16T21:00:00.000Z","lasttime":"2016-05-05T10:00:00.000Z","lastupdt":"2016-05-05T10:00:00.000Z","housenumber":null,"road":null,"city":null,"region":null,"country":null,"netid":"90:61:0C:10:93:2A","name":null,"type":"infra","comment":null,"wep":"2","channel":9,"bcninterval":0,"freenet":"?","dhcp":"?","paynet":"?","userfound":false,"encryption":"wpa2"},{"trilat":14.6715469400000007027529136394150555133819580078125,"trilong":121.0777587900000042964165913872420787811279296875,"ssid":"PLDTMyDSL","qos":0,"transid":"20150126-00000","firsttime":"2015-01-26T22:00:00.000Z","lasttime":"2015-01-26T07:00:00.000Z","lastupdt":"2015-07-26T00:00:00.000Z","housenumber":null,"road":null,"city":null,"region":null,"country":null,"netid":"90:61:0C:10:EE:78","name":null,"type":"infra","comment":null,"wep":"2","channel":11,"bcninterval":0,"freenet":"?","dhcp":"?","paynet":"?","userfound":false,"encryption":"wpa2"},{"trilat":14.6829385800000000728005034034140408039093017578125,"trilong":121.0851821899999976039907778613269329071044921875,"ssid":"PLDTHOMEDSL","qos":0,"transid":"20150126-00000","firsttime":"2015-01-26T22:00:00.000Z","lasttime":"2015-01-26T07:00:00.000Z","lastupdt":"2015-07-26T00:00:00.000Z","housenumber":null,"road":null,"city":null,"region":null,"country":null,"netid":"90:61:0C:19:49:C3","name":null,"type":"infra","comment":null,"wep":"2","channel":11,"bcninterval":0,"freenet":"?","dhcp":"?","paynet":"?","userfound":false,"encryption":"wpa2"},{"trilat":14.6719141000000004027015165775083005428314208984375,"trilong":121.0787734999999969431883073411881923675537109375,"ssid":"Smart Bro_C075AC","qos":0,"transid":"20160505-00000","firsttime":"2016-03-25T08:00:00.000Z","lasttime":"2016-05-05T10:00:00.000Z","lastupdt":"2016-05-05T10:00:00.000Z","housenumber":null,"road":null,"city":null,"region":null,"country":null,"netid":"AA:A6:68:C0:75:AC","name":null,"type":"infra","comment":null,"wep":"2","channel":1,"bcninterval":0,"freenet":"?","dhcp":"?","paynet":"?","userfound":false,"encryption":"wpa2"},{"trilat":14.677036290000000207101038540713489055633544921875,"trilong":121.0826568600000001652006176300346851348876953125,"ssid":"Nads iphone","qos":0,"transid":"20140917-00000","firsttime":"2014-09-16T21:00:00.000Z","lasttime":"2014-09-17T10:00:00.000Z","lastupdt":"2015-07-26T00:00:00.000Z","housenumber":null,"road":null,"city":null,"region":null,"country":null,"netid":"BE:20:7B:1C:45:C7","name":null,"type":"infra","comment":null,"wep":"2","channel":6,"bcninterval":0,"freenet":"?","dhcp":"?","paynet":"?","userfound":false,"encryption":"wpa2"},{"trilat":14.686805729999999670098986825905740261077880859375,"trilong":121.078025819999993473174981772899627685546875,"ssid":null,"qos":0,"transid":"20170609-00000","firsttime":"2001-01-01T08:00:00.000Z","lasttime":"2017-06-09T05:00:00.000Z","lastupdt":"2017-06-09T05:00:00.000Z","housenumber":null,"road":null,"city":null,"region":null,"country":null,"netid":"84:D4:7E:22:5F:99","name":null,"type":"infra","comment":null,"wep":"?","channel":58,"bcninterval":0,"freenet":"?","dhcp":"?","paynet":"?","userfound":false,"encryption":"unknown"},{"trilat":14.67800998999999961824869387783110141754150390625,"trilong":121.0829315200000024788096197880804538726806640625,"ssid":"PLDTMyDSL","qos":1,"transid":"20130424-00000","firsttime":"2013-04-24T17:00:00.000Z","lasttime":"2013-05-07T06:00:00.000Z","lastupdt":"2013-05-07T04:00:00.000Z","housenumber":null,"road":null,"city":null,"region":"Metro Manila","country":"PH","netid":"C8:6C:87:9A:54:65","name":null,"type":"infra","comment":null,"wep":"Y","channel":11,"bcninterval":0,"freenet":"?","dhcp":"?","paynet":"?","userfound":false,"encryption":"wep"},{"trilat":14.68528747999999950479832477867603302001953125,"trilong":121.0861358599999988427953212521970272064208984375,"ssid":"gimares","qos":0,"transid":"20130416-00000","firsttime":"2013-04-16T15:00:00.000Z","lasttime":"2013-04-16T21:00:00.000Z","lastupdt":"2013-04-16T19:00:00.000Z","housenumber":null,"road":null,"city":null,"region":"Metro Manila","country":"PH","netid":"98:52:B1:B8:7B:BE","name":null,"type":"infra","comment":null,"wep":"2","channel":6,"bcninterval":0,"freenet":"?","dhcp":"?","paynet":"?","userfound":false,"encryption":"wpa2"},{"trilat":14.6806850400000001855005393736064434051513671875,"trilong":121.0848770099999995863981894217431545257568359375,"ssid":"wi-tribe-shops","qos":1,"transid":"20130416-00000","firsttime":"2013-04-16T13:00:00.000Z","lasttime":"2014-09-17T10:00:00.000Z","lastupdt":"2015-07-26T00:00:00.000Z","housenumber":null,"road":null,"city":null,"region":"Metro Manila","country":"PH","netid":"C4:71:FE:DC:E4:E0","name":null,"type":"infra","comment":null,"wep":"Y","channel":1,"bcninterval":0,"freenet":"?","dhcp":"?","paynet":"?","userfound":false,"encryption":"wep"},{"trilat":14.68065834000000080550307757221162319183349609375,"trilong":121.0848770099999995863981894217431545257568359375,"ssid":"wi-tribe","qos":1,"transid":"20130416-00000","firsttime":"2013-04-16T13:00:00.000Z","lasttime":"2014-09-17T10:00:00.000Z","lastupdt":"2015-07-26T00:00:00.000Z","housenumber":null,"road":null,"city":null,"region":"Metro Manila","country":"PH","netid":"C4:71:FE:DC:E4:E5","name":null,"type":"infra","comment":null,"wep":"Y","channel":1,"bcninterval":0,"freenet":"?","dhcp":"?","paynet":"?","userfound":false,"encryption":"wep"},{"trilat":14.6725254100000004342518877820111811161041259765625,"trilong":121.07949829000000363521394319832324981689453125,"ssid":"wevo","qos":2,"transid":"20130416-00000","firsttime":"2013-04-16T13:00:00.000Z","lasttime":"2013-04-24T23:00:00.000Z","lastupdt":"2013-04-24T21:00:00.000Z","housenumber":null,"road":null,"city":null,"region":"Metro Manila","country":"PH","netid":"C8:3A:35:F2:15:E8","name":null,"type":"infra","comment":null,"wep":"2","channel":1,"bcninterval":0,"freenet":"?","dhcp":"?","paynet":"?","userfound":false,"encryption":"wpa2"},{"trilat":14.685134890000000496002030558884143829345703125,"trilong":121.0865554800000012392047210596501827239990234375,"ssid":"SMART-BRO-DD56","qos":0,"transid":"20140917-00000","firsttime":"2014-09-16T21:00:00.000Z","lasttime":"2014-09-17T10:00:00.000Z","lastupdt":"2015-07-26T00:00:00.000Z","housenumber":null,"road":null,"city":null,"region":null,"country":null,"netid":"9C:C1:72:BF:DD:56","name":null,"type":"infra","comment":null,"wep":"2","channel":8,"bcninterval":0,"freenet":"?","dhcp":"?","paynet":"?","userfound":false,"encryption":"wpa2"},{"trilat":14.6744976000000004745515980175696313381195068359375,"trilong":121.0809631300000006604022928513586521148681640625,"ssid":"faith1823francis","qos":0,"transid":"20130416-00000","firsttime":"2013-04-16T15:00:00.000Z","lasttime":"2013-04-16T21:00:00.000Z","lastupdt":"2013-04-16T19:00:00.000Z","housenumber":null,"road":null,"city":null,"region":"Metro Manila","country":"PH","netid":"98:0C:82:25:8B:FC","name":null,"type":"infra","comment":null,"wep":"2","channel":6,"bcninterval":0,"freenet":"?","dhcp":"?","paynet":"?","userfound":false,"encryption":"wpa2"},{"trilat":14.6872835199999993704977896413765847682952880859375,"trilong":121.08702087000000346961314789950847625732421875,"ssid":"HUAWEI-E5330-5A39","qos":0,"transid":"20160505-00000","firsttime":"2016-03-21T09:00:00.000Z","lasttime":"2016-05-05T10:00:00.000Z","lastupdt":"2016-05-05T10:00:00.000Z","housenumber":null,"road":null,"city":null,"region":null,"country":null,"netid":"A0:8D:16:B8:5A:39","name":null,"type":"infra","comment":null,"wep":"2","channel":8,"bcninterval":0,"freenet":"?","dhcp":"?","paynet":"?","userfound":false,"encryption":"wpa2"},{"trilat":14.6914806399999999797501004650257527828216552734375,"trilong":121.08424377000000049520167522132396697998046875,"ssid":"Family Lounge","qos":0,"transid":"20170609-00000","firsttime":"2001-01-01T08:00:00.000Z","lasttime":"2017-06-09T05:00:00.000Z","lastupdt":"2017-06-09T05:00:00.000Z","housenumber":null,"road":null,"city":null,"region":null,"country":null,"netid":"C4:01:7C:98:60:69","name":null,"type":"infra","comment":null,"wep":"W","channel":6,"bcninterval":0,"freenet":"?","dhcp":"?","paynet":"?","userfound":false,"encryption":"wpa"},{"trilat":14.672574040000000650252331979572772979736328125,"trilong":121.07952880999999933919752947986125946044921875,"ssid":"ECSCI Internet Portal HO","qos":1,"transid":"20140917-00000","firsttime":"2014-09-16T21:00:00.000Z","lasttime":"2015-01-26T07:00:00.000Z","lastupdt":"2015-07-26T00:00:00.000Z","housenumber":null,"road":null,"city":null,"region":null,"country":null,"netid":"C2:C1:C0:A1:33:30","name":null,"type":"infra","comment":null,"wep":"2","channel":1,"bcninterval":0,"freenet":"?","dhcp":"?","paynet":"?","userfound":false,"encryption":"wpa2"},{"trilat":14.67638874000000015485056792385876178741455078125,"trilong":121.082069399999994629979482851922512054443359375,"ssid":"PLDT WiFi Zone","qos":4,"transid":"20130416-00000","firsttime":"2013-04-16T15:00:00.000Z","lasttime":"2016-05-05T10:00:00.000Z","lastupdt":"2016-05-05T10:00:00.000Z","housenumber":null,"road":null,"city":null,"region":"Metro Manila","country":"PH","netid":"C8:6C:87:73:3F:C9","name":null,"type":"infra","comment":null,"wep":"N","channel":1,"bcninterval":0,"freenet":"?","dhcp":"?","paynet":"?","userfound":false,"encryption":"none"},{"trilat":14.6802511199999994317977325408719480037689208984375,"trilong":121.0840988199999941343776299618184566497802734375,"ssid":"FLMP Network","qos":5,"transid":"20130416-00000","firsttime":"2013-04-16T13:00:00.000Z","lasttime":"2016-05-05T10:00:00.000Z","lastupdt":"2016-05-05T10:00:00.000Z","housenumber":null,"road":null,"city":null,"region":"Metro Manila","country":"PH","netid":"C0:C1:C0:2B:E2:11","name":null,"type":"infra","comment":null,"wep":"2","channel":6,"bcninterval":0,"freenet":"?","dhcp":"?","paynet":"?","userfound":false,"encryption":"wpa2"},{"trilat":14.6792516699999993079472915269434452056884765625,"trilong":121.084671020000001817606971599161624908447265625,"ssid":"PLDTMyDSLMDS-Router","qos":0,"transid":"20140917-00000","firsttime":"2014-09-16T21:00:00.000Z","lasttime":"2014-09-17T10:00:00.000Z","lastupdt":"2015-07-26T00:00:00.000Z","housenumber":null,"road":null,"city":null,"region":null,"country":null,"netid":"CC:5D:4E:F0:17:84","name":null,"type":"infra","comment":null,"wep":"2","channel":11,"bcninterval":0,"freenet":"?","dhcp":"?","paynet":"?","userfound":false,"encryption":"wpa2"},{"trilat":14.6743021000000002374008545302785933017730712890625,"trilong":121.080894470000004048415576107800006866455078125,"ssid":"PLDTMyDSL","qos":3,"transid":"20130416-00000","firsttime":"2013-04-16T13:00:00.000Z","lasttime":"2016-05-05T10:00:00.000Z","lastupdt":"2016-05-05T10:00:00.000Z","housenumber":null,"road":null,"city":null,"region":"Metro Manila","country":"PH","netid":"CC:5D:4E:F1:B7:28","name":null,"type":"infra","comment":null,"wep":"W","channel":11,"bcninterval":0,"freenet":"?","dhcp":"?","paynet":"?","userfound":false,"encryption":"wpa"},{"trilat":14.6754245799999996080487107974477112293243408203125,"trilong":121.0819015499999977691913954913616180419921875,"ssid":"myLGNet3EDE","qos":1,"transid":"20130416-00000","firsttime":"2013-04-16T13:00:00.000Z","lasttime":"2013-04-24T23:00:00.000Z","lastupdt":"2013-04-24T21:00:00.000Z","housenumber":null,"road":null,"city":null,"region":"Metro Manila","country":"PH","netid":"00:01:36:5B:3E:DC","name":null,"type":"infra","comment":null,"wep":"Y","channel":11,"bcninterval":0,"freenet":"?","dhcp":"?","paynet":"?","userfound":false,"encryption":"wep"},{"trilat":14.672822000000000031150193535722792148590087890625,"trilong":121.0793838499999992563971318304538726806640625,"ssid":"BQIV-Q2xvdWRQYWRfRVBJQ182OTU","qos":0,"transid":"20160505-00000","firsttime":"2016-03-19T20:00:00.000Z","lasttime":"2016-05-05T10:00:00.000Z","lastupdt":"2016-05-05T10:00:00.000Z","housenumber":null,"road":null,"city":null,"region":null,"country":null,"netid":"C0:3F:D5:C4:20:9A","name":null,"type":"infra","comment":null,"wep":"?","channel":6,"bcninterval":0,"freenet":"?","dhcp":"?","paynet":"?","userfound":false,"encryption":"unknown"},{"trilat":14.6725893000000002786009645205922424793243408203125,"trilong":121.07128142999999909079633653163909912109375,"ssid":"HUAWEI-E5220-e8f0","qos":5,"transid":"20140901-00000","firsttime":"2014-08-27T19:00:00.000Z","lasttime":"2015-07-26T00:00:00.000Z","lastupdt":"2015-07-26T00:00:00.000Z","housenumber":null,"road":null,"city":null,"region":null,"country":null,"netid":"D0:7A:B5:84:E8:F0","name":null,"type":"infra","comment":null,"wep":"2","channel":6,"bcninterval":0,"freenet":"?","dhcp":"?","paynet":"?","userfound":false,"encryption":"wpa2"},{"trilat":14.6828212699999998136490830802358686923980712890625,"trilong":121.0851974499999954559825710020959377288818359375,"ssid":"FRANCIS","qos":0,"transid":"20160505-00000","firsttime":"2016-03-21T09:00:00.000Z","lasttime":"2016-05-05T10:00:00.000Z","lastupdt":"2016-05-05T10:00:00.000Z","housenumber":null,"road":null,"city":null,"region":null,"country":null,"netid":"D2:5B:A8:9B:8F:48","name":null,"type":"infra","comment":null,"wep":"2","channel":6,"bcninterval":0,"freenet":"?","dhcp":"?","paynet":"?","userfound":false,"encryption":"wpa2"},{"trilat":14.6914806399999999797501004650257527828216552734375,"trilong":121.08424377000000049520167522132396697998046875,"ssid":"A.D","qos":0,"transid":"20170609-00000","firsttime":"2001-01-01T08:00:00.000Z","lasttime":"2017-06-09T05:00:00.000Z","lastupdt":"2017-06-09T05:00:00.000Z","housenumber":null,"road":null,"city":null,"region":null,"country":null,"netid":"9C:C1:72:FA:CE:F5","name":null,"type":"infra","comment":null,"wep":"2","channel":3,"bcninterval":0,"freenet":"?","dhcp":"?","paynet":"?","userfound":false,"encryption":"wpa2"},{"trilat":14.68615055000000069185261963866651058197021484375,"trilong":121.0866851800000034700133255682885646820068359375,"ssid":"HUAWEI-E5330-ACFB","qos":0,"transid":"20160505-00000","firsttime":"2016-03-21T09:00:00.000Z","lasttime":"2016-05-05T10:00:00.000Z","lastupdt":"2016-05-05T10:00:00.000Z","housenumber":null,"road":null,"city":null,"region":null,"country":null,"netid":"D4:40:F0:15:AC:FB","name":null,"type":"infra","comment":null,"wep":"2","channel":1,"bcninterval":0,"freenet":"?","dhcp":"?","paynet":"?","userfound":false,"encryption":"wpa2"},{"trilat":14.6742525100000005267020242172293365001678466796875,"trilong":121.080665589999995290781953372061252593994140625,"ssid":"HUAWEI-E5330-3FD6","qos":0,"transid":"20160505-00000","firsttime":"2016-03-25T08:00:00.000Z","lasttime":"2016-05-05T10:00:00.000Z","lastupdt":"2016-05-05T10:00:00.000Z","housenumber":null,"road":null,"city":null,"region":null,"country":null,"netid":"D4:40:F0:D7:3F:D6","name":null,"type":"infra","comment":null,"wep":"2","channel":1,"bcninterval":0,"freenet":"?","dhcp":"?","paynet":"?","userfound":false,"encryption":"wpa2"},{"trilat":14.6902837799999996803990143234841525554656982421875,"trilong":121.080535889999993059973348863422870635986328125,"ssid":"abetluz","qos":0,"transid":"20160315-00000","firsttime":"2001-01-01T09:00:00.000Z","lasttime":"2016-03-15T22:00:00.000Z","lastupdt":"2016-03-15T22:00:00.000Z","housenumber":null,"road":null,"city":null,"region":null,"country":null,"netid":"AA:A6:68:B4:DF:13","name":null,"type":"infra","comment":null,"wep":"2","channel":1,"bcninterval":0,"freenet":"?","dhcp":"?","paynet":"?","userfound":false,"encryption":"wpa2"},{"trilat":14.679636959999999845649654162116348743438720703125,"trilong":121.071968080000004874818841926753520965576171875,"ssid":"VIRUS","qos":0,"transid":"20150920-00000","firsttime":"2001-01-01T08:00:00.000Z","lasttime":"2015-09-20T00:00:00.000Z","lastupdt":"2015-09-20T00:00:00.000Z","housenumber":null,"road":null,"city":null,"region":null,"country":null,"netid":"9E:A9:E4:D7:34:A4","name":null,"type":"infra","comment":null,"wep":"2","channel":6,"bcninterval":0,"freenet":"?","dhcp":"?","paynet":"?","userfound":false,"encryption":"wpa2"},{"trilat":14.675876620000000372101567336358129978179931640625,"trilong":121.0710754400000013220051187090575695037841796875,"ssid":"FREE WIFI","qos":0,"transid":"20150126-00000","firsttime":"2015-01-26T22:00:00.000Z","lasttime":"2015-01-26T07:00:00.000Z","lastupdt":"2015-07-26T00:00:00.000Z","housenumber":null,"road":null,"city":null,"region":null,"country":null,"netid":"9E:A9:E4:E3:AC:06","name":null,"type":"infra","comment":null,"wep":"2","channel":1,"bcninterval":0,"freenet":"Y","dhcp":"?","paynet":"?","userfound":false,"encryption":"wpa2"},{"trilat":14.685429570000000154550434672273695468902587890625,"trilong":121.0866851800000034700133255682885646820068359375,"ssid":"Free Public WiFi","qos":0,"transid":"20130424-00000","firsttime":"2013-04-23T13:00:00.000Z","lasttime":"2013-04-24T23:00:00.000Z","lastupdt":"2013-04-24T21:00:00.000Z","housenumber":null,"road":null,"city":null,"region":"Metro Manila","country":"PH","netid":"AA:1A:CE:45:DF:B0","name":null,"type":"ad-hoc","comment":null,"wep":"N","channel":6,"bcninterval":0,"freenet":"Y","dhcp":"?","paynet":"?","userfound":false,"encryption":"none"},{"trilat":14.686805729999999670098986825905740261077880859375,"trilong":121.078025819999993473174981772899627685546875,"ssid":"ARENZ ORIGINWEARS","qos":0,"transid":"20170609-00000","firsttime":"2001-01-01T08:00:00.000Z","lasttime":"2017-06-09T05:00:00.000Z","lastupdt":"2017-06-09T05:00:00.000Z","housenumber":null,"road":null,"city":null,"region":null,"country":null,"netid":"DC:EE:06:C0:16:2C","name":null,"type":"infra","comment":null,"wep":"2","channel":9,"bcninterval":0,"freenet":"?","dhcp":"?","paynet":"?","userfound":false,"encryption":"wpa2"},{"trilat":14.68981074999999947294782032258808612823486328125,"trilong":121.0722961400000059484227676875889301300048828125,"ssid":"HUAWEI-E5220-f729","qos":0,"transid":"20140508-00000","firsttime":"2001-01-01T08:00:00.000Z","lasttime":"2014-05-09T05:00:00.000Z","lastupdt":"2015-07-26T00:00:00.000Z","housenumber":null,"road":null,"city":null,"region":null,"country":null,"netid":"D0:7A:B5:84:F7:29","name":null,"type":"infra","comment":null,"wep":"2","channel":6,"bcninterval":0,"freenet":"?","dhcp":"?","paynet":"?","userfound":false,"encryption":"wpa2"},{"trilat":14.681759830000000732752596377395093441009521484375,"trilong":121.0847396900000063624247559346258640289306640625,"ssid":"Janice Commonwealth","qos":0,"transid":"20160505-00000","firsttime":"2016-03-21T09:00:00.000Z","lasttime":"2016-05-05T10:00:00.000Z","lastupdt":"2016-05-05T10:00:00.000Z","housenumber":null,"road":null,"city":null,"region":null,"country":null,"netid":"C4:6E:1F:3D:9A:95","name":null,"type":"infra","comment":null,"wep":"2","channel":6,"bcninterval":0,"freenet":"?","dhcp":"?","paynet":"?","userfound":false,"encryption":"wpa2"},{"trilat":14.6779546700000000925001586438156664371490478515625,"trilong":121.0830841100000014876059140078723430633544921875,"ssid":"McdoFreeWifi","qos":1,"transid":"20140917-00000","firsttime":"2014-09-16T21:00:00.000Z","lasttime":"2015-01-26T07:00:00.000Z","lastupdt":"2015-07-26T00:00:00.000Z","housenumber":null,"road":null,"city":null,"region":null,"country":null,"netid":"A0:F3:C1:B9:EA:E4","name":null,"type":"infra","comment":null,"wep":"2","channel":6,"bcninterval":0,"freenet":"?","dhcp":"?","paynet":"?","userfound":false,"encryption":"wpa2"},{"trilat":14.6762971899999996594488038681447505950927734375,"trilong":121.0709152200000033872129279188811779022216796875,"ssid":"lte","qos":0,"transid":"20171002-00000","firsttime":"2001-01-01T08:00:00.000Z","lasttime":"2017-10-02T22:00:00.000Z","lastupdt":"2017-10-02T22:00:00.000Z","housenumber":"","road":"Vicente","city":"","region":"","country":"PH","netid":"9C:A9:E4:73:FD:15","name":null,"type":"infra","comment":null,"wep":"2","channel":6,"bcninterval":0,"freenet":"?","dhcp":"?","paynet":"?","userfound":false,"encryption":"wpa2"},{"trilat":14.673247339999999638848748872987926006317138671875,"trilong":121.0799942000000015696059563197195529937744140625,"ssid":"CON","qos":0,"transid":"20160505-00000","firsttime":"2016-03-21T09:00:00.000Z","lasttime":"2016-05-05T10:00:00.000Z","lastupdt":"2016-05-05T10:00:00.000Z","housenumber":null,"road":null,"city":null,"region":null,"country":null,"netid":"9C:A9:E4:9A:EF:FF","name":null,"type":"infra","comment":null,"wep":"2","channel":11,"bcninterval":0,"freenet":"?","dhcp":"?","paynet":"?","userfound":false,"encryption":"wpa2"},{"trilat":14.6792516699999993079472915269434452056884765625,"trilong":121.084671020000001817606971599161624908447265625,"ssid":"KP","qos":0,"transid":"20140917-00000","firsttime":"2014-09-16T21:00:00.000Z","lasttime":"2014-09-17T10:00:00.000Z","lastupdt":"2015-07-26T00:00:00.000Z","housenumber":null,"road":null,"city":null,"region":null,"country":null,"netid":"9C:A9:E4:93:61:81","name":null,"type":"infra","comment":null,"wep":"2","channel":6,"bcninterval":0,"freenet":"?","dhcp":"?","paynet":"?","userfound":false,"encryption":"wpa2"},{"trilat":14.68725491000000005215042619965970516204833984375,"trilong":121.0868377700000024788096197880804538726806640625,"ssid":"bayanDSLWIFI_3767","qos":1,"transid":"20160505-00000","firsttime":"2016-03-21T09:00:00.000Z","lasttime":"2016-05-05T10:00:00.000Z","lastupdt":"2016-05-05T10:00:00.000Z","housenumber":null,"road":null,"city":null,"region":null,"country":null,"netid":"E0:8E:3C:1A:37:67","name":null,"type":"infra","comment":null,"wep":"2","channel":1,"bcninterval":0,"freenet":"?","dhcp":"?","paynet":"?","userfound":false,"encryption":"wpa2"},{"trilat":14.68227959000000026890120352618396282196044921875,"trilong":121.084930420000006279224180616438388824462890625,"ssid":"Smart Bro_D0B633","qos":0,"transid":"20150126-00000","firsttime":"2015-01-26T22:00:00.000Z","lasttime":"2015-01-26T07:00:00.000Z","lastupdt":"2015-07-26T00:00:00.000Z","housenumber":null,"road":null,"city":null,"region":null,"country":null,"netid":"9E:A9:E4:D0:B6:33","name":null,"type":"infra","comment":null,"wep":"2","channel":11,"bcninterval":0,"freenet":"?","dhcp":"?","paynet":"?","userfound":false,"encryption":"wpa2"},{"trilat":14.6891384099999999790497895446605980396270751953125,"trilong":121.086929319999995868784026242792606353759765625,"ssid":"Smart Bro_E36B7E","qos":0,"transid":"20150126-00000","firsttime":"2015-01-26T22:00:00.000Z","lasttime":"2015-01-26T07:00:00.000Z","lastupdt":"2015-07-26T00:00:00.000Z","housenumber":null,"road":null,"city":null,"region":null,"country":null,"netid":"9E:A9:E4:E3:6B:7E","name":null,"type":"infra","comment":null,"wep":"Y","channel":13,"bcninterval":0,"freenet":"?","dhcp":"?","paynet":"?","userfound":false,"encryption":"wep"},{"trilat":14.6720590600000004855019142269156873226165771484375,"trilong":121.0791854900000004136018105782568454742431640625,"ssid":"HNQC052014","qos":5,"transid":"20130416-00000","firsttime":"2013-04-16T13:00:00.000Z","lasttime":"2015-01-26T07:00:00.000Z","lastupdt":"2015-07-26T00:00:00.000Z","housenumber":null,"road":null,"city":null,"region":"Metro Manila","country":"PH","netid":"C0:C1:C0:CD:86:1F","name":null,"type":"infra","comment":null,"wep":"2","channel":1,"bcninterval":0,"freenet":"?","dhcp":"?","paynet":"?","userfound":false,"encryption":"wpa2"},{"trilat":14.683752059999999772799128550104796886444091796875,"trilong":121.0855941800000010744042810983955860137939453125,"ssid":null,"qos":0,"transid":"20160505-00000","firsttime":"2016-03-21T09:00:00.000Z","lasttime":"2016-05-05T10:00:00.000Z","lastupdt":"2016-05-05T10:00:00.000Z","housenumber":null,"road":null,"city":null,"region":null,"country":null,"netid":"AC:A3:1E:9F:38:F4","name":null,"type":"infra","comment":null,"wep":"2","channel":157,"bcninterval":0,"freenet":"?","dhcp":"?","paynet":"?","userfound":false,"encryption":"wpa2"}]}