{"success":true,"totalResults":690,"search_after":68480155,"first":1,"last":100,"resultCount":100,"results":[{"trilat":14.683752059999999772799128550104796886444091796875,"trilong":121.0855941800000010744042810983955860137939453125,"ssid":null,"qos":0,"transid":"20160505-00000","firsttime":"2016-03-21T09:00:00.000Z","lasttime":"2016-05-05T10:00:00.000Z","lastupdt":"2016-05-05T10:00:00.000Z","housenumber":null,"road":null,"city":null,"region":null,"country":null,"netid":"AC:A3:1E:9F:38:F4","name":null,"type":"infra","comment":null,"wep":"2","channel":157,"bcninterval":0,"freenet":"?","dhcp":"?","paynet":"?","userfound":false,"encryption":"wpa2"},{"trilat":14.674208639999999803649188834242522716522216796875,"trilong":121.080955509999995456382748670876026153564453125,"ssid":"QDV","qos":2,"transid":"20130416-00000","firsttime":"2013-04-16T13:00:00.000Z","lasttime":"2013-05-07T06:00:00.000Z","lastupdt":"2013-05-07T04:00:00.000Z","housenumber":null,"road":null,"city":null,"region":"Metro Manila","country":"PH","netid":"AC:81:12:C1:8C:C6","name":null,"type":"infra","comment":null,"wep":"W","channel":3,"bcninterval":0,"freenet":"?","dhcp":"?","paynet":"?","userfound":false,"encryption":"wpa"},{"trilat":14.6902341799999991422964740195311605930328369140625,"trilong":121.0825805700000046272180043160915374755859375,"ssid":"Family Lounge","qos":0,"transid":"20170609-00000","firsttime":"2001-01-01T08:00:00.000Z","lasttime":"2017-06-09T05:00:00.000Z","lastupdt":"2017-06-09T05:00:00.000Z","housenumber":null,"road":null,"city":null,"region":null,"country":null,"netid":"C4:01:7C:95:4B:E9","name":null,"type":"infra","comment":null,"wep":"W","channel":6,"bcninterval":0,"freenet":"?","dhcp":"?","paynet":"?","userfound":false,"encryption":"wpa"},{"trilat":14.68376540999999946279785945080220699310302734375,"trilong":121.0856018100000000004001776687800884246826171875,"ssid":null,"qos":0,"transid":"20160505-00000","firsttime":"2016-03-21T09:00:00.000Z","lasttime":"2016-05-05T10:00:00.000Z","lastupdt":"2016-05-05T10:00:00.000Z","housenumber":null,"road":null,"city":null,"region":null,"country":null,"netid":"AC:A3:1E:9F:38:F0","name":null,"type":"infra","comment":null,"wep":"2","channel":157,"bcninterval":0,"freenet":"?","dhcp":"?","paynet":"?","userfound":false,"encryption":"wpa2"},{"trilat":14.68375683000000009315044735558331012725830078125,"trilong":121.0856018100000000004001776687800884246826171875,"ssid":null,"qos":0,"transid":"20160505-00000","firsttime":"2016-03-21T09:00:00.000Z","lasttime":"2016-05-05T10:00:00.000Z","lastupdt":"2016-05-05T10:00:00.000Z","housenumber":null,"road":null,"city":null,"region":null,"country":null,"netid":"AC:A3:1E:9F:38:F3","name":null,"type":"infra","comment":null,"wep":"2","channel":157,"bcninterval":0,"freenet":"?","dhcp":"?","paynet":"?","userfound":false,"encryption":"wpa2"},{"trilat":14.6766757999999999384499460575170814990997314453125,"trilong":121.08227539000000660962541587650775909423828125,"ssid":"Shopwise","qos":3,"transid":"20150126-00000","firsttime":"2015-01-26T22:00:00.000Z","lasttime":"2016-05-05T10:00:00.000Z","lastupdt":"2016-05-05T10:00:00.000Z","housenumber":null,"road":null,"city":null,"region":null,"country":null,"netid":"C4:01:7C:14:88:58","name":null,"type":"infra","comment":null,"wep":"?","channel":6,"bcninterval":0,"freenet":"?","dhcp":"?","paynet":"?","userfound":false,"encryption":"unknown"},{"trilat":14.676266670000000402751538786105811595916748046875,"trilong":121.082069399999994629979482851922512054443359375,"ssid":"Shopwise","qos":6,"transid":"20130416-00000","firsttime":"2013-04-16T13:00:00.000Z","lasttime":"2016-05-05T10:00:00.000Z","lastupdt":"2016-05-05T10:00:00.000Z","housenumber":null,"road":null,"city":null,"region":"Metro Manila","country":"PH","netid":"C4:01:7C:15:8B:38","name":null,"type":"infra","comment":null,"wep":"N","channel":1,"bcninterval":0,"freenet":"?","dhcp":"?","paynet":"?","userfound":false,"encryption":"none"},{"trilat":14.675975799999999793499227962456643581390380859375,"trilong":121.0818710300000020652078092098236083984375,"ssid":"Shopwise","qos":0,"transid":"20160505-00000","firsttime":"2016-03-25T08:00:00.000Z","lasttime":"2016-05-05T10:00:00.000Z","lastupdt":"2016-05-05T10:00:00.000Z","housenumber":null,"road":null,"city":null,"region":null,"country":null,"netid":"C4:01:7C:15:90:F8","name":null,"type":"infra","comment":null,"wep":"?","channel":1,"bcninterval":0,"freenet":"?","dhcp":"?","paynet":"?","userfound":false,"encryption":"unknown"},{"trilat":14.672822000000000031150193535722792148590087890625,"trilong":121.0793838499999992563971318304538726806640625,"ssid":"HUAWEI-E5330-CD6D","qos":0,"transid":"20160505-00000","firsttime":"2016-03-19T20:00:00.000Z","lasttime":"2016-05-05T10:00:00.000Z","lastupdt":"2016-05-05T10:00:00.000Z","housenumber":null,"road":null,"city":null,"region":null,"country":null,"netid":"AC:E2:15:F5:CD:6D","name":null,"type":"infra","comment":null,"wep":"2","channel":10,"bcninterval":0,"freenet":"?","dhcp":"?","paynet":"?","userfound":false,"encryption":"wpa2"},{"trilat":14.6906146999999993596475178492255508899688720703125,"trilong":121.0870056199999993395977071486413478851318359375,"ssid":"bayanDSL","qos":0,"transid":"20150126-00000","firsttime":"2015-01-26T22:00:00.000Z","lasttime":"2015-01-26T07:00:00.000Z","lastupdt":"2015-07-26T00:00:00.000Z","housenumber":null,"road":null,"city":null,"region":null,"country":null,"netid":"CC:1A:FA:97:03:D0","name":null,"type":"infra","comment":null,"wep":"W","channel":2,"bcninterval":0,"freenet":"?","dhcp":"?","paynet":"?","userfound":false,"encryption":"wpa"},{"trilat":14.675107000000000567752067581750452518463134765625,"trilong":121.081733700000000908403308130800724029541015625,"ssid":"PLDTMyDSLTSpot","qos":0,"transid":"20130424-00000","firsttime":"2013-04-23T13:00:00.000Z","lasttime":"2013-04-24T23:00:00.000Z","lastupdt":"2013-04-24T21:00:00.000Z","housenumber":null,"road":null,"city":null,"region":"Metro Manila","country":"PH","netid":"B0:B2:DC:46:C8:FC","name":null,"type":"infra","comment":null,"wep":"2","channel":11,"bcninterval":0,"freenet":"?","dhcp":"?","paynet":"?","userfound":false,"encryption":"wpa2"},{"trilat":14.672822000000000031150193535722792148590087890625,"trilong":121.0793838499999992563971318304538726806640625,"ssid":"062709","qos":0,"transid":"20160505-00000","firsttime":"2016-03-19T20:00:00.000Z","lasttime":"2016-05-05T10:00:00.000Z","lastupdt":"2016-05-05T10:00:00.000Z","housenumber":null,"road":null,"city":null,"region":null,"country":null,"netid":"AA:A6:68:7A:4F:64","name":null,"type":"infra","comment":null,"wep":"2","channel":1,"bcninterval":0,"freenet":"?","dhcp":"?","paynet":"?","userfound":false,"encryption":"wpa2"},{"trilat":14.6751623200000000935006028157658874988555908203125,"trilong":121.069305420000006279224180616438388824462890625,"ssid":"Dondon","qos":1,"transid":"20160227-00000","firsttime":"2001-01-01T08:00:00.000Z","lasttime":"2017-03-15T09:00:00.000Z","lastupdt":"2017-03-15T09:00:00.000Z","housenumber":null,"road":null,"city":null,"region":null,"country":null,"netid":"AA:A6:68:58:CF:10","name":null,"type":"infra","comment":null,"wep":"2","channel":5,"bcninterval":0,"freenet":"?","dhcp":"?","paynet":"?","userfound":false,"encryption":"wpa2"},{"trilat":14.683859829999999391247911262325942516326904296875,"trilong":121.085639950000000908403308130800724029541015625,"ssid":"ASongOfIceAndFire","qos":0,"transid":"20160505-00000","firsttime":"2016-03-21T09:00:00.000Z","lasttime":"2016-05-05T10:00:00.000Z","lastupdt":"2016-05-05T10:00:00.000Z","housenumber":null,"road":null,"city":null,"region":null,"country":null,"netid":"A4:7E:39:AE:74:90","name":null,"type":"infra","comment":null,"wep":"2","channel":3,"bcninterval":0,"freenet":"?","dhcp":"?","paynet":"?","userfound":false,"encryption":"wpa2"},{"trilat":14.6782398199999999377496351371519267559051513671875,"trilong":121.0830688500000036356141208671033382415771484375,"ssid":"Galache_Apex_Paragon_Mall_Wifi","qos":1,"transid":"20130424-00000","firsttime":"2013-04-24T17:00:00.000Z","lasttime":"2013-05-07T06:00:00.000Z","lastupdt":"2013-05-07T04:00:00.000Z","housenumber":null,"road":null,"city":null,"region":"Metro Manila","country":"PH","netid":"C8:3A:35:52:58:C0","name":null,"type":"infra","comment":null,"wep":"W","channel":6,"bcninterval":0,"freenet":"?","dhcp":"?","paynet":"?","userfound":false,"encryption":"wpa"},{"trilat":14.6753663999999997002987583982758224010467529296875,"trilong":121.081909179999996695187292061746120452880859375,"ssid":"MQCST","qos":0,"transid":"20130424-00000","firsttime":"2013-04-23T13:00:00.000Z","lasttime":"2013-04-24T23:00:00.000Z","lastupdt":"2013-04-24T21:00:00.000Z","housenumber":null,"road":null,"city":null,"region":"Metro Manila","country":"PH","netid":"C8:60:00:E5:0E:B0","name":null,"type":"infra","comment":null,"wep":"W","channel":1,"bcninterval":0,"freenet":"?","dhcp":"?","paynet":"?","userfound":false,"encryption":"wpa"},{"trilat":14.68471717999999981429937179200351238250732421875,"trilong":121.08634186000000454441760666668415069580078125,"ssid":"PLDTMyDSLARISTOCRAT","qos":0,"transid":"20130416-00000","firsttime":"2013-04-16T13:00:00.000Z","lasttime":"2013-04-16T21:00:00.000Z","lastupdt":"2013-04-16T19:00:00.000Z","housenumber":null,"road":null,"city":null,"region":"Metro Manila","country":"PH","netid":"B0:B2:DC:45:C4:60","name":null,"type":"infra","comment":null,"wep":"2","channel":11,"bcninterval":0,"freenet":"?","dhcp":"?","paynet":"?","userfound":false,"encryption":"wpa2"},{"trilat":14.687740330000000454901964985765516757965087890625,"trilong":121.07926940999999487758032046258449554443359375,"ssid":"Shangkuan_Wifi","qos":0,"transid":"20170609-00000","firsttime":"2001-01-01T08:00:00.000Z","lasttime":"2017-06-09T05:00:00.000Z","lastupdt":"2017-06-09T05:00:00.000Z","housenumber":null,"road":null,"city":null,"region":null,"country":null,"netid":"AC:CF:85:B9:EC:55","name":null,"type":"infra","comment":null,"wep":"2","channel":6,"bcninterval":0,"freenet":"?","dhcp":"?","paynet":"?","userfound":false,"encryption":"wpa2"},{"trilat":14.690732000000000567752067581750452518463134765625,"trilong":121.0871353099999936375752440653741359710693359375,"ssid":"WIFI","qos":0,"transid":"20160505-00000","firsttime":"2016-03-23T09:00:00.000Z","lasttime":"2016-05-05T10:00:00.000Z","lastupdt":"2016-05-05T10:00:00.000Z","housenumber":null,"road":null,"city":null,"region":null,"country":null,"netid":"B0:E0:3C:FF:C1:9B","name":null,"type":"infra","comment":null,"wep":"2","channel":11,"bcninterval":0,"freenet":"?","dhcp":"?","paynet":"?","userfound":false,"encryption":"wpa2"},{"trilat":14.6725034700000005472020347951911389827728271484375,"trilong":121.0792999300000047924186219461262226104736328125,"ssid":"PLDTMyDSLW3","qos":2,"transid":"20130416-00000","firsttime":"2013-04-16T13:00:00.000Z","lasttime":"2013-05-06T09:00:00.000Z","lastupdt":"2013-05-06T07:00:00.000Z","housenumber":null,"road":null,"city":null,"region":"Metro Manila","country":"PH","netid":"CC:5D:4E:F1:E1:28","name":null,"type":"infra","comment":null,"wep":"2","channel":11,"bcninterval":0,"freenet":"?","dhcp":"?","paynet":"?","userfound":false,"encryption":"wpa2"},{"trilat":14.688456540000000671852831146679818630218505859375,"trilong":121.0871124300000047924186219461262226104736328125,"ssid":"hinode ace enterprises","qos":1,"transid":"20140917-00000","firsttime":"2014-09-16T21:00:00.000Z","lasttime":"2015-01-26T07:00:00.000Z","lastupdt":"2015-07-26T00:00:00.000Z","housenumber":null,"road":null,"city":null,"region":null,"country":null,"netid":"E4:77:23:A0:51:E8","name":null,"type":"infra","comment":null,"wep":"2","channel":1,"bcninterval":0,"freenet":"?","dhcp":"?","paynet":"?","userfound":false,"encryption":"wpa2"},{"trilat":14.68704699999999974124875734560191631317138671875,"trilong":121.0869674700000047096182242967188358306884765625,"ssid":"Baby-on-board","qos":0,"transid":"20160505-00000","firsttime":"2016-03-21T09:00:00.000Z","lasttime":"2016-05-05T10:00:00.000Z","lastupdt":"2016-05-05T10:00:00.000Z","housenumber":null,"road":null,"city":null,"region":null,"country":null,"netid":"CC:A2:23:59:53:E0","name":null,"type":"infra","comment":null,"wep":"2","channel":7,"bcninterval":0,"freenet":"?","dhcp":"?","paynet":"?","userfound":false,"encryption":"wpa2"},{"trilat":14.6886787400000002890010364353656768798828125,"trilong":121.086898800000000164800439961254596710205078125,"ssid":"bayanDSLWiFi_7DBC","qos":0,"transid":"20150126-00000","firsttime":"2015-01-26T22:00:00.000Z","lasttime":"2015-01-26T07:00:00.000Z","lastupdt":"2015-07-26T00:00:00.000Z","housenumber":null,"road":null,"city":null,"region":null,"country":null,"netid":"CC:7B:35:CF:7D:BC","name":null,"type":"infra","comment":null,"wep":"2","channel":1,"bcninterval":0,"freenet":"?","dhcp":"?","paynet":"?","userfound":false,"encryption":"wpa2"},{"trilat":14.6859836599999997730492395930923521518707275390625,"trilong":121.0865859999999969431883073411881923675537109375,"ssid":">>> WiFian <<<","qos":0,"transid":"20160505-00000","firsttime":"2016-03-21T09:00:00.000Z","lasttime":"2016-05-05T10:00:00.000Z","lastupdt":"2016-05-05T10:00:00.000Z","housenumber":null,"road":null,"city":null,"region":null,"country":null,"netid":"AC:86:74:1E:55:B2","name":null,"type":"infra","comment":null,"wep":"?","channel":1,"bcninterval":0,"freenet":"?","dhcp":"?","paynet":"?","userfound":false,"encryption":"unknown"},{"trilat":14.68606853000000000974978320300579071044921875,"trilong":121.08661652000000685802660882472991943359375,"ssid":"WiFian LOAD Available NOW","qos":0,"transid":"20160505-00000","firsttime":"2016-03-21T09:00:00.000Z","lasttime":"2016-05-05T10:00:00.000Z","lastupdt":"2016-05-05T10:00:00.000Z","housenumber":null,"road":null,"city":null,"region":null,"country":null,"netid":"AC:86:74:1E:55:B4","name":null,"type":"infra","comment":null,"wep":"2","channel":1,"bcninterval":0,"freenet":"?","dhcp":"?","paynet":"?","userfound":false,"encryption":"wpa2"},{"trilat":14.6888895000000001545004124636761844158172607421875,"trilong":121.0866928100000023960092221386730670928955078125,"ssid":"ACLC Commonwealth Admin","qos":1,"transid":"20160505-00000","firsttime":"2016-03-20T15:00:00.000Z","lasttime":"2016-05-05T10:00:00.000Z","lastupdt":"2016-05-05T10:00:00.000Z","housenumber":null,"road":null,"city":null,"region":null,"country":null,"netid":"B8:55:10:02:DA:A7","name":null,"type":"infra","comment":null,"wep":"2","channel":11,"bcninterval":0,"freenet":"?","dhcp":"?","paynet":"?","userfound":false,"encryption":"wpa2"},{"trilat":14.6812486599999996172982719144783914089202880859375,"trilong":121.0848998999999963643858791328966617584228515625,"ssid":"wi-tribe_TCB","qos":2,"transid":"20130416-00000","firsttime":"2013-04-16T13:00:00.000Z","lasttime":"2015-01-26T07:00:00.000Z","lastupdt":"2015-07-26T00:00:00.000Z","housenumber":null,"road":null,"city":null,"region":"Metro Manila","country":"PH","netid":"C4:71:FE:DC:E4:E4","name":null,"type":"infra","comment":null,"wep":"2","channel":1,"bcninterval":0,"freenet":"?","dhcp":"?","paynet":"?","userfound":false,"encryption":"wpa2"},{"trilat":14.6737861600000005779520506621338427066802978515625,"trilong":121.0799713100000047916182666085660457611083984375,"ssid":"Chowking-Luzon-Ave.","qos":0,"transid":"20160505-00000","firsttime":"2016-03-21T09:00:00.000Z","lasttime":"2016-05-05T10:00:00.000Z","lastupdt":"2016-05-05T10:00:00.000Z","housenumber":null,"road":null,"city":null,"region":null,"country":null,"netid":"C8:D7:19:FB:6C:FB","name":null,"type":"infra","comment":null,"wep":"2","channel":1,"bcninterval":0,"freenet":"?","dhcp":"?","paynet":"?","userfound":false,"encryption":"wpa2"},{"trilat":14.6747913400000005168521965970285236835479736328125,"trilong":121.0812377900000029740112950094044208526611328125,"ssid":"jackie.taruc","qos":0,"transid":"20140917-00000","firsttime":"2014-09-16T21:00:00.000Z","lasttime":"2014-09-17T10:00:00.000Z","lastupdt":"2015-07-26T00:00:00.000Z","housenumber":null,"road":null,"city":null,"region":null,"country":null,"netid":"0C:BD:51:2D:2A:33","name":null,"type":"infra","comment":null,"wep":"2","channel":1,"bcninterval":0,"freenet":"?","dhcp":"?","paynet":"?","userfound":false,"encryption":"wpa2"},{"trilat":14.6830968899999998455996319535188376903533935546875,"trilong":121.085235600000004296816769056022167205810546875,"ssid":"PLDTMyDSLwpc","qos":0,"transid":"20130416-00000","firsttime":"2013-04-16T15:00:00.000Z","lasttime":"2013-04-16T21:00:00.000Z","lastupdt":"2013-04-16T19:00:00.000Z","housenumber":null,"road":null,"city":null,"region":"Metro Manila","country":"PH","netid":"B0:B2:DC:26:CC:20","name":null,"type":"infra","comment":null,"wep":"W","channel":11,"bcninterval":0,"freenet":"?","dhcp":"?","paynet":"?","userfound":false,"encryption":"wpa"},{"trilat":14.6754550899999998136991052888333797454833984375,"trilong":121.0815734899999966955874697305262088775634765625,"ssid":"PLDTHOMEFIBR_business","qos":0,"transid":"20160505-00000","firsttime":"2016-03-21T09:00:00.000Z","lasttime":"2016-05-05T10:00:00.000Z","lastupdt":"2016-05-05T10:00:00.000Z","housenumber":null,"road":null,"city":null,"region":null,"country":null,"netid":"D0:04:92:01:44:60","name":null,"type":"infra","comment":null,"wep":"2","channel":11,"bcninterval":0,"freenet":"?","dhcp":"?","paynet":"?","userfound":false,"encryption":"wpa2"},{"trilat":14.6752481499999998248995325411669909954071044921875,"trilong":121.0813674900000052048198995180428028106689453125,"ssid":"PLDTHOMEFIBR_virus","qos":1,"transid":"20160505-00000","firsttime":"2016-03-21T09:00:00.000Z","lasttime":"2016-05-05T10:00:00.000Z","lastupdt":"2016-05-05T10:00:00.000Z","housenumber":null,"road":null,"city":null,"region":null,"country":null,"netid":"D0:04:92:02:48:18","name":null,"type":"infra","comment":null,"wep":"2","channel":5,"bcninterval":0,"freenet":"?","dhcp":"?","paynet":"?","userfound":false,"encryption":"wpa2"},{"trilat":14.687740330000000454901964985765516757965087890625,"trilong":121.07926940999999487758032046258449554443359375,"ssid":null,"qos":0,"transid":"20170609-00000","firsttime":"2001-01-01T08:00:00.000Z","lasttime":"2017-06-09T05:00:00.000Z","lastupdt":"2017-06-09T05:00:00.000Z","housenumber":null,"road":null,"city":null,"region":null,"country":null,"netid":"B4:5D:50:38:57:F5","name":null,"type":"infra","comment":null,"wep":"?","channel":157,"bcninterval":0,"freenet":"?","dhcp":"?","paynet":"?","userfound":false,"encryption":"unknown"},{"trilat":14.687740330000000454901964985765516757965087890625,"trilong":121.07926940999999487758032046258449554443359375,"ssid":"YTFanfest","qos":0,"transid":"20170609-00000","firsttime":"2001-01-01T08:00:00.000Z","lasttime":"2017-06-09T05:00:00.000Z","lastupdt":"2017-06-09T05:00:00.000Z","housenumber":null,"road":null,"city":null,"region":null,"country":null,"netid":"B4:5D:50:38:57:F6","name":null,"type":"infra","comment":null,"wep":"2","channel":157,"bcninterval":0,"freenet":"?","dhcp":"?","paynet":"?","userfound":false,"encryption":"wpa2"},{"trilat":14.687740330000000454901964985765516757965087890625,"trilong":121.07926940999999487758032046258449554443359375,"ssid":null,"qos":0,"transid":"20170609-00000","firsttime":"2001-01-01T08:00:00.000Z","lasttime":"2017-06-09T05:00:00.000Z","lastupdt":"2017-06-09T05:00:00.000Z","housenumber":null,"road":null,"city":null,"region":null,"country":null,"netid":"B4:5D:50:38:6E:83","name":null,"type":"infra","comment":null,"wep":"?","channel":1,"bcninterval":0,"freenet":"?","dhcp":"?","paynet":"?","userfound":false,"encryption":"unknown"},{"trilat":14.687740330000000454901964985765516757965087890625,"trilong":121.07926940999999487758032046258449554443359375,"ssid":null,"qos":0,"transid":"20170609-00000","firsttime":"2001-01-01T08:00:00.000Z","lasttime":"2017-06-09T05:00:00.000Z","lastupdt":"2017-06-09T05:00:00.000Z","housenumber":null,"road":null,"city":null,"region":null,"country":null,"netid":"B4:5D:50:38:6E:86","name":null,"type":"infra","comment":null,"wep":"?","channel":1,"bcninterval":0,"freenet":"?","dhcp":"?","paynet":"?","userfound":false,"encryption":"unknown"},{"trilat":14.673911090000000712052496965043246746063232421875,"trilong":121.0803832999999940511770546436309814453125,"ssid":"QuickDown","qos":3,"transid":"20150126-00000","firsttime":"2015-01-26T22:00:00.000Z","lasttime":"2016-05-05T10:00:00.000Z","lastupdt":"2016-05-05T10:00:00.000Z","housenumber":null,"road":null,"city":null,"region":null,"country":null,"netid":"BC:F6:85:BF:32:F2","name":null,"type":"infra","comment":null,"wep":"2","channel":10,"bcninterval":0,"freenet":"?","dhcp":"?","paynet":"?","userfound":false,"encryption":"wpa2"},{"trilat":14.6731862999999993490973793086595833301544189453125,"trilong":121.070884699999993472374626435339450836181640625,"ssid":"VDCI","qos":2,"transid":"20130309-00000","firsttime":"2013-03-08T23:00:00.000Z","lasttime":"2013-11-30T20:00:00.000Z","lastupdt":"2013-11-30T18:00:00.000Z","housenumber":null,"road":null,"city":null,"region":"Metro Manila","country":"PH","netid":"BC:F6:85:BF:36:D0","name":null,"type":"infra","comment":null,"wep":"2","channel":4,"bcninterval":0,"freenet":"?","dhcp":"?","paynet":"?","userfound":false,"encryption":"wpa2"},{"trilat":14.677896499999999235797076835297048091888427734375,"trilong":121.083297729999998182393028400838375091552734375,"ssid":"HUAWEI-E5220-3bfb","qos":0,"transid":"20140917-00000","firsttime":"2014-09-16T21:00:00.000Z","lasttime":"2014-09-17T10:00:00.000Z","lastupdt":"2015-07-26T00:00:00.000Z","housenumber":null,"road":null,"city":null,"region":null,"country":null,"netid":"D0:7A:B5:CA:3B:FB","name":null,"type":"infra","comment":null,"wep":"2","channel":6,"bcninterval":0,"freenet":"?","dhcp":"?","paynet":"?","userfound":false,"encryption":"wpa2"},{"trilat":14.6740217200000007125026968424208462238311767578125,"trilong":121.0831298800000013216049410402774810791015625,"ssid":null,"qos":0,"transid":"20140813-00000","firsttime":"2001-01-01T08:00:00.000Z","lasttime":"2014-09-17T10:00:00.000Z","lastupdt":"2015-07-26T00:00:00.000Z","housenumber":null,"road":null,"city":null,"region":null,"country":null,"netid":"D0:7A:B5:B8:3D:33","name":null,"type":"infra","comment":null,"wep":"2","channel":1,"bcninterval":0,"freenet":"?","dhcp":"?","paynet":"?","userfound":false,"encryption":"wpa2"},{"trilat":14.6797494900000007334028850891627371311187744140625,"trilong":121.08414458999999396837665699422359466552734375,"ssid":"PAKOL","qos":0,"transid":"20130424-00000","firsttime":"2013-04-23T13:00:00.000Z","lasttime":"2013-04-24T23:00:00.000Z","lastupdt":"2013-04-24T21:00:00.000Z","housenumber":null,"road":null,"city":null,"region":"Metro Manila","country":"PH","netid":"00:02:6F:72:27:F0","name":null,"type":"infra","comment":null,"wep":"W","channel":7,"bcninterval":0,"freenet":"?","dhcp":"?","paynet":"?","userfound":false,"encryption":"wpa"},{"trilat":14.68792629000000005135007086209952831268310546875,"trilong":121.0863800000000054524207371287047863006591796875,"ssid":"BLACK NAZARENE","qos":0,"transid":"20160505-00000","firsttime":"2016-03-27T10:00:00.000Z","lasttime":"2016-05-05T10:00:00.000Z","lastupdt":"2016-05-05T10:00:00.000Z","housenumber":null,"road":null,"city":null,"region":null,"country":null,"netid":"D4:40:F0:34:D3:73","name":null,"type":"infra","comment":null,"wep":"2","channel":10,"bcninterval":0,"freenet":"?","dhcp":"?","paynet":"?","userfound":false,"encryption":"wpa2"},{"trilat":14.6915073399999993597475622664205729961395263671875,"trilong":121.0818710300000020652078092098236083984375,"ssid":"GOLDEN EAGLE","qos":0,"transid":"20160315-00000","firsttime":"2001-01-01T09:00:00.000Z","lasttime":"2016-03-15T22:00:00.000Z","lastupdt":"2016-03-15T22:00:00.000Z","housenumber":null,"road":null,"city":null,"region":null,"country":null,"netid":"0E:12:62:85:67:B9","name":null,"type":"infra","comment":null,"wep":"2","channel":13,"bcninterval":0,"freenet":"?","dhcp":"?","paynet":"?","userfound":false,"encryption":"wpa2"},{"trilat":14.6785383199999994729978425311855971813201904296875,"trilong":121.083312989999996034384821541607379913330078125,"ssid":"instyle studio","qos":1,"transid":"20160505-00000","firsttime":"2016-03-21T09:00:00.000Z","lasttime":"2016-05-05T10:00:00.000Z","lastupdt":"2016-05-05T10:00:00.000Z","housenumber":null,"road":null,"city":null,"region":null,"country":null,"netid":"C0:4A:00:D0:79:24","name":null,"type":"infra","comment":null,"wep":"2","channel":2,"bcninterval":0,"freenet":"?","dhcp":"?","paynet":"?","userfound":false,"encryption":"wpa2"},{"trilat":14.687740330000000454901964985765516757965087890625,"trilong":121.07926940999999487758032046258449554443359375,"ssid":null,"qos":0,"transid":"20170609-00000","firsttime":"2001-01-01T08:00:00.000Z","lasttime":"2017-06-09T05:00:00.000Z","lastupdt":"2017-06-09T05:00:00.000Z","housenumber":null,"road":null,"city":null,"region":null,"country":null,"netid":"B4:5D:50:46:BB:93","name":null,"type":"infra","comment":null,"wep":"?","channel":161,"bcninterval":0,"freenet":"?","dhcp":"?","paynet":"?","userfound":false,"encryption":"unknown"},{"trilat":14.686805729999999670098986825905740261077880859375,"trilong":121.078025819999993473174981772899627685546875,"ssid":null,"qos":0,"transid":"20170609-00000","firsttime":"2001-01-01T08:00:00.000Z","lasttime":"2017-06-09T05:00:00.000Z","lastupdt":"2017-06-09T05:00:00.000Z","housenumber":null,"road":null,"city":null,"region":null,"country":null,"netid":"B4:5D:50:46:BB:B0","name":null,"type":"infra","comment":null,"wep":"?","channel":108,"bcninterval":0,"freenet":"?","dhcp":"?","paynet":"?","userfound":false,"encryption":"unknown"},{"trilat":14.686805729999999670098986825905740261077880859375,"trilong":121.078025819999993473174981772899627685546875,"ssid":null,"qos":0,"transid":"20170609-00000","firsttime":"2001-01-01T08:00:00.000Z","lasttime":"2017-06-09T05:00:00.000Z","lastupdt":"2017-06-09T05:00:00.000Z","housenumber":null,"road":null,"city":null,"region":null,"country":null,"netid":"B4:5D:50:46:BB:B3","name":null,"type":"infra","comment":null,"wep":"?","channel":108,"bcninterval":0,"freenet":"?","dhcp":"?","paynet":"?","userfound":false,"encryption":"unknown"},{"trilat":14.686805729999999670098986825905740261077880859375,"trilong":121.078025819999993473174981772899627685546875,"ssid":"@GoWiFi","qos":0,"transid":"20170609-00000","firsttime":"2001-01-01T08:00:00.000Z","lasttime":"2017-06-09T05:00:00.000Z","lastupdt":"2017-06-09T05:00:00.000Z","housenumber":null,"road":null,"city":null,"region":null,"country":null,"netid":"B4:5D:50:46:BD:40","name":null,"type":"infra","comment":null,"wep":"?","channel":6,"bcninterval":0,"freenet":"?","dhcp":"?","paynet":"?","userfound":false,"encryption":"unknown"},{"trilat":14.687740330000000454901964985765516757965087890625,"trilong":121.07926940999999487758032046258449554443359375,"ssid":null,"qos":0,"transid":"20170609-00000","firsttime":"2001-01-01T08:00:00.000Z","lasttime":"2017-06-09T05:00:00.000Z","lastupdt":"2017-06-09T05:00:00.000Z","housenumber":null,"road":null,"city":null,"region":null,"country":null,"netid":"B4:5D:50:46:BD:44","name":null,"type":"infra","comment":null,"wep":"?","channel":6,"bcninterval":0,"freenet":"?","dhcp":"?","paynet":"?","userfound":false,"encryption":"unknown"},{"trilat":14.687740330000000454901964985765516757965087890625,"trilong":121.07926940999999487758032046258449554443359375,"ssid":"@AyalaMalls_GoWiFi","qos":0,"transid":"20170609-00000","firsttime":"2001-01-01T08:00:00.000Z","lasttime":"2017-06-09T05:00:00.000Z","lastupdt":"2017-06-09T05:00:00.000Z","housenumber":null,"road":null,"city":null,"region":null,"country":null,"netid":"B4:5D:50:46:BE:31","name":null,"type":"infra","comment":null,"wep":"?","channel":120,"bcninterval":0,"freenet":"?","dhcp":"?","paynet":"?","userfound":false,"encryption":"unknown"},{"trilat":14.687740330000000454901964985765516757965087890625,"trilong":121.07926940999999487758032046258449554443359375,"ssid":"YTFanfest","qos":0,"transid":"20170609-00000","firsttime":"2001-01-01T08:00:00.000Z","lasttime":"2017-06-09T05:00:00.000Z","lastupdt":"2017-06-09T05:00:00.000Z","housenumber":null,"road":null,"city":null,"region":null,"country":null,"netid":"B4:5D:50:46:BE:32","name":null,"type":"infra","comment":null,"wep":"2","channel":120,"bcninterval":0,"freenet":"?","dhcp":"?","paynet":"?","userfound":false,"encryption":"wpa2"},{"trilat":14.6927270899999999898000169196166098117828369140625,"trilong":121.085899350000005370020517148077487945556640625,"ssid":"@AyalaMalls_GoWiFi","qos":0,"transid":"20170609-00000","firsttime":"2001-01-01T08:00:00.000Z","lasttime":"2017-06-09T05:00:00.000Z","lastupdt":"2017-06-09T05:00:00.000Z","housenumber":null,"road":null,"city":null,"region":null,"country":null,"netid":"B4:5D:50:46:C4:33","name":null,"type":"infra","comment":null,"wep":"?","channel":124,"bcninterval":0,"freenet":"?","dhcp":"?","paynet":"?","userfound":false,"encryption":"unknown"},{"trilat":14.6816816299999999273495632223784923553466796875,"trilong":121.0846786500000007436028681695461273193359375,"ssid":"4th floor","qos":0,"transid":"20130416-00000","firsttime":"2013-04-16T15:00:00.000Z","lasttime":"2013-04-16T21:00:00.000Z","lastupdt":"2013-04-16T19:00:00.000Z","housenumber":null,"road":null,"city":null,"region":"Metro Manila","country":"PH","netid":"C0:C1:C0:E9:A2:07","name":null,"type":"infra","comment":null,"wep":"2","channel":11,"bcninterval":0,"freenet":"?","dhcp":"?","paynet":"?","userfound":false,"encryption":"wpa2"},{"trilat":14.6729974700000003196009856765158474445343017578125,"trilong":121.0801010100000070224268711172044277191162109375,"ssid":"boysenberry","qos":2,"transid":"20130416-00000","firsttime":"2013-04-16T15:00:00.000Z","lasttime":"2014-09-17T10:00:00.000Z","lastupdt":"2015-07-26T00:00:00.000Z","housenumber":null,"road":null,"city":null,"region":"Metro Manila","country":"PH","netid":"E0:5F:B9:0C:8E:A2","name":null,"type":"infra","comment":null,"wep":"2","channel":3,"bcninterval":0,"freenet":"?","dhcp":"?","paynet":"?","userfound":false,"encryption":"wpa2"},{"trilat":14.67587089999999960809873300604522228240966796875,"trilong":121.0816650400000042964165913872420787811279296875,"ssid":"muntanga.net","qos":0,"transid":"20160505-00000","firsttime":"2016-03-23T15:00:00.000Z","lasttime":"2016-05-05T10:00:00.000Z","lastupdt":"2016-05-05T10:00:00.000Z","housenumber":null,"road":null,"city":null,"region":null,"country":null,"netid":"D4:6E:5C:EB:E7:6A","name":null,"type":"infra","comment":null,"wep":"2","channel":6,"bcninterval":0,"freenet":"?","dhcp":"?","paynet":"?","userfound":false,"encryption":"wpa2"},{"trilat":14.6832647299999994316976881236769258975982666015625,"trilong":121.0853500399999944647788652218878269195556640625,"ssid":"Lido Commonwealth","qos":0,"transid":"20140917-00000","firsttime":"2001-01-01T08:00:00.000Z","lasttime":"2015-01-26T07:00:00.000Z","lastupdt":"2015-07-26T00:00:00.000Z","housenumber":null,"road":null,"city":null,"region":null,"country":null,"netid":"10:FE:ED:3D:03:52","name":null,"type":"infra","comment":null,"wep":"2","channel":1,"bcninterval":0,"freenet":"?","dhcp":"?","paynet":"?","userfound":false,"encryption":"wpa2"},{"trilat":14.689181330000000258451109402813017368316650390625,"trilong":121.0705108599999988427953212521970272064208984375,"ssid":"jillai?s iPhone 6+","qos":3,"transid":"20150731-00000","firsttime":"2015-07-28T08:00:00.000Z","lasttime":"2015-08-12T07:00:00.000Z","lastupdt":"2015-08-12T07:00:00.000Z","housenumber":null,"road":null,"city":null,"region":null,"country":null,"netid":"BE:F3:87:3C:66:00","name":null,"type":"infra","comment":null,"wep":"2","channel":1,"bcninterval":0,"freenet":"?","dhcp":"?","paynet":"?","userfound":false,"encryption":"wpa2"},{"trilat":14.6844759000000006921027306816540658473968505859375,"trilong":121.08592224000000214800820685923099517822265625,"ssid":"batang tondo","qos":0,"transid":"20160505-00000","firsttime":"2016-03-21T09:00:00.000Z","lasttime":"2016-05-05T10:00:00.000Z","lastupdt":"2016-05-05T10:00:00.000Z","housenumber":null,"road":null,"city":null,"region":null,"country":null,"netid":"E0:8E:3C:16:64:A9","name":null,"type":"infra","comment":null,"wep":"2","channel":1,"bcninterval":0,"freenet":"?","dhcp":"?","paynet":"?","userfound":false,"encryption":"wpa2"},{"trilat":14.6783399600000006302025212789885699748992919921875,"trilong":121.0836334199999981819928507320582866668701171875,"ssid":"aics_acctg","qos":0,"transid":"20140917-00000","firsttime":"2014-09-16T21:00:00.000Z","lasttime":"2014-09-17T10:00:00.000Z","lastupdt":"2015-07-26T00:00:00.000Z","housenumber":null,"road":null,"city":null,"region":null,"country":null,"netid":"C0:A0:BB:F8:79:E9","name":null,"type":"infra","comment":null,"wep":"Y","channel":1,"bcninterval":0,"freenet":"?","dhcp":"?","paynet":"?","userfound":false,"encryption":"wep"},{"trilat":14.6872301099999997830991560476832091808319091796875,"trilong":121.08104706000000305721187032759189605712890625,"ssid":"VOLTAGE_NAVIGATOR","qos":0,"transid":"20160315-00000","firsttime":"2016-03-04T11:00:00.000Z","lasttime":"2016-05-05T10:00:00.000Z","lastupdt":"2016-05-05T10:00:00.000Z","housenumber":null,"road":null,"city":null,"region":null,"country":null,"netid":"D2:5B:A8:F9:3E:A0","name":null,"type":"infra","comment":null,"wep":"2","channel":6,"bcninterval":0,"freenet":"?","dhcp":"?","paynet":"?","userfound":false,"encryption":"wpa2"},{"trilat":14.690732000000000567752067581750452518463134765625,"trilong":121.0871353099999936375752440653741359710693359375,"ssid":"kim","qos":0,"transid":"20160505-00000","firsttime":"2016-03-23T09:00:00.000Z","lasttime":"2016-05-05T10:00:00.000Z","lastupdt":"2016-05-05T10:00:00.000Z","housenumber":null,"road":null,"city":null,"region":null,"country":null,"netid":"D2:5B:A8:F9:59:83","name":null,"type":"infra","comment":null,"wep":"2","channel":1,"bcninterval":0,"freenet":"?","dhcp":"?","paynet":"?","userfound":false,"encryption":"wpa2"},{"trilat":14.672161100000000288900992018170654773712158203125,"trilong":121.07926940999999487758032046258449554443359375,"ssid":"HNSales052014","qos":4,"transid":"20130416-00000","firsttime":"2013-04-16T13:00:00.000Z","lasttime":"2015-01-26T07:00:00.000Z","lastupdt":"2015-07-26T00:00:00.000Z","housenumber":null,"road":null,"city":null,"region":"Metro Manila","country":"PH","netid":"C0:C1:C0:E2:36:A8","name":null,"type":"infra","comment":null,"wep":"2","channel":1,"bcninterval":0,"freenet":"?","dhcp":"?","paynet":"?","userfound":false,"encryption":"wpa2"},{"trilat":14.685764309999999710498741478659212589263916015625,"trilong":121.0865631100000001652006176300346851348876953125,"ssid":"katlex","qos":2,"transid":"20140917-00000","firsttime":"2014-09-16T21:00:00.000Z","lasttime":"2016-05-05T10:00:00.000Z","lastupdt":"2016-05-05T10:00:00.000Z","housenumber":null,"road":null,"city":null,"region":null,"country":null,"netid":"E8:08:8B:CC:E6:72","name":null,"type":"infra","comment":null,"wep":"2","channel":7,"bcninterval":0,"freenet":"?","dhcp":"?","paynet":"?","userfound":false,"encryption":"wpa2"},{"trilat":14.6809101099999992356970324181020259857177734375,"trilong":121.0843200700000039660153561271727085113525390625,"ssid":"E*CHI'MES PHARMACEUTICAL INC.","qos":2,"transid":"20150126-00000","firsttime":"2015-01-26T22:00:00.000Z","lasttime":"2016-05-05T10:00:00.000Z","lastupdt":"2016-05-05T10:00:00.000Z","housenumber":null,"road":null,"city":null,"region":null,"country":null,"netid":"C0:4A:00:BE:5A:CD","name":null,"type":"infra","comment":null,"wep":"2","channel":6,"bcninterval":0,"freenet":"?","dhcp":"?","paynet":"?","userfound":false,"encryption":"wpa2"},{"trilat":14.673637389999999669498720322735607624053955078125,"trilong":121.079673769999999421997927129268646240234375,"ssid":"HUAWEI-E5220-efe0","qos":2,"transid":"20131106-00000","firsttime":"2013-11-06T09:00:00.000Z","lasttime":"2014-06-11T06:00:00.000Z","lastupdt":"2014-06-11T04:00:00.000Z","housenumber":null,"road":null,"city":null,"region":"Metro Manila","country":"PH","netid":"0C:96:BF:43:EF:E0","name":null,"type":"infra","comment":null,"wep":"2","channel":11,"bcninterval":0,"freenet":"?","dhcp":"?","paynet":"?","userfound":false,"encryption":"wpa2"},{"trilat":14.6848907499999992154471328831277787685394287109375,"trilong":121.086120609999994712779880501329898834228515625,"ssid":"Aztech5018_7D6CF","qos":0,"transid":"20160505-00000","firsttime":"2016-03-21T09:00:00.000Z","lasttime":"2016-05-05T10:00:00.000Z","lastupdt":"2016-05-05T10:00:00.000Z","housenumber":null,"road":null,"city":null,"region":null,"country":null,"netid":"E0:8E:3C:17:D6:CC","name":null,"type":"infra","comment":null,"wep":"2","channel":2,"bcninterval":0,"freenet":"?","dhcp":"?","paynet":"?","userfound":false,"encryption":"wpa2"},{"trilat":14.6879434599999996180486050434410572052001953125,"trilong":121.0871276900000026444104150868952274322509765625,"ssid":"getyourownwifi","qos":0,"transid":"20160505-00000","firsttime":"2016-03-21T09:00:00.000Z","lasttime":"2016-05-05T10:00:00.000Z","lastupdt":"2016-05-05T10:00:00.000Z","housenumber":null,"road":null,"city":null,"region":null,"country":null,"netid":"E0:8E:3C:18:C5:2C","name":null,"type":"infra","comment":null,"wep":"W","channel":9,"bcninterval":0,"freenet":"?","dhcp":"?","paynet":"?","userfound":false,"encryption":"wpa"},{"trilat":14.6722831700000000410000211559236049652099609375,"trilong":121.0720443700000004128014552406966686248779296875,"ssid":"VAPM","qos":0,"transid":"20150916-00000","firsttime":"2015-08-13T09:00:00.000Z","lasttime":"2015-09-16T09:00:00.000Z","lastupdt":"2015-09-16T09:00:00.000Z","housenumber":null,"road":null,"city":null,"region":null,"country":null,"netid":"BC:6E:64:6B:93:2D","name":null,"type":"infra","comment":null,"wep":"2","channel":1,"bcninterval":0,"freenet":"?","dhcp":"?","paynet":"?","userfound":false,"encryption":"wpa2"},{"trilat":14.6850814799999991322465575649403035640716552734375,"trilong":121.0865478500000023132088244892656803131103515625,"ssid":"bili ka ng wifi mo","qos":0,"transid":"20140917-00000","firsttime":"2014-09-16T21:00:00.000Z","lasttime":"2014-09-17T10:00:00.000Z","lastupdt":"2015-07-26T00:00:00.000Z","housenumber":null,"road":null,"city":null,"region":null,"country":null,"netid":"E4:77:23:A6:03:90","name":null,"type":"infra","comment":null,"wep":"2","channel":4,"bcninterval":0,"freenet":"?","dhcp":"?","paynet":"?","userfound":false,"encryption":"wpa2"},{"trilat":14.6841916999999995141479303129017353057861328125,"trilong":121.086105349999996860788087360560894012451171875,"ssid":"bayanDSLWiFi_3FD0","qos":0,"transid":"20140917-00000","firsttime":"2014-09-16T21:00:00.000Z","lasttime":"2014-09-17T10:00:00.000Z","lastupdt":"2015-07-26T00:00:00.000Z","housenumber":null,"road":null,"city":null,"region":null,"country":null,"netid":"E4:77:23:A6:3F:D0","name":null,"type":"infra","comment":null,"wep":"2","channel":13,"bcninterval":0,"freenet":"?","dhcp":"?","paynet":"?","userfound":false,"encryption":"wpa2"},{"trilat":14.6781434999999991219965522759594023227691650390625,"trilong":121.0834960899999970251883496530354022979736328125,"ssid":null,"qos":0,"transid":"20140917-00000","firsttime":"2014-09-16T21:00:00.000Z","lasttime":"2014-09-17T10:00:00.000Z","lastupdt":"2015-07-26T00:00:00.000Z","housenumber":null,"road":null,"city":null,"region":null,"country":null,"netid":"EC:43:F6:49:00:64","name":null,"type":"infra","comment":null,"wep":"2","channel":11,"bcninterval":0,"freenet":"?","dhcp":"?","paynet":"?","userfound":false,"encryption":"wpa2"},{"trilat":14.672822000000000031150193535722792148590087890625,"trilong":121.0793838499999992563971318304538726806640625,"ssid":"PLDT WiFi Zone","qos":0,"transid":"20160505-00000","firsttime":"2016-03-19T20:00:00.000Z","lasttime":"2016-05-05T10:00:00.000Z","lastupdt":"2016-05-05T10:00:00.000Z","housenumber":null,"road":null,"city":null,"region":null,"country":null,"netid":"EC:43:F6:BB:83:2B","name":null,"type":"infra","comment":null,"wep":"2","channel":1,"bcninterval":0,"freenet":"?","dhcp":"?","paynet":"?","userfound":false,"encryption":"wpa2"},{"trilat":14.6810855900000003515515345497988164424896240234375,"trilong":121.08443450999999413397745229303836822509765625,"ssid":"PLDTMyDSLE*CHI' Pharmaceutical","qos":1,"transid":"20130416-00000","firsttime":"2013-04-16T13:00:00.000Z","lasttime":"2013-04-24T23:00:00.000Z","lastupdt":"2013-04-24T21:00:00.000Z","housenumber":null,"road":null,"city":null,"region":"Metro Manila","country":"PH","netid":"20:2B:C1:C9:87:6C","name":null,"type":"infra","comment":null,"wep":"2","channel":11,"bcninterval":0,"freenet":"?","dhcp":"?","paynet":"?","userfound":false,"encryption":"wpa2"},{"trilat":14.681866649999999907549863564781844615936279296875,"trilong":121.0847778299999930595731711946427822113037109375,"ssid":"bayanDSLWiFi_6975","qos":1,"transid":"20160505-00000","firsttime":"2016-03-21T09:00:00.000Z","lasttime":"2016-05-05T10:00:00.000Z","lastupdt":"2016-05-05T10:00:00.000Z","housenumber":null,"road":null,"city":null,"region":null,"country":null,"netid":"EC:8A:4C:94:69:75","name":null,"type":"infra","comment":null,"wep":"2","channel":2,"bcninterval":0,"freenet":"?","dhcp":"?","paynet":"?","userfound":false,"encryption":"wpa2"},{"trilat":14.6773424099999996172982719144783914089202880859375,"trilong":121.0824813800000043784166336990892887115478515625,"ssid":"PLDTMyDSLBiz","qos":0,"transid":"20150126-00000","firsttime":"2015-01-26T22:00:00.000Z","lasttime":"2015-01-26T07:00:00.000Z","lastupdt":"2015-07-26T00:00:00.000Z","housenumber":null,"road":null,"city":null,"region":null,"country":null,"netid":"EC:43:F6:44:7C:A2","name":null,"type":"infra","comment":null,"wep":"2","channel":11,"bcninterval":0,"freenet":"?","dhcp":"?","paynet":"?","userfound":false,"encryption":"wpa2"},{"trilat":14.6718110999999993282472132705152034759521484375,"trilong":121.0790252700000024788096197880804538726806640625,"ssid":"CSI","qos":0,"transid":"20130416-00000","firsttime":"2013-04-16T13:00:00.000Z","lasttime":"2013-04-16T21:00:00.000Z","lastupdt":"2013-04-16T19:00:00.000Z","housenumber":null,"road":null,"city":null,"region":"Metro Manila","country":"PH","netid":"24:DB:AC:0C:5C:FE","name":null,"type":"infra","comment":null,"wep":"2","channel":1,"bcninterval":0,"freenet":"?","dhcp":"?","paynet":"?","userfound":false,"encryption":"wpa2"},{"trilat":14.672364229999999452047632075846195220947265625,"trilong":121.0791778600000014876059140078723430633544921875,"ssid":null,"qos":0,"transid":"20160505-00000","firsttime":"2016-03-25T08:00:00.000Z","lasttime":"2016-05-05T10:00:00.000Z","lastupdt":"2016-05-05T10:00:00.000Z","housenumber":null,"road":null,"city":null,"region":null,"country":null,"netid":"E8:CD:2D:21:3F:9C","name":null,"type":"infra","comment":null,"wep":"2","channel":11,"bcninterval":0,"freenet":"?","dhcp":"?","paynet":"?","userfound":false,"encryption":"wpa2"},{"trilat":14.6819286299999998135490386630408465862274169921875,"trilong":121.084800720000004048415576107800006866455078125,"ssid":"HUAWEI-E5330-CE27","qos":0,"transid":"20160505-00000","firsttime":"2016-03-23T10:00:00.000Z","lasttime":"2016-05-05T10:00:00.000Z","lastupdt":"2016-05-05T10:00:00.000Z","housenumber":null,"road":null,"city":null,"region":null,"country":null,"netid":"8C:34:FD:CA:CE:27","name":null,"type":"infra","comment":null,"wep":"2","channel":1,"bcninterval":0,"freenet":"?","dhcp":"?","paynet":"?","userfound":false,"encryption":"wpa2"},{"trilat":14.672259329999999266647137119434773921966552734375,"trilong":121.0789413499999938039763947017490863800048828125,"ssid":"gogojjlc","qos":1,"transid":"20140917-00000","firsttime":"2014-09-16T21:00:00.000Z","lasttime":"2015-01-26T07:00:00.000Z","lastupdt":"2015-07-26T00:00:00.000Z","housenumber":null,"road":null,"city":null,"region":null,"country":null,"netid":"00:08:9F:6E:B7:C9","name":null,"type":"infra","comment":null,"wep":"W","channel":6,"bcninterval":0,"freenet":"?","dhcp":"?","paynet":"?","userfound":false,"encryption":"wpa"},{"trilat":14.689860339999999183646650635637342929840087890625,"trilong":121.0871200600000037184145185165107250213623046875,"ssid":"D4D3.0","qos":2,"transid":"20150406-00000","firsttime":"2015-04-07T00:00:00.000Z","lasttime":"2015-07-31T21:00:00.000Z","lastupdt":"2015-07-31T21:00:00.000Z","housenumber":null,"road":null,"city":null,"region":null,"country":null,"netid":"92:4E:2B:C7:B1:3E","name":null,"type":"infra","comment":null,"wep":"2","channel":1,"bcninterval":0,"freenet":"?","dhcp":"?","paynet":"?","userfound":false,"encryption":"wpa2"},{"trilat":14.6927270899999999898000169196166098117828369140625,"trilong":121.085899350000005370020517148077487945556640625,"ssid":"DOTC-MRT3 WiFi","qos":0,"transid":"20170609-00000","firsttime":"2001-01-01T08:00:00.000Z","lasttime":"2017-06-09T05:00:00.000Z","lastupdt":"2017-06-09T05:00:00.000Z","housenumber":null,"road":null,"city":null,"region":null,"country":null,"netid":"F0:3E:90:21:35:28","name":null,"type":"infra","comment":null,"wep":"2","channel":8,"bcninterval":0,"freenet":"?","dhcp":"?","paynet":"?","userfound":false,"encryption":"wpa2"},{"trilat":14.6758213000000008463530321023426949977874755859375,"trilong":121.0818100000000043792169890366494655609130859375,"ssid":null,"qos":0,"transid":"20160505-00000","firsttime":"2016-03-21T09:00:00.000Z","lasttime":"2016-05-05T10:00:00.000Z","lastupdt":"2016-05-05T10:00:00.000Z","housenumber":null,"road":null,"city":null,"region":null,"country":null,"netid":"EC:43:F6:44:80:94","name":null,"type":"infra","comment":null,"wep":"W","channel":11,"bcninterval":0,"freenet":"?","dhcp":"?","paynet":"?","userfound":false,"encryption":"wpa"},{"trilat":14.676909450000000134650690597482025623321533203125,"trilong":121.082427980000005618421710096299648284912109375,"ssid":"GrandyGMAG","qos":0,"transid":"20160505-00000","firsttime":"2016-03-23T10:00:00.000Z","lasttime":"2016-05-05T10:00:00.000Z","lastupdt":"2016-05-05T10:00:00.000Z","housenumber":null,"road":null,"city":null,"region":null,"country":null,"netid":"EC:1F:72:AD:40:D4","name":null,"type":"infra","comment":null,"wep":"2","channel":11,"bcninterval":0,"freenet":"?","dhcp":"?","paynet":"?","userfound":false,"encryption":"wpa2"},{"trilat":14.671907420000000144000296131707727909088134765625,"trilong":121.078376770000005535621312446892261505126953125,"ssid":"PLDT SMART WiFi Zone","qos":0,"transid":"20160505-00000","firsttime":"2016-03-19T20:00:00.000Z","lasttime":"2016-05-05T10:00:00.000Z","lastupdt":"2016-05-05T10:00:00.000Z","housenumber":null,"road":null,"city":null,"region":null,"country":null,"netid":"E6:43:F6:BB:83:2B","name":null,"type":"infra","comment":null,"wep":"?","channel":1,"bcninterval":0,"freenet":"?","dhcp":"?","paynet":"?","userfound":false,"encryption":"unknown"},{"trilat":14.684368129999999297297108569182455539703369140625,"trilong":121.0858764599999943811781122349202632904052734375,"ssid":"Elmer Labanon","qos":0,"transid":"20160505-00000","firsttime":"2016-03-21T09:00:00.000Z","lasttime":"2016-05-05T10:00:00.000Z","lastupdt":"2016-05-05T10:00:00.000Z","housenumber":null,"road":null,"city":null,"region":null,"country":null,"netid":"E0:8E:3C:04:C4:4B","name":null,"type":"infra","comment":null,"wep":"2","channel":11,"bcninterval":0,"freenet":"?","dhcp":"?","paynet":"?","userfound":false,"encryption":"wpa2"},{"trilat":14.6737985599999998242992660379968583583831787109375,"trilong":121.0807724000000007436028681695461273193359375,"ssid":"WIFI Namin","qos":0,"transid":"20130424-00000","firsttime":"2013-04-23T13:00:00.000Z","lasttime":"2013-04-24T23:00:00.000Z","lastupdt":"2013-04-24T21:00:00.000Z","housenumber":null,"road":null,"city":null,"region":"Metro Manila","country":"PH","netid":"E0:91:F5:77:71:E0","name":null,"type":"infra","comment":null,"wep":"Y","channel":6,"bcninterval":0,"freenet":"?","dhcp":"?","paynet":"?","userfound":false,"encryption":"wep"},{"trilat":14.6749143600000007126027412596158683300018310546875,"trilong":121.081199650000002066008164547383785247802734375,"ssid":"B660-12CC","qos":0,"transid":"20160505-00000","firsttime":"2016-03-21T09:00:00.000Z","lasttime":"2016-05-05T10:00:00.000Z","lastupdt":"2016-05-05T10:00:00.000Z","housenumber":null,"road":null,"city":null,"region":null,"country":null,"netid":"F8:01:13:B4:12:CE","name":null,"type":"infra","comment":null,"wep":"?","channel":1,"bcninterval":0,"freenet":"?","dhcp":"?","paynet":"?","userfound":false,"encryption":"unknown"},{"trilat":14.67136765000000053760231821797788143157958984375,"trilong":121.078277589999999008796294219791889190673828125,"ssid":"Boss noli","qos":0,"transid":"20160505-00000","firsttime":"2016-03-23T10:00:00.000Z","lasttime":"2016-05-05T10:00:00.000Z","lastupdt":"2016-05-05T10:00:00.000Z","housenumber":null,"road":null,"city":null,"region":null,"country":null,"netid":"EE:1D:7F:A1:51:67","name":null,"type":"infra","comment":null,"wep":"2","channel":11,"bcninterval":0,"freenet":"?","dhcp":"?","paynet":"?","userfound":false,"encryption":"wpa2"},{"trilat":14.6740713100000004232015271554701030254364013671875,"trilong":121.08062744000000066080247052013874053955078125,"ssid":"KUMONEKPANGET","qos":0,"transid":"20130416-00000","firsttime":"2013-04-16T15:00:00.000Z","lasttime":"2013-04-16T21:00:00.000Z","lastupdt":"2013-04-16T19:00:00.000Z","housenumber":null,"road":null,"city":null,"region":"Metro Manila","country":"PH","netid":"24:DB:AC:0C:1E:90","name":null,"type":"infra","comment":null,"wep":"Y","channel":1,"bcninterval":0,"freenet":"?","dhcp":"?","paynet":"?","userfound":false,"encryption":"wep"},{"trilat":14.686353679999999854999259696342051029205322265625,"trilong":121.086654659999993555175024084746837615966796875,"ssid":"HUAWEI-E5330-25C5","qos":0,"transid":"20160505-00000","firsttime":"2016-03-25T08:00:00.000Z","lasttime":"2016-05-05T10:00:00.000Z","lastupdt":"2016-05-05T10:00:00.000Z","housenumber":null,"road":null,"city":null,"region":null,"country":null,"netid":"F4:8E:92:44:25:C5","name":null,"type":"infra","comment":null,"wep":"2","channel":10,"bcninterval":0,"freenet":"?","dhcp":"?","paynet":"?","userfound":false,"encryption":"wpa2"},{"trilat":14.6815338099999994625477484078146517276763916015625,"trilong":121.0846328699999929767727735452353954315185546875,"ssid":"awn_inside","qos":0,"transid":"20160505-00000","firsttime":"2016-03-21T09:00:00.000Z","lasttime":"2016-05-05T10:00:00.000Z","lastupdt":"2016-05-05T10:00:00.000Z","housenumber":null,"road":null,"city":null,"region":null,"country":null,"netid":"F4:7F:35:42:0C:10","name":null,"type":"infra","comment":null,"wep":"2","channel":1,"bcninterval":0,"freenet":"?","dhcp":"?","paynet":"?","userfound":false,"encryption":"wpa2"},{"trilat":14.6815338099999994625477484078146517276763916015625,"trilong":121.0846328699999929767727735452353954315185546875,"ssid":"awn_guest","qos":0,"transid":"20160505-00000","firsttime":"2016-03-21T09:00:00.000Z","lasttime":"2016-05-05T10:00:00.000Z","lastupdt":"2016-05-05T10:00:00.000Z","housenumber":null,"road":null,"city":null,"region":null,"country":null,"netid":"F4:7F:35:42:0C:13","name":null,"type":"infra","comment":null,"wep":"?","channel":1,"bcninterval":0,"freenet":"?","dhcp":"?","paynet":"?","userfound":false,"encryption":"unknown"},{"trilat":14.6871566799999992980474416981451213359832763671875,"trilong":121.0868530300000003308014129288494586944580078125,"ssid":"Wagkaupabebe","qos":1,"transid":"20160505-00000","firsttime":"2016-03-21T09:00:00.000Z","lasttime":"2016-05-05T10:00:00.000Z","lastupdt":"2016-05-05T10:00:00.000Z","housenumber":null,"road":null,"city":null,"region":null,"country":null,"netid":"24:1F:A0:93:E6:B8","name":null,"type":"infra","comment":null,"wep":"2","channel":5,"bcninterval":0,"freenet":"?","dhcp":"?","paynet":"?","userfound":false,"encryption":"wpa2"},{"trilat":14.684993739999999462497726199217140674591064453125,"trilong":121.0861663799999945467789075337350368499755859375,"ssid":"MADAM BABY","qos":0,"transid":"20160505-00000","firsttime":"2016-03-21T09:00:00.000Z","lasttime":"2016-05-05T10:00:00.000Z","lastupdt":"2016-05-05T10:00:00.000Z","housenumber":null,"road":null,"city":null,"region":null,"country":null,"netid":"24:1F:A0:94:57:A6","name":null,"type":"infra","comment":null,"wep":"2","channel":5,"bcninterval":0,"freenet":"?","dhcp":"?","paynet":"?","userfound":false,"encryption":"wpa2"},{"trilat":14.6813106500000003507011570036411285400390625,"trilong":121.08453369000000066080247052013874053955078125,"ssid":"DIRECT-","qos":0,"transid":"20160505-00000","firsttime":"2016-03-21T09:00:00.000Z","lasttime":"2016-05-05T10:00:00.000Z","lastupdt":"2016-05-05T10:00:00.000Z","housenumber":null,"road":null,"city":null,"region":null,"country":null,"netid":"F2:79:59:2E:06:9C","name":null,"type":"infra","comment":null,"wep":"Y","channel":1,"bcninterval":0,"freenet":"?","dhcp":"?","paynet":"?","userfound":false,"encryption":"wep"},{"trilat":14.6761999099999993489973348914645612239837646484375,"trilong":121.0823898299999967775875120423734188079833984375,"ssid":"Sweet Nest Candy Buffet","qos":0,"transid":"20130424-00000","firsttime":"2013-04-23T13:00:00.000Z","lasttime":"2013-04-24T23:00:00.000Z","lastupdt":"2013-04-24T21:00:00.000Z","housenumber":null,"road":null,"city":null,"region":"Metro Manila","country":"PH","netid":"F8:DF:A8:30:71:D8","name":null,"type":"infra","comment":null,"wep":"2","channel":1,"bcninterval":0,"freenet":"?","dhcp":"?","paynet":"?","userfound":false,"encryption":"wpa2"},{"trilat":14.6774606700000003201012077624909579753875732421875,"trilong":121.0829010000000067748260335065424442291259765625,"ssid":"Smart Bro_36A19C","qos":1,"transid":"20130416-00000","firsttime":"2013-04-16T13:00:00.000Z","lasttime":"2013-05-07T06:00:00.000Z","lastupdt":"2013-05-07T04:00:00.000Z","housenumber":null,"road":null,"city":null,"region":"Metro Manila","country":"PH","netid":"F8:DF:A8:36:A1:9C","name":null,"type":"infra","comment":null,"wep":"2","channel":11,"bcninterval":0,"freenet":"?","dhcp":"?","paynet":"?","userfound":false,"encryption":"wpa2"},{"trilat":14.6804151499999999685996954212896525859832763671875,"trilong":121.08412932999999611638486385345458984375,"ssid":null,"qos":0,"transid":"20160505-00000","firsttime":"2016-03-21T09:00:00.000Z","lasttime":"2016-05-05T10:00:00.000Z","lastupdt":"2016-05-05T10:00:00.000Z","housenumber":null,"road":null,"city":null,"region":null,"country":null,"netid":"98:FC:11:B9:F6:98","name":null,"type":"infra","comment":null,"wep":"2","channel":9,"bcninterval":0,"freenet":"?","dhcp":"?","paynet":"?","userfound":false,"encryption":"wpa2"},{"trilat":14.6828584699999993290475686080753803253173828125,"trilong":121.085517879999997603590600192546844482421875,"ssid":"EIGenTech Corporation-guest","qos":1,"transid":"20130416-00000","firsttime":"2013-04-16T13:00:00.000Z","lasttime":"2013-04-24T23:00:00.000Z","lastupdt":"2013-04-24T21:00:00.000Z","housenumber":null,"road":null,"city":null,"region":"Metro Manila","country":"PH","netid":"98:FC:11:96:13:DA","name":null,"type":"infra","comment":null,"wep":"N","channel":6,"bcninterval":0,"freenet":"?","dhcp":"?","paynet":"?","userfound":false,"encryption":"none"},{"trilat":14.6756973300000002069509719149209558963775634765625,"trilong":121.081718440000003056411514990031719207763671875,"ssid":"Vassili Zaitsev","qos":0,"transid":"20160505-00000","firsttime":"2016-03-21T09:00:00.000Z","lasttime":"2016-05-05T10:00:00.000Z","lastupdt":"2016-12-14T18:00:00.000Z","housenumber":null,"road":null,"city":null,"region":null,"country":null,"netid":"36:DE:34:09:40:E4","name":null,"type":"infra","comment":null,"wep":"2","channel":6,"bcninterval":0,"freenet":"?","dhcp":"?","paynet":"?","userfound":false,"encryption":"wpa2"}]}