{"success":true,"totalResults":690,"search_after":18481735,"first":1,"last":100,"resultCount":100,"results":[{"trilat":14.6852807999999992460971043328754603862762451171875,"trilong":121.0863037099999957035834086127579212188720703125,"ssid":null,"qos":0,"transid":"20160505-00000","firsttime":"2016-03-21T09:00:00.000Z","lasttime":"2016-05-05T10:00:00.000Z","lastupdt":"2016-05-05T10:00:00.000Z","housenumber":null,"road":null,"city":null,"region":null,"country":null,"netid":"00:13:33:F5:B0:26","name":null,"type":"infra","comment":null,"wep":"2","channel":11,"bcninterval":0,"freenet":"?","dhcp":"?","paynet":"?","userfound":false,"encryption":"wpa2"},{"trilat":14.68066501999999928784745861776173114776611328125,"trilong":121.0842361499999952911821310408413410186767578125,"ssid":null,"qos":0,"transid":"20160505-00000","firsttime":"2016-03-21T09:00:00.000Z","lasttime":"2016-05-05T10:00:00.000Z","lastupdt":"2016-05-05T10:00:00.000Z","housenumber":null,"road":null,"city":null,"region":null,"country":null,"netid":"00:13:33:D6:5E:D9","name":null,"type":"infra","comment":null,"wep":"2","channel":11,"bcninterval":0,"freenet":"?","dhcp":"?","paynet":"?","userfound":false,"encryption":"wpa2"},{"trilat":14.6853542299999997311488186824135482311248779296875,"trilong":121.08634186000000454441760666668415069580078125,"ssid":"PLDTHOMEDSL","qos":0,"transid":"20160505-00000","firsttime":"2016-03-21T09:00:00.000Z","lasttime":"2016-05-05T10:00:00.000Z","lastupdt":"2016-05-05T10:00:00.000Z","housenumber":null,"road":null,"city":null,"region":null,"country":null,"netid":"00:13:33:D8:37:BD","name":null,"type":"infra","comment":null,"wep":"2","channel":11,"bcninterval":0,"freenet":"?","dhcp":"?","paynet":"?","userfound":false,"encryption":"wpa2"},{"trilat":14.68018627000000009275026968680322170257568359375,"trilong":121.0840377800000027264104573987424373626708984375,"ssid":"PLDTHOMEDSL_JK_ENERGIES","qos":0,"transid":"20160505-00000","firsttime":"2016-03-21T09:00:00.000Z","lasttime":"2016-05-05T10:00:00.000Z","lastupdt":"2016-05-05T10:00:00.000Z","housenumber":null,"road":null,"city":null,"region":null,"country":null,"netid":"00:13:33:E4:2E:BC","name":null,"type":"infra","comment":null,"wep":"2","channel":11,"bcninterval":0,"freenet":"?","dhcp":"?","paynet":"?","userfound":false,"encryption":"wpa2"},{"trilat":14.672368049999999328747435356490314006805419921875,"trilong":121.0792923000000058664227253757417201995849609375,"ssid":"PLDTHOMEDSL","qos":0,"transid":"20160505-00000","firsttime":"2016-03-21T09:00:00.000Z","lasttime":"2016-05-05T10:00:00.000Z","lastupdt":"2016-05-05T10:00:00.000Z","housenumber":null,"road":null,"city":null,"region":null,"country":null,"netid":"00:13:33:DC:E1:D7","name":null,"type":"infra","comment":null,"wep":"2","channel":11,"bcninterval":0,"freenet":"?","dhcp":"?","paynet":"?","userfound":false,"encryption":"wpa2"},{"trilat":14.672023769999999132096490939147770404815673828125,"trilong":121.078987119999993637975421734154224395751953125,"ssid":"PLDTHOMEDSL","qos":0,"transid":"20160505-00000","firsttime":"2016-03-21T09:00:00.000Z","lasttime":"2016-05-05T10:00:00.000Z","lastupdt":"2016-05-05T10:00:00.000Z","housenumber":null,"road":null,"city":null,"region":null,"country":null,"netid":"00:13:33:DE:C1:61","name":null,"type":"infra","comment":null,"wep":"2","channel":11,"bcninterval":0,"freenet":"?","dhcp":"?","paynet":"?","userfound":false,"encryption":"wpa2"},{"trilat":14.6799573900000002169008439523167908191680908203125,"trilong":121.0839309699999972735895426012575626373291015625,"ssid":"PLDTHOMEDSL","qos":0,"transid":"20160505-00000","firsttime":"2016-03-21T09:00:00.000Z","lasttime":"2016-05-05T10:00:00.000Z","lastupdt":"2016-05-05T10:00:00.000Z","housenumber":null,"road":null,"city":null,"region":null,"country":null,"netid":"00:13:33:E9:59:75","name":null,"type":"infra","comment":null,"wep":"2","channel":11,"bcninterval":0,"freenet":"?","dhcp":"?","paynet":"?","userfound":false,"encryption":"wpa2"},{"trilat":14.680860519999999524998202105052769184112548828125,"trilong":121.0843200700000039660153561271727085113525390625,"ssid":"PLDTHOMEDSL","qos":0,"transid":"20160505-00000","firsttime":"2016-03-21T09:00:00.000Z","lasttime":"2016-05-05T10:00:00.000Z","lastupdt":"2016-05-05T10:00:00.000Z","housenumber":null,"road":null,"city":null,"region":null,"country":null,"netid":"00:13:33:EF:5B:E6","name":null,"type":"infra","comment":null,"wep":"2","channel":2,"bcninterval":0,"freenet":"?","dhcp":"?","paynet":"?","userfound":false,"encryption":"wpa2"},{"trilat":14.67840958000000028960130293853580951690673828125,"trilong":121.08324432000000570042175240814685821533203125,"ssid":"PLDTHOMEDSL","qos":0,"transid":"20160505-00000","firsttime":"2016-03-21T09:00:00.000Z","lasttime":"2016-05-05T10:00:00.000Z","lastupdt":"2016-05-05T10:00:00.000Z","housenumber":null,"road":null,"city":null,"region":null,"country":null,"netid":"00:13:33:D3:C2:F5","name":null,"type":"infra","comment":null,"wep":"2","channel":11,"bcninterval":0,"freenet":"?","dhcp":"?","paynet":"?","userfound":false,"encryption":"wpa2"},{"trilat":14.6766996400000007128028300940059125423431396484375,"trilong":121.082443240000003470413503237068653106689453125,"ssid":"smartbrowifi","qos":1,"transid":"20130416-00000","firsttime":"2013-04-16T13:00:00.000Z","lasttime":"2013-04-24T23:00:00.000Z","lastupdt":"2013-04-24T21:00:00.000Z","housenumber":null,"road":null,"city":null,"region":"Metro Manila","country":"PH","netid":"00:14:BF:BB:DB:1F","name":null,"type":"infra","comment":null,"wep":"N","channel":6,"bcninterval":0,"freenet":"?","dhcp":"?","paynet":"?","userfound":false,"encryption":"none"},{"trilat":14.6724204999999994214476828346960246562957763671875,"trilong":121.0792923000000058664227253757417201995849609375,"ssid":"PLDTHOMEDSL","qos":1,"transid":"20160505-00000","firsttime":"2016-03-21T09:00:00.000Z","lasttime":"2016-05-05T10:00:00.000Z","lastupdt":"2016-05-05T10:00:00.000Z","housenumber":null,"road":null,"city":null,"region":null,"country":null,"netid":"00:13:33:FB:05:CE","name":null,"type":"infra","comment":null,"wep":"2","channel":1,"bcninterval":0,"freenet":"?","dhcp":"?","paynet":"?","userfound":false,"encryption":"wpa2"},{"trilat":14.67281627999999926714735920540988445281982421875,"trilong":121.07910918999999694278812967240810394287109375,"ssid":"PLDTHOMEDSL","qos":0,"transid":"20150126-00000","firsttime":"2015-01-26T22:00:00.000Z","lasttime":"2015-01-26T07:00:00.000Z","lastupdt":"2015-07-26T00:00:00.000Z","housenumber":null,"road":null,"city":null,"region":null,"country":null,"netid":"00:0E:F4:DA:87:A9","name":null,"type":"infra","comment":null,"wep":"2","channel":11,"bcninterval":0,"freenet":"?","dhcp":"?","paynet":"?","userfound":false,"encryption":"wpa2"},{"trilat":14.677004809999999679348547942936420440673828125,"trilong":121.0822372399999977687912178225815296173095703125,"ssid":"ZIANE","qos":0,"transid":"20150126-00000","firsttime":"2015-01-26T22:00:00.000Z","lasttime":"2015-01-26T07:00:00.000Z","lastupdt":"2015-07-26T00:00:00.000Z","housenumber":null,"road":null,"city":null,"region":null,"country":null,"netid":"00:0F:01:1B:23:A6","name":null,"type":"infra","comment":null,"wep":"2","channel":1,"bcninterval":0,"freenet":"?","dhcp":"?","paynet":"?","userfound":false,"encryption":"wpa2"},{"trilat":14.67281627999999926714735920540988445281982421875,"trilong":121.07910918999999694278812967240810394287109375,"ssid":"PLDTHOMEDSL","qos":0,"transid":"20150126-00000","firsttime":"2015-01-26T22:00:00.000Z","lasttime":"2015-01-26T07:00:00.000Z","lastupdt":"2015-07-26T00:00:00.000Z","housenumber":null,"road":null,"city":null,"region":null,"country":null,"netid":"00:0E:F4:D9:DF:F4","name":null,"type":"infra","comment":null,"wep":"2","channel":11,"bcninterval":0,"freenet":"?","dhcp":"?","paynet":"?","userfound":false,"encryption":"wpa2"},{"trilat":14.6878356899999999995998223312199115753173828125,"trilong":121.077857969999996612386894412338733673095703125,"ssid":"PLDTHOMEDSLNoWifiHere","qos":0,"transid":"20160315-00000","firsttime":"2001-01-01T09:00:00.000Z","lasttime":"2016-03-15T22:00:00.000Z","lastupdt":"2016-03-15T22:00:00.000Z","housenumber":null,"road":null,"city":null,"region":null,"country":null,"netid":"00:13:33:BF:5B:71","name":null,"type":"infra","comment":null,"wep":"2","channel":11,"bcninterval":0,"freenet":"?","dhcp":"?","paynet":"?","userfound":false,"encryption":"wpa2"},{"trilat":14.675504679999999524397935601882636547088623046875,"trilong":121.081603999999998677594703622162342071533203125,"ssid":"PLDTHOMEDSL","qos":0,"transid":"20160505-00000","firsttime":"2016-03-21T09:00:00.000Z","lasttime":"2016-05-05T10:00:00.000Z","lastupdt":"2016-05-05T10:00:00.000Z","housenumber":null,"road":null,"city":null,"region":null,"country":null,"netid":"00:13:33:FD:C7:5A","name":null,"type":"infra","comment":null,"wep":"2","channel":9,"bcninterval":0,"freenet":"?","dhcp":"?","paynet":"?","userfound":false,"encryption":"wpa2"},{"trilat":14.6814546599999999898500391282141208648681640625,"trilong":121.0846023600000052056202548556029796600341796875,"ssid":"PLDTHOMEDSL","qos":1,"transid":"20160505-00000","firsttime":"2016-03-21T09:00:00.000Z","lasttime":"2016-05-05T10:00:00.000Z","lastupdt":"2016-05-05T10:00:00.000Z","housenumber":null,"road":null,"city":null,"region":null,"country":null,"netid":"00:13:33:F5:91:89","name":null,"type":"infra","comment":null,"wep":"2","channel":11,"bcninterval":0,"freenet":"?","dhcp":"?","paynet":"?","userfound":false,"encryption":"wpa2"},{"trilat":14.672739979999999349047357100062072277069091796875,"trilong":121.0795745799999991731965565122663974761962890625,"ssid":"PLDTHOMEDSL","qos":0,"transid":"20160505-00000","firsttime":"2016-03-21T09:00:00.000Z","lasttime":"2016-05-05T10:00:00.000Z","lastupdt":"2016-05-05T10:00:00.000Z","housenumber":null,"road":null,"city":null,"region":null,"country":null,"netid":"00:13:33:F7:A5:3C","name":null,"type":"infra","comment":null,"wep":"2","channel":1,"bcninterval":0,"freenet":"?","dhcp":"?","paynet":"?","userfound":false,"encryption":"wpa2"},{"trilat":14.6806411699999994624477039906196296215057373046875,"trilong":121.0842285199999963651862344704568386077880859375,"ssid":"PLDTHOMEDSL","qos":0,"transid":"20160505-00000","firsttime":"2016-03-21T09:00:00.000Z","lasttime":"2016-05-05T10:00:00.000Z","lastupdt":"2016-05-05T10:00:00.000Z","housenumber":null,"road":null,"city":null,"region":null,"country":null,"netid":"00:13:33:D9:9E:D7","name":null,"type":"infra","comment":null,"wep":"2","channel":11,"bcninterval":0,"freenet":"?","dhcp":"?","paynet":"?","userfound":false,"encryption":"wpa2"},{"trilat":14.6804656999999991739969118498265743255615234375,"trilong":121.0841522200000071052272687666118144989013671875,"ssid":"PLDTHOMEDSL","qos":0,"transid":"20160505-00000","firsttime":"2016-03-21T09:00:00.000Z","lasttime":"2016-05-05T10:00:00.000Z","lastupdt":"2016-05-05T10:00:00.000Z","housenumber":null,"road":null,"city":null,"region":null,"country":null,"netid":"00:13:33:E3:A8:98","name":null,"type":"infra","comment":null,"wep":"2","channel":11,"bcninterval":0,"freenet":"?","dhcp":"?","paynet":"?","userfound":false,"encryption":"wpa2"},{"trilat":14.67520904999999942219801596365869045257568359375,"trilong":121.0814056399999998347993823699653148651123046875,"ssid":"PLDTHOMEDSL","qos":0,"transid":"20160505-00000","firsttime":"2016-03-21T09:00:00.000Z","lasttime":"2016-05-05T10:00:00.000Z","lastupdt":"2016-05-05T10:00:00.000Z","housenumber":null,"road":null,"city":null,"region":null,"country":null,"netid":"00:13:33:E8:D4:7D","name":null,"type":"infra","comment":null,"wep":"2","channel":11,"bcninterval":0,"freenet":"?","dhcp":"?","paynet":"?","userfound":false,"encryption":"wpa2"},{"trilat":14.6877326999999997525492290151305496692657470703125,"trilong":121.0870971700000069404268288053572177886962890625,"ssid":"PLDTHOMEDSL","qos":0,"transid":"20160505-00000","firsttime":"2016-03-21T09:00:00.000Z","lasttime":"2016-05-05T10:00:00.000Z","lastupdt":"2016-05-05T10:00:00.000Z","housenumber":null,"road":null,"city":null,"region":null,"country":null,"netid":"00:13:33:C2:48:28","name":null,"type":"infra","comment":null,"wep":"2","channel":11,"bcninterval":0,"freenet":"?","dhcp":"?","paynet":"?","userfound":false,"encryption":"wpa2"},{"trilat":14.6718053800000003406012183404527604579925537109375,"trilong":121.0787277200000033872129279188811779022216796875,"ssid":"PLDTHOMEDSL","qos":1,"transid":"20160505-00000","firsttime":"2016-03-21T09:00:00.000Z","lasttime":"2016-05-05T10:00:00.000Z","lastupdt":"2016-05-05T10:00:00.000Z","housenumber":null,"road":null,"city":null,"region":null,"country":null,"netid":"00:13:33:F5:90:85","name":null,"type":"infra","comment":null,"wep":"2","channel":1,"bcninterval":0,"freenet":"?","dhcp":"?","paynet":"?","userfound":false,"encryption":"wpa2"},{"trilat":14.6866111799999998765997588634490966796875,"trilong":121.0765228300000018180071492679417133331298828125,"ssid":"PLDTHOMEDSLflhcordovez","qos":0,"transid":"20160315-00000","firsttime":"2001-01-01T09:00:00.000Z","lasttime":"2016-03-15T22:00:00.000Z","lastupdt":"2016-03-15T22:00:00.000Z","housenumber":null,"road":null,"city":null,"region":null,"country":null,"netid":"00:13:33:E1:F8:D6","name":null,"type":"infra","comment":null,"wep":"2","channel":5,"bcninterval":0,"freenet":"?","dhcp":"?","paynet":"?","userfound":false,"encryption":"wpa2"},{"trilat":14.67546463000000045440174289979040622711181640625,"trilong":121.0815200800000042136161937378346920013427734375,"ssid":"PLDTHOMEDSLPGMPCNET","qos":1,"transid":"20160505-00000","firsttime":"2016-03-21T09:00:00.000Z","lasttime":"2016-05-05T10:00:00.000Z","lastupdt":"2016-05-05T10:00:00.000Z","housenumber":null,"road":null,"city":null,"region":null,"country":null,"netid":"00:13:33:EE:91:0C","name":null,"type":"infra","comment":null,"wep":"2","channel":1,"bcninterval":0,"freenet":"?","dhcp":"?","paynet":"?","userfound":false,"encryption":"wpa2"},{"trilat":14.6782093000000006810523700551129877567291259765625,"trilong":121.083152769999998099592630751430988311767578125,"ssid":"PLDTHOMEDSL","qos":0,"transid":"20160505-00000","firsttime":"2016-03-21T09:00:00.000Z","lasttime":"2016-05-05T10:00:00.000Z","lastupdt":"2016-05-05T10:00:00.000Z","housenumber":null,"road":null,"city":null,"region":null,"country":null,"netid":"00:13:33:F0:F1:B3","name":null,"type":"infra","comment":null,"wep":"2","channel":2,"bcninterval":0,"freenet":"?","dhcp":"?","paynet":"?","userfound":false,"encryption":"wpa2"},{"trilat":14.674135209999999318597474484704434871673583984375,"trilong":121.080642699999998512794263660907745361328125,"ssid":"PLDTHOMEDSL","qos":0,"transid":"20160505-00000","firsttime":"2016-03-21T09:00:00.000Z","lasttime":"2016-05-05T10:00:00.000Z","lastupdt":"2016-05-05T10:00:00.000Z","housenumber":null,"road":null,"city":null,"region":null,"country":null,"netid":"00:13:33:E6:4C:62","name":null,"type":"infra","comment":null,"wep":"2","channel":11,"bcninterval":0,"freenet":"?","dhcp":"?","paynet":"?","userfound":false,"encryption":"wpa2"},{"trilat":14.6782093000000006810523700551129877567291259765625,"trilong":121.083168029999995951584423892199993133544921875,"ssid":"PLDTHOMEDSL","qos":0,"transid":"20160505-00000","firsttime":"2016-03-25T08:00:00.000Z","lasttime":"2016-05-05T10:00:00.000Z","lastupdt":"2016-05-05T10:00:00.000Z","housenumber":null,"road":null,"city":null,"region":null,"country":null,"netid":"00:13:33:DB:21:85","name":null,"type":"infra","comment":null,"wep":"2","channel":11,"bcninterval":0,"freenet":"?","dhcp":"?","paynet":"?","userfound":false,"encryption":"wpa2"},{"trilat":14.6804151499999999685996954212896525859832763671875,"trilong":121.08412932999999611638486385345458984375,"ssid":"PLDTHOMEDSL_JK_BUILDERS","qos":0,"transid":"20160505-00000","firsttime":"2016-03-21T09:00:00.000Z","lasttime":"2016-05-05T10:00:00.000Z","lastupdt":"2016-05-05T10:00:00.000Z","housenumber":null,"road":null,"city":null,"region":null,"country":null,"netid":"00:13:33:EB:5B:CB","name":null,"type":"infra","comment":null,"wep":"2","channel":11,"bcninterval":0,"freenet":"?","dhcp":"?","paynet":"?","userfound":false,"encryption":"wpa2"},{"trilat":14.6721801799999997939494278398342430591583251953125,"trilong":121.0790405300000003308014129288494586944580078125,"ssid":"PLDTHOMEDSL","qos":0,"transid":"20160505-00000","firsttime":"2016-03-21T09:00:00.000Z","lasttime":"2016-05-05T10:00:00.000Z","lastupdt":"2016-05-05T10:00:00.000Z","housenumber":null,"road":null,"city":null,"region":null,"country":null,"netid":"00:13:33:D3:C7:37","name":null,"type":"infra","comment":null,"wep":"2","channel":11,"bcninterval":0,"freenet":"?","dhcp":"?","paynet":"?","userfound":false,"encryption":"wpa2"},{"trilat":14.680379869999999442597982124425470829010009765625,"trilong":121.08411406999999826439307071268558502197265625,"ssid":"PLDTHOMEDSL_STRIDE","qos":1,"transid":"20160505-00000","firsttime":"2016-03-21T09:00:00.000Z","lasttime":"2016-05-05T10:00:00.000Z","lastupdt":"2016-05-05T10:00:00.000Z","housenumber":null,"road":null,"city":null,"region":null,"country":null,"netid":"00:13:33:F5:F7:2D","name":null,"type":"infra","comment":null,"wep":"2","channel":5,"bcninterval":0,"freenet":"?","dhcp":"?","paynet":"?","userfound":false,"encryption":"wpa2"},{"trilat":14.68018627000000009275026968680322170257568359375,"trilong":121.0840377800000027264104573987424373626708984375,"ssid":"PLDTHOMEDSL","qos":0,"transid":"20160505-00000","firsttime":"2016-03-21T09:00:00.000Z","lasttime":"2016-05-05T10:00:00.000Z","lastupdt":"2016-05-05T10:00:00.000Z","housenumber":null,"road":null,"city":null,"region":null,"country":null,"netid":"00:13:33:DC:E1:E1","name":null,"type":"infra","comment":null,"wep":"2","channel":11,"bcninterval":0,"freenet":"?","dhcp":"?","paynet":"?","userfound":false,"encryption":"wpa2"},{"trilat":14.6770200699999993076971804839558899402618408203125,"trilong":121.0825042700000011564043234102427959442138671875,"ssid":"PLDTHOMEDSL","qos":0,"transid":"20160505-00000","firsttime":"2016-03-25T08:00:00.000Z","lasttime":"2016-05-05T10:00:00.000Z","lastupdt":"2016-05-05T10:00:00.000Z","housenumber":null,"road":null,"city":null,"region":null,"country":null,"netid":"00:13:33:DF:A5:A4","name":null,"type":"infra","comment":null,"wep":"2","channel":11,"bcninterval":0,"freenet":"?","dhcp":"?","paynet":"?","userfound":false,"encryption":"wpa2"},{"trilat":14.6850814799999991322465575649403035640716552734375,"trilong":121.08621216000000231360900215804576873779296875,"ssid":"PLDTHOMEDSLEXPRESSPAY","qos":0,"transid":"20160505-00000","firsttime":"2016-03-21T09:00:00.000Z","lasttime":"2016-05-05T10:00:00.000Z","lastupdt":"2016-05-05T10:00:00.000Z","housenumber":null,"road":null,"city":null,"region":null,"country":null,"netid":"00:13:33:E5:2A:E2","name":null,"type":"infra","comment":null,"wep":"2","channel":11,"bcninterval":0,"freenet":"?","dhcp":"?","paynet":"?","userfound":false,"encryption":"wpa2"},{"trilat":14.6884861000000004338517101132310926914215087890625,"trilong":121.0870971700000069404268288053572177886962890625,"ssid":"PLDTHOMEDSL","qos":0,"transid":"20160505-00000","firsttime":"2016-03-21T09:00:00.000Z","lasttime":"2016-05-05T10:00:00.000Z","lastupdt":"2016-05-05T10:00:00.000Z","housenumber":null,"road":null,"city":null,"region":null,"country":null,"netid":"00:13:33:D7:81:B5","name":null,"type":"infra","comment":null,"wep":"2","channel":11,"bcninterval":0,"freenet":"?","dhcp":"?","paynet":"?","userfound":false,"encryption":"wpa2"},{"trilat":14.6828508400000004030516720376908779144287109375,"trilong":121.08550261999999975159880705177783966064453125,"ssid":"default","qos":0,"transid":"20130416-00000","firsttime":"2013-04-16T13:00:00.000Z","lasttime":"2013-04-16T21:00:00.000Z","lastupdt":"2013-04-16T19:00:00.000Z","housenumber":null,"road":null,"city":null,"region":"Metro Manila","country":"PH","netid":"00:0E:2E:FB:69:FF","name":null,"type":"infra","comment":null,"wep":"N","channel":11,"bcninterval":0,"freenet":"?","dhcp":"?","paynet":"?","userfound":false,"encryption":"none"},{"trilat":14.6814174699999995254984241910278797149658203125,"trilong":121.084541319999999586798367090523242950439453125,"ssid":"PLDTHOMEDSL","qos":2,"transid":"20150126-00000","firsttime":"2015-01-26T22:00:00.000Z","lasttime":"2016-05-05T10:00:00.000Z","lastupdt":"2016-05-05T10:00:00.000Z","housenumber":null,"road":null,"city":null,"region":null,"country":null,"netid":"00:13:33:C6:81:E3","name":null,"type":"infra","comment":null,"wep":"2","channel":11,"bcninterval":0,"freenet":"?","dhcp":"?","paynet":"?","userfound":false,"encryption":"wpa2"},{"trilat":14.673231120000000515801730216480791568756103515625,"trilong":121.086250309999996943588485009968280792236328125,"ssid":"PLDTHOMEDSL_Dentacare","qos":0,"transid":"20161219-00000","firsttime":"2001-01-01T08:00:00.000Z","lasttime":"2016-12-19T22:00:00.000Z","lastupdt":"2016-12-19T22:00:00.000Z","housenumber":null,"road":null,"city":null,"region":null,"country":null,"netid":"00:13:33:C0:93:97","name":null,"type":"infra","comment":null,"wep":"2","channel":11,"bcninterval":0,"freenet":"?","dhcp":"?","paynet":"?","userfound":false,"encryption":"wpa2"},{"trilat":14.6779031799999994944982972810976207256317138671875,"trilong":121.082992550000000164800439961254596710205078125,"ssid":"PLDTHOMEDSL","qos":1,"transid":"20160505-00000","firsttime":"2016-03-21T09:00:00.000Z","lasttime":"2016-05-05T10:00:00.000Z","lastupdt":"2016-05-05T10:00:00.000Z","housenumber":null,"road":null,"city":null,"region":null,"country":null,"netid":"00:13:33:FC:E7:40","name":null,"type":"infra","comment":null,"wep":"2","channel":1,"bcninterval":0,"freenet":"?","dhcp":"?","paynet":"?","userfound":false,"encryption":"wpa2"},{"trilat":14.683089259999999143246895982883870601654052734375,"trilong":121.0853118899999998347993823699653148651123046875,"ssid":"PLDTHOMEDSLEIGENTECHCORP","qos":0,"transid":"20160505-00000","firsttime":"2016-03-21T09:00:00.000Z","lasttime":"2016-05-05T10:00:00.000Z","lastupdt":"2016-05-05T10:00:00.000Z","housenumber":null,"road":null,"city":null,"region":null,"country":null,"netid":"00:13:33:FD:B8:64","name":null,"type":"infra","comment":null,"wep":"2","channel":2,"bcninterval":0,"freenet":"?","dhcp":"?","paynet":"?","userfound":false,"encryption":"wpa2"},{"trilat":14.671715739999999783549355925060808658599853515625,"trilong":121.0787124600000055352211347781121730804443359375,"ssid":"PLDTHOMEDSL","qos":0,"transid":"20160505-00000","firsttime":"2016-03-21T09:00:00.000Z","lasttime":"2016-05-05T10:00:00.000Z","lastupdt":"2016-05-05T10:00:00.000Z","housenumber":null,"road":null,"city":null,"region":null,"country":null,"netid":"00:13:33:F0:82:AA","name":null,"type":"infra","comment":null,"wep":"2","channel":1,"bcninterval":0,"freenet":"?","dhcp":"?","paynet":"?","userfound":false,"encryption":"wpa2"},{"trilat":14.67912482999999923549694358371198177337646484375,"trilong":121.083572390000000496002030558884143829345703125,"ssid":"PLDTHOMEDSL","qos":0,"transid":"20160505-00000","firsttime":"2016-03-25T08:00:00.000Z","lasttime":"2016-05-05T10:00:00.000Z","lastupdt":"2016-05-05T10:00:00.000Z","housenumber":null,"road":null,"city":null,"region":null,"country":null,"netid":"00:13:33:E7:03:41","name":null,"type":"infra","comment":null,"wep":"2","channel":11,"bcninterval":0,"freenet":"?","dhcp":"?","paynet":"?","userfound":false,"encryption":"wpa2"},{"trilat":14.6720914800000006295022103586234152317047119140625,"trilong":121.07897948999999471197952516376972198486328125,"ssid":"PLDTHOMEDSLBizwise","qos":1,"transid":"20160505-00000","firsttime":"2016-03-21T09:00:00.000Z","lasttime":"2016-05-05T10:00:00.000Z","lastupdt":"2016-05-05T10:00:00.000Z","housenumber":null,"road":null,"city":null,"region":null,"country":null,"netid":"00:13:33:E9:A6:23","name":null,"type":"infra","comment":null,"wep":"2","channel":11,"bcninterval":0,"freenet":"?","dhcp":"?","paynet":"?","userfound":false,"encryption":"wpa2"},{"trilat":14.6804151499999999685996954212896525859832763671875,"trilong":121.08412932999999611638486385345458984375,"ssid":null,"qos":0,"transid":"20160505-00000","firsttime":"2016-03-21T09:00:00.000Z","lasttime":"2016-05-05T10:00:00.000Z","lastupdt":"2016-05-05T10:00:00.000Z","housenumber":null,"road":null,"city":null,"region":null,"country":null,"netid":"00:13:33:D3:C8:7C","name":null,"type":"infra","comment":null,"wep":"2","channel":11,"bcninterval":0,"freenet":"?","dhcp":"?","paynet":"?","userfound":false,"encryption":"wpa2"},{"trilat":14.6747951499999995661482898867689073085784912109375,"trilong":121.08120728000000099200406111776828765869140625,"ssid":"PLDT Smart WiFi Zone","qos":1,"transid":"20140917-00000","firsttime":"2014-09-16T21:00:00.000Z","lasttime":"2015-01-26T07:00:00.000Z","lastupdt":"2015-07-26T00:00:00.000Z","housenumber":null,"road":null,"city":null,"region":null,"country":null,"netid":"00:18:25:05:ED:90","name":null,"type":"infra","comment":null,"wep":"?","channel":4,"bcninterval":0,"freenet":"?","dhcp":"?","paynet":"?","userfound":false,"encryption":"unknown"},{"trilat":14.6723298999999993696974343038164079189300537109375,"trilong":121.079566959999993969177012331783771514892578125,"ssid":"PLDT Smart WiFi Zone","qos":2,"transid":"20130416-00000","firsttime":"2013-04-16T13:00:00.000Z","lasttime":"2014-09-17T10:00:00.000Z","lastupdt":"2015-07-26T00:00:00.000Z","housenumber":null,"road":null,"city":null,"region":"Metro Manila","country":"PH","netid":"00:18:25:03:83:90","name":null,"type":"infra","comment":null,"wep":"N","channel":4,"bcninterval":0,"freenet":"?","dhcp":"?","paynet":"?","userfound":false,"encryption":"none"},{"trilat":14.674615859999999400997694465331733226776123046875,"trilong":121.0812988299999943819784675724804401397705078125,"ssid":"PLDT Smart WiFi Zone","qos":0,"transid":"20130416-00000","firsttime":"2013-04-16T13:00:00.000Z","lasttime":"2013-04-16T21:00:00.000Z","lastupdt":"2013-04-16T19:00:00.000Z","housenumber":null,"road":null,"city":null,"region":"Metro Manila","country":"PH","netid":"00:18:25:03:8C:D0","name":null,"type":"infra","comment":null,"wep":"N","channel":8,"bcninterval":0,"freenet":"?","dhcp":"?","paynet":"?","userfound":false,"encryption":"none"},{"trilat":14.672114369999999183846739470027387142181396484375,"trilong":121.07923888999999917359673418104648590087890625,"ssid":"GOJJLC2","qos":3,"transid":"20130416-00000","firsttime":"2013-04-16T13:00:00.000Z","lasttime":"2013-05-07T06:00:00.000Z","lastupdt":"2013-05-07T04:00:00.000Z","housenumber":null,"road":null,"city":null,"region":"Metro Manila","country":"PH","netid":"00:1A:EF:26:B6:B6","name":null,"type":"infra","comment":null,"wep":"W","channel":11,"bcninterval":0,"freenet":"?","dhcp":"?","paynet":"?","userfound":false,"encryption":"wpa"},{"trilat":14.6745920200000004030016498290933668613433837890625,"trilong":121.0811538699999942991780699230730533599853515625,"ssid":"EI 3rd Flr","qos":0,"transid":"20140917-00000","firsttime":"2014-09-16T21:00:00.000Z","lasttime":"2014-09-17T10:00:00.000Z","lastupdt":"2015-07-26T00:00:00.000Z","housenumber":null,"road":null,"city":null,"region":null,"country":null,"netid":"00:1A:EF:2A:36:EB","name":null,"type":"infra","comment":null,"wep":"2","channel":3,"bcninterval":0,"freenet":"?","dhcp":"?","paynet":"?","userfound":false,"encryption":"wpa2"},{"trilat":14.6856670400000002274509824928827583789825439453125,"trilong":121.086769099999997933991835452616214752197265625,"ssid":"live wire","qos":0,"transid":"20130424-00000","firsttime":"2013-04-23T13:00:00.000Z","lasttime":"2013-04-24T23:00:00.000Z","lastupdt":"2013-04-24T21:00:00.000Z","housenumber":null,"road":null,"city":null,"region":"Metro Manila","country":"PH","netid":"00:1A:EF:2E:50:BC","name":null,"type":"infra","comment":null,"wep":"2","channel":11,"bcninterval":0,"freenet":"?","dhcp":"?","paynet":"?","userfound":false,"encryption":"wpa2"},{"trilat":14.6746387499999997316990629769861698150634765625,"trilong":121.081039430000004131215973757207393646240234375,"ssid":"PLDTSMART","qos":1,"transid":"20140917-00000","firsttime":"2014-09-16T21:00:00.000Z","lasttime":"2015-01-26T07:00:00.000Z","lastupdt":"2015-07-26T00:00:00.000Z","housenumber":null,"road":null,"city":null,"region":null,"country":null,"netid":"00:18:25:05:ED:94","name":null,"type":"infra","comment":null,"wep":"2","channel":4,"bcninterval":0,"freenet":"?","dhcp":"?","paynet":"?","userfound":false,"encryption":"wpa2"},{"trilat":14.6922693300000002381011654506437480449676513671875,"trilong":121.0783309899999977687912178225815296173095703125,"ssid":"Trojan","qos":0,"transid":"20110615-00000","firsttime":"2001-01-01T00:00:00.000Z","lasttime":"2011-06-15T00:00:00.000Z","lastupdt":"2011-06-14T22:00:00.000Z","housenumber":null,"road":null,"city":null,"region":"","country":"PH","netid":"00:18:39:2B:89:6A","name":null,"type":null,"comment":null,"wep":"?","channel":11,"bcninterval":0,"freenet":"?","dhcp":"?","paynet":"?","userfound":false,"encryption":"unknown"},{"trilat":14.682673449999999348847268265672028064727783203125,"trilong":121.08511353000000099200406111776828765869140625,"ssid":"Janice Wi-Fi 1","qos":3,"transid":"20130416-00000","firsttime":"2013-04-16T13:00:00.000Z","lasttime":"2013-05-06T09:00:00.000Z","lastupdt":"2013-05-06T07:00:00.000Z","housenumber":null,"road":null,"city":null,"region":"Metro Manila","country":"PH","netid":"00:18:39:60:10:69","name":null,"type":"infra","comment":null,"wep":"N","channel":11,"bcninterval":0,"freenet":"?","dhcp":"?","paynet":"?","userfound":false,"encryption":"none"},{"trilat":14.6828508400000004030516720376908779144287109375,"trilong":121.08550261999999975159880705177783966064453125,"ssid":"DREVA","qos":0,"transid":"20130416-00000","firsttime":"2013-04-16T13:00:00.000Z","lasttime":"2013-04-16T21:00:00.000Z","lastupdt":"2013-04-16T19:00:00.000Z","housenumber":null,"road":null,"city":null,"region":"Metro Manila","country":"PH","netid":"00:18:E7:FD:D4:3E","name":null,"type":"infra","comment":null,"wep":"2","channel":9,"bcninterval":0,"freenet":"?","dhcp":"?","paynet":"?","userfound":false,"encryption":"wpa2"},{"trilat":14.68670368000000081565303844399750232696533203125,"trilong":121.0865478500000023132088244892656803131103515625,"ssid":"Creative Learning Center Edufi","qos":0,"transid":"20130506-00000","firsttime":"2013-05-06T16:00:00.000Z","lasttime":"2013-05-06T09:00:00.000Z","lastupdt":"2013-05-06T07:00:00.000Z","housenumber":null,"road":null,"city":null,"region":"Metro Manila","country":"PH","netid":"00:18:E7:F6:14:0E","name":null,"type":"infra","comment":null,"wep":"W","channel":5,"bcninterval":0,"freenet":"?","dhcp":"?","paynet":"?","userfound":false,"encryption":"wpa"},{"trilat":14.6764945999999998349494489957578480243682861328125,"trilong":121.0825805700000046272180043160915374755859375,"ssid":"VIRUS!! detected!! Wifi","qos":0,"transid":"20130416-00000","firsttime":"2013-04-16T13:00:00.000Z","lasttime":"2013-04-16T21:00:00.000Z","lastupdt":"2013-04-16T19:00:00.000Z","housenumber":null,"road":null,"city":null,"region":"Metro Manila","country":"PH","netid":"00:1E:2A:52:31:10","name":null,"type":"infra","comment":null,"wep":"2","channel":8,"bcninterval":0,"freenet":"?","dhcp":"?","paynet":"?","userfound":false,"encryption":"wpa2"},{"trilat":14.672677039999999948349795886315405368804931640625,"trilong":121.0801315300000027264104573987424373626708984375,"ssid":"GOD IS GOOD","qos":0,"transid":"20140917-00000","firsttime":"2014-09-16T21:00:00.000Z","lasttime":"2014-09-17T10:00:00.000Z","lastupdt":"2015-07-26T00:00:00.000Z","housenumber":null,"road":null,"city":null,"region":null,"country":null,"netid":"00:1A:EF:29:FC:68","name":null,"type":"infra","comment":null,"wep":"2","channel":1,"bcninterval":0,"freenet":"?","dhcp":"?","paynet":"?","userfound":false,"encryption":"wpa2"},{"trilat":14.67694187000000027865098672918975353240966796875,"trilong":121.082283020000005535621312446892261505126953125,"ssid":"tsunami","qos":1,"transid":"20130424-00000","firsttime":"2013-04-24T17:00:00.000Z","lasttime":"2015-01-26T07:00:00.000Z","lastupdt":"2015-07-26T00:00:00.000Z","housenumber":null,"road":null,"city":null,"region":"Metro Manila","country":"PH","netid":"00:15:70:03:37:70","name":null,"type":"infra","comment":null,"wep":"N","channel":1,"bcninterval":0,"freenet":"?","dhcp":"?","paynet":"?","userfound":false,"encryption":"none"},{"trilat":14.6762905099999994007475834223441779613494873046875,"trilong":121.08198547000000644402462057769298553466796875,"ssid":"tsunami","qos":1,"transid":"20140917-00000","firsttime":"2014-09-16T21:00:00.000Z","lasttime":"2015-01-26T07:00:00.000Z","lastupdt":"2015-07-26T00:00:00.000Z","housenumber":null,"road":null,"city":null,"region":null,"country":null,"netid":"00:15:70:03:50:70","name":null,"type":"infra","comment":null,"wep":"?","channel":6,"bcninterval":0,"freenet":"?","dhcp":"?","paynet":"?","userfound":false,"encryption":"unknown"},{"trilat":14.690494539999999545898390351794660091400146484375,"trilong":121.0870056199999993395977071486413478851318359375,"ssid":"PLDT Smart WiFi Zone","qos":0,"transid":"20150126-00000","firsttime":"2015-01-26T22:00:00.000Z","lasttime":"2015-01-26T07:00:00.000Z","lastupdt":"2015-07-26T00:00:00.000Z","housenumber":null,"road":null,"city":null,"region":null,"country":null,"netid":"00:18:25:05:87:50","name":null,"type":"infra","comment":null,"wep":"?","channel":9,"bcninterval":0,"freenet":"?","dhcp":"?","paynet":"?","userfound":false,"encryption":"unknown"},{"trilat":14.6718959800000003923514668713323771953582763671875,"trilong":121.079246519999998099592630751430988311767578125,"ssid":"PLDTSMART","qos":2,"transid":"20130424-00000","firsttime":"2013-04-23T13:00:00.000Z","lasttime":"2014-09-17T10:00:00.000Z","lastupdt":"2015-07-26T00:00:00.000Z","housenumber":null,"road":null,"city":null,"region":"Metro Manila","country":"PH","netid":"00:18:25:03:83:94","name":null,"type":"infra","comment":null,"wep":"2","channel":4,"bcninterval":0,"freenet":"?","dhcp":"?","paynet":"?","userfound":false,"encryption":"wpa2"},{"trilat":14.690732000000000567752067581750452518463134765625,"trilong":121.0871353099999936375752440653741359710693359375,"ssid":"net_elsie","qos":0,"transid":"20160505-00000","firsttime":"2016-03-23T09:00:00.000Z","lasttime":"2016-05-05T10:00:00.000Z","lastupdt":"2016-05-05T10:00:00.000Z","housenumber":null,"road":null,"city":null,"region":null,"country":null,"netid":"00:1E:2A:FF:F8:70","name":null,"type":"infra","comment":null,"wep":"2","channel":11,"bcninterval":0,"freenet":"?","dhcp":"?","paynet":"?","userfound":false,"encryption":"wpa2"},{"trilat":14.6901454900000008052529665292240679264068603515625,"trilong":121.08702087000000346961314789950847625732421875,"ssid":"PLDTSMART","qos":0,"transid":"20150126-00000","firsttime":"2015-01-26T22:00:00.000Z","lasttime":"2015-01-26T07:00:00.000Z","lastupdt":"2015-07-26T00:00:00.000Z","housenumber":null,"road":null,"city":null,"region":null,"country":null,"netid":"00:18:25:03:D5:54","name":null,"type":"infra","comment":null,"wep":"2","channel":6,"bcninterval":0,"freenet":"?","dhcp":"?","paynet":"?","userfound":false,"encryption":"wpa2"},{"trilat":14.6822547899999999998499333742074668407440185546875,"trilong":121.083106990000004543617251329123973846435546875,"ssid":"Lorenzana Network","qos":0,"transid":"20141018-00000","firsttime":"2001-01-01T08:00:00.000Z","lasttime":"2014-10-18T04:00:00.000Z","lastupdt":"2015-07-26T00:00:00.000Z","housenumber":null,"road":null,"city":null,"region":null,"country":null,"netid":"00:1C:10:C0:D5:DB","name":null,"type":"infra","comment":null,"wep":"W","channel":3,"bcninterval":0,"freenet":"?","dhcp":"?","paynet":"?","userfound":false,"encryption":"wpa"},{"trilat":14.682446479999999411347744171507656574249267578125,"trilong":121.0850295999999985951944836415350437164306640625,"ssid":"Jay's Wi-Fi Network","qos":0,"transid":"20140917-00000","firsttime":"2001-01-01T08:00:00.000Z","lasttime":"2016-05-05T10:00:00.000Z","lastupdt":"2016-05-05T10:00:00.000Z","housenumber":null,"road":null,"city":null,"region":null,"country":null,"netid":"00:1E:C2:F6:6B:C7","name":null,"type":"infra","comment":null,"wep":"2","channel":1,"bcninterval":0,"freenet":"?","dhcp":"?","paynet":"?","userfound":false,"encryption":"wpa2"},{"trilat":14.672232629999999886649675318039953708648681640625,"trilong":121.079246519999998099592630751430988311767578125,"ssid":"GOJJLC1","qos":0,"transid":"20130416-00000","firsttime":"2013-04-16T13:00:00.000Z","lasttime":"2013-04-16T21:00:00.000Z","lastupdt":"2013-04-16T19:00:00.000Z","housenumber":null,"road":null,"city":null,"region":"Metro Manila","country":"PH","netid":"00:1A:EF:26:B6:9B","name":null,"type":"infra","comment":null,"wep":"2","channel":11,"bcninterval":0,"freenet":"?","dhcp":"?","paynet":"?","userfound":false,"encryption":"wpa2"},{"trilat":14.679102900000000175850800587795674800872802734375,"trilong":121.083526610000006940026651136577129364013671875,"ssid":"CD-R_KING_11n","qos":1,"transid":"20130416-00000","firsttime":"2013-04-16T15:00:00.000Z","lasttime":"2013-04-24T23:00:00.000Z","lastupdt":"2013-04-24T21:00:00.000Z","housenumber":null,"road":null,"city":null,"region":"Metro Manila","country":"PH","netid":"00:1A:EF:2E:99:FB","name":null,"type":"infra","comment":null,"wep":"2","channel":3,"bcninterval":0,"freenet":"?","dhcp":"?","paynet":"?","userfound":false,"encryption":"wpa2"},{"trilat":14.680361749999999432247932418249547481536865234375,"trilong":121.08412932999999611638486385345458984375,"ssid":"ACLC Commonwealth Campus","qos":3,"transid":"20130416-00000","firsttime":"2013-04-16T13:00:00.000Z","lasttime":"2013-05-07T06:00:00.000Z","lastupdt":"2013-05-07T04:00:00.000Z","housenumber":null,"road":null,"city":null,"region":"Metro Manila","country":"PH","netid":"00:23:69:38:6B:06","name":null,"type":"infra","comment":null,"wep":"2","channel":6,"bcninterval":0,"freenet":"?","dhcp":"?","paynet":"?","userfound":false,"encryption":"wpa2"},{"trilat":14.67178535000000039190126699395477771759033203125,"trilong":121.0790176400000035528137232176959514617919921875,"ssid":"HNSED052014","qos":5,"transid":"20130416-00000","firsttime":"2013-04-16T13:00:00.000Z","lasttime":"2016-05-05T10:00:00.000Z","lastupdt":"2016-05-05T10:00:00.000Z","housenumber":null,"road":null,"city":null,"region":"Metro Manila","country":"PH","netid":"00:23:69:8B:94:18","name":null,"type":"infra","comment":null,"wep":"2","channel":1,"bcninterval":0,"freenet":"?","dhcp":"?","paynet":"?","userfound":false,"encryption":"wpa2"},{"trilat":14.674507139999999338897396228276193141937255859375,"trilong":121.0755233800000070232272264547646045684814453125,"ssid":"SM_Free_WiFi","qos":3,"transid":"20130403-00000","firsttime":"2013-04-03T14:00:00.000Z","lasttime":"2016-12-11T19:00:00.000Z","lastupdt":"2017-03-05T18:00:00.000Z","housenumber":null,"road":null,"city":null,"region":"Metro Manila","country":"PH","netid":"00:1F:41:28:E2:F9","name":null,"type":"infra","comment":null,"wep":"N","channel":11,"bcninterval":0,"freenet":"?","dhcp":"?","paynet":"?","userfound":false,"encryption":"none"},{"trilat":14.672976489999999927249518805183470249176025390625,"trilong":121.0799865700000026436100597493350505828857421875,"ssid":"Omni Tire Center WiFi Main","qos":3,"transid":"20130416-00000","firsttime":"2013-04-16T13:00:00.000Z","lasttime":"2013-05-07T06:00:00.000Z","lastupdt":"2013-05-07T04:00:00.000Z","housenumber":null,"road":null,"city":null,"region":"Metro Manila","country":"PH","netid":"00:22:B0:42:9B:41","name":null,"type":"infra","comment":null,"wep":"2","channel":6,"bcninterval":0,"freenet":"?","dhcp":"?","paynet":"?","userfound":false,"encryption":"wpa2"},{"trilat":14.6715469400000007027529136394150555133819580078125,"trilong":121.078552250000001322405296377837657928466796875,"ssid":"Retail-Design","qos":0,"transid":"20160505-00000","firsttime":"2016-03-21T09:00:00.000Z","lasttime":"2016-05-05T10:00:00.000Z","lastupdt":"2016-05-05T10:00:00.000Z","housenumber":null,"road":null,"city":null,"region":null,"country":null,"netid":"00:23:69:C3:C6:BC","name":null,"type":"infra","comment":null,"wep":"2","channel":6,"bcninterval":0,"freenet":"?","dhcp":"?","paynet":"?","userfound":false,"encryption":"wpa2"},{"trilat":14.6717052500000004755520421895198523998260498046875,"trilong":121.0791473400000057836223277263343334197998046875,"ssid":"HNMKTEXT","qos":3,"transid":"20130416-00000","firsttime":"2013-04-16T13:00:00.000Z","lasttime":"2014-09-17T10:00:00.000Z","lastupdt":"2015-07-26T00:00:00.000Z","housenumber":null,"road":null,"city":null,"region":"Metro Manila","country":"PH","netid":"00:22:6B:69:CF:1C","name":null,"type":"infra","comment":null,"wep":"2","channel":6,"bcninterval":0,"freenet":"?","dhcp":"?","paynet":"?","userfound":false,"encryption":"wpa2"},{"trilat":14.6739435199999999070996636874042451381683349609375,"trilong":121.0807189899999940507768769748508930206298828125,"ssid":"kia diliman","qos":1,"transid":"20130416-00000","firsttime":"2013-04-16T13:00:00.000Z","lasttime":"2013-04-24T23:00:00.000Z","lastupdt":"2013-04-24T21:00:00.000Z","housenumber":null,"road":null,"city":null,"region":"Metro Manila","country":"PH","netid":"00:22:6B:52:63:72","name":null,"type":"infra","comment":null,"wep":"W","channel":6,"bcninterval":0,"freenet":"?","dhcp":"?","paynet":"?","userfound":false,"encryption":"wpa"},{"trilat":14.6726570099999999996498445398174226284027099609375,"trilong":121.079391479999998182393028400838375091552734375,"ssid":"spearacesolutions","qos":1,"transid":"20130416-00000","firsttime":"2013-04-16T15:00:00.000Z","lasttime":"2013-04-24T23:00:00.000Z","lastupdt":"2013-04-24T21:00:00.000Z","housenumber":null,"road":null,"city":null,"region":"Metro Manila","country":"PH","netid":"00:23:69:29:8B:E5","name":null,"type":"infra","comment":null,"wep":"W","channel":11,"bcninterval":0,"freenet":"?","dhcp":"?","paynet":"?","userfound":false,"encryption":"wpa"},{"trilat":14.68523311999999947374817566014826297760009765625,"trilong":121.086639399999995703183230943977832794189453125,"ssid":"bugywifi","qos":0,"transid":"20140917-00000","firsttime":"2014-09-16T21:00:00.000Z","lasttime":"2014-09-17T10:00:00.000Z","lastupdt":"2015-07-26T00:00:00.000Z","housenumber":null,"road":null,"city":null,"region":null,"country":null,"netid":"00:1F:FB:59:3D:03","name":null,"type":"infra","comment":null,"wep":"2","channel":11,"bcninterval":0,"freenet":"?","dhcp":"?","paynet":"?","userfound":false,"encryption":"wpa2"},{"trilat":14.6841821699999997008490026928484439849853515625,"trilong":121.0860061599999966119867167435586452484130859375,"ssid":"Telkomserv","qos":2,"transid":"20130416-00000","firsttime":"2013-04-16T13:00:00.000Z","lasttime":"2013-05-06T09:00:00.000Z","lastupdt":"2013-05-06T07:00:00.000Z","housenumber":null,"road":null,"city":null,"region":"Metro Manila","country":"PH","netid":"00:22:B0:44:52:B5","name":null,"type":"infra","comment":null,"wep":"2","channel":6,"bcninterval":0,"freenet":"?","dhcp":"?","paynet":"?","userfound":false,"encryption":"wpa2"},{"trilat":14.6897506700000004542516762739978730678558349609375,"trilong":121.0869674700000047096182242967188358306884765625,"ssid":"ORLITA","qos":0,"transid":"20150126-00000","firsttime":"2015-01-26T22:00:00.000Z","lasttime":"2015-01-26T07:00:00.000Z","lastupdt":"2015-07-26T00:00:00.000Z","housenumber":null,"road":null,"city":null,"region":null,"country":null,"netid":"00:26:75:D9:07:70","name":null,"type":"infra","comment":null,"wep":"W","channel":10,"bcninterval":0,"freenet":"?","dhcp":"?","paynet":"?","userfound":false,"encryption":"wpa"},{"trilat":14.683561329999999855999703868292272090911865234375,"trilong":121.0858764599999943811781122349202632904052734375,"ssid":"dlink","qos":1,"transid":"20130416-00000","firsttime":"2013-04-16T13:00:00.000Z","lasttime":"2013-04-24T23:00:00.000Z","lastupdt":"2013-04-24T21:00:00.000Z","housenumber":null,"road":null,"city":null,"region":"Metro Manila","country":"PH","netid":"00:24:01:DE:6F:7D","name":null,"type":"infra","comment":null,"wep":"Y","channel":1,"bcninterval":0,"freenet":"?","dhcp":"?","paynet":"?","userfound":false,"encryption":"wep"},{"trilat":14.674616809999999844649209990166127681732177734375,"trilong":121.0811538699999942991780699230730533599853515625,"ssid":"linksys","qos":0,"transid":"20130416-00000","firsttime":"2013-04-16T13:00:00.000Z","lasttime":"2013-04-16T21:00:00.000Z","lastupdt":"2013-04-16T19:00:00.000Z","housenumber":null,"road":null,"city":null,"region":"Metro Manila","country":"PH","netid":"00:1E:E5:61:45:CD","name":null,"type":"infra","comment":null,"wep":"N","channel":11,"bcninterval":0,"freenet":"?","dhcp":"?","paynet":"?","userfound":false,"encryption":"none"},{"trilat":14.675967220000000423851815867237746715545654296875,"trilong":121.081932069999993473174981772899627685546875,"ssid":"TINMARK","qos":5,"transid":"20130416-00000","firsttime":"2013-04-16T13:00:00.000Z","lasttime":"2015-01-26T07:00:00.000Z","lastupdt":"2015-07-26T00:00:00.000Z","housenumber":null,"road":null,"city":null,"region":"Metro Manila","country":"PH","netid":"00:25:9C:F1:F2:26","name":null,"type":"infra","comment":null,"wep":"2","channel":6,"bcninterval":0,"freenet":"?","dhcp":"?","paynet":"?","userfound":false,"encryption":"wpa2"},{"trilat":14.6863050499999996389988154987804591655731201171875,"trilong":121.08621216000000231360900215804576873779296875,"ssid":"Bhqn-a2F6ZWx5bnZhbGVuY2lh","qos":1,"transid":"20150126-00000","firsttime":"2015-01-26T22:00:00.000Z","lasttime":"2015-01-26T07:00:00.000Z","lastupdt":"2015-07-26T00:00:00.000Z","housenumber":null,"road":null,"city":null,"region":null,"country":null,"netid":"08:FD:0E:75:AA:13","name":null,"type":"infra","comment":null,"wep":"?","channel":6,"bcninterval":0,"freenet":"?","dhcp":"?","paynet":"?","userfound":false,"encryption":"unknown"},{"trilat":14.674752240000000114150680019520223140716552734375,"trilong":121.0814361599999955387829686515033245086669921875,"ssid":"dlink","qos":1,"transid":"20130416-00000","firsttime":"2013-04-16T13:00:00.000Z","lasttime":"2013-04-24T23:00:00.000Z","lastupdt":"2013-04-24T21:00:00.000Z","housenumber":null,"road":null,"city":null,"region":"Metro Manila","country":"PH","netid":"00:24:01:5E:87:0A","name":null,"type":"infra","comment":null,"wep":"Y","channel":9,"bcninterval":0,"freenet":"?","dhcp":"?","paynet":"?","userfound":false,"encryption":"wep"},{"trilat":14.67435932000000065045242081396281719207763671875,"trilong":121.081199650000002066008164547383785247802734375,"ssid":"dlinkECE","qos":0,"transid":"20130424-00000","firsttime":"2013-04-23T13:00:00.000Z","lasttime":"2013-04-24T23:00:00.000Z","lastupdt":"2013-04-24T21:00:00.000Z","housenumber":null,"road":null,"city":null,"region":"Metro Manila","country":"PH","netid":"00:24:01:5E:87:E2","name":null,"type":"infra","comment":null,"wep":"W","channel":4,"bcninterval":0,"freenet":"?","dhcp":"?","paynet":"?","userfound":false,"encryption":"wpa"},{"trilat":14.672092440000000124200596474111080169677734375,"trilong":121.07933807000000570042175240814685821533203125,"ssid":"riteproducts","qos":5,"transid":"20130416-00000","firsttime":"2013-04-16T13:00:00.000Z","lasttime":"2016-05-05T10:00:00.000Z","lastupdt":"2016-05-05T10:00:00.000Z","housenumber":null,"road":null,"city":null,"region":"Metro Manila","country":"PH","netid":"00:24:01:AD:5B:19","name":null,"type":"infra","comment":null,"wep":"2","channel":6,"bcninterval":0,"freenet":"?","dhcp":"?","paynet":"?","userfound":false,"encryption":"wpa2"},{"trilat":14.6804151499999999685996954212896525859832763671875,"trilong":121.08412932999999611638486385345458984375,"ssid":"HUAWEI-E5330-FB8A","qos":0,"transid":"20160505-00000","firsttime":"2016-03-21T09:00:00.000Z","lasttime":"2016-05-05T10:00:00.000Z","lastupdt":"2016-05-05T10:00:00.000Z","housenumber":null,"road":null,"city":null,"region":null,"country":null,"netid":"24:DF:6A:6C:FB:8A","name":null,"type":"infra","comment":null,"wep":"2","channel":3,"bcninterval":0,"freenet":"?","dhcp":"?","paynet":"?","userfound":false,"encryption":"wpa2"},{"trilat":14.6834115999999994528479874134063720703125,"trilong":121.0854263300000042136161937378346920013427734375,"ssid":"belkin.e88","qos":0,"transid":"20150126-00000","firsttime":"2015-01-26T22:00:00.000Z","lasttime":"2015-01-26T07:00:00.000Z","lastupdt":"2015-07-26T00:00:00.000Z","housenumber":null,"road":null,"city":null,"region":null,"country":null,"netid":"08:86:3B:30:AE:88","name":null,"type":"infra","comment":null,"wep":"2","channel":2,"bcninterval":0,"freenet":"?","dhcp":"?","paynet":"?","userfound":false,"encryption":"wpa2"},{"trilat":14.6806411699999994624477039906196296215057373046875,"trilong":121.0842285199999963651862344704568386077880859375,"ssid":"HUAWEI-E5330-DFD3","qos":0,"transid":"20160505-00000","firsttime":"2016-03-21T09:00:00.000Z","lasttime":"2016-05-05T10:00:00.000Z","lastupdt":"2016-05-05T10:00:00.000Z","housenumber":null,"road":null,"city":null,"region":null,"country":null,"netid":"24:DF:6A:C0:DF:D3","name":null,"type":"infra","comment":null,"wep":"2","channel":1,"bcninterval":0,"freenet":"?","dhcp":"?","paynet":"?","userfound":false,"encryption":"wpa2"},{"trilat":14.679810520000000195750544662587344646453857421875,"trilong":121.0838851900000037176141631789505481719970703125,"ssid":"SMART BRO_d18f8","qos":0,"transid":"20130416-00000","firsttime":"2013-04-16T15:00:00.000Z","lasttime":"2013-04-16T21:00:00.000Z","lastupdt":"2013-04-16T19:00:00.000Z","housenumber":null,"road":null,"city":null,"region":"Metro Manila","country":"PH","netid":"0C:37:DC:1D:18:F8","name":null,"type":"infra","comment":null,"wep":"Y","channel":11,"bcninterval":0,"freenet":"?","dhcp":"?","paynet":"?","userfound":false,"encryption":"wep"},{"trilat":14.6784114799999994005474945879541337490081787109375,"trilong":121.083381650000006857226253487169742584228515625,"ssid":"password error18","qos":1,"transid":"20140917-00000","firsttime":"2014-09-16T21:00:00.000Z","lasttime":"2015-01-26T07:00:00.000Z","lastupdt":"2015-07-26T00:00:00.000Z","housenumber":null,"road":null,"city":null,"region":null,"country":null,"netid":"0C:37:DC:9F:2F:1A","name":null,"type":"infra","comment":null,"wep":"2","channel":6,"bcninterval":0,"freenet":"?","dhcp":"?","paynet":"?","userfound":false,"encryption":"wpa2"},{"trilat":14.689590450000000743102646083571016788482666015625,"trilong":121.086944579999993720775819383561611175537109375,"ssid":"ERIANNE","qos":0,"transid":"20150126-00000","firsttime":"2015-01-26T22:00:00.000Z","lasttime":"2015-01-26T07:00:00.000Z","lastupdt":"2015-07-26T00:00:00.000Z","housenumber":null,"road":null,"city":null,"region":null,"country":null,"netid":"0C:37:DC:CD:C3:11","name":null,"type":"infra","comment":null,"wep":"2","channel":6,"bcninterval":0,"freenet":"?","dhcp":"?","paynet":"?","userfound":false,"encryption":"wpa2"},{"trilat":14.673319819999999680248947697691619396209716796875,"trilong":121.0805587800000040488157537765800952911376953125,"ssid":"expendables","qos":0,"transid":"20140917-00000","firsttime":"2014-09-16T21:00:00.000Z","lasttime":"2014-09-17T10:00:00.000Z","lastupdt":"2015-07-26T00:00:00.000Z","housenumber":null,"road":null,"city":null,"region":null,"country":null,"netid":"08:63:61:CD:CA:D6","name":null,"type":"infra","comment":null,"wep":"2","channel":10,"bcninterval":0,"freenet":"?","dhcp":"?","paynet":"?","userfound":false,"encryption":"wpa2"},{"trilat":14.67705154000000078440280049107968807220458984375,"trilong":121.0826644899999990911965142004191875457763671875,"ssid":"Jollibee-Shopwise","qos":1,"transid":"20130416-00000","firsttime":"2013-04-16T15:00:00.000Z","lasttime":"2014-09-17T10:00:00.000Z","lastupdt":"2015-07-26T00:00:00.000Z","housenumber":null,"road":null,"city":null,"region":"Metro Manila","country":"PH","netid":"00:26:5A:25:4C:54","name":null,"type":"infra","comment":null,"wep":"2","channel":1,"bcninterval":0,"freenet":"?","dhcp":"?","paynet":"?","userfound":false,"encryption":"wpa2"},{"trilat":14.68249798000000083675331552512943744659423828125,"trilong":121.0853118899999998347993823699653148651123046875,"ssid":"phil agrow","qos":0,"transid":"20130416-00000","firsttime":"2013-04-16T13:00:00.000Z","lasttime":"2013-04-16T21:00:00.000Z","lastupdt":"2013-04-16T19:00:00.000Z","housenumber":null,"road":null,"city":null,"region":"Metro Manila","country":"PH","netid":"00:26:5A:43:D8:2A","name":null,"type":"infra","comment":null,"wep":"2","channel":11,"bcninterval":0,"freenet":"?","dhcp":"?","paynet":"?","userfound":false,"encryption":"wpa2"},{"trilat":14.674771310000000568152245250530540943145751953125,"trilong":121.0814285299999966127870720811188220977783203125,"ssid":"GL01P-20F3A38CC6A3","qos":0,"transid":"20130416-00000","firsttime":"2013-04-16T13:00:00.000Z","lasttime":"2013-04-16T21:00:00.000Z","lastupdt":"2013-04-16T19:00:00.000Z","housenumber":null,"road":null,"city":null,"region":"Metro Manila","country":"PH","netid":"20:F3:A3:8C:C6:A3","name":null,"type":"infra","comment":null,"wep":"2","channel":1,"bcninterval":0,"freenet":"?","dhcp":"?","paynet":"?","userfound":false,"encryption":"wpa2"},{"trilat":14.6811046600000008055530997808091342449188232421875,"trilong":121.0776062000000052876202971674501895904541015625,"ssid":"katangahan999","qos":3,"transid":"20150808-00000","firsttime":"2001-01-01T08:00:00.000Z","lasttime":"2015-09-20T00:00:00.000Z","lastupdt":"2015-09-20T00:00:00.000Z","housenumber":null,"road":null,"city":null,"region":null,"country":null,"netid":"02:0A:00:C4:DB:25","name":null,"type":"infra","comment":null,"wep":"2","channel":6,"bcninterval":0,"freenet":"?","dhcp":"?","paynet":"?","userfound":false,"encryption":"wpa2"},{"trilat":14.6826076499999995661482898867689073085784912109375,"trilong":121.085365300000006527625373564660549163818359375,"ssid":"ecosys 2","qos":0,"transid":"20130416-00000","firsttime":"2013-04-16T13:00:00.000Z","lasttime":"2013-04-16T21:00:00.000Z","lastupdt":"2013-04-16T19:00:00.000Z","housenumber":null,"road":null,"city":null,"region":"Metro Manila","country":"PH","netid":"20:AA:4B:05:58:E0","name":null,"type":"infra","comment":null,"wep":"2","channel":1,"bcninterval":0,"freenet":"?","dhcp":"?","paynet":"?","userfound":false,"encryption":"wpa2"},{"trilat":14.690732000000000567752067581750452518463134765625,"trilong":121.0871353099999936375752440653741359710693359375,"ssid":"B315_E562B","qos":0,"transid":"20160505-00000","firsttime":"2016-03-23T09:00:00.000Z","lasttime":"2016-05-05T10:00:00.000Z","lastupdt":"2016-05-05T10:00:00.000Z","housenumber":null,"road":null,"city":null,"region":null,"country":null,"netid":"04:02:1F:4E:56:2B","name":null,"type":"infra","comment":null,"wep":"2","channel":9,"bcninterval":0,"freenet":"?","dhcp":"?","paynet":"?","userfound":false,"encryption":"wpa2"},{"trilat":14.6737861600000005779520506621338427066802978515625,"trilong":121.0799713100000047916182666085660457611083984375,"ssid":"LoyolaRelay","qos":0,"transid":"20160505-00000","firsttime":"2016-03-21T09:00:00.000Z","lasttime":"2016-05-05T10:00:00.000Z","lastupdt":"2016-05-05T10:00:00.000Z","housenumber":null,"road":null,"city":null,"region":null,"country":null,"netid":"04:18:D6:94:6D:4B","name":null,"type":"infra","comment":null,"wep":"2","channel":40,"bcninterval":0,"freenet":"?","dhcp":"?","paynet":"?","userfound":false,"encryption":"wpa2"},{"trilat":14.6863670299999995449979905970394611358642578125,"trilong":121.08676146999999900799593888223171234130859375,"ssid":"DIRECT-eeC410 Series","qos":0,"transid":"20160505-00000","firsttime":"2016-03-21T09:00:00.000Z","lasttime":"2016-05-05T10:00:00.000Z","lastupdt":"2016-05-05T10:00:00.000Z","housenumber":null,"road":null,"city":null,"region":null,"country":null,"netid":"32:CD:A7:2F:5C:14","name":null,"type":"infra","comment":null,"wep":"2","channel":11,"bcninterval":0,"freenet":"?","dhcp":"?","paynet":"?","userfound":false,"encryption":"wpa2"}]}