{"success":true,"totalResults":690,"search_after":45109310,"first":1,"last":100,"resultCount":100,"results":[{"trilat":14.6821956599999996484484654502011835575103759765625,"trilong":121.0850982700000031400122679769992828369140625,"ssid":"wi-tribe_USERS","qos":0,"transid":"20130416-00000","firsttime":"2013-04-16T13:00:00.000Z","lasttime":"2013-04-16T21:00:00.000Z","lastupdt":"2013-04-16T19:00:00.000Z","housenumber":null,"road":null,"city":null,"region":"Metro Manila","country":"PH","netid":"C4:71:FE:DC:E4:E2","name":null,"type":"infra","comment":null,"wep":"2","channel":1,"bcninterval":0,"freenet":"?","dhcp":"?","paynet":"?","userfound":false,"encryption":"wpa2"},{"trilat":14.67665004999999922574716038070619106292724609375,"trilong":121.0707855200000011564043234102427959442138671875,"ssid":"B21y-ZmxvcmRlbGl6YWpkZWx1bmE","qos":0,"transid":"20160227-00000","firsttime":"2001-01-01T08:00:00.000Z","lasttime":"2016-02-27T07:00:00.000Z","lastupdt":"2016-02-27T07:00:00.000Z","housenumber":null,"road":null,"city":null,"region":null,"country":null,"netid":"C0:BD:D1:52:92:88","name":null,"type":"infra","comment":null,"wep":"2","channel":11,"bcninterval":0,"freenet":"?","dhcp":"?","paynet":"?","userfound":false,"encryption":"wpa2"},{"trilat":14.672187810000000496302163810469210147857666015625,"trilong":121.0791702300000025616100174374878406524658203125,"ssid":"ECSCI Internet portal","qos":6,"transid":"20130416-00000","firsttime":"2013-04-16T13:00:00.000Z","lasttime":"2016-05-05T10:00:00.000Z","lastupdt":"2016-05-05T10:00:00.000Z","housenumber":null,"road":null,"city":null,"region":"Metro Manila","country":"PH","netid":"5A:6D:8F:83:C9:46","name":null,"type":"infra","comment":null,"wep":"2","channel":6,"bcninterval":0,"freenet":"?","dhcp":"?","paynet":"?","userfound":false,"encryption":"wpa2"},{"trilat":14.672204969999999235596988000907003879547119140625,"trilong":121.07978821000000380081473849713802337646484375,"ssid":"PLDTMyDSL","qos":0,"transid":"20130507-00000","firsttime":"2013-05-07T14:00:00.000Z","lasttime":"2013-05-07T06:00:00.000Z","lastupdt":"2013-05-07T04:00:00.000Z","housenumber":null,"road":null,"city":null,"region":"Metro Manila","country":"PH","netid":"B0:B2:DC:AB:B5:04","name":null,"type":"infra","comment":null,"wep":"2","channel":11,"bcninterval":0,"freenet":"?","dhcp":"?","paynet":"?","userfound":false,"encryption":"wpa2"},{"trilat":14.672477719999999834499249118380248546600341796875,"trilong":121.070449830000001156804501079022884368896484375,"ssid":"Doritos Locos Tacos","qos":3,"transid":"20140813-00000","firsttime":"2014-08-13T07:00:00.000Z","lasttime":"2014-10-08T15:00:00.000Z","lastupdt":"2015-07-26T00:00:00.000Z","housenumber":null,"road":null,"city":null,"region":null,"country":null,"netid":"38:AA:3C:8A:62:A8","name":null,"type":"infra","comment":null,"wep":"2","channel":11,"bcninterval":0,"freenet":"?","dhcp":"?","paynet":"?","userfound":false,"encryption":"wpa2"},{"trilat":14.6811437599999994318977769580669701099395751953125,"trilong":121.0844574000000051228198572061955928802490234375,"ssid":"awn_inside","qos":0,"transid":"20160505-00000","firsttime":"2016-03-25T08:00:00.000Z","lasttime":"2016-05-05T10:00:00.000Z","lastupdt":"2016-05-05T10:00:00.000Z","housenumber":null,"road":null,"city":null,"region":null,"country":null,"netid":"5C:50:15:E6:3E:60","name":null,"type":"infra","comment":null,"wep":"2","channel":11,"bcninterval":0,"freenet":"?","dhcp":"?","paynet":"?","userfound":false,"encryption":"wpa2"},{"trilat":14.672364229999999452047632075846195220947265625,"trilong":121.0791244499999947947799228131771087646484375,"ssid":"Cisco40510","qos":3,"transid":"20150126-00000","firsttime":"2015-01-26T22:00:00.000Z","lasttime":"2016-05-05T10:00:00.000Z","lastupdt":"2016-05-05T10:00:00.000Z","housenumber":null,"road":null,"city":null,"region":null,"country":null,"netid":"C8:D7:19:E6:AA:29","name":null,"type":"infra","comment":null,"wep":"2","channel":11,"bcninterval":0,"freenet":"?","dhcp":"?","paynet":"?","userfound":false,"encryption":"wpa2"},{"trilat":14.676492689999999896599547355435788631439208984375,"trilong":121.082214359999994712779880501329898834228515625,"ssid":"rsci","qos":0,"transid":"20160505-00000","firsttime":"2016-03-21T09:00:00.000Z","lasttime":"2016-05-05T10:00:00.000Z","lastupdt":"2016-05-05T10:00:00.000Z","housenumber":null,"road":null,"city":null,"region":null,"country":null,"netid":"2C:5D:93:19:07:68","name":null,"type":"infra","comment":null,"wep":"?","channel":11,"bcninterval":0,"freenet":"?","dhcp":"?","paynet":"?","userfound":false,"encryption":"unknown"},{"trilat":14.6786174799999997730992618016898632049560546875,"trilong":121.083236690000006774425855837762355804443359375,"ssid":"PLDTMyDSL","qos":0,"transid":"20150126-00000","firsttime":"2015-01-26T22:00:00.000Z","lasttime":"2015-01-26T07:00:00.000Z","lastupdt":"2015-07-26T00:00:00.000Z","housenumber":null,"road":null,"city":null,"region":null,"country":null,"netid":"CC:5D:4E:F2:40:B8","name":null,"type":"infra","comment":null,"wep":"2","channel":11,"bcninterval":0,"freenet":"?","dhcp":"?","paynet":"?","userfound":false,"encryption":"wpa2"},{"trilat":14.676937099999999958299667923711240291595458984375,"trilong":121.082588200000003553213900886476039886474609375,"ssid":"TP-LINK_4CE35E","qos":0,"transid":"20140917-00000","firsttime":"2014-09-16T21:00:00.000Z","lasttime":"2014-09-17T10:00:00.000Z","lastupdt":"2015-07-26T00:00:00.000Z","housenumber":null,"road":null,"city":null,"region":null,"country":null,"netid":"C0:4A:00:4C:E3:5E","name":null,"type":"infra","comment":null,"wep":"2","channel":1,"bcninterval":0,"freenet":"?","dhcp":"?","paynet":"?","userfound":false,"encryption":"wpa2"},{"trilat":14.6740426999999993284973243135027587413787841796875,"trilong":121.080535889999993059973348863422870635986328125,"ssid":null,"qos":1,"transid":"20160505-00000","firsttime":"2016-03-21T09:00:00.000Z","lasttime":"2016-05-05T10:00:00.000Z","lastupdt":"2016-05-05T10:00:00.000Z","housenumber":null,"road":null,"city":null,"region":null,"country":null,"netid":"C4:6E:1F:92:60:2A","name":null,"type":"infra","comment":null,"wep":"2","channel":6,"bcninterval":0,"freenet":"?","dhcp":"?","paynet":"?","userfound":false,"encryption":"wpa2"},{"trilat":14.6744203599999991638469509780406951904296875,"trilong":121.0808563199999952075813780538737773895263671875,"ssid":null,"qos":0,"transid":"20160505-00000","firsttime":"2016-03-21T09:00:00.000Z","lasttime":"2016-05-05T10:00:00.000Z","lastupdt":"2016-05-05T10:00:00.000Z","housenumber":null,"road":null,"city":null,"region":null,"country":null,"netid":"C4:6E:1F:92:6C:AE","name":null,"type":"infra","comment":null,"wep":"2","channel":6,"bcninterval":0,"freenet":"?","dhcp":"?","paynet":"?","userfound":false,"encryption":"wpa2"},{"trilat":14.680697439999999431847754749469459056854248046875,"trilong":121.0848846399999985123940859921276569366455078125,"ssid":"wi-tribe-exec","qos":1,"transid":"20130416-00000","firsttime":"2013-04-16T13:00:00.000Z","lasttime":"2014-09-17T10:00:00.000Z","lastupdt":"2015-07-26T00:00:00.000Z","housenumber":null,"road":null,"city":null,"region":"Metro Manila","country":"PH","netid":"C4:71:FE:DC:E4:E1","name":null,"type":"infra","comment":null,"wep":"Y","channel":1,"bcninterval":0,"freenet":"?","dhcp":"?","paynet":"?","userfound":false,"encryption":"wep"},{"trilat":14.6879434599999996180486050434410572052001953125,"trilong":121.0871276900000026444104150868952274322509765625,"ssid":"MEDELSKI","qos":0,"transid":"20160505-00000","firsttime":"2016-03-21T09:00:00.000Z","lasttime":"2016-05-05T10:00:00.000Z","lastupdt":"2016-05-05T10:00:00.000Z","housenumber":null,"road":null,"city":null,"region":null,"country":null,"netid":"F0:84:C9:D0:29:CA","name":null,"type":"infra","comment":null,"wep":"2","channel":11,"bcninterval":0,"freenet":"?","dhcp":"?","paynet":"?","userfound":false,"encryption":"wpa2"},{"trilat":14.6744775799999995768985172617249190807342529296875,"trilong":121.080802919999996447586454451084136962890625,"ssid":"InternalWS","qos":5,"transid":"20150106-00000","firsttime":"2015-01-06T14:00:00.000Z","lasttime":"2015-07-26T00:00:00.000Z","lastupdt":"2015-07-26T00:00:00.000Z","housenumber":null,"road":null,"city":null,"region":null,"country":null,"netid":"54:3D:37:9D:0E:99","name":null,"type":"infra","comment":null,"wep":"2","channel":6,"bcninterval":0,"freenet":"?","dhcp":"?","paynet":"?","userfound":false,"encryption":"wpa2"},{"trilat":14.6712560700000000935006028157658874988555908203125,"trilong":121.078147889999996777987689711153507232666015625,"ssid":"bayanDSLWiFi_30A0","qos":0,"transid":"20160505-00000","firsttime":"2016-03-25T08:00:00.000Z","lasttime":"2016-05-05T10:00:00.000Z","lastupdt":"2016-05-05T10:00:00.000Z","housenumber":null,"road":null,"city":null,"region":null,"country":null,"netid":"70:9F:2D:A1:30:A0","name":null,"type":"infra","comment":null,"wep":"2","channel":10,"bcninterval":0,"freenet":"?","dhcp":"?","paynet":"?","userfound":false,"encryption":"wpa2"},{"trilat":14.6837472899999994524478097446262836456298828125,"trilong":121.0773849499999954559825710020959377288818359375,"ssid":"Records-guest","qos":0,"transid":"20140212-00000","firsttime":"2014-02-12T15:00:00.000Z","lasttime":"2014-02-14T02:00:00.000Z","lastupdt":"2017-03-05T18:00:00.000Z","housenumber":null,"road":null,"city":null,"region":null,"country":null,"netid":"48:F8:B3:23:77:C6","name":null,"type":"infra","comment":null,"wep":"N","channel":11,"bcninterval":0,"freenet":"?","dhcp":"?","paynet":"?","userfound":false,"encryption":"none"},{"trilat":14.6905393600000007126027412596158683300018310546875,"trilong":121.0791702300000025616100174374878406524658203125,"ssid":"Director's Office","qos":0,"transid":"20140213-00000","firsttime":"2014-02-13T13:00:00.000Z","lasttime":"2014-02-14T02:00:00.000Z","lastupdt":"2015-07-26T00:00:00.000Z","housenumber":null,"road":null,"city":null,"region":null,"country":null,"netid":"48:F8:B3:23:A3:85","name":null,"type":"infra","comment":null,"wep":"2","channel":1,"bcninterval":0,"freenet":"?","dhcp":"?","paynet":"?","userfound":false,"encryption":"wpa2"},{"trilat":14.6774616200000007637527232873253524303436279296875,"trilong":121.0833358800000070232272264547646045684814453125,"ssid":"AndroidAP","qos":0,"transid":"20130507-00000","firsttime":"2013-05-07T16:00:00.000Z","lasttime":"2013-05-07T06:00:00.000Z","lastupdt":"2013-05-07T04:00:00.000Z","housenumber":null,"road":null,"city":null,"region":"Metro Manila","country":"PH","netid":"60:21:C0:5E:6B:ED","name":null,"type":"infra","comment":null,"wep":"2","channel":6,"bcninterval":0,"freenet":"?","dhcp":"?","paynet":"?","userfound":false,"encryption":"wpa2"},{"trilat":14.686613080000000763902789913117885589599609375,"trilong":121.0867462199999948779804981313645839691162109375,"ssid":"bayanDSL","qos":0,"transid":"20130506-00000","firsttime":"2013-05-06T16:00:00.000Z","lasttime":"2013-05-06T09:00:00.000Z","lastupdt":"2013-05-06T07:00:00.000Z","housenumber":null,"road":null,"city":null,"region":"Metro Manila","country":"PH","netid":"4C:09:B4:A6:D5:0B","name":null,"type":"infra","comment":null,"wep":"W","channel":1,"bcninterval":0,"freenet":"?","dhcp":"?","paynet":"?","userfound":false,"encryption":"wpa"},{"trilat":14.6795053499999994528479874134063720703125,"trilong":121.08372497999999950479832477867603302001953125,"ssid":"AXA PHIL","qos":0,"transid":"20160505-00000","firsttime":"2016-03-21T09:00:00.000Z","lasttime":"2016-05-05T10:00:00.000Z","lastupdt":"2016-05-05T10:00:00.000Z","housenumber":null,"road":null,"city":null,"region":null,"country":null,"netid":"6E:94:F8:C1:B3:24","name":null,"type":"infra","comment":null,"wep":"2","channel":1,"bcninterval":0,"freenet":"?","dhcp":"?","paynet":"?","userfound":false,"encryption":"wpa2"},{"trilat":14.6863050499999996389988154987804591655731201171875,"trilong":121.08621216000000231360900215804576873779296875,"ssid":"Alexander A. Ramos?s iPhone","qos":1,"transid":"20150126-00000","firsttime":"2015-01-26T22:00:00.000Z","lasttime":"2015-01-26T07:00:00.000Z","lastupdt":"2015-07-26T00:00:00.000Z","housenumber":null,"road":null,"city":null,"region":null,"country":null,"netid":"6A:E9:F1:90:35:6B","name":null,"type":"infra","comment":null,"wep":"2","channel":1,"bcninterval":0,"freenet":"?","dhcp":"?","paynet":"?","userfound":false,"encryption":"wpa2"},{"trilat":14.672786710000000454101609648205339908599853515625,"trilong":121.0801925699999941343776299618184566497802734375,"ssid":"LPGMA DSL","qos":0,"transid":"20140917-00000","firsttime":"2014-09-16T21:00:00.000Z","lasttime":"2014-09-17T10:00:00.000Z","lastupdt":"2015-07-26T00:00:00.000Z","housenumber":null,"road":null,"city":null,"region":null,"country":null,"netid":"4C:09:B4:A6:F9:FF","name":null,"type":"infra","comment":null,"wep":"W","channel":1,"bcninterval":0,"freenet":"?","dhcp":"?","paynet":"?","userfound":false,"encryption":"wpa"},{"trilat":14.6715469400000007027529136394150555133819580078125,"trilong":121.078552250000001322405296377837657928466796875,"ssid":"Element21","qos":0,"transid":"20160505-00000","firsttime":"2016-03-21T09:00:00.000Z","lasttime":"2016-05-05T10:00:00.000Z","lastupdt":"2016-05-05T10:00:00.000Z","housenumber":null,"road":null,"city":null,"region":null,"country":null,"netid":"58:6D:8F:7E:BC:EF","name":null,"type":"infra","comment":null,"wep":"2","channel":44,"bcninterval":0,"freenet":"?","dhcp":"?","paynet":"?","userfound":false,"encryption":"wpa2"},{"trilat":14.6755485500000002474507709848694503307342529296875,"trilong":121.0815734899999966955874697305262088775634765625,"ssid":"VANGUARD","qos":2,"transid":"20160505-00000","firsttime":"2016-03-21T17:00:00.000Z","lasttime":"2016-05-05T10:00:00.000Z","lastupdt":"2016-05-05T10:00:00.000Z","housenumber":null,"road":null,"city":null,"region":null,"country":null,"netid":"54:A0:50:E4:28:B0","name":null,"type":"infra","comment":null,"wep":"2","channel":1,"bcninterval":0,"freenet":"?","dhcp":"?","paynet":"?","userfound":false,"encryption":"wpa2"},{"trilat":14.6860523199999999377496351371519267559051513671875,"trilong":121.0866088899999937211759970523416996002197265625,"ssid":"kagawad mangune","qos":0,"transid":"20160505-00000","firsttime":"2016-03-21T09:00:00.000Z","lasttime":"2016-05-05T10:00:00.000Z","lastupdt":"2016-05-05T10:00:00.000Z","housenumber":null,"road":null,"city":null,"region":null,"country":null,"netid":"70:9F:2D:A0:24:14","name":null,"type":"infra","comment":null,"wep":"2","channel":6,"bcninterval":0,"freenet":"?","dhcp":"?","paynet":"?","userfound":false,"encryption":"wpa2"},{"trilat":14.686805729999999670098986825905740261077880859375,"trilong":121.078025819999993473174981772899627685546875,"ssid":"Stefanini","qos":0,"transid":"20170609-00000","firsttime":"2001-01-01T08:00:00.000Z","lasttime":"2017-06-09T05:00:00.000Z","lastupdt":"2017-06-09T05:00:00.000Z","housenumber":null,"road":null,"city":null,"region":null,"country":null,"netid":"5C:F2:86:2E:5C:F0","name":null,"type":"infra","comment":null,"wep":"2","channel":11,"bcninterval":0,"freenet":"?","dhcp":"?","paynet":"?","userfound":false,"encryption":"wpa2"},{"trilat":14.6779355999999996384985934128053486347198486328125,"trilong":121.083023069999995868784026242792606353759765625,"ssid":"MobileWiFi-3726","qos":0,"transid":"20130507-00000","firsttime":"2013-05-07T16:00:00.000Z","lasttime":"2013-05-07T06:00:00.000Z","lastupdt":"2013-05-07T04:00:00.000Z","housenumber":null,"road":null,"city":null,"region":"Metro Manila","country":"PH","netid":"70:72:3C:DF:37:26","name":null,"type":"infra","comment":null,"wep":"W","channel":1,"bcninterval":0,"freenet":"?","dhcp":"?","paynet":"Y","userfound":false,"encryption":"wpa"},{"trilat":14.68184375999999957684849505312740802764892578125,"trilong":121.076889039999997521590557880699634552001953125,"ssid":"Records","qos":0,"transid":"20140212-00000","firsttime":"2014-02-12T15:00:00.000Z","lasttime":"2014-02-14T02:00:00.000Z","lastupdt":"2017-05-07T05:00:00.000Z","housenumber":null,"road":null,"city":null,"region":null,"country":null,"netid":"48:F8:B3:23:77:C5","name":null,"type":"infra","comment":null,"wep":"2","channel":1,"bcninterval":0,"freenet":"?","dhcp":"?","paynet":"?","userfound":false,"encryption":"wpa2"},{"trilat":14.6755104099999993394476405228488147258758544921875,"trilong":121.0819625900000033880132832564413547515869140625,"ssid":"Leotec","qos":1,"transid":"20130416-00000","firsttime":"2013-04-16T13:00:00.000Z","lasttime":"2013-04-24T23:00:00.000Z","lastupdt":"2013-04-24T21:00:00.000Z","housenumber":null,"road":null,"city":null,"region":"Metro Manila","country":"PH","netid":"78:44:76:1F:6E:A0","name":null,"type":"infra","comment":null,"wep":"W","channel":11,"bcninterval":0,"freenet":"?","dhcp":"?","paynet":"?","userfound":false,"encryption":"wpa"},{"trilat":14.67840958000000028960130293853580951690673828125,"trilong":121.08324432000000570042175240814685821533203125,"ssid":"mdc_pis","qos":0,"transid":"20160505-00000","firsttime":"2016-03-21T09:00:00.000Z","lasttime":"2016-05-05T10:00:00.000Z","lastupdt":"2016-05-05T10:00:00.000Z","housenumber":null,"road":null,"city":null,"region":null,"country":null,"netid":"88:DC:96:17:83:F2","name":null,"type":"infra","comment":null,"wep":"2","channel":11,"bcninterval":0,"freenet":"?","dhcp":"?","paynet":"?","userfound":false,"encryption":"wpa2"},{"trilat":14.672786710000000454101609648205339908599853515625,"trilong":121.0801925699999941343776299618184566497802734375,"ssid":"VIZCARRA","qos":0,"transid":"20140917-00000","firsttime":"2014-09-16T21:00:00.000Z","lasttime":"2014-09-17T10:00:00.000Z","lastupdt":"2015-07-26T00:00:00.000Z","housenumber":null,"road":null,"city":null,"region":null,"country":null,"netid":"64:70:02:F8:19:E6","name":null,"type":"infra","comment":null,"wep":"2","channel":6,"bcninterval":0,"freenet":"?","dhcp":"?","paynet":"?","userfound":false,"encryption":"wpa2"},{"trilat":14.6718998000000002690512701519764959812164306640625,"trilong":121.078117370000001074004103429615497589111328125,"ssid":"POPEFRANCIS","qos":0,"transid":"20150126-00000","firsttime":"2015-01-26T22:00:00.000Z","lasttime":"2015-01-26T07:00:00.000Z","lastupdt":"2015-07-26T00:00:00.000Z","housenumber":null,"road":null,"city":null,"region":null,"country":null,"netid":"88:CE:FA:F7:7A:4E","name":null,"type":"infra","comment":null,"wep":"2","channel":6,"bcninterval":0,"freenet":"?","dhcp":"?","paynet":"?","userfound":false,"encryption":"wpa2"},{"trilat":14.69032763999999957604813971556723117828369140625,"trilong":121.087013240000004543617251329123973846435546875,"ssid":"PLDTMyDSLRockStar","qos":0,"transid":"20150126-00000","firsttime":"2015-01-26T22:00:00.000Z","lasttime":"2015-01-26T07:00:00.000Z","lastupdt":"2015-07-26T00:00:00.000Z","housenumber":null,"road":null,"city":null,"region":null,"country":null,"netid":"50:67:F0:89:01:61","name":null,"type":"infra","comment":null,"wep":"Y","channel":11,"bcninterval":0,"freenet":"?","dhcp":"?","paynet":"?","userfound":false,"encryption":"wep"},{"trilat":14.67985153000000053680196288041770458221435546875,"trilong":121.0838851900000037176141631789505481719970703125,"ssid":"ESTEVEN ABUDA","qos":1,"transid":"20160505-00000","firsttime":"2016-03-21T09:00:00.000Z","lasttime":"2016-05-05T10:00:00.000Z","lastupdt":"2016-05-05T10:00:00.000Z","housenumber":null,"road":null,"city":null,"region":null,"country":null,"netid":"94:A7:B7:3D:03:0D","name":null,"type":"infra","comment":null,"wep":"2","channel":1,"bcninterval":0,"freenet":"?","dhcp":"?","paynet":"?","userfound":false,"encryption":"wpa2"},{"trilat":14.6813106500000003507011570036411285400390625,"trilong":121.08453369000000066080247052013874053955078125,"ssid":"HUAWEI-E5220-a05e","qos":0,"transid":"20160505-00000","firsttime":"2016-03-21T09:00:00.000Z","lasttime":"2016-05-05T10:00:00.000Z","lastupdt":"2016-05-05T10:00:00.000Z","housenumber":null,"road":null,"city":null,"region":null,"country":null,"netid":"50:9F:27:44:A0:5E","name":null,"type":"infra","comment":null,"wep":"2","channel":11,"bcninterval":0,"freenet":"?","dhcp":"?","paynet":"?","userfound":false,"encryption":"wpa2"},{"trilat":14.679492950000000206500772037543356418609619140625,"trilong":121.0840454100000016524063539691269397735595703125,"ssid":"paloadkaperamo","qos":0,"transid":"20130416-00000","firsttime":"2013-04-16T13:00:00.000Z","lasttime":"2013-04-16T21:00:00.000Z","lastupdt":"2013-04-16T19:00:00.000Z","housenumber":null,"road":null,"city":null,"region":"Metro Manila","country":"PH","netid":"70:F9:27:5F:1C:85","name":null,"type":"infra","comment":null,"wep":"2","channel":6,"bcninterval":0,"freenet":"?","dhcp":"?","paynet":"?","userfound":false,"encryption":"wpa2"},{"trilat":14.6726837200000002070510163321159780025482177734375,"trilong":121.0796050999999948771801427938044071197509765625,"ssid":"Cisco02098","qos":4,"transid":"20130416-00000","firsttime":"2013-04-16T13:00:00.000Z","lasttime":"2013-05-07T06:00:00.000Z","lastupdt":"2013-05-07T04:00:00.000Z","housenumber":null,"road":null,"city":null,"region":"Metro Manila","country":"PH","netid":"58:6D:8F:3D:25:44","name":null,"type":"infra","comment":null,"wep":"2","channel":1,"bcninterval":0,"freenet":"?","dhcp":"?","paynet":"?","userfound":false,"encryption":"wpa2"},{"trilat":14.67542934000000087735315901227295398712158203125,"trilong":121.0786437999999947123797028325498104095458984375,"ssid":"cathcv17","qos":2,"transid":"20141005-00000","firsttime":"2001-01-01T07:00:00.000Z","lasttime":"2014-11-07T08:00:00.000Z","lastupdt":"2014-11-07T06:00:00.000Z","housenumber":null,"road":null,"city":null,"region":null,"country":null,"netid":"3C:DF:BD:C3:C7:64","name":null,"type":"infra","comment":null,"wep":"2","channel":11,"bcninterval":0,"freenet":"?","dhcp":"?","paynet":"?","userfound":false,"encryption":"wpa2"},{"trilat":14.68198109000000073365299613215029239654541015625,"trilong":121.084831239999999752399162389338016510009765625,"ssid":"awn_cafe","qos":0,"transid":"20160505-00000","firsttime":"2016-03-21T09:00:00.000Z","lasttime":"2016-05-05T10:00:00.000Z","lastupdt":"2016-05-05T10:00:00.000Z","housenumber":null,"road":null,"city":null,"region":null,"country":null,"netid":"58:BF:EA:FA:B7:DB","name":null,"type":"infra","comment":null,"wep":"2","channel":36,"bcninterval":0,"freenet":"?","dhcp":"?","paynet":"?","userfound":false,"encryption":"wpa2"},{"trilat":14.68139172000000058915247791446745395660400390625,"trilong":121.08456420999999636478605680167675018310546875,"ssid":"awn_voip","qos":0,"transid":"20160505-00000","firsttime":"2016-03-21T09:00:00.000Z","lasttime":"2016-05-05T10:00:00.000Z","lastupdt":"2016-05-05T10:00:00.000Z","housenumber":null,"road":null,"city":null,"region":null,"country":null,"netid":"58:BF:EA:FA:B7:DD","name":null,"type":"infra","comment":null,"wep":"2","channel":36,"bcninterval":0,"freenet":"?","dhcp":"?","paynet":"?","userfound":false,"encryption":"wpa2"},{"trilat":14.6786251100000004754519977723248302936553955078125,"trilong":121.0833435100000059492231230251491069793701171875,"ssid":"PLDTMyDSLBiz","qos":0,"transid":"20160505-00000","firsttime":"2016-03-21T09:00:00.000Z","lasttime":"2016-05-05T10:00:00.000Z","lastupdt":"2016-05-05T10:00:00.000Z","housenumber":null,"road":null,"city":null,"region":null,"country":null,"netid":"92:EF:68:B4:69:20","name":null,"type":"infra","comment":null,"wep":"2","channel":11,"bcninterval":0,"freenet":"?","dhcp":"?","paynet":"?","userfound":false,"encryption":"wpa2"},{"trilat":14.672391890000000103100319392979145050048828125,"trilong":121.07925414999999702558852732181549072265625,"ssid":"LAK-K BUILDERS CO.","qos":0,"transid":"20130416-00000","firsttime":"2013-04-16T15:00:00.000Z","lasttime":"2013-04-16T21:00:00.000Z","lastupdt":"2013-04-16T19:00:00.000Z","housenumber":null,"road":null,"city":null,"region":"Metro Manila","country":"PH","netid":"5C:D9:98:E0:E0:66","name":null,"type":"infra","comment":null,"wep":"2","channel":1,"bcninterval":0,"freenet":"?","dhcp":"?","paynet":"?","userfound":false,"encryption":"wpa2"},{"trilat":14.6815490700000008672532203490845859050750732421875,"trilong":121.084548949999998512794263660907745361328125,"ssid":"FloorCenter Libis","qos":1,"transid":"20130416-00000","firsttime":"2013-04-16T15:00:00.000Z","lasttime":"2013-04-24T21:00:00.000Z","lastupdt":"2015-07-26T00:00:00.000Z","housenumber":null,"road":null,"city":null,"region":"Metro Manila","country":"PH","netid":"5C:D9:98:E0:EC:90","name":null,"type":"infra","comment":null,"wep":"2","channel":9,"bcninterval":0,"freenet":"?","dhcp":"?","paynet":"?","userfound":false,"encryption":"wpa2"},{"trilat":14.6762399699999992463972375844605267047882080078125,"trilong":121.0775756799999953727819956839084625244140625,"ssid":"HAME_A19_1f93","qos":0,"transid":"20150731-00000","firsttime":"2015-07-31T19:00:00.000Z","lasttime":"2015-07-31T21:00:00.000Z","lastupdt":"2015-07-31T21:00:00.000Z","housenumber":null,"road":null,"city":null,"region":null,"country":null,"netid":"9C:41:7C:71:F9:38","name":null,"type":"infra","comment":null,"wep":"W","channel":1,"bcninterval":0,"freenet":"?","dhcp":"?","paynet":"?","userfound":false,"encryption":"wpa"},{"trilat":14.6727342600000003614013621699996292591094970703125,"trilong":121.079475400000006857226253487169742584228515625,"ssid":"PLDTMyDSL-it","qos":1,"transid":"20140917-00000","firsttime":"2014-09-16T21:00:00.000Z","lasttime":"2015-01-26T07:00:00.000Z","lastupdt":"2015-07-26T00:00:00.000Z","housenumber":null,"road":null,"city":null,"region":null,"country":null,"netid":"FC:8B:97:EB:60:7C","name":null,"type":"infra","comment":null,"wep":"2","channel":1,"bcninterval":0,"freenet":"?","dhcp":"?","paynet":"?","userfound":false,"encryption":"wpa2"},{"trilat":14.6885118499999993701976563897915184497833251953125,"trilong":121.06987761999999975159880705177783966064453125,"ssid":"Francis Pira HUAWEI","qos":1,"transid":"20141005-00000","firsttime":"2001-01-01T07:00:00.000Z","lasttime":"2015-07-27T22:00:00.000Z","lastupdt":"2015-07-27T22:00:00.000Z","housenumber":null,"road":null,"city":null,"region":null,"country":null,"netid":"50:9F:27:7C:E8:03","name":null,"type":"infra","comment":null,"wep":"2","channel":6,"bcninterval":0,"freenet":"?","dhcp":"?","paynet":"?","userfound":false,"encryption":"wpa2"},{"trilat":14.6811304099999997418990460573695600032806396484375,"trilong":121.0844497700000061968239606358110904693603515625,"ssid":"awn_cafe","qos":1,"transid":"20160505-00000","firsttime":"2016-03-21T09:00:00.000Z","lasttime":"2016-05-05T10:00:00.000Z","lastupdt":"2016-05-05T10:00:00.000Z","housenumber":null,"road":null,"city":null,"region":null,"country":null,"netid":"5C:50:15:E6:3E:64","name":null,"type":"infra","comment":null,"wep":"2","channel":11,"bcninterval":0,"freenet":"?","dhcp":"?","paynet":"?","userfound":false,"encryption":"wpa2"},{"trilat":14.6728143699999993287974575650878250598907470703125,"trilong":121.0801925699999941343776299618184566497802734375,"ssid":"Peak","qos":0,"transid":"20141112-00000","firsttime":"2001-01-01T08:00:00.000Z","lasttime":"2015-07-26T00:00:00.000Z","lastupdt":"2015-07-26T00:00:00.000Z","housenumber":null,"road":null,"city":null,"region":null,"country":null,"netid":"84:25:DB:00:5C:64","name":null,"type":"infra","comment":null,"wep":"2","channel":1,"bcninterval":0,"freenet":"?","dhcp":"?","paynet":"?","userfound":false,"encryption":"wpa2"},{"trilat":14.6875648499999993390474628540687263011932373046875,"trilong":121.086914059999998016792233102023601531982421875,"ssid":"HUAWEI-E5330-9162","qos":0,"transid":"20160505-00000","firsttime":"2016-03-21T17:00:00.000Z","lasttime":"2016-05-05T10:00:00.000Z","lastupdt":"2016-05-05T10:00:00.000Z","housenumber":null,"road":null,"city":null,"region":null,"country":null,"netid":"58:7F:66:36:91:62","name":null,"type":"infra","comment":null,"wep":"2","channel":5,"bcninterval":0,"freenet":"?","dhcp":"?","paynet":"?","userfound":false,"encryption":"wpa2"},{"trilat":14.685220720000000227400960284285247325897216796875,"trilong":121.0864486699999957863838062621653079986572265625,"ssid":"PLDTMyDSLNOWIFI","qos":4,"transid":"20130416-00000","firsttime":"2013-04-16T13:00:00.000Z","lasttime":"2016-05-05T10:00:00.000Z","lastupdt":"2016-05-05T10:00:00.000Z","housenumber":null,"road":null,"city":null,"region":"Metro Manila","country":"PH","netid":"FC:F5:28:3D:7C:08","name":null,"type":"infra","comment":null,"wep":"2","channel":11,"bcninterval":0,"freenet":"?","dhcp":"?","paynet":"?","userfound":false,"encryption":"wpa2"},{"trilat":14.6902341799999991422964740195311605930328369140625,"trilong":121.0825805700000046272180043160915374755859375,"ssid":null,"qos":0,"transid":"20170304-00000","firsttime":"2001-01-01T08:00:00.000Z","lasttime":"2017-06-09T05:00:00.000Z","lastupdt":"2017-06-09T05:00:00.000Z","housenumber":null,"road":null,"city":null,"region":null,"country":null,"netid":"84:18:3A:4F:F2:8C","name":null,"type":"infra","comment":null,"wep":"2","channel":44,"bcninterval":0,"freenet":"?","dhcp":"?","paynet":"?","userfound":false,"encryption":"wpa2"},{"trilat":14.6927270899999999898000169196166098117828369140625,"trilong":121.085899350000005370020517148077487945556640625,"ssid":"Family Lounge","qos":0,"transid":"20170304-00000","firsttime":"2001-01-01T08:00:00.000Z","lasttime":"2017-06-09T05:00:00.000Z","lastupdt":"2017-06-09T05:00:00.000Z","housenumber":null,"road":null,"city":null,"region":null,"country":null,"netid":"84:18:3A:8F:F2:89","name":null,"type":"infra","comment":null,"wep":"W","channel":6,"bcninterval":0,"freenet":"?","dhcp":"?","paynet":"?","userfound":false,"encryption":"wpa"},{"trilat":14.6902341799999991422964740195311605930328369140625,"trilong":121.0825805700000046272180043160915374755859375,"ssid":null,"qos":0,"transid":"20170304-00000","firsttime":"2001-01-01T08:00:00.000Z","lasttime":"2017-06-09T05:00:00.000Z","lastupdt":"2017-06-09T05:00:00.000Z","housenumber":null,"road":null,"city":null,"region":null,"country":null,"netid":"84:18:3A:8F:F2:8C","name":null,"type":"infra","comment":null,"wep":"W","channel":44,"bcninterval":0,"freenet":"?","dhcp":"?","paynet":"?","userfound":false,"encryption":"wpa"},{"trilat":14.682057379999999824349288246594369411468505859375,"trilong":121.0747985800000066092252382077276706695556640625,"ssid":"MetroLink H106","qos":2,"transid":"20140508-00000","firsttime":"2014-05-05T10:00:00.000Z","lasttime":"2014-06-11T04:00:00.000Z","lastupdt":"2015-07-26T00:00:00.000Z","housenumber":null,"road":null,"city":null,"region":null,"country":null,"netid":"64:66:B3:79:DB:8A","name":null,"type":"infra","comment":null,"wep":"2","channel":1,"bcninterval":0,"freenet":"?","dhcp":"?","paynet":"?","userfound":false,"encryption":"wpa2"},{"trilat":14.686805729999999670098986825905740261077880859375,"trilong":121.078025819999993473174981772899627685546875,"ssid":"YTFanfest","qos":0,"transid":"20170609-00000","firsttime":"2001-01-01T08:00:00.000Z","lasttime":"2017-06-09T05:00:00.000Z","lastupdt":"2017-06-09T05:00:00.000Z","housenumber":null,"road":null,"city":null,"region":null,"country":null,"netid":"84:D4:7E:22:5F:92","name":null,"type":"infra","comment":null,"wep":"2","channel":58,"bcninterval":0,"freenet":"?","dhcp":"?","paynet":"?","userfound":false,"encryption":"wpa2"},{"trilat":14.672786710000000454101609648205339908599853515625,"trilong":121.0801925699999941343776299618184566497802734375,"ssid":"Vanguard","qos":0,"transid":"20140917-00000","firsttime":"2014-09-16T21:00:00.000Z","lasttime":"2014-09-17T10:00:00.000Z","lastupdt":"2015-07-26T00:00:00.000Z","housenumber":null,"road":null,"city":null,"region":null,"country":null,"netid":"60:A4:4C:47:B3:EC","name":null,"type":"infra","comment":null,"wep":"2","channel":6,"bcninterval":0,"freenet":"?","dhcp":"?","paynet":"?","userfound":false,"encryption":"wpa2"},{"trilat":14.688872339999999638848748872987926006317138671875,"trilong":121.0828399699999948779804981313645839691162109375,"ssid":"B39i-cXVlZW4gYWxtYQ","qos":0,"transid":"20171002-00000","firsttime":"2001-01-01T08:00:00.000Z","lasttime":"2017-10-02T22:00:00.000Z","lastupdt":"2017-10-02T22:00:00.000Z","housenumber":"","road":"San Simon","city":"","region":"","country":"PH","netid":"88:32:9B:A2:51:7B","name":null,"type":"infra","comment":null,"wep":"?","channel":6,"bcninterval":0,"freenet":"?","dhcp":"?","paynet":"?","userfound":false,"encryption":"unknown"},{"trilat":14.67222785999999956629835651256144046783447265625,"trilong":121.0790557899999981827932060696184635162353515625,"ssid":"CASHLINE","qos":0,"transid":"20130416-00000","firsttime":"2013-04-16T15:00:00.000Z","lasttime":"2013-04-16T21:00:00.000Z","lastupdt":"2013-04-16T19:00:00.000Z","housenumber":null,"road":null,"city":null,"region":"Metro Manila","country":"PH","netid":"88:53:D4:E7:B4:86","name":null,"type":"infra","comment":null,"wep":"W","channel":1,"bcninterval":0,"freenet":"?","dhcp":"?","paynet":"?","userfound":false,"encryption":"wpa"},{"trilat":14.6725072900000004239018380758352577686309814453125,"trilong":121.079353330000003552413545548915863037109375,"ssid":"PLDTMyDSLBizUEMC","qos":1,"transid":"20160505-00000","firsttime":"2016-03-21T09:00:00.000Z","lasttime":"2016-05-05T10:00:00.000Z","lastupdt":"2016-05-05T10:00:00.000Z","housenumber":null,"road":null,"city":null,"region":null,"country":null,"netid":"5A:8B:F3:F6:41:98","name":null,"type":"infra","comment":null,"wep":"2","channel":11,"bcninterval":0,"freenet":"?","dhcp":"?","paynet":"?","userfound":false,"encryption":"wpa2"},{"trilat":14.6715469400000007027529136394150555133819580078125,"trilong":121.078552250000001322405296377837657928466796875,"ssid":"HP-Print-09-Deskjet 3540 series","qos":0,"transid":"20160505-00000","firsttime":"2016-03-21T09:00:00.000Z","lasttime":"2016-05-05T10:00:00.000Z","lastupdt":"2016-05-05T10:00:00.000Z","housenumber":null,"road":null,"city":null,"region":null,"country":null,"netid":"5C:B9:01:52:CB:09","name":null,"type":"infra","comment":null,"wep":"?","channel":11,"bcninterval":0,"freenet":"?","dhcp":"?","paynet":"?","userfound":false,"encryption":"unknown"},{"trilat":14.676909450000000134650690597482025623321533203125,"trilong":121.0823669399999999995998223312199115753173828125,"ssid":"HUAWEI-E5330-759D","qos":0,"transid":"20160328-00000","firsttime":"2016-03-22T18:00:00.000Z","lasttime":"2016-05-05T10:00:00.000Z","lastupdt":"2016-05-05T10:00:00.000Z","housenumber":null,"road":null,"city":null,"region":null,"country":null,"netid":"90:67:1C:AE:75:9D","name":null,"type":"infra","comment":null,"wep":"2","channel":2,"bcninterval":0,"freenet":"?","dhcp":"?","paynet":"?","userfound":false,"encryption":"wpa2"},{"trilat":14.6789617499999991423464962281286716461181640625,"trilong":121.084388730000000578002072870731353759765625,"ssid":"PLDTHOMEDSL-WEE","qos":0,"transid":"20140917-00000","firsttime":"2014-09-16T21:00:00.000Z","lasttime":"2014-09-17T10:00:00.000Z","lastupdt":"2015-07-26T00:00:00.000Z","housenumber":null,"road":null,"city":null,"region":null,"country":null,"netid":"90:61:0C:17:DD:50","name":null,"type":"infra","comment":null,"wep":"2","channel":11,"bcninterval":0,"freenet":"?","dhcp":"?","paynet":"?","userfound":false,"encryption":"wpa2"},{"trilat":14.681424140000000733152774046175181865692138671875,"trilong":121.0845794699999942167778499424457550048828125,"ssid":"awn_voip","qos":2,"transid":"20130218-00000","firsttime":"2001-01-01T00:00:00.000Z","lasttime":"2016-05-05T10:00:00.000Z","lastupdt":"2016-05-05T10:00:00.000Z","housenumber":null,"road":null,"city":null,"region":"Metro Manila","country":"PH","netid":"58:BF:EA:FA:B7:D2","name":null,"type":"infra","comment":null,"wep":"2","channel":11,"bcninterval":0,"freenet":"?","dhcp":"?","paynet":"?","userfound":false,"encryption":"wpa2"},{"trilat":14.6816062899999995039479472325183451175689697265625,"trilong":121.08466339000000289161107502877712249755859375,"ssid":"awn_cafe","qos":2,"transid":"20160505-00000","firsttime":"2016-03-21T09:00:00.000Z","lasttime":"2016-05-05T10:00:00.000Z","lastupdt":"2016-05-05T10:00:00.000Z","housenumber":null,"road":null,"city":null,"region":null,"country":null,"netid":"58:BF:EA:FA:B7:D4","name":null,"type":"infra","comment":null,"wep":"2","channel":11,"bcninterval":0,"freenet":"?","dhcp":"?","paynet":"?","userfound":false,"encryption":"wpa2"},{"trilat":14.6863479600000008673532647662796080112457275390625,"trilong":121.0867538499999938039763947017490863800048828125,"ssid":"linksys","qos":0,"transid":"20160505-00000","firsttime":"2016-03-21T09:00:00.000Z","lasttime":"2016-05-05T10:00:00.000Z","lastupdt":"2016-05-05T10:00:00.000Z","housenumber":null,"road":null,"city":null,"region":null,"country":null,"netid":"68:7F:74:AA:31:3E","name":null,"type":"infra","comment":null,"wep":"W","channel":11,"bcninterval":0,"freenet":"?","dhcp":"?","paynet":"?","userfound":false,"encryption":"wpa"},{"trilat":14.674507139999999338897396228276193141937255859375,"trilong":121.0839233399999983475936460308730602264404296875,"ssid":"I dont need a parasite","qos":1,"transid":"20140917-00000","firsttime":"2014-09-16T20:00:00.000Z","lasttime":"2014-09-17T10:00:00.000Z","lastupdt":"2015-07-26T00:00:00.000Z","housenumber":null,"road":null,"city":null,"region":null,"country":null,"netid":"90:5F:2E:3D:3A:79","name":null,"type":"infra","comment":null,"wep":"2","channel":11,"bcninterval":0,"freenet":"?","dhcp":"?","paynet":"?","userfound":false,"encryption":"wpa2"},{"trilat":14.687232019999999721449057688005268573760986328125,"trilong":121.0869751000000036356141208671033382415771484375,"ssid":"PLDTMyDSL_Lennie","qos":0,"transid":"20160505-00000","firsttime":"2016-03-21T09:00:00.000Z","lasttime":"2016-05-05T10:00:00.000Z","lastupdt":"2016-05-05T10:00:00.000Z","housenumber":null,"road":null,"city":null,"region":null,"country":null,"netid":"90:61:0C:0D:91:BE","name":null,"type":"infra","comment":null,"wep":"2","channel":11,"bcninterval":0,"freenet":"?","dhcp":"?","paynet":"?","userfound":false,"encryption":"wpa2"},{"trilat":14.6817150099999995660482454695738852024078369140625,"trilong":121.07116698999999471197952516376972198486328125,"ssid":"PLDTMyDSL-1409","qos":0,"transid":"20160315-00000","firsttime":"2001-01-01T09:00:00.000Z","lasttime":"2016-03-15T22:00:00.000Z","lastupdt":"2016-03-15T22:00:00.000Z","housenumber":null,"road":null,"city":null,"region":null,"country":null,"netid":"90:61:0C:10:10:B7","name":null,"type":"infra","comment":null,"wep":"2","channel":11,"bcninterval":0,"freenet":"?","dhcp":"?","paynet":"?","userfound":false,"encryption":"wpa2"},{"trilat":14.67499255999999974164893501438200473785400390625,"trilong":121.0815277100000031396120903082191944122314453125,"ssid":"linksys","qos":1,"transid":"20130416-00000","firsttime":"2013-04-16T13:00:00.000Z","lasttime":"2013-04-24T23:00:00.000Z","lastupdt":"2013-04-24T21:00:00.000Z","housenumber":null,"road":null,"city":null,"region":"Metro Manila","country":"PH","netid":"54:E6:FC:FF:3E:20","name":null,"type":"infra","comment":null,"wep":"Y","channel":11,"bcninterval":0,"freenet":"?","dhcp":"?","paynet":"?","userfound":false,"encryption":"wep"},{"trilat":14.690494539999999545898390351794660091400146484375,"trilong":121.0870056199999993395977071486413478851318359375,"ssid":"impaktwo","qos":0,"transid":"20150126-00000","firsttime":"2015-01-26T22:00:00.000Z","lasttime":"2015-01-26T07:00:00.000Z","lastupdt":"2015-07-26T00:00:00.000Z","housenumber":null,"road":null,"city":null,"region":null,"country":null,"netid":"F4:DC:F9:30:2A:A6","name":null,"type":"infra","comment":null,"wep":"2","channel":4,"bcninterval":0,"freenet":"?","dhcp":"?","paynet":"?","userfound":false,"encryption":"wpa2"},{"trilat":14.68538760999999936984750092960894107818603515625,"trilong":121.075180050000000164800439961254596710205078125,"ssid":"2013023","qos":0,"transid":"20160315-00000","firsttime":"2001-01-01T09:00:00.000Z","lasttime":"2016-03-15T22:00:00.000Z","lastupdt":"2016-03-15T22:00:00.000Z","housenumber":null,"road":null,"city":null,"region":null,"country":null,"netid":"6A:DF:DD:55:A1:36","name":null,"type":"infra","comment":null,"wep":"2","channel":6,"bcninterval":0,"freenet":"?","dhcp":"?","paynet":"?","userfound":false,"encryption":"wpa2"},{"trilat":14.6821956599999996484484654502011835575103759765625,"trilong":121.0850982700000031400122679769992828369140625,"ssid":"MobileWiFi-30fd","qos":0,"transid":"20130416-00000","firsttime":"2013-04-16T13:00:00.000Z","lasttime":"2013-04-16T21:00:00.000Z","lastupdt":"2013-04-16T19:00:00.000Z","housenumber":null,"road":null,"city":null,"region":"Metro Manila","country":"PH","netid":"80:B6:86:6F:30:FD","name":null,"type":"infra","comment":null,"wep":"Y","channel":11,"bcninterval":0,"freenet":"?","dhcp":"?","paynet":"Y","userfound":false,"encryption":"wep"},{"trilat":14.6722068799999991739468896412290632724761962890625,"trilong":121.078811650000005784022505395114421844482421875,"ssid":"ECSCI Internet portal","qos":2,"transid":"20150126-00000","firsttime":"2015-01-26T22:00:00.000Z","lasttime":"2016-05-05T10:00:00.000Z","lastupdt":"2016-05-05T10:00:00.000Z","housenumber":null,"road":null,"city":null,"region":null,"country":null,"netid":"58:6D:8F:83:C9:45","name":null,"type":"infra","comment":null,"wep":"2","channel":6,"bcninterval":0,"freenet":"?","dhcp":"?","paynet":"?","userfound":false,"encryption":"wpa2"},{"trilat":14.6889047599999997828490450046956539154052734375,"trilong":121.08692168999999694278812967240810394287109375,"ssid":"Exclusive","qos":0,"transid":"20150126-00000","firsttime":"2015-01-26T22:00:00.000Z","lasttime":"2015-01-26T07:00:00.000Z","lastupdt":"2015-07-26T00:00:00.000Z","housenumber":null,"road":null,"city":null,"region":null,"country":null,"netid":"84:82:F4:00:33:6B","name":null,"type":"infra","comment":null,"wep":"?","channel":1,"bcninterval":0,"freenet":"?","dhcp":"?","paynet":"?","userfound":false,"encryption":"unknown"},{"trilat":14.6767854700000004442017598194070160388946533203125,"trilong":121.0823898299999967775875120423734188079833984375,"ssid":"shadow_jex","qos":0,"transid":"20160505-00000","firsttime":"2016-03-21T09:00:00.000Z","lasttime":"2016-05-05T10:00:00.000Z","lastupdt":"2016-05-05T10:00:00.000Z","housenumber":null,"road":null,"city":null,"region":null,"country":null,"netid":"8C:34:FD:5F:B5:D2","name":null,"type":"infra","comment":null,"wep":"2","channel":1,"bcninterval":0,"freenet":"?","dhcp":"?","paynet":"?","userfound":false,"encryption":"wpa2"},{"trilat":14.67573546999999933859726297669112682342529296875,"trilong":121.0814514199999933907747617922723293304443359375,"ssid":"Smart Bro_FBD740","qos":0,"transid":"20150126-00000","firsttime":"2015-01-26T22:00:00.000Z","lasttime":"2015-01-26T07:00:00.000Z","lastupdt":"2015-07-26T00:00:00.000Z","housenumber":null,"road":null,"city":null,"region":null,"country":null,"netid":"9C:D2:4B:FB:D7:40","name":null,"type":"infra","comment":null,"wep":"?","channel":6,"bcninterval":0,"freenet":"?","dhcp":"?","paynet":"?","userfound":false,"encryption":"unknown"},{"trilat":14.6902341799999991422964740195311605930328369140625,"trilong":121.0825805700000046272180043160915374755859375,"ssid":"STARCINEMA","qos":0,"transid":"20170304-00000","firsttime":"2001-01-01T08:00:00.000Z","lasttime":"2017-06-09T05:00:00.000Z","lastupdt":"2017-06-09T05:00:00.000Z","housenumber":null,"road":null,"city":null,"region":null,"country":null,"netid":"84:18:3A:0F:F2:8D","name":null,"type":"infra","comment":null,"wep":"2","channel":44,"bcninterval":0,"freenet":"?","dhcp":"?","paynet":"?","userfound":false,"encryption":"wpa2"},{"trilat":14.67798327999999941084752208553254604339599609375,"trilong":121.073921200000000908403308130800724029541015625,"ssid":"DILNOT","qos":5,"transid":"20150126-00000","firsttime":"2015-01-21T09:00:00.000Z","lasttime":"2016-09-07T19:00:00.000Z","lastupdt":"2016-09-07T19:00:00.000Z","housenumber":null,"road":null,"city":null,"region":null,"country":null,"netid":"9C:C1:72:04:4B:B6","name":null,"type":"infra","comment":null,"wep":"2","channel":10,"bcninterval":0,"freenet":"?","dhcp":"?","paynet":"?","userfound":false,"encryption":"wpa2"},{"trilat":14.678449629999999359597495640628039836883544921875,"trilong":121.083717350000000578802428208291530609130859375,"ssid":"Katie Gabrielle","qos":0,"transid":"20140917-00000","firsttime":"2014-09-16T21:00:00.000Z","lasttime":"2014-09-17T10:00:00.000Z","lastupdt":"2015-07-26T00:00:00.000Z","housenumber":null,"road":null,"city":null,"region":null,"country":null,"netid":"9C:A9:E4:05:FF:81","name":null,"type":"infra","comment":null,"wep":"2","channel":1,"bcninterval":0,"freenet":"?","dhcp":"?","paynet":"?","userfound":false,"encryption":"wpa2"},{"trilat":14.6810846300000008568531484343111515045166015625,"trilong":121.0846328699999929767727735452353954315185546875,"ssid":"globe starbucks 183 DCC","qos":3,"transid":"20140917-00000","firsttime":"2014-09-16T21:00:00.000Z","lasttime":"2016-05-05T10:00:00.000Z","lastupdt":"2016-05-05T10:00:00.000Z","housenumber":null,"road":null,"city":null,"region":null,"country":null,"netid":"64:16:F0:91:26:AE","name":null,"type":"infra","comment":null,"wep":"W","channel":11,"bcninterval":0,"freenet":"?","dhcp":"?","paynet":"?","userfound":false,"encryption":"wpa"},{"trilat":14.6724557900000007748531061224639415740966796875,"trilong":121.079345700000004626417648978531360626220703125,"ssid":"Omni Tire Center Wifi Main","qos":4,"transid":"20140917-00000","firsttime":"2014-09-16T21:00:00.000Z","lasttime":"2016-05-05T10:00:00.000Z","lastupdt":"2016-05-05T10:00:00.000Z","housenumber":null,"road":null,"city":null,"region":null,"country":null,"netid":"84:C9:B2:49:69:11","name":null,"type":"infra","comment":null,"wep":"2","channel":5,"bcninterval":0,"freenet":"?","dhcp":"?","paynet":"?","userfound":false,"encryption":"wpa2"},{"trilat":14.6857080500000005685024007107131183147430419921875,"trilong":121.086479190000005701222107745707035064697265625,"ssid":"bayanDSLWIFI_5306","qos":0,"transid":"20160505-00000","firsttime":"2016-03-21T09:00:00.000Z","lasttime":"2016-05-05T10:00:00.000Z","lastupdt":"2016-05-05T10:00:00.000Z","housenumber":null,"road":null,"city":null,"region":null,"country":null,"netid":"94:A7:B7:26:53:06","name":null,"type":"infra","comment":null,"wep":"2","channel":10,"bcninterval":0,"freenet":"?","dhcp":"?","paynet":"?","userfound":false,"encryption":"wpa2"},{"trilat":14.680290219999999834499249118380248546600341796875,"trilong":121.0840835599999962823858368210494518280029296875,"ssid":"E Chimes WIFI 2","qos":1,"transid":"20160505-00000","firsttime":"2016-03-21T09:00:00.000Z","lasttime":"2016-05-05T10:00:00.000Z","lastupdt":"2016-05-05T10:00:00.000Z","housenumber":null,"road":null,"city":null,"region":null,"country":null,"netid":"94:A7:B7:26:60:89","name":null,"type":"infra","comment":null,"wep":"2","channel":2,"bcninterval":0,"freenet":"?","dhcp":"?","paynet":"?","userfound":false,"encryption":"wpa2"},{"trilat":14.6780500400000004646017259801737964153289794921875,"trilong":121.0833892800000057832221500575542449951171875,"ssid":"iPhone","qos":0,"transid":"20140917-00000","firsttime":"2014-09-16T21:00:00.000Z","lasttime":"2014-09-17T10:00:00.000Z","lastupdt":"2015-07-26T00:00:00.000Z","housenumber":null,"road":null,"city":null,"region":null,"country":null,"netid":"7A:A3:E4:E4:2F:9A","name":null,"type":"infra","comment":null,"wep":"2","channel":1,"bcninterval":0,"freenet":"?","dhcp":"?","paynet":"?","userfound":false,"encryption":"wpa2"},{"trilat":14.6755390200000004341518433648161590099334716796875,"trilong":121.0816726700000032224124879576265811920166015625,"ssid":"DEC_WIFI_01","qos":6,"transid":"20130416-00000","firsttime":"2013-04-16T13:00:00.000Z","lasttime":"2016-05-05T10:00:00.000Z","lastupdt":"2016-05-05T10:00:00.000Z","housenumber":null,"road":null,"city":null,"region":"Metro Manila","country":"PH","netid":"74:EA:3A:C7:1B:08","name":null,"type":"infra","comment":null,"wep":"Y","channel":13,"bcninterval":0,"freenet":"?","dhcp":"?","paynet":"?","userfound":false,"encryption":"wep"},{"trilat":14.690901759999999143246895982883870601654052734375,"trilong":121.0870971700000069404268288053572177886962890625,"ssid":null,"qos":0,"transid":"20150126-00000","firsttime":"2015-01-26T22:00:00.000Z","lasttime":"2015-01-26T07:00:00.000Z","lastupdt":"2015-07-26T00:00:00.000Z","housenumber":null,"road":null,"city":null,"region":null,"country":null,"netid":"CC:1A:FA:97:01:E4","name":null,"type":"infra","comment":null,"wep":"W","channel":1,"bcninterval":0,"freenet":"?","dhcp":"?","paynet":"?","userfound":false,"encryption":"wpa"},{"trilat":14.6733531999999993189476299448870122432708740234375,"trilong":121.0805511500000051228198572061955928802490234375,"ssid":"FCM Internal","qos":0,"transid":"20140917-00000","firsttime":"2014-09-16T21:00:00.000Z","lasttime":"2014-09-17T10:00:00.000Z","lastupdt":"2015-07-26T00:00:00.000Z","housenumber":null,"road":null,"city":null,"region":null,"country":null,"netid":"98:FC:11:AC:22:61","name":null,"type":"infra","comment":null,"wep":"2","channel":11,"bcninterval":0,"freenet":"?","dhcp":"?","paynet":"?","userfound":false,"encryption":"wpa2"},{"trilat":14.6755285299999993497976902290247380733489990234375,"trilong":121.081329350000004296816769056022167205810546875,"ssid":"HUAWEI-E5330-9F71","qos":0,"transid":"20150126-00000","firsttime":"2015-01-26T22:00:00.000Z","lasttime":"2015-01-26T07:00:00.000Z","lastupdt":"2015-07-26T00:00:00.000Z","housenumber":null,"road":null,"city":null,"region":null,"country":null,"netid":"CC:A2:23:C2:9F:71","name":null,"type":"infra","comment":null,"wep":"2","channel":1,"bcninterval":0,"freenet":"?","dhcp":"?","paynet":"?","userfound":false,"encryption":"wpa2"},{"trilat":14.690732000000000567752067581750452518463134765625,"trilong":121.0871353099999936375752440653741359710693359375,"ssid":"SmartBro_21B36F","qos":0,"transid":"20160505-00000","firsttime":"2016-03-23T09:00:00.000Z","lasttime":"2016-05-05T10:00:00.000Z","lastupdt":"2016-05-05T10:00:00.000Z","housenumber":null,"road":null,"city":null,"region":null,"country":null,"netid":"5C:F2:86:21:B3:6F","name":null,"type":"infra","comment":null,"wep":"Y","channel":6,"bcninterval":0,"freenet":"?","dhcp":"?","paynet":"?","userfound":false,"encryption":"wep"},{"trilat":14.686805729999999670098986825905740261077880859375,"trilong":121.078025819999993473174981772899627685546875,"ssid":"Smarties","qos":0,"transid":"20170609-00000","firsttime":"2001-01-01T08:00:00.000Z","lasttime":"2017-06-09T05:00:00.000Z","lastupdt":"2017-06-09T05:00:00.000Z","housenumber":null,"road":null,"city":null,"region":null,"country":null,"netid":"5C:F2:86:23:39:80","name":null,"type":"infra","comment":null,"wep":"2","channel":7,"bcninterval":0,"freenet":"?","dhcp":"?","paynet":"?","userfound":false,"encryption":"wpa2"},{"trilat":14.675359730000000269001247943378984928131103515625,"trilong":121.0815811199999956215833663009107112884521484375,"ssid":"Dimsum Tenders","qos":0,"transid":"20140917-00000","firsttime":"2014-09-16T21:00:00.000Z","lasttime":"2014-09-17T10:00:00.000Z","lastupdt":"2015-07-26T00:00:00.000Z","housenumber":null,"road":null,"city":null,"region":null,"country":null,"netid":"A0:F3:C1:78:80:F6","name":null,"type":"infra","comment":null,"wep":"2","channel":6,"bcninterval":0,"freenet":"?","dhcp":"?","paynet":"?","userfound":false,"encryption":"wpa2"},{"trilat":14.6731548299999996487485987017862498760223388671875,"trilong":121.0791931199999993395977071486413478851318359375,"ssid":"aics_acctg","qos":3,"transid":"20160505-00000","firsttime":"2016-03-20T13:00:00.000Z","lasttime":"2016-05-05T10:00:00.000Z","lastupdt":"2016-05-05T10:00:00.000Z","housenumber":null,"road":null,"city":null,"region":null,"country":null,"netid":"6C:19:8F:0C:FD:18","name":null,"type":"infra","comment":null,"wep":"2","channel":2,"bcninterval":0,"freenet":"?","dhcp":"?","paynet":"?","userfound":false,"encryption":"wpa2"},{"trilat":14.6786479899999999787496562930755317211151123046875,"trilong":121.0833663899999947943797451443970203399658203125,"ssid":"wifi_ko_to","qos":0,"transid":"20160505-00000","firsttime":"2016-03-25T08:00:00.000Z","lasttime":"2016-05-05T10:00:00.000Z","lastupdt":"2016-05-05T10:00:00.000Z","housenumber":null,"road":null,"city":null,"region":null,"country":null,"netid":"9E:A9:E4:D8:D4:91","name":null,"type":"infra","comment":null,"wep":"2","channel":1,"bcninterval":0,"freenet":"?","dhcp":"?","paynet":"?","userfound":false,"encryption":"wpa2"},{"trilat":14.675423620000000113350324681960046291351318359375,"trilong":121.0812530500000008260030881501734256744384765625,"ssid":"edimax","qos":0,"transid":"20150126-00000","firsttime":"2015-01-26T22:00:00.000Z","lasttime":"2015-01-26T07:00:00.000Z","lastupdt":"2015-07-26T00:00:00.000Z","housenumber":null,"road":null,"city":null,"region":null,"country":null,"netid":"80:1F:02:E3:DC:00","name":null,"type":"infra","comment":null,"wep":"2","channel":10,"bcninterval":0,"freenet":"?","dhcp":"?","paynet":"?","userfound":false,"encryption":"wpa2"},{"trilat":14.6823692300000008259530659415759146213531494140625,"trilong":121.084640500000006113623385317623615264892578125,"ssid":"elegancebldrsctr","qos":0,"transid":"20130506-00000","firsttime":"2013-05-06T16:00:00.000Z","lasttime":"2013-05-06T09:00:00.000Z","lastupdt":"2013-05-06T07:00:00.000Z","housenumber":null,"road":null,"city":null,"region":"Metro Manila","country":"PH","netid":"70:F9:27:30:BD:A0","name":null,"type":"infra","comment":null,"wep":"2","channel":6,"bcninterval":0,"freenet":"?","dhcp":"?","paynet":"?","userfound":false,"encryption":"wpa2"},{"trilat":14.6772956800000002886008587665855884552001953125,"trilong":121.08298492000000123880454339087009429931640625,"ssid":"BiancasTattoo","qos":0,"transid":"20130416-00000","firsttime":"2013-04-16T13:00:00.000Z","lasttime":"2013-04-16T21:00:00.000Z","lastupdt":"2013-04-16T19:00:00.000Z","housenumber":null,"road":null,"city":null,"region":"Metro Manila","country":"PH","netid":"70:72:3C:D5:D2:AF","name":null,"type":"infra","comment":null,"wep":"W","channel":6,"bcninterval":0,"freenet":"?","dhcp":"?","paynet":"?","userfound":false,"encryption":"wpa"},{"trilat":14.6801204700000003100512913079001009464263916015625,"trilong":121.0794830300000057832221500575542449951171875,"ssid":"MobileWiFi-1dfa jesy","qos":2,"transid":"20131216-00000","firsttime":"2013-12-13T07:00:00.000Z","lasttime":"2014-06-11T06:00:00.000Z","lastupdt":"2014-06-11T04:00:00.000Z","housenumber":null,"road":null,"city":null,"region":"Metro Manila","country":"PH","netid":"70:72:3C:E1:1D:FA","name":null,"type":"infra","comment":null,"wep":"Y","channel":6,"bcninterval":0,"freenet":"?","dhcp":"?","paynet":"Y","userfound":false,"encryption":"wep"},{"trilat":14.672205919999999679248503525741398334503173828125,"trilong":121.0788726800000034700133255682885646820068359375,"ssid":"Cisco05327","qos":3,"transid":"20150126-00000","firsttime":"2015-01-26T22:00:00.000Z","lasttime":"2016-05-05T10:00:00.000Z","lastupdt":"2016-05-05T10:00:00.000Z","housenumber":null,"road":null,"city":null,"region":null,"country":null,"netid":"C8:D7:19:86:AC:8B","name":null,"type":"infra","comment":null,"wep":"2","channel":1,"bcninterval":0,"freenet":"?","dhcp":"?","paynet":"?","userfound":false,"encryption":"wpa2"},{"trilat":14.687740330000000454901964985765516757965087890625,"trilong":121.07926940999999487758032046258449554443359375,"ssid":"Smart Bro_CMFCI","qos":0,"transid":"20170609-00000","firsttime":"2001-01-01T08:00:00.000Z","lasttime":"2017-06-09T05:00:00.000Z","lastupdt":"2017-06-09T05:00:00.000Z","housenumber":null,"road":null,"city":null,"region":null,"country":null,"netid":"D0:5B:A8:8F:68:A1","name":null,"type":"infra","comment":null,"wep":"2","channel":11,"bcninterval":0,"freenet":"?","dhcp":"?","paynet":"?","userfound":false,"encryption":"wpa2"}]}