{"success":true,"totalResults":690,"search_after":80110184,"first":1,"last":100,"resultCount":100,"results":[{"trilat":14.680542949999999535748429480008780956268310546875,"trilong":121.084251399999999421197571791708469390869140625,"ssid":"myLGNet81F7","qos":2,"transid":"20130416-00000","firsttime":"2013-04-16T15:00:00.000Z","lasttime":"2013-05-07T06:00:00.000Z","lastupdt":"2013-05-07T04:00:00.000Z","housenumber":null,"road":null,"city":null,"region":"Metro Manila","country":"PH","netid":"00:40:5A:C5:81:F5","name":null,"type":"infra","comment":null,"wep":"Y","channel":11,"bcninterval":0,"freenet":"?","dhcp":"?","paynet":"?","userfound":false,"encryption":"wep"},{"trilat":14.6854896499999991732465787208639085292816162109375,"trilong":121.0864028900000022304084268398582935333251953125,"ssid":"bayanDSLWiFi_F7FC","qos":0,"transid":"20160505-00000","firsttime":"2016-03-21T09:00:00.000Z","lasttime":"2016-05-05T10:00:00.000Z","lastupdt":"2016-05-05T10:00:00.000Z","housenumber":null,"road":null,"city":null,"region":null,"country":null,"netid":"38:D8:2F:2B:F7:FC","name":null,"type":"infra","comment":null,"wep":"2","channel":1,"bcninterval":0,"freenet":"?","dhcp":"?","paynet":"?","userfound":false,"encryption":"wpa2"},{"trilat":14.68239784000000014430042938329279422760009765625,"trilong":121.08524323000000322281266562640666961669921875,"ssid":"myLGNet9DD4","qos":0,"transid":"20130416-00000","firsttime":"2013-04-16T13:00:00.000Z","lasttime":"2013-04-16T21:00:00.000Z","lastupdt":"2013-04-16T19:00:00.000Z","housenumber":null,"road":null,"city":null,"region":"Metro Manila","country":"PH","netid":"00:40:5A:48:9D:D2","name":null,"type":"infra","comment":null,"wep":"Y","channel":1,"bcninterval":0,"freenet":"?","dhcp":"?","paynet":"?","userfound":false,"encryption":"wep"},{"trilat":14.6858205799999996798987922375090420246124267578125,"trilong":121.08663176999999677718733437359333038330078125,"ssid":"FR13NDS WAS HERE (NO SYSTEM IS S","qos":2,"transid":"20140917-00000","firsttime":"2014-09-16T21:00:00.000Z","lasttime":"2016-05-05T10:00:00.000Z","lastupdt":"2016-05-05T10:00:00.000Z","housenumber":null,"road":null,"city":null,"region":null,"country":null,"netid":"08:10:73:47:51:E4","name":null,"type":"infra","comment":null,"wep":"Y","channel":1,"bcninterval":0,"freenet":"?","dhcp":"?","paynet":"Y","userfound":false,"encryption":"wep"},{"trilat":14.6791925400000007329026630031876266002655029296875,"trilong":121.073966979999994464378687553107738494873046875,"ssid":"JOBSWIFI","qos":1,"transid":"20140113-00000","firsttime":"2001-01-01T00:00:00.000Z","lasttime":"2015-01-26T07:00:00.000Z","lastupdt":"2015-07-26T00:00:00.000Z","housenumber":null,"road":null,"city":null,"region":"Metro Manila","country":"PH","netid":"3C:DF:BD:C2:B6:14","name":null,"type":"infra","comment":null,"wep":"2","channel":6,"bcninterval":0,"freenet":"?","dhcp":"?","paynet":"?","userfound":false,"encryption":"wpa2"},{"trilat":14.679574009999999617548382957465946674346923828125,"trilong":121.0840301500000038004145608283579349517822265625,"ssid":"cherie","qos":0,"transid":"20130424-00000","firsttime":"2013-04-23T13:00:00.000Z","lasttime":"2013-04-24T23:00:00.000Z","lastupdt":"2013-04-24T21:00:00.000Z","housenumber":null,"road":null,"city":null,"region":"Metro Manila","country":"PH","netid":"90:1D:27:3F:5A:EB","name":null,"type":"infra","comment":null,"wep":"2","channel":6,"bcninterval":0,"freenet":"?","dhcp":"?","paynet":"?","userfound":false,"encryption":"wpa2"},{"trilat":14.6792516699999993079472915269434452056884765625,"trilong":121.084671020000001817606971599161624908447265625,"ssid":"Maxs Commonwealth 3","qos":0,"transid":"20140917-00000","firsttime":"2014-09-16T21:00:00.000Z","lasttime":"2014-09-17T10:00:00.000Z","lastupdt":"2015-07-26T00:00:00.000Z","housenumber":null,"road":null,"city":null,"region":null,"country":null,"netid":"84:1B:5E:76:29:C8","name":null,"type":"infra","comment":null,"wep":"2","channel":6,"bcninterval":0,"freenet":"?","dhcp":"?","paynet":"?","userfound":false,"encryption":"wpa2"},{"trilat":14.6809120199999991740469340584240853786468505859375,"trilong":121.0847625699999952075813780538737773895263671875,"ssid":"Commonwealth 1","qos":2,"transid":"20140917-00000","firsttime":"2014-09-16T21:00:00.000Z","lasttime":"2016-05-05T10:00:00.000Z","lastupdt":"2016-05-05T10:00:00.000Z","housenumber":null,"road":null,"city":null,"region":null,"country":null,"netid":"84:1B:5E:76:2B:96","name":null,"type":"infra","comment":null,"wep":"2","channel":1,"bcninterval":0,"freenet":"?","dhcp":"?","paynet":"?","userfound":false,"encryption":"wpa2"},{"trilat":14.6760463699999998965495251468382775783538818359375,"trilong":121.07048797999999578678398393094539642333984375,"ssid":"Huawei Globe WiFi","qos":1,"transid":"20171002-00000","firsttime":"2001-01-01T08:00:00.000Z","lasttime":"2017-10-02T22:00:00.000Z","lastupdt":"2017-10-02T22:00:00.000Z","housenumber":"","road":"Molina","city":"","region":"","country":"PH","netid":"04:4F:4C:26:61:BD","name":null,"type":"infra","comment":null,"wep":"2","channel":1,"bcninterval":0,"freenet":"?","dhcp":"?","paynet":"?","userfound":false,"encryption":"wpa2"},{"trilat":14.6800622900000004023013389087282121181488037109375,"trilong":121.0839462299999951255813357420265674591064453125,"ssid":"AndroidAP","qos":0,"transid":"20150126-00000","firsttime":"2015-01-26T22:00:00.000Z","lasttime":"2015-01-26T07:00:00.000Z","lastupdt":"2015-07-26T00:00:00.000Z","housenumber":null,"road":null,"city":null,"region":null,"country":null,"netid":"88:9B:39:14:03:C4","name":null,"type":"infra","comment":null,"wep":"2","channel":6,"bcninterval":0,"freenet":"?","dhcp":"?","paynet":"?","userfound":false,"encryption":"wpa2"},{"trilat":14.6872806499999999374495018855668604373931884765625,"trilong":121.0868377700000024788096197880804538726806640625,"ssid":"JJ8AutoSupply","qos":1,"transid":"20160505-00000","firsttime":"2016-03-21T09:00:00.000Z","lasttime":"2016-05-05T10:00:00.000Z","lastupdt":"2016-05-05T10:00:00.000Z","housenumber":null,"road":null,"city":null,"region":null,"country":null,"netid":"48:DB:50:1B:54:30","name":null,"type":"infra","comment":null,"wep":"2","channel":6,"bcninterval":0,"freenet":"?","dhcp":"?","paynet":"?","userfound":false,"encryption":"wpa2"},{"trilat":14.6730384800000006606524038943462073802947998046875,"trilong":121.0793151900000026444104150868952274322509765625,"ssid":"SAC Internal-guest","qos":0,"transid":"20150126-00000","firsttime":"2015-01-26T22:00:00.000Z","lasttime":"2015-01-26T07:00:00.000Z","lastupdt":"2015-07-26T00:00:00.000Z","housenumber":null,"road":null,"city":null,"region":null,"country":null,"netid":"48:F8:B3:27:62:17","name":null,"type":"infra","comment":null,"wep":"?","channel":11,"bcninterval":0,"freenet":"?","dhcp":"?","paynet":"?","userfound":false,"encryption":"unknown"},{"trilat":14.6875648499999993390474628540687263011932373046875,"trilong":121.086914059999998016792233102023601531982421875,"ssid":"PLDTHOMEDSL","qos":0,"transid":"20160505-00000","firsttime":"2016-03-21T17:00:00.000Z","lasttime":"2016-05-05T10:00:00.000Z","lastupdt":"2016-05-05T10:00:00.000Z","housenumber":null,"road":null,"city":null,"region":null,"country":null,"netid":"90:61:0C:1F:AD:FF","name":null,"type":"infra","comment":null,"wep":"2","channel":11,"bcninterval":0,"freenet":"?","dhcp":"?","paynet":"?","userfound":false,"encryption":"wpa2"},{"trilat":14.6722249999999991842969393474049866199493408203125,"trilong":121.0793228099999936375752440653741359710693359375,"ssid":"PLDTMyDSL","qos":3,"transid":"20130416-00000","firsttime":"2013-04-16T13:00:00.000Z","lasttime":"2013-05-07T06:00:00.000Z","lastupdt":"2013-05-07T04:00:00.000Z","housenumber":null,"road":null,"city":null,"region":"Metro Manila","country":"PH","netid":"90:61:0C:08:42:A0","name":null,"type":"infra","comment":null,"wep":"2","channel":11,"bcninterval":0,"freenet":"?","dhcp":"?","paynet":"?","userfound":false,"encryption":"wpa2"},{"trilat":14.67215632999999996854967321269214153289794921875,"trilong":121.0787963899999937211759970523416996002197265625,"ssid":"PLDTMyDSL","qos":1,"transid":"20140917-00000","firsttime":"2014-09-16T21:00:00.000Z","lasttime":"2015-01-26T07:00:00.000Z","lastupdt":"2015-07-26T00:00:00.000Z","housenumber":null,"road":null,"city":null,"region":null,"country":null,"netid":"90:61:0C:0D:24:53","name":null,"type":"infra","comment":null,"wep":"2","channel":11,"bcninterval":0,"freenet":"?","dhcp":"?","paynet":"?","userfound":false,"encryption":"wpa2"},{"trilat":14.6830301300000005682022674591280519962310791015625,"trilong":121.08563232000000198240741156041622161865234375,"ssid":"PLDTMyDSL-CW","qos":1,"transid":"20130416-00000","firsttime":"2013-04-16T13:00:00.000Z","lasttime":"2013-04-24T23:00:00.000Z","lastupdt":"2013-04-24T21:00:00.000Z","housenumber":null,"road":null,"city":null,"region":"Metro Manila","country":"PH","netid":"90:61:0C:0D:72:21","name":null,"type":"infra","comment":null,"wep":"2","channel":11,"bcninterval":0,"freenet":"?","dhcp":"?","paynet":"?","userfound":false,"encryption":"wpa2"},{"trilat":14.6895503999999998967496139812283217906951904296875,"trilong":121.0808486899999962815854814834892749786376953125,"ssid":"Jelu123","qos":0,"transid":"20170129-00000","firsttime":"2001-01-01T08:00:00.000Z","lasttime":"2017-01-29T10:00:00.000Z","lastupdt":"2017-01-29T10:00:00.000Z","housenumber":null,"road":null,"city":null,"region":null,"country":null,"netid":"92:21:81:DC:23:2A","name":null,"type":"infra","comment":null,"wep":"2","channel":11,"bcninterval":0,"freenet":"?","dhcp":"?","paynet":"?","userfound":false,"encryption":"wpa2"},{"trilat":14.6744976000000004745515980175696313381195068359375,"trilong":121.0809631300000006604022928513586521148681640625,"ssid":"GDS VCI 01","qos":0,"transid":"20070420-00000","firsttime":"2001-01-01T00:00:00.000Z","lasttime":"2013-04-16T21:00:00.000Z","lastupdt":"2013-04-16T19:00:00.000Z","housenumber":null,"road":null,"city":null,"region":"Metro Manila","country":"PH","netid":"02:13:CE:01:27:4C","name":null,"type":"ad-hoc","comment":null,"wep":"Y","channel":11,"bcninterval":0,"freenet":"?","dhcp":"?","paynet":"?","userfound":false,"encryption":"wep"},{"trilat":14.6756248500000001655507730902172625064849853515625,"trilong":121.0750961300000057008219300769269466400146484375,"ssid":"Cisco54564","qos":5,"transid":"20140204-00000","firsttime":"2014-02-03T15:00:00.000Z","lasttime":"2014-09-25T03:00:00.000Z","lastupdt":"2016-12-21T20:00:00.000Z","housenumber":null,"road":null,"city":null,"region":null,"country":null,"netid":"48:F8:B3:23:A3:71","name":null,"type":"infra","comment":null,"wep":"2","channel":6,"bcninterval":0,"freenet":"?","dhcp":"?","paynet":"?","userfound":false,"encryption":"wpa2"},{"trilat":14.67403316000000046415152610279619693756103515625,"trilong":121.0805740400000019008075469173491001129150390625,"ssid":"Team Commonwealth","qos":3,"transid":"20140917-00000","firsttime":"2014-09-16T21:00:00.000Z","lasttime":"2016-05-05T10:00:00.000Z","lastupdt":"2016-05-05T10:00:00.000Z","housenumber":null,"road":null,"city":null,"region":null,"country":null,"netid":"48:F8:B3:44:2C:2F","name":null,"type":"infra","comment":null,"wep":"2","channel":11,"bcninterval":0,"freenet":"?","dhcp":"?","paynet":"?","userfound":false,"encryption":"wpa2"},{"trilat":14.6740484200000000925001586438156664371490478515625,"trilong":121.0811004600000018172067939303815364837646484375,"ssid":"Team Commonwealth-guest","qos":0,"transid":"20140917-00000","firsttime":"2014-09-16T21:00:00.000Z","lasttime":"2014-09-17T10:00:00.000Z","lastupdt":"2015-07-26T00:00:00.000Z","housenumber":null,"road":null,"city":null,"region":null,"country":null,"netid":"48:F8:B3:44:2C:30","name":null,"type":"infra","comment":null,"wep":"?","channel":1,"bcninterval":0,"freenet":"?","dhcp":"?","paynet":"?","userfound":false,"encryption":"unknown"},{"trilat":14.672759060000000630452632321976125240325927734375,"trilong":121.0795745799999991731965565122663974761962890625,"ssid":"NETGEAR44","qos":0,"transid":"20130416-00000","firsttime":"2013-04-16T15:00:00.000Z","lasttime":"2013-04-16T21:00:00.000Z","lastupdt":"2013-04-16T19:00:00.000Z","housenumber":null,"road":null,"city":null,"region":"Metro Manila","country":"PH","netid":"4C:60:DE:91:C9:FA","name":null,"type":"infra","comment":null,"wep":"2","channel":6,"bcninterval":0,"freenet":"?","dhcp":"?","paynet":"?","userfound":false,"encryption":"wpa2"},{"trilat":14.6718501999999997309487298480235040187835693359375,"trilong":121.078971859999995785983628593385219573974609375,"ssid":"WPA","qos":1,"transid":"20140917-00000","firsttime":"2014-09-16T21:00:00.000Z","lasttime":"2015-01-26T07:00:00.000Z","lastupdt":"2015-07-26T00:00:00.000Z","housenumber":null,"road":null,"city":null,"region":null,"country":null,"netid":"4C:09:B4:A1:E7:5D","name":null,"type":"infra","comment":null,"wep":"W","channel":3,"bcninterval":0,"freenet":"?","dhcp":"?","paynet":"?","userfound":false,"encryption":"wpa"},{"trilat":14.671716690000000227200871449895203113555908203125,"trilong":121.0791549700000047096182242967188358306884765625,"ssid":"assenture","qos":1,"transid":"20130424-00000","firsttime":"2013-04-23T13:00:00.000Z","lasttime":"2013-05-07T06:00:00.000Z","lastupdt":"2013-05-07T04:00:00.000Z","housenumber":null,"road":null,"city":null,"region":"Metro Manila","country":"PH","netid":"4C:09:B4:A3:51:BD","name":null,"type":"infra","comment":null,"wep":"W","channel":11,"bcninterval":0,"freenet":"?","dhcp":"?","paynet":"?","userfound":false,"encryption":"wpa"},{"trilat":14.684114459999999979800122673623263835906982421875,"trilong":121.0858612100000044620173866860568523406982421875,"ssid":"SBI AUTO SUPPLY","qos":0,"transid":"20130416-00000","firsttime":"2013-04-16T13:00:00.000Z","lasttime":"2013-04-16T21:00:00.000Z","lastupdt":"2013-04-16T19:00:00.000Z","housenumber":null,"road":null,"city":null,"region":"Metro Manila","country":"PH","netid":"4C:09:B4:A3:52:69","name":null,"type":"infra","comment":null,"wep":"W","channel":1,"bcninterval":0,"freenet":"?","dhcp":"?","paynet":"?","userfound":false,"encryption":"wpa"},{"trilat":14.6756153099999995248481354792602360248565673828125,"trilong":121.0818176300000033052128856070339679718017578125,"ssid":"Free Public WiFi","qos":0,"transid":"20130416-00000","firsttime":"2013-04-16T13:00:00.000Z","lasttime":"2013-04-16T21:00:00.000Z","lastupdt":"2013-04-16T19:00:00.000Z","housenumber":null,"road":null,"city":null,"region":"Metro Manila","country":"PH","netid":"02:E0:AB:4C:3F:0A","name":null,"type":"ad-hoc","comment":null,"wep":"N","channel":1,"bcninterval":0,"freenet":"Y","dhcp":"?","paynet":"?","userfound":false,"encryption":"none"},{"trilat":14.672123909999999824549377080984413623809814453125,"trilong":121.079231260000000247600837610661983489990234375,"ssid":"U+Net","qos":3,"transid":"20130416-00000","firsttime":"2013-04-16T13:00:00.000Z","lasttime":"2013-05-07T06:00:00.000Z","lastupdt":"2013-05-07T04:00:00.000Z","housenumber":null,"road":null,"city":null,"region":"Metro Manila","country":"PH","netid":"00:02:A8:B0:4D:95","name":null,"type":"infra","comment":null,"wep":"Y","channel":6,"bcninterval":0,"freenet":"?","dhcp":"?","paynet":"?","userfound":false,"encryption":"wep"},{"trilat":14.6734523800000005167021299712359905242919921875,"trilong":121.0802917500000006612026481889188289642333984375,"ssid":"ALNINAGE","qos":2,"transid":"20130416-00000","firsttime":"2013-04-16T13:00:00.000Z","lasttime":"2013-05-06T09:00:00.000Z","lastupdt":"2013-05-06T07:00:00.000Z","housenumber":null,"road":null,"city":null,"region":"Metro Manila","country":"PH","netid":"90:E6:BA:1A:B1:A6","name":null,"type":"infra","comment":null,"wep":"W","channel":9,"bcninterval":0,"freenet":"?","dhcp":"?","paynet":"?","userfound":false,"encryption":"wpa"},{"trilat":14.6725206400000001139005689765326678752899169921875,"trilong":121.0792236300000013216049410402774810791015625,"ssid":"Suzuki Auto Commonwealth","qos":3,"transid":"20130416-00000","firsttime":"2013-04-16T15:00:00.000Z","lasttime":"2016-05-05T10:00:00.000Z","lastupdt":"2016-05-05T10:00:00.000Z","housenumber":null,"road":null,"city":null,"region":"Metro Manila","country":"PH","netid":"58:6D:8F:2C:3F:E8","name":null,"type":"infra","comment":null,"wep":"2","channel":1,"bcninterval":0,"freenet":"?","dhcp":"?","paynet":"?","userfound":false,"encryption":"wpa2"},{"trilat":14.69272995000000037180143408477306365966796875,"trilong":121.0859909100000066928259911946952342987060546875,"ssid":"Beeline_EDA7","qos":0,"transid":"20151219-00000","firsttime":"2015-12-19T19:00:00.000Z","lasttime":"2016-05-05T10:00:00.000Z","lastupdt":"2016-05-05T10:00:00.000Z","housenumber":null,"road":null,"city":null,"region":null,"country":null,"netid":"0C:D6:BD:41:ED:A7","name":null,"type":"infra","comment":null,"wep":"2","channel":9,"bcninterval":0,"freenet":"?","dhcp":"?","paynet":"?","userfound":false,"encryption":"wpa2"},{"trilat":14.689590450000000743102646083571016788482666015625,"trilong":121.086944579999993720775819383561611175537109375,"ssid":"Exclusive","qos":0,"transid":"20150126-00000","firsttime":"2015-01-26T22:00:00.000Z","lasttime":"2015-01-26T07:00:00.000Z","lastupdt":"2015-07-26T00:00:00.000Z","housenumber":null,"road":null,"city":null,"region":null,"country":null,"netid":"84:82:F4:01:94:0E","name":null,"type":"infra","comment":null,"wep":"?","channel":1,"bcninterval":0,"freenet":"?","dhcp":"?","paynet":"?","userfound":false,"encryption":"unknown"},{"trilat":14.686805729999999670098986825905740261077880859375,"trilong":121.078025819999993473174981772899627685546875,"ssid":null,"qos":0,"transid":"20170609-00000","firsttime":"2001-01-01T08:00:00.000Z","lasttime":"2017-06-09T05:00:00.000Z","lastupdt":"2017-06-09T05:00:00.000Z","housenumber":null,"road":null,"city":null,"region":null,"country":null,"netid":"84:D4:7E:22:5F:96","name":null,"type":"infra","comment":null,"wep":"?","channel":58,"bcninterval":0,"freenet":"?","dhcp":"?","paynet":"?","userfound":false,"encryption":"unknown"},{"trilat":14.6846380199999995141979525214992463588714599609375,"trilong":121.0859985400000056188218877650797367095947265625,"ssid":"smartbro_base","qos":0,"transid":"20160505-00000","firsttime":"2016-03-21T09:00:00.000Z","lasttime":"2016-05-05T10:00:00.000Z","lastupdt":"2016-05-05T10:00:00.000Z","housenumber":null,"road":null,"city":null,"region":null,"country":null,"netid":"94:A7:B7:26:5A:08","name":null,"type":"infra","comment":null,"wep":"2","channel":2,"bcninterval":0,"freenet":"?","dhcp":"?","paynet":"?","userfound":false,"encryption":"wpa2"},{"trilat":14.6863670299999995449979905970394611358642578125,"trilong":121.08676146999999900799593888223171234130859375,"ssid":"bbm glass","qos":0,"transid":"20160505-00000","firsttime":"2016-03-21T09:00:00.000Z","lasttime":"2016-05-05T10:00:00.000Z","lastupdt":"2016-05-05T10:00:00.000Z","housenumber":null,"road":null,"city":null,"region":null,"country":null,"netid":"94:A7:B7:26:78:23","name":null,"type":"infra","comment":null,"wep":"2","channel":10,"bcninterval":0,"freenet":"?","dhcp":"?","paynet":"?","userfound":false,"encryption":"wpa2"},{"trilat":14.6792516699999993079472915269434452056884765625,"trilong":121.084671020000001817606971599161624908447265625,"ssid":"SMART-BRO-94D8","qos":0,"transid":"20140917-00000","firsttime":"2014-09-16T21:00:00.000Z","lasttime":"2014-09-17T10:00:00.000Z","lastupdt":"2015-07-26T00:00:00.000Z","housenumber":null,"road":null,"city":null,"region":null,"country":null,"netid":"08:63:61:CD:94:D8","name":null,"type":"infra","comment":null,"wep":"2","channel":10,"bcninterval":0,"freenet":"?","dhcp":"?","paynet":"?","userfound":false,"encryption":"wpa2"},{"trilat":14.685684200000000743102646083571016788482666015625,"trilong":121.0864868200000046272180043160915374755859375,"ssid":"HUAWEI-E5220-800b","qos":0,"transid":"20160505-00000","firsttime":"2016-03-21T09:00:00.000Z","lasttime":"2016-05-05T10:00:00.000Z","lastupdt":"2016-05-05T10:00:00.000Z","housenumber":null,"road":null,"city":null,"region":null,"country":null,"netid":"08:63:61:85:80:0B","name":null,"type":"infra","comment":null,"wep":"2","channel":6,"bcninterval":0,"freenet":"?","dhcp":"?","paynet":"?","userfound":false,"encryption":"wpa2"},{"trilat":14.689590450000000743102646083571016788482666015625,"trilong":121.086944579999993720775819383561611175537109375,"ssid":"bayanDSL","qos":0,"transid":"20150126-00000","firsttime":"2015-01-26T22:00:00.000Z","lasttime":"2015-01-26T07:00:00.000Z","lastupdt":"2015-07-26T00:00:00.000Z","housenumber":null,"road":null,"city":null,"region":null,"country":null,"netid":"54:22:F8:F1:8E:00","name":null,"type":"infra","comment":null,"wep":"W","channel":1,"bcninterval":0,"freenet":"?","dhcp":"?","paynet":"?","userfound":false,"encryption":"wpa"},{"trilat":14.68073844999999977289917296729981899261474609375,"trilong":121.084266659999997273189364932477474212646484375,"ssid":"AndroidAP","qos":0,"transid":"20160505-00000","firsttime":"2016-03-21T09:00:00.000Z","lasttime":"2016-05-05T10:00:00.000Z","lastupdt":"2016-05-05T10:00:00.000Z","housenumber":null,"road":null,"city":null,"region":null,"country":null,"netid":"54:40:AD:7F:A5:D8","name":null,"type":"infra","comment":null,"wep":"2","channel":6,"bcninterval":0,"freenet":"?","dhcp":"?","paynet":"?","userfound":false,"encryption":"wpa2"},{"trilat":14.68239784000000014430042938329279422760009765625,"trilong":121.08524323000000322281266562640666961669921875,"ssid":"U+zone","qos":0,"transid":"20130416-00000","firsttime":"2013-04-16T13:00:00.000Z","lasttime":"2013-04-16T21:00:00.000Z","lastupdt":"2013-04-16T19:00:00.000Z","housenumber":null,"road":null,"city":null,"region":"Metro Manila","country":"PH","netid":"00:40:5A:48:9D:D3","name":null,"type":"infra","comment":null,"wep":"2","channel":1,"bcninterval":0,"freenet":"?","dhcp":"?","paynet":"?","userfound":false,"encryption":"wpa2"},{"trilat":14.681308749999999463398125953972339630126953125,"trilong":121.08453369000000066080247052013874053955078125,"ssid":"awn_inside","qos":1,"transid":"20130218-00000","firsttime":"2001-01-01T00:00:00.000Z","lasttime":"2016-05-05T10:00:00.000Z","lastupdt":"2016-05-05T10:00:00.000Z","housenumber":null,"road":null,"city":null,"region":"Metro Manila","country":"PH","netid":"58:BF:EA:FA:B7:D0","name":null,"type":"infra","comment":null,"wep":"2","channel":11,"bcninterval":0,"freenet":"?","dhcp":"?","paynet":"?","userfound":false,"encryption":"wpa2"},{"trilat":14.68198109000000073365299613215029239654541015625,"trilong":121.084831239999999752399162389338016510009765625,"ssid":"awn_inside","qos":0,"transid":"20160505-00000","firsttime":"2016-03-21T09:00:00.000Z","lasttime":"2016-05-05T10:00:00.000Z","lastupdt":"2016-05-05T10:00:00.000Z","housenumber":null,"road":null,"city":null,"region":null,"country":null,"netid":"58:BF:EA:FA:B7:DF","name":null,"type":"infra","comment":null,"wep":"2","channel":36,"bcninterval":0,"freenet":"?","dhcp":"?","paynet":"?","userfound":false,"encryption":"wpa2"},{"trilat":14.67851830000000035170160117559134960174560546875,"trilong":121.083106990000004543617251329123973846435546875,"ssid":"MimiSun","qos":0,"transid":"20130507-00000","firsttime":"2013-05-07T16:00:00.000Z","lasttime":"2013-05-07T06:00:00.000Z","lastupdt":"2013-05-07T04:00:00.000Z","housenumber":null,"road":null,"city":null,"region":"Metro Manila","country":"PH","netid":"0C:37:DC:A8:03:C2","name":null,"type":"infra","comment":null,"wep":"2","channel":6,"bcninterval":0,"freenet":"?","dhcp":"?","paynet":"?","userfound":false,"encryption":"wpa2"},{"trilat":14.679284100000000279351297649554908275604248046875,"trilong":121.0836334199999981819928507320582866668701171875,"ssid":"NOJ3","qos":0,"transid":"20160505-00000","firsttime":"2016-03-21T09:00:00.000Z","lasttime":"2016-05-05T10:00:00.000Z","lastupdt":"2016-05-05T10:00:00.000Z","housenumber":null,"road":null,"city":null,"region":null,"country":null,"netid":"5A:01:0C:01:1E:16","name":null,"type":"infra","comment":null,"wep":"2","channel":2,"bcninterval":0,"freenet":"?","dhcp":"?","paynet":"?","userfound":false,"encryption":"wpa2"},{"trilat":14.676672939999999556448528892360627651214599609375,"trilong":121.0823974599999957035834086127579212188720703125,"ssid":"E583X-3fce","qos":0,"transid":"20130416-00000","firsttime":"2013-04-16T15:00:00.000Z","lasttime":"2013-04-16T21:00:00.000Z","lastupdt":"2013-04-16T19:00:00.000Z","housenumber":null,"road":null,"city":null,"region":"Metro Manila","country":"PH","netid":"4C:54:99:F2:3F:CE","name":null,"type":"infra","comment":null,"wep":"W","channel":1,"bcninterval":0,"freenet":"?","dhcp":"?","paynet":"?","userfound":false,"encryption":"wpa"},{"trilat":14.676021580000000454901964985765516757965087890625,"trilong":121.08185577000000421321601606905460357666015625,"ssid":"_SMART WiFi","qos":3,"transid":"20150126-00000","firsttime":"2015-01-26T22:00:00.000Z","lasttime":"2016-05-05T10:00:00.000Z","lastupdt":"2016-05-05T10:00:00.000Z","housenumber":null,"road":null,"city":null,"region":null,"country":null,"netid":"4C:5E:0C:60:01:27","name":null,"type":"infra","comment":null,"wep":"?","channel":3,"bcninterval":0,"freenet":"?","dhcp":"?","paynet":"?","userfound":false,"encryption":"unknown"},{"trilat":14.6785449999999997316990629769861698150634765625,"trilong":121.0772857700000031400122679769992828369140625,"ssid":"jubie-0487","qos":0,"transid":"20150731-00000","firsttime":"2001-01-01T08:00:00.000Z","lasttime":"2015-07-31T21:00:00.000Z","lastupdt":"2015-10-15T07:00:00.000Z","housenumber":null,"road":null,"city":null,"region":null,"country":null,"netid":"00:66:4B:75:56:0C","name":null,"type":"infra","comment":null,"wep":"2","channel":1,"bcninterval":0,"freenet":"?","dhcp":"?","paynet":"?","userfound":false,"encryption":"wpa2"},{"trilat":14.6922655100000003614013621699996292591094970703125,"trilong":121.087059019999998099592630751430988311767578125,"ssid":"HUAWEI-E5220-71ae","qos":0,"transid":"20160505-00000","firsttime":"2016-03-20T13:00:00.000Z","lasttime":"2016-05-05T10:00:00.000Z","lastupdt":"2016-05-05T10:00:00.000Z","housenumber":null,"road":null,"city":null,"region":null,"country":null,"netid":"50:9F:27:44:71:AE","name":null,"type":"infra","comment":null,"wep":"2","channel":6,"bcninterval":0,"freenet":"?","dhcp":"?","paynet":"?","userfound":false,"encryption":"wpa2"},{"trilat":14.6854896499999991732465787208639085292816162109375,"trilong":121.0864028900000022304084268398582935333251953125,"ssid":"4u","qos":0,"transid":"20160505-00000","firsttime":"2016-03-21T09:00:00.000Z","lasttime":"2016-05-05T10:00:00.000Z","lastupdt":"2016-05-05T10:00:00.000Z","housenumber":null,"road":null,"city":null,"region":null,"country":null,"netid":"00:26:75:E7:61:4C","name":null,"type":"infra","comment":null,"wep":"W","channel":9,"bcninterval":0,"freenet":"?","dhcp":"?","paynet":"?","userfound":false,"encryption":"wpa"},{"trilat":14.6832933400000005264018909656442701816558837890625,"trilong":121.08540343999999322477378882467746734619140625,"ssid":"bayanDSLWiFi_A34E","qos":0,"transid":"20160505-00000","firsttime":"2016-03-21T09:00:00.000Z","lasttime":"2016-05-05T10:00:00.000Z","lastupdt":"2016-05-05T10:00:00.000Z","housenumber":null,"road":null,"city":null,"region":null,"country":null,"netid":"00:26:75:B7:A3:4E","name":null,"type":"infra","comment":null,"wep":"2","channel":1,"bcninterval":0,"freenet":"?","dhcp":"?","paynet":"?","userfound":false,"encryption":"wpa2"},{"trilat":14.6891384099999999790497895446605980396270751953125,"trilong":121.086929319999995868784026242792606353759765625,"ssid":"calinao wifi","qos":0,"transid":"20150126-00000","firsttime":"2015-01-26T22:00:00.000Z","lasttime":"2015-01-26T07:00:00.000Z","lastupdt":"2015-07-26T00:00:00.000Z","housenumber":null,"road":null,"city":null,"region":null,"country":null,"netid":"00:26:75:AC:34:82","name":null,"type":"infra","comment":null,"wep":"2","channel":1,"bcninterval":0,"freenet":"?","dhcp":"?","paynet":"?","userfound":false,"encryption":"wpa2"},{"trilat":14.6740484200000000925001586438156664371490478515625,"trilong":121.0811004600000018172067939303815364837646484375,"ssid":"SophiaJane","qos":0,"transid":"20140917-00000","firsttime":"2014-09-16T21:00:00.000Z","lasttime":"2014-09-17T10:00:00.000Z","lastupdt":"2015-07-26T00:00:00.000Z","housenumber":null,"road":null,"city":null,"region":null,"country":null,"netid":"00:26:75:D8:BE:9C","name":null,"type":"infra","comment":null,"wep":"W","channel":10,"bcninterval":0,"freenet":"?","dhcp":"?","paynet":"?","userfound":false,"encryption":"wpa"},{"trilat":14.6722364400000007123026080080308020114898681640625,"trilong":121.0794372600000059492231230251491069793701171875,"ssid":"HPD110a.904094","qos":0,"transid":"20130416-00000","firsttime":"2013-04-16T13:00:00.000Z","lasttime":"2013-04-16T21:00:00.000Z","lastupdt":"2013-04-16T19:00:00.000Z","housenumber":null,"road":null,"city":null,"region":"Metro Manila","country":"PH","netid":"02:29:49:E1:8E:E0","name":null,"type":"ad-hoc","comment":null,"wep":"N","channel":6,"bcninterval":0,"freenet":"?","dhcp":"?","paynet":"?","userfound":false,"encryption":"none"},{"trilat":14.675359730000000269001247943378984928131103515625,"trilong":121.0815124500000052876202971674501895904541015625,"ssid":"pamiryendakamuna","qos":0,"transid":"20160505-00000","firsttime":"2016-03-21T09:00:00.000Z","lasttime":"2016-05-05T10:00:00.000Z","lastupdt":"2016-05-05T10:00:00.000Z","housenumber":null,"road":null,"city":null,"region":null,"country":null,"netid":"00:26:75:F9:F7:EE","name":null,"type":"infra","comment":null,"wep":"2","channel":1,"bcninterval":0,"freenet":"?","dhcp":"?","paynet":"?","userfound":false,"encryption":"wpa2"},{"trilat":14.6771431000000003308514351374469697475433349609375,"trilong":121.0826110800000066092252382077276706695556640625,"ssid":"PETRON","qos":1,"transid":"20160505-00000","firsttime":"2016-03-21T09:00:00.000Z","lasttime":"2016-05-05T10:00:00.000Z","lastupdt":"2016-05-05T10:00:00.000Z","housenumber":null,"road":null,"city":null,"region":null,"country":null,"netid":"14:60:80:99:2E:30","name":null,"type":"infra","comment":null,"wep":"2","channel":12,"bcninterval":0,"freenet":"?","dhcp":"?","paynet":"?","userfound":false,"encryption":"wpa2"},{"trilat":14.6806516600000005468018571264110505580902099609375,"trilong":121.0841980000000006612026481889188289642333984375,"ssid":null,"qos":0,"transid":"20150126-00000","firsttime":"2015-01-26T22:00:00.000Z","lasttime":"2015-01-26T07:00:00.000Z","lastupdt":"2015-07-26T00:00:00.000Z","housenumber":null,"road":null,"city":null,"region":null,"country":null,"netid":"00:40:5A:C5:81:F4","name":null,"type":"infra","comment":null,"wep":"W","channel":1,"bcninterval":0,"freenet":"?","dhcp":"?","paynet":"?","userfound":false,"encryption":"wpa"},{"trilat":14.6808576599999991429967849398963153362274169921875,"trilong":121.0843353300000018180071492679417133331298828125,"ssid":"awn_voip","qos":0,"transid":"20160505-00000","firsttime":"2016-03-25T08:00:00.000Z","lasttime":"2016-05-05T10:00:00.000Z","lastupdt":"2016-05-05T10:00:00.000Z","housenumber":null,"road":null,"city":null,"region":null,"country":null,"netid":"5C:50:15:E6:30:D3","name":null,"type":"infra","comment":null,"wep":"2","channel":1,"bcninterval":0,"freenet":"?","dhcp":"?","paynet":"?","userfound":false,"encryption":"wpa2"},{"trilat":14.6810169199999993594474290148355066776275634765625,"trilong":121.08440398999999842999386601150035858154296875,"ssid":"awn_voip","qos":0,"transid":"20160505-00000","firsttime":"2016-03-25T08:00:00.000Z","lasttime":"2016-05-05T10:00:00.000Z","lastupdt":"2016-05-05T10:00:00.000Z","housenumber":null,"road":null,"city":null,"region":null,"country":null,"netid":"5C:50:15:E6:3E:62","name":null,"type":"infra","comment":null,"wep":"2","channel":11,"bcninterval":0,"freenet":"?","dhcp":"?","paynet":"?","userfound":false,"encryption":"wpa2"},{"trilat":14.681159969999999503897925023920834064483642578125,"trilong":121.0844650300000040488157537765800952911376953125,"ssid":"awn_guest","qos":0,"transid":"20160505-00000","firsttime":"2016-03-25T08:00:00.000Z","lasttime":"2016-05-05T10:00:00.000Z","lastupdt":"2016-05-05T10:00:00.000Z","housenumber":null,"road":null,"city":null,"region":null,"country":null,"netid":"5C:50:15:E6:3E:63","name":null,"type":"infra","comment":null,"wep":"?","channel":11,"bcninterval":0,"freenet":"?","dhcp":"?","paynet":"?","userfound":false,"encryption":"unknown"},{"trilat":14.6731176399999991843969837646000087261199951171875,"trilong":121.07965851000000157000613398849964141845703125,"ssid":"SAPIDO-URVAN LE5044","qos":0,"transid":"20151015-00000","firsttime":"2015-09-23T18:00:00.000Z","lasttime":"2016-05-05T10:00:00.000Z","lastupdt":"2016-05-05T10:00:00.000Z","housenumber":null,"road":null,"city":null,"region":null,"country":null,"netid":"00:D0:41:D3:7E:CA","name":null,"type":"infra","comment":null,"wep":"Y","channel":1,"bcninterval":0,"freenet":"?","dhcp":"?","paynet":"?","userfound":false,"encryption":"wep"},{"trilat":14.6737995100000002679507815628312528133392333984375,"trilong":121.080879210000006196423782967031002044677734375,"ssid":"Angeles` wifi","qos":0,"transid":"20130507-00000","firsttime":"2013-05-07T14:00:00.000Z","lasttime":"2013-05-07T06:00:00.000Z","lastupdt":"2013-05-07T04:00:00.000Z","housenumber":null,"road":null,"city":null,"region":"Metro Manila","country":"PH","netid":"38:EC:E4:85:68:B6","name":null,"type":"infra","comment":null,"wep":"2","channel":6,"bcninterval":0,"freenet":"?","dhcp":"?","paynet":"?","userfound":false,"encryption":"wpa2"},{"trilat":14.6902027099999994419476934126578271389007568359375,"trilong":121.0866699200000056180215324275195598602294921875,"ssid":"bayanDSLWiFi_9B3C","qos":0,"transid":"20160505-00000","firsttime":"2016-03-21T09:00:00.000Z","lasttime":"2016-05-05T10:00:00.000Z","lastupdt":"2016-05-05T10:00:00.000Z","housenumber":null,"road":null,"city":null,"region":null,"country":null,"netid":"38:D8:2F:2B:9B:3C","name":null,"type":"infra","comment":null,"wep":"2","channel":10,"bcninterval":0,"freenet":"?","dhcp":"?","paynet":"?","userfound":false,"encryption":"wpa2"},{"trilat":14.672564510000000836953404359519481658935546875,"trilong":121.0798034700000016528065316379070281982421875,"ssid":"Omni Tire Center Annex WiFi","qos":0,"transid":"20130424-00000","firsttime":"2013-04-23T13:00:00.000Z","lasttime":"2013-04-24T23:00:00.000Z","lastupdt":"2013-04-24T21:00:00.000Z","housenumber":null,"road":null,"city":null,"region":"Metro Manila","country":"PH","netid":"1C:7E:E5:4B:29:CF","name":null,"type":"infra","comment":null,"wep":"2","channel":1,"bcninterval":0,"freenet":"?","dhcp":"?","paynet":"?","userfound":false,"encryption":"wpa2"},{"trilat":14.685383800000000320551407639868557453155517578125,"trilong":121.0866851800000034700133255682885646820068359375,"ssid":"HUAWEI-E5220-a388","qos":0,"transid":"20140917-00000","firsttime":"2014-09-16T21:00:00.000Z","lasttime":"2014-09-17T10:00:00.000Z","lastupdt":"2015-07-26T00:00:00.000Z","housenumber":null,"road":null,"city":null,"region":null,"country":null,"netid":"D0:7A:B5:5F:A3:88","name":null,"type":"infra","comment":null,"wep":"2","channel":6,"bcninterval":0,"freenet":"?","dhcp":"?","paynet":"?","userfound":false,"encryption":"wpa2"},{"trilat":14.6728391600000005468018571264110505580902099609375,"trilong":121.0795974699999959511842462234199047088623046875,"ssid":"Abilo wifi ","qos":0,"transid":"20160505-00000","firsttime":"2016-03-25T08:00:00.000Z","lasttime":"2016-05-05T10:00:00.000Z","lastupdt":"2016-05-05T10:00:00.000Z","housenumber":null,"road":null,"city":null,"region":null,"country":null,"netid":"70:9F:2D:A0:75:34","name":null,"type":"infra","comment":null,"wep":"2","channel":10,"bcninterval":0,"freenet":"?","dhcp":"?","paynet":"?","userfound":false,"encryption":"wpa2"},{"trilat":14.6718711899999991743470673100091516971588134765625,"trilong":121.0786743200000046272180043160915374755859375,"ssid":"JJenglishWiFi","qos":3,"transid":"20150126-00000","firsttime":"2015-01-26T22:00:00.000Z","lasttime":"2016-05-05T10:00:00.000Z","lastupdt":"2016-05-05T10:00:00.000Z","housenumber":null,"road":null,"city":null,"region":null,"country":null,"netid":"08:10:73:47:42:80","name":null,"type":"infra","comment":null,"wep":"2","channel":1,"bcninterval":0,"freenet":"?","dhcp":"?","paynet":"?","userfound":false,"encryption":"wpa2"},{"trilat":14.67248153999999971119905239902436733245849609375,"trilong":121.079376220000000330401235260069370269775390625,"ssid":"JJLC","qos":1,"transid":"20130416-00000","firsttime":"2013-04-16T13:00:00.000Z","lasttime":"2013-04-24T23:00:00.000Z","lastupdt":"2013-04-24T21:00:00.000Z","housenumber":null,"road":null,"city":null,"region":"Metro Manila","country":"PH","netid":"08:10:74:68:4E:5F","name":null,"type":"infra","comment":null,"wep":"2","channel":11,"bcninterval":0,"freenet":"?","dhcp":"?","paynet":"?","userfound":false,"encryption":"wpa2"},{"trilat":14.6815338099999994625477484078146517276763916015625,"trilong":121.0846328699999929767727735452353954315185546875,"ssid":"SAPIDO-URVAN VS4601","qos":0,"transid":"20160505-00000","firsttime":"2016-03-21T09:00:00.000Z","lasttime":"2016-05-05T10:00:00.000Z","lastupdt":"2016-05-05T10:00:00.000Z","housenumber":null,"road":null,"city":null,"region":null,"country":null,"netid":"00:D0:41:D8:0F:FE","name":null,"type":"infra","comment":null,"wep":"Y","channel":6,"bcninterval":0,"freenet":"?","dhcp":"?","paynet":"?","userfound":false,"encryption":"wep"},{"trilat":14.684882160000000794752850197255611419677734375,"trilong":121.08611297999999578678398393094539642333984375,"ssid":"don_robert","qos":0,"transid":"20160505-00000","firsttime":"2016-03-21T09:00:00.000Z","lasttime":"2016-05-05T10:00:00.000Z","lastupdt":"2016-05-05T10:00:00.000Z","housenumber":null,"road":null,"city":null,"region":null,"country":null,"netid":"00:B0:C0:03:6F:40","name":null,"type":"infra","comment":null,"wep":"2","channel":6,"bcninterval":0,"freenet":"?","dhcp":"?","paynet":"?","userfound":false,"encryption":"wpa2"},{"trilat":14.6757001900000005889523890800774097442626953125,"trilong":121.0816879300000010744042810983955860137939453125,"ssid":"PLDTMyDSLBizBALARA","qos":1,"transid":"20130416-00000","firsttime":"2013-04-16T15:00:00.000Z","lasttime":"2013-04-24T23:00:00.000Z","lastupdt":"2013-04-24T21:00:00.000Z","housenumber":null,"road":null,"city":null,"region":"Metro Manila","country":"PH","netid":"40:4A:03:DB:94:7E","name":null,"type":"infra","comment":null,"wep":"Y","channel":11,"bcninterval":0,"freenet":"?","dhcp":"?","paynet":"?","userfound":false,"encryption":"wep"},{"trilat":14.681151390000000134250512928701937198638916015625,"trilong":121.08464813000000503961928188800811767578125,"ssid":"awn_voip","qos":3,"transid":"20140917-00000","firsttime":"2014-09-16T21:00:00.000Z","lasttime":"2016-05-05T10:00:00.000Z","lastupdt":"2016-05-05T10:00:00.000Z","housenumber":null,"road":null,"city":null,"region":null,"country":null,"netid":"34:A8:4E:80:A6:A2","name":null,"type":"infra","comment":null,"wep":"2","channel":6,"bcninterval":0,"freenet":"?","dhcp":"?","paynet":"?","userfound":false,"encryption":"wpa2"},{"trilat":14.6811361300000005059018803876824676990509033203125,"trilong":121.084732059999993225574144162237644195556640625,"ssid":"awn_voip","qos":1,"transid":"20140917-00000","firsttime":"2014-09-16T21:00:00.000Z","lasttime":"2015-01-26T07:00:00.000Z","lastupdt":"2015-07-26T00:00:00.000Z","housenumber":null,"road":null,"city":null,"region":null,"country":null,"netid":"34:A8:4E:1E:15:A2","name":null,"type":"infra","comment":null,"wep":"2","channel":1,"bcninterval":0,"freenet":"?","dhcp":"?","paynet":"?","userfound":false,"encryption":"wpa2"},{"trilat":14.6812267300000005576521289185620844364166259765625,"trilong":121.0846328699999929767727735452353954315185546875,"ssid":"awn_guest","qos":4,"transid":"20140917-00000","firsttime":"2014-09-16T21:00:00.000Z","lasttime":"2016-05-05T10:00:00.000Z","lastupdt":"2016-05-05T10:00:00.000Z","housenumber":null,"road":null,"city":null,"region":null,"country":null,"netid":"34:A8:4E:1E:15:A3","name":null,"type":"infra","comment":null,"wep":"?","channel":1,"bcninterval":0,"freenet":"?","dhcp":"?","paynet":"?","userfound":false,"encryption":"unknown"},{"trilat":14.681759830000000732752596377395093441009521484375,"trilong":121.0847396900000063624247559346258640289306640625,"ssid":"awn_cafe","qos":0,"transid":"20160505-00000","firsttime":"2016-03-21T09:00:00.000Z","lasttime":"2016-05-05T10:00:00.000Z","lastupdt":"2016-05-05T10:00:00.000Z","housenumber":null,"road":null,"city":null,"region":null,"country":null,"netid":"34:A8:4E:1E:15:AB","name":null,"type":"infra","comment":null,"wep":"2","channel":44,"bcninterval":0,"freenet":"?","dhcp":"?","paynet":"?","userfound":false,"encryption":"wpa2"},{"trilat":14.681528090000000474901753477752208709716796875,"trilong":121.0848846399999985123940859921276569366455078125,"ssid":"awn_voip","qos":0,"transid":"20130424-00000","firsttime":"2013-04-23T13:00:00.000Z","lasttime":"2013-04-24T23:00:00.000Z","lastupdt":"2013-04-24T21:00:00.000Z","housenumber":null,"road":null,"city":null,"region":"Metro Manila","country":"PH","netid":"34:A8:4E:1E:48:E1","name":null,"type":"infra","comment":null,"wep":"2","channel":1,"bcninterval":0,"freenet":"?","dhcp":"?","paynet":"?","userfound":false,"encryption":"wpa2"},{"trilat":14.680952070000000020399966160766780376434326171875,"trilong":121.084426879999995207981555722653865814208984375,"ssid":"awn_voip","qos":3,"transid":"20130424-00000","firsttime":"2013-04-23T13:00:00.000Z","lasttime":"2016-05-05T10:00:00.000Z","lastupdt":"2016-05-05T10:00:00.000Z","housenumber":null,"road":null,"city":null,"region":"Metro Manila","country":"PH","netid":"34:A8:4E:1E:5A:F1","name":null,"type":"infra","comment":null,"wep":"2","channel":6,"bcninterval":0,"freenet":"?","dhcp":"?","paynet":"?","userfound":false,"encryption":"wpa2"},{"trilat":14.6817874899999996074484442942775785923004150390625,"trilong":121.0847396900000063624247559346258640289306640625,"ssid":"awn_voip","qos":1,"transid":"20160505-00000","firsttime":"2016-03-21T09:00:00.000Z","lasttime":"2016-05-05T10:00:00.000Z","lastupdt":"2016-05-05T10:00:00.000Z","housenumber":null,"road":null,"city":null,"region":null,"country":null,"netid":"34:A8:4E:D2:4F:41","name":null,"type":"infra","comment":null,"wep":"2","channel":6,"bcninterval":0,"freenet":"?","dhcp":"?","paynet":"?","userfound":false,"encryption":"wpa2"},{"trilat":14.6820106500000004956518750987015664577484130859375,"trilong":121.0849151599999942163776722736656665802001953125,"ssid":"awn_guest","qos":2,"transid":"20130424-00000","firsttime":"2013-04-23T13:00:00.000Z","lasttime":"2016-05-05T10:00:00.000Z","lastupdt":"2016-05-05T10:00:00.000Z","housenumber":null,"road":null,"city":null,"region":"Metro Manila","country":"PH","netid":"34:A8:4E:D2:4F:42","name":null,"type":"infra","comment":null,"wep":"2","channel":6,"bcninterval":0,"freenet":"?","dhcp":"?","paynet":"?","userfound":false,"encryption":"wpa2"},{"trilat":14.6819286299999998135490386630408465862274169921875,"trilong":121.084800720000004048415576107800006866455078125,"ssid":"awn_cafe","qos":0,"transid":"20160505-00000","firsttime":"2016-03-23T10:00:00.000Z","lasttime":"2016-05-05T10:00:00.000Z","lastupdt":"2016-05-05T10:00:00.000Z","housenumber":null,"road":null,"city":null,"region":null,"country":null,"netid":"34:A8:4E:D2:4F:44","name":null,"type":"infra","comment":null,"wep":"2","channel":6,"bcninterval":0,"freenet":"?","dhcp":"?","paynet":"?","userfound":false,"encryption":"wpa2"},{"trilat":14.675504679999999524397935601882636547088623046875,"trilong":121.0734710699999965299866744317114353179931640625,"ssid":"SLMC WiFi","qos":0,"transid":"20130810-00000","firsttime":"2001-01-01T08:00:00.000Z","lasttime":"2013-08-10T02:00:00.000Z","lastupdt":"2013-08-10T00:00:00.000Z","housenumber":null,"road":null,"city":null,"region":"Metro Manila","country":"PH","netid":"44:AD:D9:70:D8:10","name":null,"type":"infra","comment":null,"wep":"N","channel":6,"bcninterval":0,"freenet":"?","dhcp":"?","paynet":"?","userfound":false,"encryption":"none"},{"trilat":14.67506599000000022670064936392009258270263671875,"trilong":121.0730590799999930595731711946427822113037109375,"ssid":"SLMC_Doctors","qos":0,"transid":"20130810-00000","firsttime":"2001-01-01T08:00:00.000Z","lasttime":"2013-08-10T02:00:00.000Z","lastupdt":"2013-08-10T00:00:00.000Z","housenumber":null,"road":null,"city":null,"region":"Metro Manila","country":"PH","netid":"44:AD:D9:70:D8:12","name":null,"type":"infra","comment":null,"wep":"N","channel":6,"bcninterval":0,"freenet":"?","dhcp":"?","paynet":"?","userfound":false,"encryption":"none"},{"trilat":14.6762332900000007640528565389104187488555908203125,"trilong":121.0741577099999943811781122349202632904052734375,"ssid":"SLMC WiFi","qos":0,"transid":"20130810-00000","firsttime":"2001-01-01T08:00:00.000Z","lasttime":"2013-08-10T02:00:00.000Z","lastupdt":"2013-08-10T00:00:00.000Z","housenumber":null,"road":null,"city":null,"region":"Metro Manila","country":"PH","netid":"44:AD:D9:71:3D:B0","name":null,"type":"infra","comment":null,"wep":"N","channel":11,"bcninterval":0,"freenet":"?","dhcp":"?","paynet":"?","userfound":false,"encryption":"none"},{"trilat":14.68356705000000062000253819860517978668212890625,"trilong":121.076034550000002809611032716929912567138671875,"ssid":"MID-knights only","qos":0,"transid":"20160227-00000","firsttime":"2001-01-01T08:00:00.000Z","lasttime":"2016-02-27T07:00:00.000Z","lastupdt":"2016-02-27T07:00:00.000Z","housenumber":null,"road":null,"city":null,"region":null,"country":null,"netid":"02:08:22:A6:1A:B8","name":null,"type":"infra","comment":null,"wep":"2","channel":6,"bcninterval":0,"freenet":"?","dhcp":"?","paynet":"?","userfound":false,"encryption":"wpa2"},{"trilat":14.673265459999999649198798579163849353790283203125,"trilong":121.0800094599999994215977494604885578155517578125,"ssid":"VTX:31612219:13:2.3.85.7","qos":0,"transid":"20160505-00000","firsttime":"2016-03-21T09:00:00.000Z","lasttime":"2016-05-05T10:00:00.000Z","lastupdt":"2016-05-05T10:00:00.000Z","housenumber":null,"road":null,"city":null,"region":null,"country":null,"netid":"02:11:87:E9:6A:03","name":null,"type":"ad-hoc","comment":null,"wep":"Y","channel":8,"bcninterval":0,"freenet":"?","dhcp":"?","paynet":"?","userfound":false,"encryption":"wep"},{"trilat":14.6758174900000000207000994123518466949462890625,"trilong":121.0818710300000020652078092098236083984375,"ssid":"PLDT_WiFi_Zone","qos":2,"transid":"20130424-00000","firsttime":"2013-04-23T13:00:00.000Z","lasttime":"2013-05-07T06:00:00.000Z","lastupdt":"2013-05-07T04:00:00.000Z","housenumber":null,"road":null,"city":null,"region":"Metro Manila","country":"PH","netid":"46:4A:03:DB:94:7E","name":null,"type":"infra","comment":null,"wep":"N","channel":11,"bcninterval":0,"freenet":"?","dhcp":"?","paynet":"?","userfound":false,"encryption":"none"},{"trilat":14.67453957000000031030140235088765621185302734375,"trilong":121.0810012799999952903817757032811641693115234375,"ssid":"DEC_WIFI_2","qos":4,"transid":"20130416-00000","firsttime":"2013-04-16T13:00:00.000Z","lasttime":"2016-05-05T10:00:00.000Z","lastupdt":"2016-05-05T10:00:00.000Z","housenumber":null,"road":null,"city":null,"region":"Metro Manila","country":"PH","netid":"74:EA:3A:C7:1B:1A","name":null,"type":"infra","comment":null,"wep":"N","channel":13,"bcninterval":0,"freenet":"?","dhcp":"?","paynet":"?","userfound":false,"encryption":"none"},{"trilat":14.68139172000000058915247791446745395660400390625,"trilong":121.08453369000000066080247052013874053955078125,"ssid":"FC Commonwealth","qos":0,"transid":"20150126-00000","firsttime":"2015-01-26T22:00:00.000Z","lasttime":"2015-01-26T07:00:00.000Z","lastupdt":"2015-07-26T00:00:00.000Z","housenumber":null,"road":null,"city":null,"region":null,"country":null,"netid":"48:F8:B3:43:F5:13","name":null,"type":"infra","comment":null,"wep":"2","channel":1,"bcninterval":0,"freenet":"?","dhcp":"?","paynet":"?","userfound":false,"encryption":"wpa2"},{"trilat":14.6717510200000003095510692219249904155731201171875,"trilong":121.0786209099999979343920131213963031768798828125,"ssid":"gprstaas","qos":0,"transid":"20160505-00000","firsttime":"2016-03-25T08:00:00.000Z","lasttime":"2016-05-05T10:00:00.000Z","lastupdt":"2016-05-05T10:00:00.000Z","housenumber":null,"road":null,"city":null,"region":null,"country":null,"netid":"48:F8:B3:44:19:B7","name":null,"type":"infra","comment":null,"wep":"2","channel":11,"bcninterval":0,"freenet":"?","dhcp":"?","paynet":"?","userfound":false,"encryption":"wpa2"},{"trilat":14.6777763399999994220479493378661572933197021484375,"trilong":121.0828323399999959519846015609800815582275390625,"ssid":"1on1","qos":0,"transid":"20130507-00000","firsttime":"2013-05-07T16:00:00.000Z","lasttime":"2013-05-07T06:00:00.000Z","lastupdt":"2013-05-07T04:00:00.000Z","housenumber":null,"road":null,"city":null,"region":"Metro Manila","country":"PH","netid":"4C:09:B4:A6:AE:53","name":null,"type":"infra","comment":null,"wep":"W","channel":10,"bcninterval":0,"freenet":"?","dhcp":"?","paynet":"?","userfound":false,"encryption":"wpa"},{"trilat":14.675418849999999792999005876481533050537109375,"trilong":121.0813598600000062788240029476583003997802734375,"ssid":"BAYANTEL","qos":0,"transid":"20130506-00000","firsttime":"2013-05-06T16:00:00.000Z","lasttime":"2013-05-06T09:00:00.000Z","lastupdt":"2013-05-06T07:00:00.000Z","housenumber":null,"road":null,"city":null,"region":"Metro Manila","country":"PH","netid":"4C:09:B4:A6:BB:97","name":null,"type":"infra","comment":null,"wep":"W","channel":1,"bcninterval":0,"freenet":"?","dhcp":"?","paynet":"?","userfound":false,"encryption":"wpa"},{"trilat":14.6781034500000000520003595738671720027923583984375,"trilong":121.0829620399999981827932060696184635162353515625,"ssid":"bayanDSL","qos":0,"transid":"20150126-00000","firsttime":"2015-01-26T22:00:00.000Z","lasttime":"2015-01-26T07:00:00.000Z","lastupdt":"2015-07-26T00:00:00.000Z","housenumber":null,"road":null,"city":null,"region":null,"country":null,"netid":"4C:09:B4:A2:1C:E1","name":null,"type":"infra","comment":null,"wep":"W","channel":1,"bcninterval":0,"freenet":"?","dhcp":"?","paynet":"?","userfound":false,"encryption":"wpa"},{"trilat":14.6804504399999995456482793088071048259735107421875,"trilong":121.0841827400000028092108550481498241424560546875,"ssid":"Thess","qos":0,"transid":"20130416-00000","firsttime":"2013-04-16T15:00:00.000Z","lasttime":"2013-04-16T21:00:00.000Z","lastupdt":"2013-04-16T19:00:00.000Z","housenumber":null,"road":null,"city":null,"region":"Metro Manila","country":"PH","netid":"4C:0B:3A:BC:33:35","name":null,"type":"infra","comment":null,"wep":"2","channel":2,"bcninterval":0,"freenet":"?","dhcp":"?","paynet":"?","userfound":false,"encryption":"wpa2"},{"trilat":14.6752757999999996485485098673962056636810302734375,"trilong":121.073257449999999835199560038745403289794921875,"ssid":"BILLING","qos":0,"transid":"20130810-00000","firsttime":"2013-08-07T18:00:00.000Z","lasttime":"2013-08-10T02:00:00.000Z","lastupdt":"2013-08-10T00:00:00.000Z","housenumber":null,"road":null,"city":null,"region":"Metro Manila","country":"PH","netid":"44:AD:D9:E4:08:87","name":null,"type":"infra","comment":null,"wep":"2","channel":11,"bcninterval":0,"freenet":"?","dhcp":"?","paynet":"?","userfound":false,"encryption":"wpa2"},{"trilat":14.6934699999999995867483448819257318973541259765625,"trilong":121.079940800000002809611032716929912567138671875,"ssid":"Director's Office-guest","qos":0,"transid":"20140213-00000","firsttime":"2014-02-13T13:00:00.000Z","lasttime":"2014-02-14T02:00:00.000Z","lastupdt":"2015-07-26T00:00:00.000Z","housenumber":null,"road":null,"city":null,"region":null,"country":null,"netid":"48:F8:B3:23:A3:86","name":null,"type":"infra","comment":null,"wep":"N","channel":1,"bcninterval":0,"freenet":"?","dhcp":"?","paynet":"?","userfound":false,"encryption":"none"},{"trilat":14.6886787400000002890010364353656768798828125,"trilong":121.086898800000000164800439961254596710205078125,"ssid":"LBPCOA","qos":0,"transid":"20150126-00000","firsttime":"2015-01-26T22:00:00.000Z","lasttime":"2015-01-26T07:00:00.000Z","lastupdt":"2015-07-26T00:00:00.000Z","housenumber":null,"road":null,"city":null,"region":null,"country":null,"netid":"48:F8:B3:27:4C:B2","name":null,"type":"infra","comment":null,"wep":"2","channel":11,"bcninterval":0,"freenet":"?","dhcp":"?","paynet":"?","userfound":false,"encryption":"wpa2"},{"trilat":14.6722030599999992972470863605849444866180419921875,"trilong":121.0839462299999951255813357420265674591064453125,"ssid":"Tesoro","qos":0,"transid":"20131220-00000","firsttime":"2001-01-01T08:00:00.000Z","lasttime":"2013-12-20T05:00:00.000Z","lastupdt":"2013-12-20T03:00:00.000Z","housenumber":null,"road":null,"city":null,"region":"Metro Manila","country":"PH","netid":"78:E8:B6:B4:3F:9C","name":null,"type":"infra","comment":null,"wep":"2","channel":6,"bcninterval":0,"freenet":"?","dhcp":"?","paynet":"?","userfound":false,"encryption":"wpa2"},{"trilat":14.6732587799999993904975781333632767200469970703125,"trilong":121.079521180000000413201632909476757049560546875,"ssid":"3G-Router1","qos":0,"transid":"20150126-00000","firsttime":"2015-01-26T22:00:00.000Z","lasttime":"2015-01-26T07:00:00.000Z","lastupdt":"2015-07-26T00:00:00.000Z","housenumber":null,"road":null,"city":null,"region":null,"country":null,"netid":"00:50:C2:4B:D0:CA","name":null,"type":"infra","comment":null,"wep":"Y","channel":1,"bcninterval":0,"freenet":"?","dhcp":"?","paynet":"?","userfound":false,"encryption":"wep"},{"trilat":14.67752171000000060985257732681930065155029296875,"trilong":121.0830764800000025616100174374878406524658203125,"ssid":"LOL","qos":0,"transid":"20140917-00000","firsttime":"2014-09-16T21:00:00.000Z","lasttime":"2014-09-17T10:00:00.000Z","lastupdt":"2015-07-26T00:00:00.000Z","housenumber":null,"road":null,"city":null,"region":null,"country":null,"netid":"38:0A:94:36:05:00","name":null,"type":"infra","comment":null,"wep":"2","channel":6,"bcninterval":0,"freenet":"?","dhcp":"?","paynet":"?","userfound":false,"encryption":"wpa2"},{"trilat":14.6712532000000006604523150599561631679534912109375,"trilong":121.0720291100000025608096620999276638031005859375,"ssid":"DILNET-WIFI","qos":6,"transid":"20160502-00000","firsttime":"2001-01-01T08:00:00.000Z","lasttime":"2017-05-07T05:00:00.000Z","lastupdt":"2017-05-07T05:00:00.000Z","housenumber":null,"road":null,"city":null,"region":null,"country":null,"netid":"54:3D:37:51:D1:E8","name":null,"type":"infra","comment":null,"wep":"?","channel":6,"bcninterval":0,"freenet":"?","dhcp":"?","paynet":"?","userfound":false,"encryption":"unknown"},{"trilat":14.6719694100000008774031812208704650402069091796875,"trilong":121.0761871299999938855762593448162078857421875,"ssid":"AndroidAP","qos":0,"transid":"20160505-00000","firsttime":"2016-03-21T09:00:00.000Z","lasttime":"2016-05-05T10:00:00.000Z","lastupdt":"2016-05-05T10:00:00.000Z","housenumber":null,"road":null,"city":null,"region":null,"country":null,"netid":"54:40:AD:F4:E1:41","name":null,"type":"infra","comment":null,"wep":"2","channel":6,"bcninterval":0,"freenet":"?","dhcp":"?","paynet":"?","userfound":false,"encryption":"wpa2"},{"trilat":14.6759796100000006191521606524474918842315673828125,"trilong":121.081771849999995538382790982723236083984375,"ssid":"jvcav","qos":0,"transid":"20130424-00000","firsttime":"2013-04-24T17:00:00.000Z","lasttime":"2013-04-24T23:00:00.000Z","lastupdt":"2013-04-24T21:00:00.000Z","housenumber":null,"road":null,"city":null,"region":"Metro Manila","country":"PH","netid":"00:EB:2D:23:81:D8","name":null,"type":"infra","comment":null,"wep":"2","channel":1,"bcninterval":0,"freenet":"?","dhcp":"?","paynet":"?","userfound":false,"encryption":"wpa2"}]}