{"success":true,"totalResults":1315,"search_after":90259952,"first":1,"last":19,"resultCount":19,"results":[{"trilat":14.6476879100000001443504515918903052806854248046875,"trilong":121.0644912700000048744186642579734325408935546875,"ssid":"HUAWEI-4F62","qos":0,"transid":"20170109-00000","firsttime":"2017-01-09T19:00:00.000Z","lasttime":"2017-01-09T03:00:00.000Z","lastupdt":"2017-01-09T03:00:00.000Z","housenumber":null,"road":null,"city":null,"region":null,"country":null,"netid":"F4:CB:52:6A:4F:62","name":null,"type":"infra","comment":null,"wep":"2","channel":1,"bcninterval":0,"freenet":"?","dhcp":"?","paynet":"?","userfound":false,"encryption":"wpa2"},{"trilat":14.64764785999999929799741948954761028289794921875,"trilong":121.064590449999997190388967283070087432861328125,"ssid":"HUAWEI-E053","qos":0,"transid":"20170315-00000","firsttime":"2017-03-15T19:00:00.000Z","lasttime":"2017-03-15T09:00:00.000Z","lastupdt":"2017-03-15T09:00:00.000Z","housenumber":null,"road":null,"city":null,"region":null,"country":null,"netid":"F4:CB:52:B0:E0:53","name":null,"type":"infra","comment":null,"wep":"2","channel":5,"bcninterval":0,"freenet":"?","dhcp":"?","paynet":"?","userfound":false,"encryption":"wpa2"},{"trilat":14.646574969999999638048393535427749156951904296875,"trilong":121.0611648600000052056202548556029796600341796875,"ssid":"glyph","qos":6,"transid":"20140422-00000","firsttime":"2014-04-22T20:00:00.000Z","lasttime":"2017-10-26T06:00:00.000Z","lastupdt":"2017-10-26T06:00:00.000Z","housenumber":"60","road":"Magiting","city":"","region":"","country":"PH","netid":"E8:CD:2D:7F:11:4D","name":null,"type":"infra","comment":null,"wep":"2","channel":8,"bcninterval":0,"freenet":"?","dhcp":"?","paynet":"?","userfound":false,"encryption":"wpa2"},{"trilat":14.6467027699999992051971275941468775272369384765625,"trilong":121.06083678999999619918526150286197662353515625,"ssid":"HUAWEI_G6-L11_FC64","qos":0,"transid":"20170715-00000","firsttime":"2017-07-15T16:00:00.000Z","lasttime":"2017-07-15T01:00:00.000Z","lastupdt":"2017-07-15T01:00:00.000Z","housenumber":"60","road":"Magiting","city":"","region":"","country":"PH","netid":"F4:9F:F3:35:2B:13","name":null,"type":"infra","comment":null,"wep":"2","channel":6,"bcninterval":0,"freenet":"?","dhcp":"?","paynet":"?","userfound":false,"encryption":"wpa2"},{"trilat":14.648278239999999783549355925060808658599853515625,"trilong":121.05706023999999842999386601150035858154296875,"ssid":"UNITY_CORE","qos":1,"transid":"20140813-00000","firsttime":"2014-08-13T19:00:00.000Z","lasttime":"2017-06-09T05:00:00.000Z","lastupdt":"2017-06-09T05:00:00.000Z","housenumber":null,"road":null,"city":null,"region":null,"country":null,"netid":"F8:D1:11:2E:F5:EA","name":null,"type":"infra","comment":null,"wep":"2","channel":6,"bcninterval":0,"freenet":"?","dhcp":"?","paynet":"?","userfound":false,"encryption":"wpa2"},{"trilat":14.6476497699999992363473211298696696758270263671875,"trilong":121.0643768300000004956018528901040554046630859375,"ssid":"Smart Bro_BA3C4A","qos":4,"transid":"20170129-00000","firsttime":"2017-01-23T20:00:00.000Z","lasttime":"2017-04-04T04:00:00.000Z","lastupdt":"2017-04-04T04:00:00.000Z","housenumber":null,"road":null,"city":null,"region":null,"country":null,"netid":"EE:1D:7F:BA:3C:4A","name":null,"type":"infra","comment":null,"wep":"2","channel":13,"bcninterval":0,"freenet":"?","dhcp":"?","paynet":"?","userfound":false,"encryption":"wpa2"},{"trilat":14.646262169999999969149939715862274169921875,"trilong":121.0623397800000020652078092098236083984375,"ssid":null,"qos":2,"transid":"20170715-00000","firsttime":"2017-07-09T14:00:00.000Z","lasttime":"2017-07-29T13:00:00.000Z","lastupdt":"2017-07-29T13:00:00.000Z","housenumber":"","road":"V. Francisco","city":"","region":"","country":"PH","netid":"FA:8F:CA:93:2D:E8","name":null,"type":"infra","comment":null,"wep":"?","channel":1,"bcninterval":0,"freenet":"?","dhcp":"?","paynet":"?","userfound":false,"encryption":"unknown"},{"trilat":14.648758889999999865949575905688107013702392578125,"trilong":121.062400819999993473174981772899627685546875,"ssid":"kengienicole","qos":0,"transid":"20170304-00000","firsttime":"2017-03-04T19:00:00.000Z","lasttime":"2017-03-04T06:00:00.000Z","lastupdt":"2017-03-04T06:00:00.000Z","housenumber":null,"road":null,"city":null,"region":null,"country":null,"netid":"FC:3F:7C:4C:B4:36","name":null,"type":"infra","comment":null,"wep":"2","channel":1,"bcninterval":0,"freenet":"?","dhcp":"?","paynet":"?","userfound":false,"encryption":"wpa2"},{"trilat":14.6468353300000000416503098676912486553192138671875,"trilong":121.061798100000004296816769056022167205810546875,"ssid":"B315_44129","qos":0,"transid":"20170303-00000","firsttime":"2017-03-03T20:00:00.000Z","lasttime":"2017-03-03T07:00:00.000Z","lastupdt":"2017-03-03T07:00:00.000Z","housenumber":null,"road":null,"city":null,"region":null,"country":null,"netid":"FC:3F:7C:C4:41:29","name":null,"type":"infra","comment":null,"wep":"2","channel":5,"bcninterval":0,"freenet":"?","dhcp":"?","paynet":"?","userfound":false,"encryption":"wpa2"},{"trilat":14.6476144799999996592987372423522174358367919921875,"trilong":121.064315800000002809611032716929912567138671875,"ssid":"seymore ambrose marco","qos":0,"transid":"20170321-00000","firsttime":"2017-03-21T19:00:00.000Z","lasttime":"2017-03-21T21:00:00.000Z","lastupdt":"2017-03-21T21:00:00.000Z","housenumber":null,"road":null,"city":null,"region":null,"country":null,"netid":"FC:3F:7C:C4:A6:83","name":null,"type":"infra","comment":null,"wep":"2","channel":1,"bcninterval":0,"freenet":"?","dhcp":"?","paynet":"?","userfound":false,"encryption":"wpa2"},{"trilat":14.6482639300000005988522389088757336139678955078125,"trilong":121.057052609999999503997969441115856170654296875,"ssid":"SKYbroadbandABA4","qos":1,"transid":"20170609-00000","firsttime":"2017-06-03T18:00:00.000Z","lasttime":"2017-07-29T13:00:00.000Z","lastupdt":"2017-07-29T13:00:00.000Z","housenumber":"59","road":"Maginhawa","city":"","region":"","country":"PH","netid":"FC:B4:E6:82:43:85","name":null,"type":"infra","comment":null,"wep":"2","channel":6,"bcninterval":0,"freenet":"?","dhcp":"?","paynet":"?","userfound":false,"encryption":"wpa2"},{"trilat":14.650426859999999606998244416899979114532470703125,"trilong":121.0636673000000058664227253757417201995849609375,"ssid":"PLDTMyDSL","qos":0,"transid":"20170507-00000","firsttime":"2017-04-10T17:00:00.000Z","lasttime":"2017-05-07T05:00:00.000Z","lastupdt":"2017-05-07T05:00:00.000Z","housenumber":null,"road":null,"city":null,"region":null,"country":null,"netid":"FC:8B:97:35:83:D3","name":null,"type":"infra","comment":null,"wep":"2","channel":11,"bcninterval":0,"freenet":"?","dhcp":"?","paynet":"?","userfound":false,"encryption":"wpa2"},{"trilat":14.64620876000000038175130612216889858245849609375,"trilong":121.0592193600000001652006176300346851348876953125,"ssid":"PLDTHOMEFIBRnoentry","qos":5,"transid":"20150216-00000","firsttime":"2015-02-09T17:00:00.000Z","lasttime":"2017-07-15T01:00:00.000Z","lastupdt":"2017-07-15T01:00:00.000Z","housenumber":"92","road":"Magiting","city":"","region":"","country":"PH","netid":"BC:98:89:9C:F0:E0","name":null,"type":"infra","comment":null,"wep":"2","channel":9,"bcninterval":0,"freenet":"?","dhcp":"?","paynet":"?","userfound":false,"encryption":"wpa2"},{"trilat":14.6464948699999997216991687309928238391876220703125,"trilong":121.0589294399999999995998223312199115753173828125,"ssid":"kianUNDERGROUNDtattoo","qos":0,"transid":"20170729-00000","firsttime":"2017-07-16T19:00:00.000Z","lasttime":"2017-07-29T13:00:00.000Z","lastupdt":"2017-07-29T13:00:00.000Z","housenumber":"","road":"Maginhawa","city":"","region":"","country":"PH","netid":"FE:2D:5E:0F:A9:E2","name":null,"type":"infra","comment":null,"wep":"2","channel":13,"bcninterval":0,"freenet":"?","dhcp":"?","paynet":"?","userfound":false,"encryption":"wpa2"},{"trilat":14.646694180000000784502844908274710178375244140625,"trilong":121.059585569999995868784026242792606353759765625,"ssid":"njb wifi","qos":4,"transid":"20170303-00000","firsttime":"2017-03-03T19:00:00.000Z","lasttime":"2017-07-29T13:00:00.000Z","lastupdt":"2017-07-29T13:00:00.000Z","housenumber":"","road":"Magiting","city":"","region":"","country":"PH","netid":"FC:B4:E6:A9:08:75","name":null,"type":"infra","comment":null,"wep":"W","channel":13,"bcninterval":0,"freenet":"?","dhcp":"?","paynet":"?","userfound":false,"encryption":"wpa"},{"trilat":14.646624570000000176150933839380741119384765625,"trilong":121.0584030200000000832005753181874752044677734375,"ssid":"SKYbroadband7B2C","qos":4,"transid":"20160604-00000","firsttime":"2016-05-27T19:00:00.000Z","lasttime":"2017-07-29T13:00:00.000Z","lastupdt":"2017-07-29T13:00:00.000Z","housenumber":"","road":"Maginhawa","city":"","region":"","country":"PH","netid":"FC:B4:E6:82:30:F0","name":null,"type":"infra","comment":null,"wep":"2","channel":11,"bcninterval":0,"freenet":"?","dhcp":"?","paynet":"?","userfound":false,"encryption":"wpa2"},{"trilat":14.647476199999999835199560038745403289794921875,"trilong":121.06238555999999562118318863213062286376953125,"ssid":"GreyGrey","qos":0,"transid":"20170404-00000","firsttime":"2017-04-02T19:00:00.000Z","lasttime":"2017-04-04T04:00:00.000Z","lastupdt":"2017-04-04T04:00:00.000Z","housenumber":null,"road":null,"city":null,"region":null,"country":null,"netid":"F4:9F:F3:70:F5:13","name":null,"type":"infra","comment":null,"wep":"2","channel":6,"bcninterval":0,"freenet":"?","dhcp":"?","paynet":"?","userfound":false,"encryption":"wpa2"},{"trilat":14.64624404999999995879989000968635082244873046875,"trilong":121.0597534200000069404268288053572177886962890625,"ssid":"History Has Its Eyes On You","qos":0,"transid":"20170715-00000","firsttime":"2017-07-15T16:00:00.000Z","lasttime":"2017-07-15T01:00:00.000Z","lastupdt":"2017-07-15T01:00:00.000Z","housenumber":"","road":"Maginhawa","city":"","region":"","country":"PH","netid":"F2:C5:F3:75:36:19","name":null,"type":"infra","comment":null,"wep":"2","channel":6,"bcninterval":0,"freenet":"?","dhcp":"?","paynet":"?","userfound":false,"encryption":"wpa2"},{"trilat":14.6482486699999991941467669676057994365692138671875,"trilong":121.0569686900000050400194595567882061004638671875,"ssid":"iPhone_rjc","qos":0,"transid":"20170609-00000","firsttime":"2017-06-03T18:00:00.000Z","lasttime":"2017-06-09T05:00:00.000Z","lastupdt":"2017-06-09T05:00:00.000Z","housenumber":null,"road":null,"city":null,"region":null,"country":null,"netid":"EE:25:EF:45:13:8D","name":null,"type":"infra","comment":null,"wep":"2","channel":1,"bcninterval":0,"freenet":"?","dhcp":"?","paynet":"?","userfound":false,"encryption":"wpa2"}]}