{"success":true,"totalResults":1315,"search_after":42198615,"first":1,"last":100,"resultCount":100,"results":[{"trilat":14.646700859999999266847225953824818134307861328125,"trilong":121.05873871000000008280039764940738677978515625,"ssid":"HUAWEI-F98C","qos":0,"transid":"20170404-00000","firsttime":"2017-03-31T19:00:00.000Z","lasttime":"2017-04-04T04:00:00.000Z","lastupdt":"2017-04-04T04:00:00.000Z","housenumber":null,"road":null,"city":null,"region":null,"country":null,"netid":"5C:A8:6A:81:F9:8C","name":null,"type":"infra","comment":null,"wep":"2","channel":7,"bcninterval":0,"freenet":"?","dhcp":"?","paynet":"?","userfound":false,"encryption":"wpa2"},{"trilat":14.64904403999999971119905239902436733245849609375,"trilong":121.06346892999999909079633653163909912109375,"ssid":"B315_B13C7","qos":0,"transid":"20170507-00000","firsttime":"2017-04-20T20:00:00.000Z","lasttime":"2017-05-07T05:00:00.000Z","lastupdt":"2017-05-07T05:00:00.000Z","housenumber":null,"road":null,"city":null,"region":null,"country":null,"netid":"5C:A8:6A:7B:13:C7","name":null,"type":"infra","comment":null,"wep":"2","channel":11,"bcninterval":0,"freenet":"?","dhcp":"?","paynet":"?","userfound":false,"encryption":"wpa2"},{"trilat":14.6477594399999997420991348917596042156219482421875,"trilong":121.063880920000002561209839768707752227783203125,"ssid":"Jackie","qos":0,"transid":"20170507-00000","firsttime":"2017-05-07T19:00:00.000Z","lasttime":"2017-05-07T05:00:00.000Z","lastupdt":"2017-05-07T05:00:00.000Z","housenumber":null,"road":null,"city":null,"region":null,"country":null,"netid":"F2:25:98:CC:B4:24","name":null,"type":"infra","comment":null,"wep":"2","channel":1,"bcninterval":0,"freenet":"?","dhcp":"?","paynet":"?","userfound":false,"encryption":"wpa2"},{"trilat":14.6477108000000004750518201035447418689727783203125,"trilong":121.0638275099999958683838485740125179290771484375,"ssid":"bayanDSLWIFI_143D","qos":0,"transid":"20171015-00000","firsttime":"2017-10-15T23:00:00.000Z","lasttime":"2017-10-15T10:00:00.000Z","lastupdt":"2017-10-15T10:00:00.000Z","housenumber":"","road":"B. Baluyot","city":"","region":"","country":"PH","netid":"9C:6F:52:35:14:3D","name":null,"type":"infra","comment":null,"wep":"2","channel":1,"bcninterval":0,"freenet":"?","dhcp":"?","paynet":"?","userfound":false,"encryption":"wpa2"},{"trilat":14.646838190000000423651727032847702503204345703125,"trilong":121.0600433299999991731965565122663974761962890625,"ssid":"Arvin Jude?s iPhone","qos":0,"transid":"20170404-00000","firsttime":"2017-03-31T19:00:00.000Z","lasttime":"2017-04-04T04:00:00.000Z","lastupdt":"2017-04-04T04:00:00.000Z","housenumber":null,"road":null,"city":null,"region":null,"country":null,"netid":"F2:C5:F3:84:2E:17","name":null,"type":"infra","comment":null,"wep":"2","channel":6,"bcninterval":0,"freenet":"?","dhcp":"?","paynet":"?","userfound":false,"encryption":"wpa2"},{"trilat":14.6460084899999998242492438293993473052978515625,"trilong":121.0604553200000026436100597493350505828857421875,"ssid":"Paulgaz10","qos":0,"transid":"20170729-00000","firsttime":"2017-07-16T19:00:00.000Z","lasttime":"2017-07-29T13:00:00.000Z","lastupdt":"2017-07-29T13:00:00.000Z","housenumber":"","road":"Maginhawa","city":"","region":"","country":"PH","netid":"4E:66:41:41:95:55","name":null,"type":"infra","comment":null,"wep":"2","channel":11,"bcninterval":0,"freenet":"?","dhcp":"?","paynet":"?","userfound":false,"encryption":"wpa2"},{"trilat":14.6459560399999997315489963511936366558074951171875,"trilong":121.06025696000000380081473849713802337646484375,"ssid":"bayanDSLWiFi_1994","qos":0,"transid":"20161209-00000","firsttime":"2016-12-09T22:00:00.000Z","lasttime":"2017-06-09T05:00:00.000Z","lastupdt":"2017-06-09T05:00:00.000Z","housenumber":null,"road":null,"city":null,"region":null,"country":null,"netid":"4C:CB:F5:2A:ED:60","name":null,"type":"infra","comment":null,"wep":"2","channel":6,"bcninterval":0,"freenet":"?","dhcp":"?","paynet":"?","userfound":false,"encryption":"wpa2"},{"trilat":14.6462898300000006202026270329952239990234375,"trilong":121.0526504500000015696059563197195529937744140625,"ssid":"PLDTMyDSL","qos":4,"transid":"20130722-00000","firsttime":"2013-07-22T12:00:00.000Z","lasttime":"2014-09-01T12:00:00.000Z","lastupdt":"2017-10-17T04:00:00.000Z","housenumber":"","road":"Kalayaan","city":"Quezon City","region":"","country":"PH","netid":"FC:8B:97:27:7C:47","name":null,"type":"infra","comment":null,"wep":"2","channel":11,"bcninterval":0,"freenet":"?","dhcp":"?","paynet":"?","userfound":false,"encryption":"wpa2"},{"trilat":14.64698600999999911209670244716107845306396484375,"trilong":121.0577239999999932251739664934575557708740234375,"ssid":"Samsung","qos":0,"transid":"20150410-00000","firsttime":"2015-04-10T14:00:00.000Z","lasttime":"2017-06-09T05:00:00.000Z","lastupdt":"2017-06-09T05:00:00.000Z","housenumber":null,"road":null,"city":null,"region":null,"country":null,"netid":"50:9F:27:08:68:90","name":null,"type":"infra","comment":null,"wep":"2","channel":1,"bcninterval":0,"freenet":"?","dhcp":"?","paynet":"?","userfound":false,"encryption":"wpa2"},{"trilat":14.6468801499999994319978213752619922161102294921875,"trilong":121.062362669999998843195498920977115631103515625,"ssid":"GLOBE_117303","qos":0,"transid":"20170715-00000","firsttime":"2017-07-15T16:00:00.000Z","lasttime":"2017-07-15T01:00:00.000Z","lastupdt":"2017-07-15T01:00:00.000Z","housenumber":"","road":"B. Baluyot","city":"Quezon City","region":"","country":"PH","netid":"FC:2D:5E:11:73:03","name":null,"type":"infra","comment":null,"wep":"2","channel":8,"bcninterval":0,"freenet":"?","dhcp":"?","paynet":"?","userfound":false,"encryption":"wpa2"},{"trilat":14.6490974400000002475508154020644724369049072265625,"trilong":121.0575637799999952903817757032811641693115234375,"ssid":"SKYbroadbandBE46","qos":0,"transid":"20170609-00000","firsttime":"2017-06-03T18:00:00.000Z","lasttime":"2017-06-09T05:00:00.000Z","lastupdt":"2017-06-09T05:00:00.000Z","housenumber":null,"road":null,"city":null,"region":null,"country":null,"netid":"FC:B4:E6:82:43:4A","name":null,"type":"infra","comment":null,"wep":"2","channel":6,"bcninterval":0,"freenet":"?","dhcp":"?","paynet":"?","userfound":false,"encryption":"wpa2"},{"trilat":14.650988579999999927849785308353602886199951171875,"trilong":121.0572509800000062796243582852184772491455078125,"ssid":"PLDTMyDSL","qos":0,"transid":"20170609-00000","firsttime":"2017-06-03T18:00:00.000Z","lasttime":"2017-06-09T05:00:00.000Z","lastupdt":"2017-06-09T05:00:00.000Z","housenumber":null,"road":null,"city":null,"region":null,"country":null,"netid":"FC:F5:28:3D:30:A8","name":null,"type":"infra","comment":null,"wep":"2","channel":11,"bcninterval":0,"freenet":"?","dhcp":"?","paynet":"?","userfound":false,"encryption":"wpa2"},{"trilat":14.6474609400000002068509274977259337902069091796875,"trilong":121.0630798300000066092252382077276706695556640625,"ssid":"ElwoM-UGM=","qos":0,"transid":"20170507-00000","firsttime":"2017-05-06T19:00:00.000Z","lasttime":"2017-05-07T05:00:00.000Z","lastupdt":"2017-05-07T05:00:00.000Z","housenumber":null,"road":null,"city":null,"region":null,"country":null,"netid":"5E:D2:1E:6B:6D:37","name":null,"type":"infra","comment":null,"wep":"2","channel":11,"bcninterval":0,"freenet":"?","dhcp":"?","paynet":"?","userfound":false,"encryption":"wpa2"},{"trilat":14.646748540000000815552994026802480220794677734375,"trilong":121.0581054700000009916038834489881992340087890625,"ssid":"OrangeSegment2","qos":1,"transid":"20170609-00000","firsttime":"2017-06-03T18:00:00.000Z","lasttime":"2017-07-29T13:00:00.000Z","lastupdt":"2017-07-29T13:00:00.000Z","housenumber":"82","road":"Maginhawa","city":"","region":"","country":"PH","netid":"84:16:F9:4C:AB:D6","name":null,"type":"infra","comment":null,"wep":"2","channel":149,"bcninterval":0,"freenet":"?","dhcp":"?","paynet":"Y","userfound":false,"encryption":"wpa2"},{"trilat":14.6471614799999994005474945879541337490081787109375,"trilong":121.063652039999993803576217032968997955322265625,"ssid":"autotrade.com.ph","qos":6,"transid":"20160227-00000","firsttime":"2016-02-13T21:00:00.000Z","lasttime":"2017-09-21T05:00:00.000Z","lastupdt":"2017-09-21T05:00:00.000Z","housenumber":"","road":"B. Baluyot","city":"","region":"","country":"PH","netid":"6C:19:8F:0C:FF:9E","name":null,"type":"infra","comment":null,"wep":"2","channel":8,"bcninterval":0,"freenet":"?","dhcp":"?","paynet":"?","userfound":false,"encryption":"wpa2"},{"trilat":14.6494960800000004752519089379347860813140869140625,"trilong":121.0523834199999981819928507320582866668701171875,"ssid":"HUAWEI-E5330-5FD5","qos":1,"transid":"20161117-00000","firsttime":"2016-11-17T22:00:00.000Z","lasttime":"2017-01-12T04:00:00.000Z","lastupdt":"2017-01-12T04:00:00.000Z","housenumber":null,"road":null,"city":null,"region":null,"country":null,"netid":"F4:8E:92:90:5F:D5","name":null,"type":"infra","comment":null,"wep":"2","channel":1,"bcninterval":0,"freenet":"?","dhcp":"?","paynet":"?","userfound":false,"encryption":"wpa2"},{"trilat":14.6473398199999991220465744845569133758544921875,"trilong":121.0638275099999958683838485740125179290771484375,"ssid":"PLDTMyDSLBiz5G47880","qos":0,"transid":"20170921-00000","firsttime":"2017-09-21T20:00:00.000Z","lasttime":"2017-09-21T05:00:00.000Z","lastupdt":"2017-09-21T05:00:00.000Z","housenumber":"","road":"B. Baluyot","city":"","region":"","country":"PH","netid":"5C:6A:80:25:F4:99","name":null,"type":"infra","comment":null,"wep":"2","channel":52,"bcninterval":0,"freenet":"?","dhcp":"?","paynet":"?","userfound":false,"encryption":"wpa2"},{"trilat":14.64661502999999953544829622842371463775634765625,"trilong":121.0580749500000052876202971674501895904541015625,"ssid":"Munays","qos":0,"transid":"20170303-00000","firsttime":"2017-03-03T20:00:00.000Z","lasttime":"2017-03-03T07:00:00.000Z","lastupdt":"2017-03-03T07:00:00.000Z","housenumber":null,"road":null,"city":null,"region":null,"country":null,"netid":"84:1B:5E:76:29:70","name":null,"type":"infra","comment":null,"wep":"2","channel":6,"bcninterval":0,"freenet":"?","dhcp":"?","paynet":"?","userfound":false,"encryption":"wpa2"},{"trilat":14.6503515199999991835966284270398318767547607421875,"trilong":121.06362914999999702558852732181549072265625,"ssid":"bayanDSL","qos":0,"transid":"20170507-00000","firsttime":"2017-04-10T17:00:00.000Z","lasttime":"2017-05-07T05:00:00.000Z","lastupdt":"2017-05-07T05:00:00.000Z","housenumber":null,"road":null,"city":null,"region":null,"country":null,"netid":"54:22:F8:F1:6F:DC","name":null,"type":"infra","comment":null,"wep":"W","channel":1,"bcninterval":0,"freenet":"?","dhcp":"?","paynet":"?","userfound":false,"encryption":"wpa"},{"trilat":14.6467390099999992258972270064987242221832275390625,"trilong":121.0592041000000023132088244892656803131103515625,"ssid":"FueI-bmVyZHBsdXNwZXJ2","qos":0,"transid":"20170404-00000","firsttime":"2017-03-31T19:00:00.000Z","lasttime":"2017-04-04T04:00:00.000Z","lastupdt":"2017-04-04T04:00:00.000Z","housenumber":null,"road":null,"city":null,"region":null,"country":null,"netid":"88:9B:39:F5:B0:C5","name":null,"type":"infra","comment":null,"wep":"?","channel":6,"bcninterval":0,"freenet":"?","dhcp":"?","paynet":"?","userfound":false,"encryption":"unknown"},{"trilat":14.647544859999999999899955582804977893829345703125,"trilong":121.06362914999999702558852732181549072265625,"ssid":"HUAWEI","qos":0,"transid":"20170507-00000","firsttime":"2017-04-10T18:00:00.000Z","lasttime":"2017-05-07T05:00:00.000Z","lastupdt":"2017-05-07T05:00:00.000Z","housenumber":null,"road":null,"city":null,"region":null,"country":null,"netid":"F4:CB:52:8D:3B:0A","name":null,"type":"infra","comment":null,"wep":"2","channel":6,"bcninterval":0,"freenet":"?","dhcp":"?","paynet":"?","userfound":false,"encryption":"wpa2"},{"trilat":14.645859720000000692152752890251576900482177734375,"trilong":121.0630187999999947123797028325498104095458984375,"ssid":"TP-LINK","qos":1,"transid":"20170715-00000","firsttime":"2017-07-09T14:00:00.000Z","lasttime":"2017-10-26T06:00:00.000Z","lastupdt":"2017-10-26T06:00:00.000Z","housenumber":"","road":"Salvador","city":"","region":"","country":"PH","netid":"F4:F2:6D:96:1D:48","name":null,"type":"infra","comment":null,"wep":"2","channel":153,"bcninterval":0,"freenet":"?","dhcp":"?","paynet":"?","userfound":false,"encryption":"wpa2"},{"trilat":14.6467351899999993491974237258546054363250732421875,"trilong":121.058166499999998677594703622162342071533203125,"ssid":"OS NET ADMIN","qos":3,"transid":"20170303-00000","firsttime":"2017-03-03T20:00:00.000Z","lasttime":"2017-07-29T13:00:00.000Z","lastupdt":"2017-07-29T13:00:00.000Z","housenumber":"","road":"Maginhawa","city":"","region":"","country":"PH","netid":"F4:F2:6D:94:56:13","name":null,"type":"infra","comment":null,"wep":"2","channel":36,"bcninterval":0,"freenet":"?","dhcp":"?","paynet":"?","userfound":false,"encryption":"wpa2"},{"trilat":14.646567340000000712052496965043246746063232421875,"trilong":121.0586242699999957039835862815380096435546875,"ssid":"BLX1-TmVicmU","qos":0,"transid":"20170303-00000","firsttime":"2017-03-03T19:00:00.000Z","lasttime":"2017-03-03T04:00:00.000Z","lastupdt":"2017-03-03T04:00:00.000Z","housenumber":null,"road":null,"city":null,"region":null,"country":null,"netid":"62:FE:1E:67:24:E9","name":null,"type":"infra","comment":null,"wep":"Y","channel":11,"bcninterval":0,"freenet":"?","dhcp":"?","paynet":"?","userfound":false,"encryption":"wep"},{"trilat":14.6469955400000007017524694674648344516754150390625,"trilong":121.052146910000004709218046627938747406005859375,"ssid":"GHGDI-Admin","qos":0,"transid":"20171016-00000","firsttime":"2017-10-17T10:00:00.000Z","lasttime":"2017-10-17T04:00:00.000Z","lastupdt":"2017-10-17T04:00:00.000Z","housenumber":"","road":"Kalayaan","city":"Quezon City","region":"","country":"PH","netid":"54:B8:0A:37:FE:EA","name":null,"type":"infra","comment":null,"wep":"2","channel":6,"bcninterval":0,"freenet":"?","dhcp":"?","paynet":"?","userfound":false,"encryption":"wpa2"},{"trilat":14.6469497700000008677534424350596964359283447265625,"trilong":121.062622070000003304812707938253879547119140625,"ssid":"ZTE-MF65M-FBBE","qos":0,"transid":"20170715-00000","firsttime":"2017-06-23T08:00:00.000Z","lasttime":"2017-07-15T01:00:00.000Z","lastupdt":"2017-07-15T01:00:00.000Z","housenumber":"","road":"Emilio Jacinto","city":"Quezon City","region":"","country":"PH","netid":"8E:79:67:A9:FB:BE","name":null,"type":"infra","comment":null,"wep":"2","channel":12,"bcninterval":0,"freenet":"?","dhcp":"?","paynet":"?","userfound":false,"encryption":"wpa2"},{"trilat":14.64890003000000007205017027445137500762939453125,"trilong":121.06009674000000586602254770696163177490234375,"ssid":"Lila Padilla","qos":0,"transid":"20170107-00000","firsttime":"2017-01-07T16:00:00.000Z","lasttime":"2017-02-26T10:00:00.000Z","lastupdt":"2017-02-26T10:00:00.000Z","housenumber":null,"road":null,"city":null,"region":null,"country":null,"netid":"8E:79:67:7F:B2:86","name":null,"type":"infra","comment":null,"wep":"2","channel":6,"bcninterval":0,"freenet":"?","dhcp":"?","paynet":"?","userfound":false,"encryption":"wpa2"},{"trilat":14.6486530300000001858506948337890207767486572265625,"trilong":121.060951230000000578002072870731353759765625,"ssid":"Chakka","qos":3,"transid":"20160704-00000","firsttime":"2016-07-01T20:00:00.000Z","lasttime":"2017-03-03T07:00:00.000Z","lastupdt":"2017-03-03T07:00:00.000Z","housenumber":null,"road":null,"city":null,"region":null,"country":null,"netid":"8E:79:67:82:B2:71","name":null,"type":"infra","comment":null,"wep":"2","channel":13,"bcninterval":0,"freenet":"?","dhcp":"?","paynet":"?","userfound":false,"encryption":"wpa2"},{"trilat":14.6461391400000007223525244626216590404510498046875,"trilong":121.0605239899999929775731288827955722808837890625,"ssid":"ZTE-MF65M-FE33","qos":0,"transid":"20170729-00000","firsttime":"2017-07-16T19:00:00.000Z","lasttime":"2017-07-29T13:00:00.000Z","lastupdt":"2017-07-29T13:00:00.000Z","housenumber":"","road":"Maginhawa","city":"","region":"","country":"PH","netid":"8E:79:67:98:FE:33","name":null,"type":"infra","comment":null,"wep":"2","channel":1,"bcninterval":0,"freenet":"?","dhcp":"?","paynet":"?","userfound":false,"encryption":"wpa2"},{"trilat":14.6478738800000005682022674591280519962310791015625,"trilong":121.057197569999999586798367090523242950439453125,"ssid":"Smart Bro_86C283","qos":0,"transid":"20170729-00000","firsttime":"2017-07-16T19:00:00.000Z","lasttime":"2017-07-29T13:00:00.000Z","lastupdt":"2017-07-29T13:00:00.000Z","housenumber":"65","road":"Maginhawa","city":"","region":"","country":"PH","netid":"8E:79:67:86:C2:83","name":null,"type":"infra","comment":null,"wep":"2","channel":1,"bcninterval":0,"freenet":"?","dhcp":"?","paynet":"?","userfound":false,"encryption":"wpa2"},{"trilat":14.6475419999999996178985384176485240459442138671875,"trilong":121.0632476800000034700133255682885646820068359375,"ssid":"GayEs","qos":0,"transid":"20170109-00000","firsttime":"2017-01-09T19:00:00.000Z","lasttime":"2017-01-09T03:00:00.000Z","lastupdt":"2017-01-09T03:00:00.000Z","housenumber":null,"road":null,"city":null,"region":null,"country":null,"netid":"8E:79:67:86:F3:8D","name":null,"type":"infra","comment":null,"wep":"2","channel":6,"bcninterval":0,"freenet":"?","dhcp":"?","paynet":"?","userfound":false,"encryption":"wpa2"},{"trilat":14.6469297399999991426966516883112490177154541015625,"trilong":121.057456970000004048415576107800006866455078125,"ssid":"Oreto?s iPhone","qos":2,"transid":"20170820-00000","firsttime":"2001-01-01T08:00:00.000Z","lasttime":"2017-09-03T01:00:00.000Z","lastupdt":"2017-09-03T01:00:00.000Z","housenumber":"74","road":"Maginhawa","city":"","region":"","country":"PH","netid":"FE:E9:98:BC:4A:7C","name":null,"type":"infra","comment":null,"wep":"2","channel":1,"bcninterval":0,"freenet":"?","dhcp":"?","paynet":"?","userfound":false,"encryption":"wpa2"},{"trilat":14.6462478600000007844528226996771991252899169921875,"trilong":121.062362669999998843195498920977115631103515625,"ssid":"peyt","qos":0,"transid":"20170715-00000","firsttime":"2017-06-23T08:00:00.000Z","lasttime":"2017-07-15T01:00:00.000Z","lastupdt":"2017-07-15T01:00:00.000Z","housenumber":"","road":"V. Francisco","city":"","region":"","country":"PH","netid":"56:14:73:06:82:D1","name":null,"type":"infra","comment":null,"wep":"2","channel":6,"bcninterval":0,"freenet":"?","dhcp":"?","paynet":"?","userfound":false,"encryption":"wpa2"},{"trilat":14.6473531700000005884021447855047881603240966796875,"trilong":121.063041690000005701222107745707035064697265625,"ssid":"BYI3-Z2VseW4xMPCfkp7wn5KW8J+Slg","qos":0,"transid":"20170112-00000","firsttime":"2017-01-12T19:00:00.000Z","lasttime":"2017-01-12T04:00:00.000Z","lastupdt":"2017-01-12T04:00:00.000Z","housenumber":null,"road":null,"city":null,"region":null,"country":null,"netid":"56:EF:92:D0:16:CF","name":null,"type":"infra","comment":null,"wep":"Y","channel":11,"bcninterval":0,"freenet":"?","dhcp":"?","paynet":"?","userfound":false,"encryption":"wep"},{"trilat":14.6470861400000007535027179983444511890411376953125,"trilong":121.0620498699999956215833663009107112884521484375,"ssid":"HUAWEI-E5330-CE61","qos":0,"transid":"20170404-00000","firsttime":"2017-03-31T19:00:00.000Z","lasttime":"2017-04-04T04:00:00.000Z","lastupdt":"2017-04-04T04:00:00.000Z","housenumber":null,"road":null,"city":null,"region":null,"country":null,"netid":"F8:01:13:07:CE:61","name":null,"type":"infra","comment":null,"wep":"2","channel":5,"bcninterval":0,"freenet":"?","dhcp":"?","paynet":"?","userfound":false,"encryption":"wpa2"},{"trilat":14.6491651499999999685996954212896525859832763671875,"trilong":121.0575637799999952903817757032811641693115234375,"ssid":"restricted","qos":0,"transid":"20170609-00000","firsttime":"2017-06-03T18:00:00.000Z","lasttime":"2017-06-09T05:00:00.000Z","lastupdt":"2017-06-09T05:00:00.000Z","housenumber":null,"road":null,"city":null,"region":null,"country":null,"netid":"F8:01:13:C8:E5:B1","name":null,"type":"infra","comment":null,"wep":"2","channel":6,"bcninterval":0,"freenet":"?","dhcp":"?","paynet":"?","userfound":false,"encryption":"wpa2"},{"trilat":14.650255200000000144200384966097772121429443359375,"trilong":121.057388309999993225574144162237644195556640625,"ssid":"Globe2016","qos":0,"transid":"20170312-00000","firsttime":"2001-01-01T08:00:00.000Z","lasttime":"2017-03-12T10:00:00.000Z","lastupdt":"2017-03-12T10:00:00.000Z","housenumber":null,"road":null,"city":null,"region":null,"country":null,"netid":"F8:23:B2:C4:A5:70","name":null,"type":"infra","comment":null,"wep":"2","channel":1,"bcninterval":0,"freenet":"?","dhcp":"?","paynet":"?","userfound":false,"encryption":"wpa2"},{"trilat":14.647593499999999266947270371019840240478515625,"trilong":121.0642623899999961167850415222346782684326171875,"ssid":"Your Name","qos":1,"transid":"20161208-00000","firsttime":"2016-12-08T20:00:00.000Z","lasttime":"2017-05-07T05:00:00.000Z","lastupdt":"2017-05-07T05:00:00.000Z","housenumber":null,"road":null,"city":null,"region":null,"country":null,"netid":"F8:23:B2:ED:C8:CC","name":null,"type":"infra","comment":null,"wep":"2","channel":1,"bcninterval":0,"freenet":"?","dhcp":"?","paynet":"?","userfound":false,"encryption":"wpa2"},{"trilat":14.6505384400000000510999598191119730472564697265625,"trilong":121.0566558799999938855762593448162078857421875,"ssid":"HUAWEI-E9C2","qos":2,"transid":"20170129-00000","firsttime":"2017-01-23T18:00:00.000Z","lasttime":"2017-03-12T10:00:00.000Z","lastupdt":"2017-03-12T10:00:00.000Z","housenumber":null,"road":null,"city":null,"region":null,"country":null,"netid":"F8:23:B2:ED:E9:C2","name":null,"type":"infra","comment":null,"wep":"2","channel":2,"bcninterval":0,"freenet":"?","dhcp":"?","paynet":"?","userfound":false,"encryption":"wpa2"},{"trilat":14.6496896700000007740527507849037647247314453125,"trilong":121.0644149799999951255813357420265674591064453125,"ssid":"SorryWalaNgLibre","qos":0,"transid":"20170507-00000","firsttime":"2017-04-20T20:00:00.000Z","lasttime":"2017-05-07T05:00:00.000Z","lastupdt":"2017-05-07T05:00:00.000Z","housenumber":null,"road":null,"city":null,"region":null,"country":null,"netid":"60:83:34:E0:71:A6","name":null,"type":"infra","comment":null,"wep":"2","channel":11,"bcninterval":0,"freenet":"?","dhcp":"?","paynet":"?","userfound":false,"encryption":"wpa2"},{"trilat":14.6508941700000008268034434877336025238037109375,"trilong":121.0590972899999968603879096917808055877685546875,"ssid":"rda","qos":0,"transid":"20170609-00000","firsttime":"2017-05-26T09:00:00.000Z","lasttime":"2017-06-09T05:00:00.000Z","lastupdt":"2017-06-09T05:00:00.000Z","housenumber":null,"road":null,"city":null,"region":null,"country":null,"netid":"F8:1A:67:A0:CF:9E","name":null,"type":"infra","comment":null,"wep":"2","channel":6,"bcninterval":0,"freenet":"?","dhcp":"?","paynet":"?","userfound":false,"encryption":"wpa2"},{"trilat":14.6465005900000004857020030613057315349578857421875,"trilong":121.0591049199999957863838062621653079986572265625,"ssid":"ROLEXFEL","qos":0,"transid":"20170729-00000","firsttime":"2017-07-16T19:00:00.000Z","lasttime":"2017-07-29T13:00:00.000Z","lastupdt":"2017-07-29T13:00:00.000Z","housenumber":"","road":"Magiting","city":"","region":"","country":"PH","netid":"5C:F2:86:23:D0:F9","name":null,"type":"infra","comment":null,"wep":"2","channel":7,"bcninterval":0,"freenet":"?","dhcp":"?","paynet":"?","userfound":false,"encryption":"wpa2"},{"trilat":14.6470537200000006095024218666367232799530029296875,"trilong":121.0578231799999997519989847205579280853271484375,"ssid":null,"qos":0,"transid":"20170729-00000","firsttime":"2017-07-16T19:00:00.000Z","lasttime":"2017-07-29T13:00:00.000Z","lastupdt":"2017-07-29T13:00:00.000Z","housenumber":"","road":"Maginhawa","city":"","region":"","country":"PH","netid":"5C:F2:86:25:02:DB","name":null,"type":"infra","comment":null,"wep":"2","channel":6,"bcninterval":0,"freenet":"?","dhcp":"?","paynet":"?","userfound":false,"encryption":"wpa2"},{"trilat":14.64764118000000081565303844399750232696533203125,"trilong":121.0641174299999960339846438728272914886474609375,"ssid":"Cheetos_LTE","qos":0,"transid":"20170304-00000","firsttime":"2017-03-04T20:00:00.000Z","lasttime":"2017-03-04T06:00:00.000Z","lastupdt":"2017-03-04T06:00:00.000Z","housenumber":null,"road":null,"city":null,"region":null,"country":null,"netid":"5C:F2:86:25:3D:82","name":null,"type":"infra","comment":null,"wep":"2","channel":8,"bcninterval":0,"freenet":"?","dhcp":"?","paynet":"?","userfound":false,"encryption":"wpa2"},{"trilat":14.6466980000000006612026481889188289642333984375,"trilong":121.0583953900000011572046787478029727935791015625,"ssid":"SmartBro","qos":0,"transid":"20170729-00000","firsttime":"2017-07-16T19:00:00.000Z","lasttime":"2017-07-29T13:00:00.000Z","lastupdt":"2017-07-29T13:00:00.000Z","housenumber":"85","road":"Maginhawa","city":"","region":"","country":"PH","netid":"5C:F2:86:25:66:6B","name":null,"type":"infra","comment":null,"wep":"2","channel":6,"bcninterval":0,"freenet":"?","dhcp":"?","paynet":"?","userfound":false,"encryption":"wpa2"},{"trilat":14.6468810999999998756493369000963866710662841796875,"trilong":121.0579986599999955387829686515033245086669921875,"ssid":"bunny","qos":0,"transid":"20170303-00000","firsttime":"2017-03-03T20:00:00.000Z","lasttime":"2017-03-03T07:00:00.000Z","lastupdt":"2017-03-03T07:00:00.000Z","housenumber":null,"road":null,"city":null,"region":null,"country":null,"netid":"5C:F2:86:25:73:7A","name":null,"type":"infra","comment":null,"wep":"2","channel":9,"bcninterval":0,"freenet":"?","dhcp":"?","paynet":"?","userfound":false,"encryption":"wpa2"},{"trilat":14.645876879999999431447577080689370632171630859375,"trilong":121.06303406000000677522621117532253265380859375,"ssid":"Connecting...","qos":0,"transid":"20171026-00000","firsttime":"2017-10-26T20:00:00.000Z","lasttime":"2017-10-26T06:00:00.000Z","lastupdt":"2017-10-26T06:00:00.000Z","housenumber":"","road":"Salvador","city":"","region":"","country":"PH","netid":"5C:F2:86:25:AA:C4","name":null,"type":"infra","comment":null,"wep":"2","channel":7,"bcninterval":0,"freenet":"?","dhcp":"?","paynet":"?","userfound":false,"encryption":"wpa2"},{"trilat":14.64786529999999942219801596365869045257568359375,"trilong":121.064041140000000496002030558884143829345703125,"ssid":"KP","qos":1,"transid":"20161117-00000","firsttime":"2016-11-12T16:00:00.000Z","lasttime":"2017-05-07T05:00:00.000Z","lastupdt":"2017-05-07T05:00:00.000Z","housenumber":null,"road":null,"city":null,"region":null,"country":null,"netid":"5C:F2:86:25:BD:BA","name":null,"type":"infra","comment":null,"wep":"2","channel":8,"bcninterval":0,"freenet":"?","dhcp":"?","paynet":"?","userfound":false,"encryption":"wpa2"},{"trilat":14.646358490000000784903022577054798603057861328125,"trilong":121.0589446999999978515916154719889163970947265625,"ssid":"deepdream","qos":0,"transid":"20170303-00000","firsttime":"2017-03-03T20:00:00.000Z","lasttime":"2017-03-03T07:00:00.000Z","lastupdt":"2017-03-03T07:00:00.000Z","housenumber":null,"road":null,"city":null,"region":null,"country":null,"netid":"5C:F2:86:25:C6:25","name":null,"type":"infra","comment":null,"wep":"2","channel":7,"bcninterval":0,"freenet":"?","dhcp":"?","paynet":"?","userfound":false,"encryption":"wpa2"},{"trilat":14.647636410000000495301719638518989086151123046875,"trilong":121.0645217900000005784022505395114421844482421875,"ssid":"Blackavanza","qos":0,"transid":"20170609-00000","firsttime":"2017-05-26T10:00:00.000Z","lasttime":"2017-06-09T05:00:00.000Z","lastupdt":"2017-06-09T05:00:00.000Z","housenumber":null,"road":null,"city":null,"region":null,"country":null,"netid":"5C:F2:86:25:F7:49","name":null,"type":"infra","comment":null,"wep":"2","channel":8,"bcninterval":0,"freenet":"?","dhcp":"?","paynet":"?","userfound":false,"encryption":"wpa2"},{"trilat":14.6474046700000002374508767388761043548583984375,"trilong":121.062812809999996943588485009968280792236328125,"ssid":"Globe_LTE MIFI_C61C","qos":0,"transid":"20170314-00000","firsttime":"2017-03-14T18:00:00.000Z","lasttime":"2017-03-14T21:00:00.000Z","lastupdt":"2017-03-14T21:00:00.000Z","housenumber":null,"road":null,"city":null,"region":null,"country":null,"netid":"5C:F2:86:26:C6:1C","name":null,"type":"infra","comment":null,"wep":"2","channel":6,"bcninterval":0,"freenet":"?","dhcp":"?","paynet":"?","userfound":false,"encryption":"wpa2"},{"trilat":14.6467781099999996285987435840070247650146484375,"trilong":121.0600585899999970251883496530354022979736328125,"ssid":"ad4b84","qos":5,"transid":"20150120-00000","firsttime":"2015-01-11T20:00:00.000Z","lasttime":"2017-04-04T04:00:00.000Z","lastupdt":"2017-04-04T04:00:00.000Z","housenumber":null,"road":null,"city":null,"region":null,"country":null,"netid":"60:02:92:4C:E7:1D","name":null,"type":"infra","comment":null,"wep":"2","channel":1,"bcninterval":0,"freenet":"?","dhcp":"?","paynet":"?","userfound":false,"encryption":"wpa2"},{"trilat":14.647500040000000609552444075234234333038330078125,"trilong":121.06364440999999487758032046258449554443359375,"ssid":"PLDTMyDSLBiz3MobileWiFi-62EA","qos":6,"transid":"20160509-00000","firsttime":"2016-05-08T19:00:00.000Z","lasttime":"2017-09-21T05:00:00.000Z","lastupdt":"2017-09-21T05:00:00.000Z","housenumber":"","road":"B. Baluyot","city":"","region":"","country":"PH","netid":"5A:8B:F3:70:7B:30","name":null,"type":"infra","comment":null,"wep":"W","channel":11,"bcninterval":0,"freenet":"?","dhcp":"?","paynet":"Y","userfound":false,"encryption":"wpa"},{"trilat":14.6489429500000003514514901326037943363189697265625,"trilong":121.0644760100000070224268711172044277191162109375,"ssid":"PLDTMyDSLBiz3","qos":6,"transid":"20160227-00000","firsttime":"2016-01-29T18:00:00.000Z","lasttime":"2017-09-21T05:00:00.000Z","lastupdt":"2017-09-21T05:00:00.000Z","housenumber":"","road":"Delos Reyes","city":"Quezon City","region":"","country":"PH","netid":"5A:8B:F3:70:7B:33","name":null,"type":"infra","comment":null,"wep":"2","channel":11,"bcninterval":0,"freenet":"?","dhcp":"?","paynet":"?","userfound":false,"encryption":"wpa2"},{"trilat":14.646783830000000392601577914319932460784912109375,"trilong":121.052291870000004792018444277346134185791015625,"ssid":"Police Clearance Section","qos":0,"transid":"20171016-00000","firsttime":"2017-10-17T10:00:00.000Z","lasttime":"2017-10-17T04:00:00.000Z","lastupdt":"2017-10-17T04:00:00.000Z","housenumber":"","road":"Kalayaan","city":"Quezon City","region":"","country":"PH","netid":"5C:A8:6A:DF:3C:B9","name":null,"type":"infra","comment":null,"wep":"2","channel":10,"bcninterval":0,"freenet":"?","dhcp":"?","paynet":"?","userfound":false,"encryption":"wpa2"},{"trilat":14.6485319100000008774031812208704650402069091796875,"trilong":121.06245422000000644402462057769298553466796875,"ssid":"Deng","qos":5,"transid":"20161126-00000","firsttime":"2016-11-26T20:00:00.000Z","lasttime":"2017-03-09T02:00:00.000Z","lastupdt":"2017-03-09T02:00:00.000Z","housenumber":null,"road":null,"city":null,"region":null,"country":null,"netid":"5C:A8:6A:E0:13:21","name":null,"type":"infra","comment":null,"wep":"2","channel":5,"bcninterval":0,"freenet":"?","dhcp":"?","paynet":"?","userfound":false,"encryption":"wpa2"},{"trilat":14.6480770099999997313489075168035924434661865234375,"trilong":121.0640945399999992559969541616737842559814453125,"ssid":"HUAWEI-E5330-4601","qos":1,"transid":"20160717-00000","firsttime":"2016-07-10T07:00:00.000Z","lasttime":"2017-01-21T00:00:00.000Z","lastupdt":"2017-01-21T00:00:00.000Z","housenumber":null,"road":null,"city":null,"region":null,"country":null,"netid":"74:A5:28:13:46:01","name":null,"type":"infra","comment":null,"wep":"2","channel":11,"bcninterval":0,"freenet":"?","dhcp":"?","paynet":"?","userfound":false,"encryption":"wpa2"},{"trilat":14.64631653000000000020008883439004421234130859375,"trilong":121.0608749400000050400194595567882061004638671875,"ssid":"PLDTHOMEDSL54550","qos":4,"transid":"20161206-00000","firsttime":"2016-12-04T20:00:00.000Z","lasttime":"2017-10-26T06:00:00.000Z","lastupdt":"2017-10-26T06:00:00.000Z","housenumber":"","road":"Masinsinan","city":"","region":"","country":"PH","netid":"90:61:0C:2E:D5:16","name":null,"type":"infra","comment":null,"wep":"2","channel":11,"bcninterval":0,"freenet":"?","dhcp":"?","paynet":"?","userfound":false,"encryption":"wpa2"},{"trilat":14.6469526299999994733980201999656856060028076171875,"trilong":121.05791472999999314197339117527008056640625,"ssid":"Negative Space Cafe","qos":3,"transid":"20160907-00000","firsttime":"2016-09-03T21:00:00.000Z","lasttime":"2017-07-29T13:00:00.000Z","lastupdt":"2017-07-29T13:00:00.000Z","housenumber":"79","road":"Maginhawa","city":"","region":"","country":"PH","netid":"90:61:0C:2D:DE:F3","name":null,"type":"infra","comment":null,"wep":"2","channel":11,"bcninterval":0,"freenet":"?","dhcp":"?","paynet":"?","userfound":false,"encryption":"wpa2"},{"trilat":14.64996814999999941164787742309272289276123046875,"trilong":121.062332150000003139211912639439105987548828125,"ssid":"PLDTHOMEDSL42264","qos":0,"transid":"20170311-00000","firsttime":"2017-03-11T20:00:00.000Z","lasttime":"2017-03-11T06:00:00.000Z","lastupdt":"2017-03-11T06:00:00.000Z","housenumber":null,"road":null,"city":null,"region":null,"country":null,"netid":"90:61:0C:2E:A5:18","name":null,"type":"infra","comment":null,"wep":"2","channel":11,"bcninterval":0,"freenet":"?","dhcp":"?","paynet":"?","userfound":false,"encryption":"wpa2"},{"trilat":14.646888730000000578002072870731353759765625,"trilong":121.0625762899999955379826133139431476593017578125,"ssid":"PLDTMyDSL_Obet Pisonet","qos":5,"transid":"20140508-00000","firsttime":"2014-05-01T21:00:00.000Z","lasttime":"2017-03-03T07:00:00.000Z","lastupdt":"2017-03-03T07:00:00.000Z","housenumber":null,"road":null,"city":null,"region":null,"country":null,"netid":"90:61:0C:16:BA:84","name":null,"type":"infra","comment":null,"wep":"2","channel":11,"bcninterval":0,"freenet":"?","dhcp":"?","paynet":"?","userfound":false,"encryption":"wpa2"},{"trilat":14.64609813999999943234797683544456958770751953125,"trilong":121.062316890000005287220119498670101165771484375,"ssid":null,"qos":2,"transid":"20170715-00000","firsttime":"2017-07-09T14:00:00.000Z","lasttime":"2017-07-29T13:00:00.000Z","lastupdt":"2017-07-29T13:00:00.000Z","housenumber":"","road":"V. Francisco","city":"","region":"","country":"PH","netid":"68:72:51:6C:52:4A","name":null,"type":"infra","comment":null,"wep":"2","channel":12,"bcninterval":0,"freenet":"?","dhcp":"?","paynet":"?","userfound":false,"encryption":"wpa2"},{"trilat":14.649688720000000330401235260069370269775390625,"trilong":121.0615768400000007432026905007660388946533203125,"ssid":"Osec","qos":6,"transid":"20131130-00000","firsttime":"2013-11-27T08:00:00.000Z","lasttime":"2017-03-11T06:00:00.000Z","lastupdt":"2017-03-11T06:00:00.000Z","housenumber":null,"road":null,"city":null,"region":"Metro Manila","country":"PH","netid":"68:7F:74:08:79:0A","name":null,"type":"infra","comment":null,"wep":"2","channel":1,"bcninterval":0,"freenet":"?","dhcp":"?","paynet":"?","userfound":false,"encryption":"wpa2"},{"trilat":14.6462841000000008051529221120290458202362060546875,"trilong":121.0596466100000014876059140078723430633544921875,"ssid":"Galaxy Note 3","qos":0,"transid":"20170715-00000","firsttime":"2017-07-15T16:00:00.000Z","lasttime":"2017-07-15T01:00:00.000Z","lastupdt":"2017-07-15T01:00:00.000Z","housenumber":"","road":"Maginhawa","city":"","region":"","country":"PH","netid":"F0:25:B7:0C:E8:96","name":null,"type":"infra","comment":null,"wep":"2","channel":11,"bcninterval":0,"freenet":"?","dhcp":"?","paynet":"?","userfound":false,"encryption":"wpa2"},{"trilat":14.6464290600000008879533197614364326000213623046875,"trilong":121.0589446999999978515916154719889163970947265625,"ssid":"PLDTMyDSL","qos":1,"transid":"20170609-00000","firsttime":"2017-06-03T18:00:00.000Z","lasttime":"2017-07-29T13:00:00.000Z","lastupdt":"2017-07-29T13:00:00.000Z","housenumber":"","road":"Maginhawa","city":"","region":"","country":"PH","netid":"90:61:0C:11:8D:26","name":null,"type":"infra","comment":null,"wep":"2","channel":11,"bcninterval":0,"freenet":"?","dhcp":"?","paynet":"?","userfound":false,"encryption":"wpa2"},{"trilat":14.6463451399999993185474522761069238185882568359375,"trilong":121.06277466000000231360900215804576873779296875,"ssid":"PLDTMyDSL3DogsFran","qos":4,"transid":"20170715-00000","firsttime":"2017-06-23T08:00:00.000Z","lasttime":"2017-10-26T06:00:00.000Z","lastupdt":"2017-10-26T06:00:00.000Z","housenumber":"","road":"Salvador","city":"","region":"","country":"PH","netid":"90:61:0C:11:F8:33","name":null,"type":"infra","comment":null,"wep":"2","channel":11,"bcninterval":0,"freenet":"?","dhcp":"?","paynet":"?","userfound":false,"encryption":"wpa2"},{"trilat":14.6461334199999999583496901323087513446807861328125,"trilong":121.0628356899999999995998223312199115753173828125,"ssid":null,"qos":1,"transid":"20150120-00000","firsttime":"2015-01-16T19:00:00.000Z","lasttime":"2017-10-26T06:00:00.000Z","lastupdt":"2017-10-26T06:00:00.000Z","housenumber":"","road":"Salvador","city":"","region":"","country":"PH","netid":"90:61:0C:12:02:8B","name":null,"type":"infra","comment":null,"wep":"2","channel":11,"bcninterval":0,"freenet":"?","dhcp":"?","paynet":"?","userfound":false,"encryption":"wpa2"},{"trilat":14.6475124399999998558996594510972499847412109375,"trilong":121.06387329000000363521394319832324981689453125,"ssid":"PLDTMyDSLbrgyUPcampus","qos":5,"transid":"20130621-00000","firsttime":"2013-05-14T18:00:00.000Z","lasttime":"2017-05-07T05:00:00.000Z","lastupdt":"2017-05-07T05:00:00.000Z","housenumber":null,"road":null,"city":null,"region":"Metro Manila","country":"PH","netid":"90:61:0C:0E:54:AD","name":null,"type":"infra","comment":null,"wep":"2","channel":1,"bcninterval":0,"freenet":"?","dhcp":"?","paynet":"?","userfound":false,"encryption":"wpa2"},{"trilat":14.6466264699999992870971254887990653514862060546875,"trilong":121.059730529999995951584423892199993133544921875,"ssid":"PLDTMyDSL","qos":5,"transid":"20130621-00000","firsttime":"2013-05-22T21:00:00.000Z","lasttime":"2017-04-04T04:00:00.000Z","lastupdt":"2017-04-04T04:00:00.000Z","housenumber":null,"road":null,"city":null,"region":"Metro Manila","country":"PH","netid":"90:61:0C:0E:B4:CC","name":null,"type":"infra","comment":null,"wep":"2","channel":11,"bcninterval":0,"freenet":"?","dhcp":"?","paynet":"?","userfound":false,"encryption":"wpa2"},{"trilat":14.6463060400000006922027750988490879535675048828125,"trilong":121.0598525999999992563971318304538726806640625,"ssid":"Louie T.?s iPhone","qos":0,"transid":"20170729-00000","firsttime":"2017-07-16T19:00:00.000Z","lasttime":"2017-07-29T13:00:00.000Z","lastupdt":"2017-07-29T13:00:00.000Z","housenumber":"","road":"Maginhawa","city":"","region":"","country":"PH","netid":"6A:BF:6B:4E:F6:A5","name":null,"type":"infra","comment":null,"wep":"2","channel":6,"bcninterval":0,"freenet":"?","dhcp":"?","paynet":"?","userfound":false,"encryption":"wpa2"},{"trilat":14.646800989999999131896402104757726192474365234375,"trilong":121.059745789999993803576217032968997955322265625,"ssid":"avanza_dashcam","qos":0,"transid":"20170404-00000","firsttime":"2017-03-31T19:00:00.000Z","lasttime":"2017-04-04T04:00:00.000Z","lastupdt":"2017-04-04T04:00:00.000Z","housenumber":null,"road":null,"city":null,"region":null,"country":null,"netid":"58:70:C6:FD:81:B8","name":null,"type":"infra","comment":null,"wep":"2","channel":5,"bcninterval":0,"freenet":"?","dhcp":"?","paynet":"?","userfound":false,"encryption":"wpa2"},{"trilat":14.6471252399999993798473951756022870540618896484375,"trilong":121.06222533999999768639099784195423126220703125,"ssid":"BlueZoom","qos":3,"transid":"20170303-00000","firsttime":"2017-03-03T20:00:00.000Z","lasttime":"2017-05-07T05:00:00.000Z","lastupdt":"2017-05-07T05:00:00.000Z","housenumber":null,"road":null,"city":null,"region":null,"country":null,"netid":"94:46:96:17:00:8D","name":null,"type":"infra","comment":null,"wep":"2","channel":11,"bcninterval":0,"freenet":"?","dhcp":"?","paynet":"?","userfound":false,"encryption":"wpa2"},{"trilat":14.6469631200000005577521733357571065425872802734375,"trilong":121.062492370000001074004103429615497589111328125,"ssid":"HulaanMoPasswordKo","qos":4,"transid":"20170303-00000","firsttime":"2017-03-03T20:00:00.000Z","lasttime":"2017-07-29T13:00:00.000Z","lastupdt":"2017-07-29T13:00:00.000Z","housenumber":"","road":"Emilio Jacinto","city":"Quezon City","region":"","country":"PH","netid":"94:46:96:18:04:4C","name":null,"type":"infra","comment":null,"wep":"2","channel":1,"bcninterval":0,"freenet":"?","dhcp":"?","paynet":"?","userfound":false,"encryption":"wpa2"},{"trilat":14.647572520000000650952642899937927722930908203125,"trilong":121.063606260000000247600837610661983489990234375,"ssid":"PLDTHOMEDSL4D4H0","qos":5,"transid":"20170307-00000","firsttime":"2001-01-01T08:00:00.000Z","lasttime":"2017-05-07T05:00:00.000Z","lastupdt":"2017-05-07T05:00:00.000Z","housenumber":null,"road":null,"city":null,"region":null,"country":null,"netid":"94:46:96:18:F4:CE","name":null,"type":"infra","comment":null,"wep":"2","channel":2,"bcninterval":0,"freenet":"?","dhcp":"?","paynet":"?","userfound":false,"encryption":"wpa2"},{"trilat":14.6468772900000008263532436103560030460357666015625,"trilong":121.0622634900000065272251958958804607391357421875,"ssid":"PLDTHOMEDSLHQHK0","qos":2,"transid":"20170303-00000","firsttime":"2017-03-03T20:00:00.000Z","lasttime":"2017-07-15T01:00:00.000Z","lastupdt":"2017-07-15T01:00:00.000Z","housenumber":"","road":"B. Baluyot","city":"Quezon City","region":"","country":"PH","netid":"94:46:96:19:28:27","name":null,"type":"infra","comment":null,"wep":"2","channel":1,"bcninterval":0,"freenet":"?","dhcp":"?","paynet":"?","userfound":false,"encryption":"wpa2"},{"trilat":14.647485729999999648498487658798694610595703125,"trilong":121.0640945399999992559969541616737842559814453125,"ssid":"PLDTHOMEDSL_CRES","qos":1,"transid":"20170404-00000","firsttime":"2017-04-02T19:00:00.000Z","lasttime":"2017-09-21T05:00:00.000Z","lastupdt":"2017-09-21T05:00:00.000Z","housenumber":"","road":"B. Baluyot","city":"","region":"","country":"PH","netid":"94:46:96:19:6C:10","name":null,"type":"infra","comment":null,"wep":"2","channel":7,"bcninterval":0,"freenet":"?","dhcp":"?","paynet":"?","userfound":false,"encryption":"wpa2"},{"trilat":14.646183969999999163746906560845673084259033203125,"trilong":121.062797549999999091596691869199275970458984375,"ssid":"PLDTHOMEDSLMRMC0","qos":2,"transid":"20170715-00000","firsttime":"2017-07-09T14:00:00.000Z","lasttime":"2017-10-26T06:00:00.000Z","lastupdt":"2017-10-26T06:00:00.000Z","housenumber":"","road":"Salvador","city":"","region":"","country":"PH","netid":"94:46:96:1D:43:C2","name":null,"type":"infra","comment":null,"wep":"2","channel":7,"bcninterval":0,"freenet":"?","dhcp":"?","paynet":"?","userfound":false,"encryption":"wpa2"},{"trilat":14.646357540000000341251507052220404148101806640625,"trilong":121.05944823999999471197952516376972198486328125,"ssid":"PLDTHOMEDSLUJU40","qos":1,"transid":"20170715-00000","firsttime":"2017-07-15T16:00:00.000Z","lasttime":"2017-07-29T13:00:00.000Z","lastupdt":"2017-07-29T13:00:00.000Z","housenumber":"","road":"Maginhawa","city":"","region":"","country":"PH","netid":"94:46:96:1D:46:CE","name":null,"type":"infra","comment":null,"wep":"2","channel":1,"bcninterval":0,"freenet":"?","dhcp":"?","paynet":"?","userfound":false,"encryption":"wpa2"},{"trilat":14.646449090000000836653271107934415340423583984375,"trilong":121.06280517999999801759258843958377838134765625,"ssid":"PLDTHOMEDSL3P3P0","qos":1,"transid":"20170715-00000","firsttime":"2017-07-09T14:00:00.000Z","lasttime":"2017-10-26T06:00:00.000Z","lastupdt":"2017-10-26T06:00:00.000Z","housenumber":"","road":"Salvador","city":"","region":"","country":"PH","netid":"94:46:96:1D:4A:ED","name":null,"type":"infra","comment":null,"wep":"2","channel":1,"bcninterval":0,"freenet":"?","dhcp":"?","paynet":"?","userfound":false,"encryption":"wpa2"},{"trilat":14.6490735999999994731979313655756413936614990234375,"trilong":121.057586670000006279224180616438388824462890625,"ssid":"PLDTHOMEDSLGNGS0","qos":0,"transid":"20170609-00000","firsttime":"2017-06-03T18:00:00.000Z","lasttime":"2017-06-09T05:00:00.000Z","lastupdt":"2017-06-09T05:00:00.000Z","housenumber":null,"road":null,"city":null,"region":null,"country":null,"netid":"94:46:96:1E:9C:E0","name":null,"type":"infra","comment":null,"wep":"2","channel":11,"bcninterval":0,"freenet":"?","dhcp":"?","paynet":"?","userfound":false,"encryption":"wpa2"},{"trilat":14.6471757900000003616014510043896734714508056640625,"trilong":121.0626983599999988427953212521970272064208984375,"ssid":"PLDTHOMEDSLanamaria","qos":5,"transid":"20160907-00000","firsttime":"2016-08-11T18:00:00.000Z","lasttime":"2017-10-26T06:00:00.000Z","lastupdt":"2017-10-26T06:00:00.000Z","housenumber":"","road":"Emilio Jacinto","city":"Quezon City","region":"","country":"PH","netid":"94:46:96:0E:28:69","name":null,"type":"infra","comment":null,"wep":"2","channel":2,"bcninterval":0,"freenet":"?","dhcp":"?","paynet":"?","userfound":false,"encryption":"wpa2"},{"trilat":14.6488351800000007330027074203826487064361572265625,"trilong":121.0574264499999941335772746242582798004150390625,"ssid":"PLDTHOMEDSLN9N90","qos":0,"transid":"20170609-00000","firsttime":"2017-06-03T18:00:00.000Z","lasttime":"2017-06-09T05:00:00.000Z","lastupdt":"2017-06-09T05:00:00.000Z","housenumber":null,"road":null,"city":null,"region":null,"country":null,"netid":"94:46:96:13:AB:5B","name":null,"type":"infra","comment":null,"wep":"2","channel":11,"bcninterval":0,"freenet":"?","dhcp":"?","paynet":"?","userfound":false,"encryption":"wpa2"},{"trilat":14.6465768799999995763982951757498085498809814453125,"trilong":121.0592346199999980171924107708036899566650390625,"ssid":"bayanDSLWIFI_4FB2","qos":5,"transid":"20150808-00000","firsttime":"2015-08-07T22:00:00.000Z","lasttime":"2017-04-04T04:00:00.000Z","lastupdt":"2017-04-04T04:00:00.000Z","housenumber":null,"road":null,"city":null,"region":null,"country":null,"netid":"94:A7:B7:26:4F:B2","name":null,"type":"infra","comment":null,"wep":"2","channel":2,"bcninterval":0,"freenet":"?","dhcp":"?","paynet":"?","userfound":false,"encryption":"wpa2"},{"trilat":14.647971150000000051250026444904506206512451171875,"trilong":121.0571060200000061968239606358110904693603515625,"ssid":"RBCTY1","qos":1,"transid":"20170609-00000","firsttime":"2017-06-03T18:00:00.000Z","lasttime":"2017-07-29T13:00:00.000Z","lastupdt":"2017-07-29T13:00:00.000Z","housenumber":"63","road":"Maginhawa","city":"","region":"","country":"PH","netid":"4C:F9:5D:85:9A:FC","name":null,"type":"infra","comment":null,"wep":"2","channel":9,"bcninterval":0,"freenet":"?","dhcp":"?","paynet":"?","userfound":false,"encryption":"wpa2"},{"trilat":14.6467876399999994418976712040603160858154296875,"trilong":121.05805968999999322477378882467746734619140625,"ssid":"nextpagestudios","qos":1,"transid":"20170404-00000","firsttime":"2017-03-31T19:00:00.000Z","lasttime":"2017-06-09T05:00:00.000Z","lastupdt":"2017-06-09T05:00:00.000Z","housenumber":null,"road":null,"city":null,"region":null,"country":null,"netid":"4C:F9:5D:85:C1:70","name":null,"type":"infra","comment":null,"wep":"2","channel":4,"bcninterval":0,"freenet":"?","dhcp":"?","paynet":"?","userfound":false,"encryption":"wpa2"},{"trilat":14.6506338100000004232015271554701030254364013671875,"trilong":121.057342529999999669598764739930629730224609375,"ssid":"SKYbroadband1053","qos":0,"transid":"20170609-00000","firsttime":"2017-06-03T18:00:00.000Z","lasttime":"2017-06-09T05:00:00.000Z","lastupdt":"2017-06-09T05:00:00.000Z","housenumber":null,"road":null,"city":null,"region":null,"country":null,"netid":"50:09:59:DB:10:56","name":null,"type":"infra","comment":null,"wep":"2","channel":11,"bcninterval":0,"freenet":"?","dhcp":"?","paynet":"?","userfound":false,"encryption":"wpa2"},{"trilat":14.64629936000000043350155465304851531982421875,"trilong":121.059570309999998016792233102023601531982421875,"ssid":"HUAWEI-E5330-E36A","qos":0,"transid":"20160511-00000","firsttime":"2016-05-11T20:00:00.000Z","lasttime":"2017-07-15T01:00:00.000Z","lastupdt":"2017-11-12T08:00:00.000Z","housenumber":"","road":"Maginhawa","city":"","region":"","country":"PH","netid":"24:DF:6A:B3:E3:6A","name":null,"type":"infra","comment":null,"wep":"2","channel":1,"bcninterval":0,"freenet":"?","dhcp":"?","paynet":"?","userfound":false,"encryption":"wpa2"},{"trilat":14.6484117499999992872972143231891095638275146484375,"trilong":121.0597534200000069404268288053572177886962890625,"ssid":"BLUE BETTY","qos":1,"transid":"20170223-00000","firsttime":"2017-02-23T13:00:00.000Z","lasttime":"2017-02-23T04:00:00.000Z","lastupdt":"2017-02-23T04:00:00.000Z","housenumber":null,"road":null,"city":null,"region":null,"country":null,"netid":"6E:72:E7:DB:C1:24","name":null,"type":"infra","comment":null,"wep":"2","channel":1,"bcninterval":0,"freenet":"?","dhcp":"?","paynet":"?","userfound":false,"encryption":"wpa2"},{"trilat":14.6463088999999992978473528637550771236419677734375,"trilong":121.059570309999998016792233102023601531982421875,"ssid":"Virus","qos":0,"transid":"20170715-00000","firsttime":"2017-07-15T16:00:00.000Z","lasttime":"2017-07-15T01:00:00.000Z","lastupdt":"2017-07-15T01:00:00.000Z","housenumber":"","road":"Maginhawa","city":"","region":"","country":"PH","netid":"6E:74:BF:B1:E3:74","name":null,"type":"infra","comment":null,"wep":"2","channel":1,"bcninterval":0,"freenet":"?","dhcp":"?","paynet":"?","userfound":false,"encryption":"wpa2"},{"trilat":14.651423449999999348847268265672028064727783203125,"trilong":121.06358337000000346961314789950847625732421875,"ssid":"FunnyHorse","qos":6,"transid":"20130320-00000","firsttime":"2013-03-19T21:00:00.000Z","lasttime":"2017-05-07T05:00:00.000Z","lastupdt":"2017-05-07T05:00:00.000Z","housenumber":null,"road":null,"city":null,"region":"Metro Manila","country":"PH","netid":"58:6D:8F:08:9A:37","name":null,"type":"infra","comment":null,"wep":"2","channel":6,"bcninterval":0,"freenet":"?","dhcp":"?","paynet":"?","userfound":false,"encryption":"wpa2"},{"trilat":14.6504564300000001964008333743549883365631103515625,"trilong":121.0591735800000066092252382077276706695556640625,"ssid":"Maria Elizabeth","qos":1,"transid":"20170121-00000","firsttime":"2017-01-20T12:00:00.000Z","lasttime":"2017-03-05T18:00:00.000Z","lastupdt":"2017-03-05T18:00:00.000Z","housenumber":null,"road":null,"city":null,"region":null,"country":null,"netid":"6E:94:F8:CA:4F:80","name":null,"type":"infra","comment":null,"wep":"2","channel":6,"bcninterval":0,"freenet":"?","dhcp":"?","paynet":"?","userfound":false,"encryption":"wpa2"},{"trilat":14.6465406399999995556981957633979618549346923828125,"trilong":121.0590515100000033044125302694737911224365234375,"ssid":"ElwinGalaxyS5","qos":0,"transid":"20170729-00000","firsttime":"2017-07-16T19:00:00.000Z","lasttime":"2017-07-29T13:00:00.000Z","lastupdt":"2017-07-29T13:00:00.000Z","housenumber":"","road":"Magiting","city":"","region":"","country":"PH","netid":"84:38:38:AE:37:BA","name":null,"type":"infra","comment":null,"wep":"2","channel":11,"bcninterval":0,"freenet":"?","dhcp":"?","paynet":"?","userfound":false,"encryption":"wpa2"},{"trilat":14.6487111999999992661969372420571744441986083984375,"trilong":121.05957793999999694278812967240810394287109375,"ssid":"j.coconut","qos":0,"transid":"20130815-00000","firsttime":"2013-08-12T20:00:00.000Z","lasttime":"2017-02-26T10:00:00.000Z","lastupdt":"2017-02-26T10:00:00.000Z","housenumber":null,"road":null,"city":null,"region":"Metro Manila","country":"PH","netid":"6C:F3:73:55:75:00","name":null,"type":"infra","comment":null,"wep":"2","channel":6,"bcninterval":0,"freenet":"?","dhcp":"?","paynet":"?","userfound":false,"encryption":"wpa2"},{"trilat":14.650722500000000536601874046027660369873046875,"trilong":121.0572814899999940507768769748508930206298828125,"ssid":null,"qos":0,"transid":"20170609-00000","firsttime":"2017-06-03T18:00:00.000Z","lasttime":"2017-06-09T05:00:00.000Z","lastupdt":"2017-06-09T05:00:00.000Z","housenumber":null,"road":null,"city":null,"region":null,"country":null,"netid":"88:DE:A9:DB:DA:7B","name":null,"type":"infra","comment":null,"wep":"2","channel":9,"bcninterval":0,"freenet":"?","dhcp":"?","paynet":"?","userfound":false,"encryption":"wpa2"},{"trilat":14.6468362800000004853018253925256431102752685546875,"trilong":121.0626602199999979347921907901763916015625,"ssid":"HUAWEI-69A2","qos":0,"transid":"20171026-00000","firsttime":"2017-10-26T20:00:00.000Z","lasttime":"2017-10-26T06:00:00.000Z","lastupdt":"2017-10-26T06:00:00.000Z","housenumber":"","road":"Salvador","city":"","region":"","country":"PH","netid":"8C:25:05:2E:69:A2","name":null,"type":"infra","comment":null,"wep":"2","channel":1,"bcninterval":0,"freenet":"?","dhcp":"?","paynet":"?","userfound":false,"encryption":"wpa2"},{"trilat":14.6506996199999992569473761250264942646026611328125,"trilong":121.059730529999995951584423892199993133544921875,"ssid":"HUAWEI-E5330-CF8C","qos":0,"transid":"20170222-00000","firsttime":"2017-02-14T18:00:00.000Z","lasttime":"2017-02-22T15:00:00.000Z","lastupdt":"2017-02-22T15:00:00.000Z","housenumber":null,"road":null,"city":null,"region":null,"country":null,"netid":"8C:34:FD:86:CF:8C","name":null,"type":"infra","comment":null,"wep":"2","channel":10,"bcninterval":0,"freenet":"?","dhcp":"?","paynet":"?","userfound":false,"encryption":"wpa2"},{"trilat":14.64708710000000024820110411383211612701416015625,"trilong":121.063766479999998182393028400838375091552734375,"ssid":"NAHDALSNEHPETS","qos":3,"transid":"20140915-00000","firsttime":"2014-09-15T18:00:00.000Z","lasttime":"2017-03-03T07:00:00.000Z","lastupdt":"2017-03-03T07:00:00.000Z","housenumber":null,"road":null,"city":null,"region":null,"country":null,"netid":"9C:A9:E4:9A:F9:EF","name":null,"type":"infra","comment":null,"wep":"2","channel":6,"bcninterval":0,"freenet":"?","dhcp":"?","paynet":"?","userfound":false,"encryption":"wpa2"},{"trilat":14.646968839999999545398168265819549560546875,"trilong":121.0577850300000051220195018686354160308837890625,"ssid":"TD-W8901N_D663C","qos":3,"transid":"20170303-00000","firsttime":"2017-03-03T19:00:00.000Z","lasttime":"2017-07-29T13:00:00.000Z","lastupdt":"2017-07-29T13:00:00.000Z","housenumber":"","road":"Maginhawa","city":"","region":"","country":"PH","netid":"84:16:F9:ED:66:3C","name":null,"type":"infra","comment":null,"wep":"2","channel":1,"bcninterval":0,"freenet":"?","dhcp":"?","paynet":"?","userfound":false,"encryption":"wpa2"},{"trilat":14.64691447999999951434801914729177951812744140625,"trilong":121.0579452500000030568116926588118076324462890625,"ssid":"HUAWEI-E5330-320E","qos":0,"transid":"20170303-00000","firsttime":"2017-03-03T19:00:00.000Z","lasttime":"2017-03-03T04:00:00.000Z","lastupdt":"2017-03-03T04:00:00.000Z","housenumber":null,"road":null,"city":null,"region":null,"country":null,"netid":"9C:C1:72:C0:32:0E","name":null,"type":"infra","comment":null,"wep":"2","channel":5,"bcninterval":0,"freenet":"?","dhcp":"?","paynet":"?","userfound":false,"encryption":"wpa2"},{"trilat":14.6472854600000008673532647662796080112457275390625,"trilong":121.062522889999996777987689711153507232666015625,"ssid":"mike hotspot","qos":0,"transid":"20170320-00000","firsttime":"2017-03-21T11:00:00.000Z","lasttime":"2017-03-20T22:00:00.000Z","lastupdt":"2017-03-20T22:00:00.000Z","housenumber":null,"road":null,"city":null,"region":null,"country":null,"netid":"9A:0C:A5:BB:03:6E","name":null,"type":"infra","comment":null,"wep":"2","channel":1,"bcninterval":0,"freenet":"?","dhcp":"?","paynet":"Y","userfound":false,"encryption":"wpa2"}]}