{"success":true,"totalResults":1315,"search_after":24055843,"first":1,"last":100,"resultCount":100,"results":[{"trilat":14.6463022200000008155029718182049691677093505859375,"trilong":121.0609207199999985959948389790952205657958984375,"ssid":"FRANCISCO-PC_Network","qos":5,"transid":"20130301-00000","firsttime":"2013-02-24T20:00:00.000Z","lasttime":"2017-07-15T01:00:00.000Z","lastupdt":"2017-07-15T01:00:00.000Z","housenumber":"","road":"Masinsinan","city":"","region":"","country":"PH","netid":"00:24:01:B8:D1:9D","name":null,"type":"infra","comment":null,"wep":"2","channel":6,"bcninterval":0,"freenet":"?","dhcp":"?","paynet":"?","userfound":false,"encryption":"wpa2"},{"trilat":14.6470756499999996691485648625530302524566650390625,"trilong":121.0625686599999966119867167435586452484130859375,"ssid":"HomeBro_ULTERA","qos":4,"transid":"20170303-00000","firsttime":"2017-03-03T20:00:00.000Z","lasttime":"2017-10-26T06:00:00.000Z","lastupdt":"2017-10-26T06:00:00.000Z","housenumber":"","road":"Emilio Jacinto","city":"Quezon City","region":"","country":"PH","netid":"00:1F:FB:B2:AD:B9","name":null,"type":"infra","comment":null,"wep":"2","channel":10,"bcninterval":0,"freenet":"?","dhcp":"?","paynet":"?","userfound":false,"encryption":"wpa2"},{"trilat":14.646747590000000371901478501968085765838623046875,"trilong":121.06264496000000008280039764940738677978515625,"ssid":"Ferrari Ultera","qos":0,"transid":"20170715-00000","firsttime":"2017-07-15T16:00:00.000Z","lasttime":"2017-07-15T01:00:00.000Z","lastupdt":"2017-07-15T01:00:00.000Z","housenumber":"","road":"Salvador","city":"","region":"","country":"PH","netid":"00:1F:FB:B7:A0:01","name":null,"type":"infra","comment":null,"wep":"2","channel":11,"bcninterval":0,"freenet":"?","dhcp":"?","paynet":"?","userfound":false,"encryption":"wpa2"},{"trilat":14.6476316499999992259972714236937463283538818359375,"trilong":121.0644073499999961995854391716420650482177734375,"ssid":"HomeBro_ULTERA","qos":4,"transid":"20170314-00000","firsttime":"2017-03-14T18:00:00.000Z","lasttime":"2017-09-21T05:00:00.000Z","lastupdt":"2017-09-21T05:00:00.000Z","housenumber":"","road":"Carlos P. Garcia Avenue","city":"Quezon City","region":"","country":"PH","netid":"00:1F:FB:BB:34:2F","name":null,"type":"infra","comment":null,"wep":"2","channel":1,"bcninterval":0,"freenet":"?","dhcp":"?","paynet":"?","userfound":false,"encryption":"wpa2"},{"trilat":14.6497182800000000924001142266206443309783935546875,"trilong":121.062232969999996612386894412338733673095703125,"ssid":"Bhebang","qos":5,"transid":"20130317-00000","firsttime":"2013-03-17T19:00:00.000Z","lasttime":"2017-05-07T05:00:00.000Z","lastupdt":"2017-05-07T05:00:00.000Z","housenumber":null,"road":null,"city":null,"region":"Metro Manila","country":"PH","netid":"00:1C:10:C0:E6:F1","name":null,"type":"infra","comment":null,"wep":"W","channel":11,"bcninterval":0,"freenet":"?","dhcp":"?","paynet":"?","userfound":false,"encryption":"wpa"},{"trilat":14.6497974400000003925015334971249103546142578125,"trilong":121.0622940100000022312087821774184703826904296875,"ssid":"WiFi - Guest","qos":6,"transid":"20151015-00000","firsttime":"2015-09-23T20:00:00.000Z","lasttime":"2017-05-07T05:00:00.000Z","lastupdt":"2017-05-07T05:00:00.000Z","housenumber":null,"road":null,"city":null,"region":null,"country":null,"netid":"06:19:BE:80:83:AC","name":null,"type":"infra","comment":null,"wep":"?","channel":6,"bcninterval":0,"freenet":"?","dhcp":"?","paynet":"?","userfound":false,"encryption":"unknown"},{"trilat":14.6467094400000004128514774492941796779632568359375,"trilong":121.05954742000000123880454339087009429931640625,"ssid":"Tonlengo","qos":2,"transid":"20160907-00000","firsttime":"2016-09-03T21:00:00.000Z","lasttime":"2017-04-04T04:00:00.000Z","lastupdt":"2017-04-04T04:00:00.000Z","housenumber":null,"road":null,"city":null,"region":null,"country":null,"netid":"00:22:3F:19:41:1C","name":null,"type":"infra","comment":null,"wep":"W","channel":6,"bcninterval":0,"freenet":"?","dhcp":"?","paynet":"?","userfound":false,"encryption":"wpa"},{"trilat":14.6467075300000004745015758089721202850341796875,"trilong":121.0582199100000053704206948168575763702392578125,"ssid":"BuraotNET-G-AES","qos":5,"transid":"20130408-00000","firsttime":"2013-04-08T21:00:00.000Z","lasttime":"2017-07-29T13:00:00.000Z","lastupdt":"2017-07-29T13:00:00.000Z","housenumber":"","road":"Maginhawa","city":"","region":"","country":"PH","netid":"00:24:A5:D7:87:D3","name":null,"type":"infra","comment":null,"wep":"W","channel":9,"bcninterval":0,"freenet":"?","dhcp":"?","paynet":"?","userfound":false,"encryption":"wpa"},{"trilat":14.6507062900000004646017259801737964153289794921875,"trilong":121.060859679999992977172951214015483856201171875,"ssid":"Lithic Lab","qos":5,"transid":"20150812-00000","firsttime":"2015-08-09T18:00:00.000Z","lasttime":"2017-06-09T05:00:00.000Z","lastupdt":"2017-06-09T05:00:00.000Z","housenumber":null,"road":null,"city":null,"region":null,"country":null,"netid":"00:23:69:10:FD:4C","name":null,"type":"infra","comment":null,"wep":"Y","channel":6,"bcninterval":0,"freenet":"?","dhcp":"?","paynet":"?","userfound":false,"encryption":"wep"},{"trilat":14.646846769999999793299139128066599369049072265625,"trilong":121.060928340000003800014383159577846527099609375,"ssid":"ThePalace_2","qos":0,"transid":"20170715-00000","firsttime":"2017-07-15T16:00:00.000Z","lasttime":"2017-07-15T01:00:00.000Z","lastupdt":"2017-07-15T01:00:00.000Z","housenumber":"60","road":"Magiting","city":"","region":"","country":"PH","netid":"04:A1:51:D5:FB:B8","name":null,"type":"infra","comment":null,"wep":"2","channel":1,"bcninterval":0,"freenet":"?","dhcp":"?","paynet":"?","userfound":false,"encryption":"wpa2"},{"trilat":14.647390370000000103800630313344299793243408203125,"trilong":121.054275509999996529586496762931346893310546875,"ssid":"YujInn 3rd floor","qos":5,"transid":"20141230-00000","firsttime":"2014-11-19T18:00:00.000Z","lasttime":"2017-07-29T13:00:00.000Z","lastupdt":"2017-07-29T13:00:00.000Z","housenumber":"14","road":"Mahinhin","city":"Quezon City","region":"","country":"PH","netid":"00:26:75:E4:F0:50","name":null,"type":"infra","comment":null,"wep":"W","channel":11,"bcninterval":0,"freenet":"?","dhcp":"?","paynet":"?","userfound":false,"encryption":"wpa"},{"trilat":14.650898930000000319751052302308380603790283203125,"trilong":121.0572357199999942167778499424457550048828125,"ssid":"ChooseHappiness","qos":0,"transid":"20170609-00000","firsttime":"2017-06-03T18:00:00.000Z","lasttime":"2017-06-09T05:00:00.000Z","lastupdt":"2017-06-09T05:00:00.000Z","housenumber":null,"road":null,"city":null,"region":null,"country":null,"netid":"00:26:75:EF:7C:D8","name":null,"type":"infra","comment":null,"wep":"W","channel":9,"bcninterval":0,"freenet":"?","dhcp":"?","paynet":"?","userfound":false,"encryption":"wpa"},{"trilat":14.649946209999999524598024436272680759429931640625,"trilong":121.0620193499999999175997800193727016448974609375,"ssid":"bayanDSLWiFi_BD51","qos":5,"transid":"20140901-00000","firsttime":"2001-01-01T08:00:00.000Z","lasttime":"2017-03-22T04:00:00.000Z","lastupdt":"2017-03-22T04:00:00.000Z","housenumber":null,"road":null,"city":null,"region":null,"country":null,"netid":"00:26:75:9A:BD:51","name":null,"type":"infra","comment":null,"wep":"2","channel":2,"bcninterval":0,"freenet":"?","dhcp":"?","paynet":"?","userfound":false,"encryption":"wpa2"},{"trilat":14.646421430000000185600583790801465511322021484375,"trilong":121.0524978600000025608096620999276638031005859375,"ssid":"QCGAS 3","qos":0,"transid":"20171016-00000","firsttime":"2017-10-17T10:00:00.000Z","lasttime":"2017-10-17T04:00:00.000Z","lastupdt":"2017-10-17T04:00:00.000Z","housenumber":"","road":"Mayaman","city":"Quezon City","region":"","country":"PH","netid":"00:26:75:F4:B3:C5","name":null,"type":"infra","comment":null,"wep":"2","channel":11,"bcninterval":0,"freenet":"?","dhcp":"?","paynet":"?","userfound":false,"encryption":"wpa2"},{"trilat":14.646810529999999772599039715714752674102783203125,"trilong":121.061111449999998512794263660907745361328125,"ssid":"AUCTUSNEW2","qos":5,"transid":"20150808-00000","firsttime":"2015-08-07T22:00:00.000Z","lasttime":"2017-10-26T06:00:00.000Z","lastupdt":"2017-10-26T06:00:00.000Z","housenumber":"60","road":"Magiting","city":"","region":"","country":"PH","netid":"00:26:75:F4:B3:F1","name":null,"type":"infra","comment":null,"wep":"2","channel":6,"bcninterval":0,"freenet":"?","dhcp":"?","paynet":"?","userfound":false,"encryption":"wpa2"},{"trilat":14.6508741400000008781034921412356197834014892578125,"trilong":121.059303279999994629179127514362335205078125,"ssid":"bayanDSLWiFi_6E06","qos":6,"transid":"20140813-00000","firsttime":"2014-08-13T07:00:00.000Z","lasttime":"2017-03-07T18:00:00.000Z","lastupdt":"2017-03-07T18:00:00.000Z","housenumber":null,"road":null,"city":null,"region":null,"country":null,"netid":"00:26:75:B7:6E:06","name":null,"type":"infra","comment":null,"wep":"2","channel":10,"bcninterval":0,"freenet":"?","dhcp":"?","paynet":"?","userfound":false,"encryption":"wpa2"},{"trilat":14.6501302700000000100999386631883680820465087890625,"trilong":121.059310909999993555175024084746837615966796875,"ssid":"Onins","qos":3,"transid":"20140224-00000","firsttime":"2014-02-20T07:00:00.000Z","lasttime":"2017-03-11T06:00:00.000Z","lastupdt":"2017-03-11T06:00:00.000Z","housenumber":null,"road":null,"city":null,"region":null,"country":null,"netid":"00:26:75:AC:36:08","name":null,"type":"infra","comment":null,"wep":"2","channel":9,"bcninterval":0,"freenet":"?","dhcp":"?","paynet":"?","userfound":false,"encryption":"wpa2"},{"trilat":14.6490249600000002061506165773607790470123291015625,"trilong":121.05956267999999909079633653163909912109375,"ssid":"k.net","qos":5,"transid":"20170222-00000","firsttime":"2017-02-14T18:00:00.000Z","lasttime":"2017-05-07T05:00:00.000Z","lastupdt":"2017-05-07T05:00:00.000Z","housenumber":null,"road":null,"city":null,"region":null,"country":null,"netid":"04:8D:38:A2:56:EB","name":null,"type":"infra","comment":null,"wep":"2","channel":1,"bcninterval":0,"freenet":"?","dhcp":"?","paynet":"?","userfound":false,"encryption":"wpa2"},{"trilat":14.646918299999999391047822427935898303985595703125,"trilong":121.062393189999994547179085202515125274658203125,"ssid":"AURA DESIRE","qos":0,"transid":"20170303-00000","firsttime":"2017-03-03T20:00:00.000Z","lasttime":"2017-03-03T07:00:00.000Z","lastupdt":"2017-03-03T07:00:00.000Z","housenumber":null,"road":null,"city":null,"region":null,"country":null,"netid":"00:27:15:FC:74:C1","name":null,"type":"infra","comment":null,"wep":"2","channel":6,"bcninterval":0,"freenet":"?","dhcp":"?","paynet":"?","userfound":false,"encryption":"wpa2"},{"trilat":14.6478042599999991324466463993303477764129638671875,"trilong":121.059829710000002478409442119300365447998046875,"ssid":"pogi","qos":0,"transid":"20170609-00000","firsttime":"2017-05-26T09:00:00.000Z","lasttime":"2017-06-09T05:00:00.000Z","lastupdt":"2017-06-09T05:00:00.000Z","housenumber":null,"road":null,"city":null,"region":null,"country":null,"netid":"00:26:2F:3E:E1:CE","name":null,"type":"infra","comment":null,"wep":"2","channel":6,"bcninterval":0,"freenet":"?","dhcp":"?","paynet":"?","userfound":false,"encryption":"wpa2"},{"trilat":14.6460380600000004136518327868543565273284912109375,"trilong":121.0603637699999950427809380926191806793212890625,"ssid":"frappuccino","qos":0,"transid":"20170715-00000","firsttime":"2017-07-15T16:00:00.000Z","lasttime":"2017-07-15T01:00:00.000Z","lastupdt":"2017-07-15T01:00:00.000Z","housenumber":"","road":"Maginhawa","city":"","region":"","country":"PH","netid":"00:23:B1:68:E7:8A","name":null,"type":"infra","comment":null,"wep":"2","channel":1,"bcninterval":0,"freenet":"?","dhcp":"?","paynet":"?","userfound":false,"encryption":"wpa2"},{"trilat":14.6467504500000007539028956671245396137237548828125,"trilong":121.06012726000000157000613398849964141845703125,"ssid":"ReggieRage","qos":3,"transid":"20160227-00000","firsttime":"2016-02-27T20:00:00.000Z","lasttime":"2017-07-15T01:00:00.000Z","lastupdt":"2017-07-15T01:00:00.000Z","housenumber":"60","road":"Magiting","city":"","region":"","country":"PH","netid":"08:95:2A:5D:2F:85","name":null,"type":"infra","comment":null,"wep":"2","channel":11,"bcninterval":0,"freenet":"?","dhcp":"?","paynet":"?","userfound":false,"encryption":"wpa2"},{"trilat":14.6471834199999992875973475747741758823394775390625,"trilong":121.0627212499999956207830109633505344390869140625,"ssid":"TVE CCTV 1","qos":6,"transid":"20160505-00000","firsttime":"2016-03-25T11:00:00.000Z","lasttime":"2017-05-07T05:00:00.000Z","lastupdt":"2017-05-07T05:00:00.000Z","housenumber":null,"road":null,"city":null,"region":null,"country":null,"netid":"24:A4:3C:94:E9:E9","name":null,"type":"infra","comment":null,"wep":"2","channel":48,"bcninterval":0,"freenet":"?","dhcp":"?","paynet":"?","userfound":false,"encryption":"wpa2"},{"trilat":14.6512584700000001447506292606703937053680419921875,"trilong":121.0591049199999957863838062621653079986572265625,"ssid":"GGRDD-5G","qos":3,"transid":"20170223-00000","firsttime":"2017-02-23T13:00:00.000Z","lasttime":"2017-05-07T05:00:00.000Z","lastupdt":"2017-05-07T05:00:00.000Z","housenumber":null,"road":null,"city":null,"region":null,"country":null,"netid":"0A:A6:F7:4E:72:6E","name":null,"type":"infra","comment":null,"wep":"2","channel":40,"bcninterval":0,"freenet":"?","dhcp":"?","paynet":"?","userfound":false,"encryption":"wpa2"},{"trilat":14.647264480000000475001797894947230815887451171875,"trilong":121.0638122600000059492231230251491069793701171875,"ssid":"13-EVOLUTION PREPAID HOT SPOT","qos":0,"transid":"20170921-00000","firsttime":"2017-09-21T20:00:00.000Z","lasttime":"2017-09-21T05:00:00.000Z","lastupdt":"2017-09-21T05:00:00.000Z","housenumber":"","road":"B. Baluyot","city":"","region":"","country":"PH","netid":"0A:17:12:00:0A:27","name":null,"type":"infra","comment":null,"wep":"?","channel":13,"bcninterval":0,"freenet":"?","dhcp":"?","paynet":"?","userfound":false,"encryption":"unknown"},{"trilat":14.6512393999999996907490640296600759029388427734375,"trilong":121.0590591400000022304084268398582935333251953125,"ssid":"GPS","qos":0,"transid":"20170609-00000","firsttime":"2017-05-26T09:00:00.000Z","lasttime":"2017-06-09T05:00:00.000Z","lastupdt":"2017-06-09T05:00:00.000Z","housenumber":null,"road":null,"city":null,"region":null,"country":null,"netid":"08:60:6E:CE:A7:5C","name":null,"type":"infra","comment":null,"wep":"2","channel":1,"bcninterval":0,"freenet":"?","dhcp":"?","paynet":"?","userfound":false,"encryption":"wpa2"},{"trilat":14.646847720000000236950654652900993824005126953125,"trilong":121.0627059899999977687912178225815296173095703125,"ssid":"dd-wrt","qos":5,"transid":"20130207-00000","firsttime":"2013-02-07T21:00:00.000Z","lasttime":"2017-10-26T06:00:00.000Z","lastupdt":"2017-10-26T06:00:00.000Z","housenumber":"","road":"Salvador","city":"","region":"","country":"PH","netid":"08:10:74:DC:25:D8","name":null,"type":"infra","comment":null,"wep":"W","channel":6,"bcninterval":0,"freenet":"?","dhcp":"?","paynet":"?","userfound":false,"encryption":"wpa"},{"trilat":14.6467142100000007332027962547726929187774658203125,"trilong":121.0579910299999966127870720811188220977783203125,"ssid":"5GB/s-3","qos":0,"transid":"20170609-00000","firsttime":"2017-06-03T18:00:00.000Z","lasttime":"2017-06-09T05:00:00.000Z","lastupdt":"2017-06-09T05:00:00.000Z","housenumber":null,"road":null,"city":null,"region":null,"country":null,"netid":"0E:41:58:01:1D:A3","name":null,"type":"infra","comment":null,"wep":"2","channel":11,"bcninterval":0,"freenet":"?","dhcp":"?","paynet":"?","userfound":false,"encryption":"wpa2"},{"trilat":14.6466503100000000614500095252878963947296142578125,"trilong":121.0593566900000013220051187090575695037841796875,"ssid":"Zara","qos":5,"transid":"20150916-00000","firsttime":"2001-01-01T08:00:00.000Z","lasttime":"2017-07-15T01:00:00.000Z","lastupdt":"2017-07-15T01:00:00.000Z","housenumber":"","road":"Magiting","city":"","region":"","country":"PH","netid":"00:86:11:08:13:9E","name":null,"type":"infra","comment":null,"wep":"2","channel":6,"bcninterval":0,"freenet":"?","dhcp":"?","paynet":"?","userfound":false,"encryption":"wpa2"},{"trilat":14.6467857400000003309514795546419918537139892578125,"trilong":121.0581512499999945475792628712952136993408203125,"ssid":"solar_wifi","qos":2,"transid":"20170404-00000","firsttime":"2017-03-31T19:00:00.000Z","lasttime":"2017-07-29T13:00:00.000Z","lastupdt":"2017-07-29T13:00:00.000Z","housenumber":"79","road":"Maginhawa","city":"","region":"","country":"PH","netid":"64:A5:C3:6D:7D:94","name":null,"type":"infra","comment":null,"wep":"2","channel":6,"bcninterval":0,"freenet":"?","dhcp":"?","paynet":"?","userfound":false,"encryption":"wpa2"},{"trilat":14.6475419999999996178985384176485240459442138671875,"trilong":121.057518009999995456382748670876026153564453125,"ssid":"arkitek 2.4","qos":5,"transid":"20140805-00000","firsttime":"2014-08-05T19:00:00.000Z","lasttime":"2017-07-29T13:00:00.000Z","lastupdt":"2017-07-29T13:00:00.000Z","housenumber":"73","road":"Maginhawa","city":"","region":"","country":"PH","netid":"20:AA:4B:86:DD:D8","name":null,"type":"infra","comment":null,"wep":"2","channel":9,"bcninterval":0,"freenet":"?","dhcp":"?","paynet":"?","userfound":false,"encryption":"wpa2"},{"trilat":14.6513576499999995661482898867689073085784912109375,"trilong":121.052169800000001487205736339092254638671875,"ssid":"zzz","qos":0,"transid":"20170316-00000","firsttime":"2017-03-16T21:00:00.000Z","lasttime":"2017-03-16T08:00:00.000Z","lastupdt":"2017-03-16T08:00:00.000Z","housenumber":null,"road":null,"city":null,"region":null,"country":null,"netid":"60:AF:6D:7B:91:05","name":null,"type":"infra","comment":null,"wep":"2","channel":6,"bcninterval":0,"freenet":"?","dhcp":"?","paynet":"?","userfound":false,"encryption":"wpa2"},{"trilat":14.649086000000000495901986141689121723175048828125,"trilong":121.0638275099999958683838485740125179290771484375,"ssid":"Virus 2.0","qos":0,"transid":"20170507-00000","firsttime":"2017-04-20T20:00:00.000Z","lasttime":"2017-05-07T05:00:00.000Z","lastupdt":"2017-05-07T05:00:00.000Z","housenumber":null,"road":null,"city":null,"region":null,"country":null,"netid":"00:26:75:9A:A4:47","name":null,"type":"infra","comment":null,"wep":"2","channel":11,"bcninterval":0,"freenet":"?","dhcp":"?","paynet":"?","userfound":false,"encryption":"wpa2"},{"trilat":14.649075509999999411547833005897700786590576171875,"trilong":121.063652039999993803576217032968997955322265625,"ssid":"janikielb","qos":0,"transid":"20170507-00000","firsttime":"2017-04-20T20:00:00.000Z","lasttime":"2017-05-07T05:00:00.000Z","lastupdt":"2017-05-07T05:00:00.000Z","housenumber":null,"road":null,"city":null,"region":null,"country":null,"netid":"00:26:75:B7:BF:9B","name":null,"type":"infra","comment":null,"wep":"2","channel":9,"bcninterval":0,"freenet":"?","dhcp":"?","paynet":"?","userfound":false,"encryption":"wpa2"},{"trilat":14.646286010000000743502823752351105213165283203125,"trilong":121.062622070000003304812707938253879547119140625,"ssid":"RECYCLER","qos":3,"transid":"20170715-00000","firsttime":"2017-07-09T14:00:00.000Z","lasttime":"2017-10-26T06:00:00.000Z","lastupdt":"2017-10-26T06:00:00.000Z","housenumber":"","road":"Salvador","city":"","region":"","country":"PH","netid":"00:26:75:AC:28:F2","name":null,"type":"infra","comment":null,"wep":"2","channel":9,"bcninterval":0,"freenet":"?","dhcp":"?","paynet":"?","userfound":false,"encryption":"wpa2"},{"trilat":14.6506605099999998031989889568649232387542724609375,"trilong":121.0573349000000007436028681695461273193359375,"ssid":"Tantoco Network","qos":0,"transid":"20170609-00000","firsttime":"2017-06-03T18:00:00.000Z","lasttime":"2017-06-09T05:00:00.000Z","lastupdt":"2017-06-09T05:00:00.000Z","housenumber":null,"road":null,"city":null,"region":null,"country":null,"netid":"00:26:75:72:22:65","name":null,"type":"infra","comment":null,"wep":"W","channel":1,"bcninterval":0,"freenet":"?","dhcp":"?","paynet":"?","userfound":false,"encryption":"wpa"},{"trilat":14.6465978599999999687497620470821857452392578125,"trilong":121.0593872099999970259887049905955791473388671875,"ssid":"panuncialman","qos":5,"transid":"20150726-00000","firsttime":"2015-07-25T23:00:00.000Z","lasttime":"2017-06-09T05:00:00.000Z","lastupdt":"2017-06-09T05:00:00.000Z","housenumber":null,"road":null,"city":null,"region":null,"country":null,"netid":"00:26:75:F7:27:A0","name":null,"type":"infra","comment":null,"wep":"W","channel":9,"bcninterval":0,"freenet":"?","dhcp":"?","paynet":"?","userfound":false,"encryption":"wpa"},{"trilat":14.6469478599999991530467013944871723651885986328125,"trilong":121.0619201699999933907747617922723293304443359375,"ssid":"theRICHkids","qos":5,"transid":"20150726-00000","firsttime":"2015-04-27T15:00:00.000Z","lasttime":"2017-05-07T05:00:00.000Z","lastupdt":"2017-05-07T05:00:00.000Z","housenumber":null,"road":null,"city":null,"region":null,"country":null,"netid":"00:26:75:F4:86:59","name":null,"type":"infra","comment":null,"wep":"2","channel":4,"bcninterval":0,"freenet":"?","dhcp":"?","paynet":"?","userfound":false,"encryption":"wpa2"},{"trilat":14.6492977100000008050528776948340237140655517578125,"trilong":121.06445311999999603358446620404720306396484375,"ssid":"bayanDSLWiFi_CBE3","qos":0,"transid":"20170507-00000","firsttime":"2017-04-20T20:00:00.000Z","lasttime":"2017-05-07T05:00:00.000Z","lastupdt":"2017-05-07T05:00:00.000Z","housenumber":null,"road":null,"city":null,"region":null,"country":null,"netid":"00:26:75:E3:CB:E3","name":null,"type":"infra","comment":null,"wep":"2","channel":10,"bcninterval":0,"freenet":"?","dhcp":"?","paynet":"?","userfound":false,"encryption":"wpa2"},{"trilat":14.6512889899999994014478943427093327045440673828125,"trilong":121.06232452000000421321601606905460357666015625,"ssid":"HUAWEI-E5330-CC01","qos":0,"transid":"20170320-00000","firsttime":"2017-03-21T11:00:00.000Z","lasttime":"2017-03-20T22:00:00.000Z","lastupdt":"2017-03-20T22:00:00.000Z","housenumber":null,"road":null,"city":null,"region":null,"country":null,"netid":"24:00:BA:EB:CC:01","name":null,"type":"infra","comment":null,"wep":"2","channel":5,"bcninterval":0,"freenet":"?","dhcp":"?","paynet":"?","userfound":false,"encryption":"wpa2"},{"trilat":14.648043630000000092650225269608199596405029296875,"trilong":121.0622100799999998343992047011852264404296875,"ssid":"Smart","qos":0,"transid":"20170129-00000","firsttime":"2017-01-23T20:00:00.000Z","lasttime":"2017-01-29T10:00:00.000Z","lastupdt":"2017-01-29T10:00:00.000Z","housenumber":null,"road":null,"city":null,"region":null,"country":null,"netid":"24:DB:AC:2E:07:63","name":null,"type":"infra","comment":null,"wep":"2","channel":6,"bcninterval":0,"freenet":"?","dhcp":"?","paynet":"?","userfound":false,"encryption":"wpa2"},{"trilat":14.6489105199999993800474840099923312664031982421875,"trilong":121.05722045999999636478605680167675018310546875,"ssid":"HUAWEI-E8231-ea70","qos":1,"transid":"20150922-00000","firsttime":"2001-01-01T08:00:00.000Z","lasttime":"2016-09-07T19:00:00.000Z","lastupdt":"2017-01-05T16:00:00.000Z","housenumber":null,"road":null,"city":null,"region":null,"country":null,"netid":"24:09:95:07:EA:70","name":null,"type":"infra","comment":null,"wep":"2","channel":11,"bcninterval":0,"freenet":"?","dhcp":"?","paynet":"?","userfound":false,"encryption":"wpa2"},{"trilat":14.6464357399999993702977008069865405559539794921875,"trilong":121.0596542400000004136018105782568454742431640625,"ssid":"DV1KIS Wireless","qos":5,"transid":"20130802-00000","firsttime":"2013-07-30T18:00:00.000Z","lasttime":"2017-07-15T01:00:00.000Z","lastupdt":"2017-07-15T01:00:00.000Z","housenumber":"","road":"Maginhawa","city":"","region":"","country":"PH","netid":"00:B0:C0:02:77:50","name":null,"type":"infra","comment":null,"wep":"2","channel":11,"bcninterval":0,"freenet":"?","dhcp":"?","paynet":"?","userfound":false,"encryption":"wpa2"},{"trilat":14.64761161999999927729732007719576358795166015625,"trilong":121.06361388999999917359673418104648590087890625,"ssid":"SYNC_YU9C02XQ","qos":0,"transid":"20170507-00000","firsttime":"2017-04-25T12:00:00.000Z","lasttime":"2017-05-07T05:00:00.000Z","lastupdt":"2017-05-07T05:00:00.000Z","housenumber":null,"road":null,"city":null,"region":null,"country":null,"netid":"00:26:B4:CB:51:EB","name":null,"type":"infra","comment":null,"wep":"2","channel":1,"bcninterval":0,"freenet":"?","dhcp":"?","paynet":"?","userfound":false,"encryption":"wpa2"},{"trilat":14.6459293400000003515515345497988164424896240234375,"trilong":121.0629730200000011564043234102427959442138671875,"ssid":"BBVM-amJ1cmFnYXkxMjM0","qos":0,"transid":"20170715-00000","firsttime":"2017-07-09T14:00:00.000Z","lasttime":"2017-07-15T01:00:00.000Z","lastupdt":"2017-07-15T01:00:00.000Z","housenumber":"","road":"Salvador","city":"","region":"","country":"PH","netid":"00:E6:66:57:1F:D7","name":null,"type":"infra","comment":null,"wep":"?","channel":6,"bcninterval":0,"freenet":"?","dhcp":"?","paynet":"?","userfound":false,"encryption":"unknown"},{"trilat":14.650867460000000619402271695435047149658203125,"trilong":121.0605239899999929775731288827955722808837890625,"ssid":"SYNC_XT8A6ZZ4","qos":1,"transid":"20170313-00000","firsttime":"2017-03-13T21:00:00.000Z","lasttime":"2017-03-15T09:00:00.000Z","lastupdt":"2017-03-15T09:00:00.000Z","housenumber":null,"road":null,"city":null,"region":null,"country":null,"netid":"00:26:B4:86:5D:60","name":null,"type":"infra","comment":null,"wep":"2","channel":1,"bcninterval":0,"freenet":"?","dhcp":"?","paynet":"?","userfound":false,"encryption":"wpa2"},{"trilat":14.6462144900000001968010110431350767612457275390625,"trilong":121.060165409999996199985616840422153472900390625,"ssid":"Keecomatsing","qos":0,"transid":"20170729-00000","firsttime":"2017-07-16T19:00:00.000Z","lasttime":"2017-07-29T13:00:00.000Z","lastupdt":"2017-07-29T13:00:00.000Z","housenumber":"","road":"Maginhawa","city":"","region":"","country":"PH","netid":"34:8A:7B:2E:9C:F2","name":null,"type":"infra","comment":null,"wep":"2","channel":6,"bcninterval":0,"freenet":"?","dhcp":"?","paynet":"?","userfound":false,"encryption":"wpa2"},{"trilat":14.646039959999999524598024436272680759429931640625,"trilong":121.0602722200000016528065316379070281982421875,"ssid":"myCure","qos":2,"transid":"20170609-00000","firsttime":"2017-06-03T18:00:00.000Z","lasttime":"2017-07-29T13:00:00.000Z","lastupdt":"2017-07-29T13:00:00.000Z","housenumber":"","road":"Maginhawa","city":"","region":"","country":"PH","netid":"2C:30:33:E6:A4:79","name":null,"type":"infra","comment":null,"wep":"2","channel":153,"bcninterval":0,"freenet":"?","dhcp":"?","paynet":"?","userfound":false,"encryption":"wpa2"},{"trilat":14.6467208899999992155471773003228008747100830078125,"trilong":121.0601882899999992559969541616737842559814453125,"ssid":"myCure","qos":5,"transid":"20161206-00000","firsttime":"2016-12-04T20:00:00.000Z","lasttime":"2017-07-29T13:00:00.000Z","lastupdt":"2017-07-29T13:00:00.000Z","housenumber":"60","road":"Magiting","city":"","region":"","country":"PH","netid":"2C:30:33:E6:A4:7A","name":null,"type":"infra","comment":null,"wep":"2","channel":8,"bcninterval":0,"freenet":"?","dhcp":"?","paynet":"?","userfound":false,"encryption":"wpa2"},{"trilat":14.6475143400000007432026905007660388946533203125,"trilong":121.0628204300000021476080291904509067535400390625,"ssid":"twinnie","qos":0,"transid":"20170222-00000","firsttime":"2017-02-14T18:00:00.000Z","lasttime":"2017-02-22T15:00:00.000Z","lastupdt":"2017-02-22T15:00:00.000Z","housenumber":null,"road":null,"city":null,"region":null,"country":null,"netid":"2E:1F:23:48:B5:72","name":null,"type":"infra","comment":null,"wep":"2","channel":11,"bcninterval":0,"freenet":"?","dhcp":"?","paynet":"?","userfound":false,"encryption":"wpa2"},{"trilat":14.6475067100000000408499545301310718059539794921875,"trilong":121.06264496000000008280039764940738677978515625,"ssid":"DILNET-WIFI","qos":5,"transid":"20160227-00000","firsttime":"2016-02-01T16:00:00.000Z","lasttime":"2017-10-26T06:00:00.000Z","lastupdt":"2017-10-26T06:00:00.000Z","housenumber":"","road":"Emilio Jacinto","city":"Quezon City","region":"","country":"PH","netid":"2C:5D:93:1A:B2:38","name":null,"type":"infra","comment":null,"wep":"?","channel":1,"bcninterval":0,"freenet":"?","dhcp":"?","paynet":"?","userfound":false,"encryption":"unknown"},{"trilat":14.6477870899999995657481122179888188838958740234375,"trilong":121.0624084500000066100255935452878475189208984375,"ssid":"DILNET-WIFI","qos":5,"transid":"20160328-00000","firsttime":"2016-03-22T19:00:00.000Z","lasttime":"2017-05-07T05:00:00.000Z","lastupdt":"2017-05-07T05:00:00.000Z","housenumber":null,"road":null,"city":null,"region":null,"country":null,"netid":"2C:5D:93:1A:B5:28","name":null,"type":"infra","comment":null,"wep":"?","channel":1,"bcninterval":0,"freenet":"?","dhcp":"?","paynet":"?","userfound":false,"encryption":"unknown"},{"trilat":14.647944450000000671252564643509685993194580078125,"trilong":121.062316890000005287220119498670101165771484375,"ssid":"DILNET-WIFI","qos":4,"transid":"20160907-00000","firsttime":"2016-09-04T20:00:00.000Z","lasttime":"2017-05-07T05:00:00.000Z","lastupdt":"2017-05-07T05:00:00.000Z","housenumber":null,"road":null,"city":null,"region":null,"country":null,"netid":"2C:5D:93:1A:B5:58","name":null,"type":"infra","comment":null,"wep":"?","channel":11,"bcninterval":0,"freenet":"?","dhcp":"?","paynet":"?","userfound":false,"encryption":"unknown"},{"trilat":14.6502609299999999592500898870639503002166748046875,"trilong":121.0622940100000022312087821774184703826904296875,"ssid":"BRhd-cnlhbmpheQ","qos":0,"transid":"20170320-00000","firsttime":"2017-03-21T11:00:00.000Z","lasttime":"2017-03-20T22:00:00.000Z","lastupdt":"2017-03-20T22:00:00.000Z","housenumber":null,"road":null,"city":null,"region":null,"country":null,"netid":"00:27:15:84:73:1E","name":null,"type":"infra","comment":null,"wep":"?","channel":6,"bcninterval":0,"freenet":"?","dhcp":"?","paynet":"?","userfound":false,"encryption":"unknown"},{"trilat":14.6464681599999995142979969386942684650421142578125,"trilong":121.06364440999999487758032046258449554443359375,"ssid":"CHE_FLCD_LINK","qos":5,"transid":"20160227-00000","firsttime":"2016-01-30T17:00:00.000Z","lasttime":"2017-06-09T05:00:00.000Z","lastupdt":"2017-06-09T05:00:00.000Z","housenumber":null,"road":null,"city":null,"region":null,"country":null,"netid":"00:27:22:74:5E:2C","name":null,"type":"infra","comment":null,"wep":"2","channel":8,"bcninterval":0,"freenet":"?","dhcp":"?","paynet":"?","userfound":false,"encryption":"wpa2"},{"trilat":14.6476030300000008566030373913235962390899658203125,"trilong":121.058052059999994298777892254292964935302734375,"ssid":"jonathan's iPhone","qos":0,"transid":"20170129-00000","firsttime":"2001-01-01T08:00:00.000Z","lasttime":"2017-01-29T10:00:00.000Z","lastupdt":"2017-01-29T10:00:00.000Z","housenumber":null,"road":null,"city":null,"region":null,"country":null,"netid":"32:41:7F:E1:C4:BD","name":null,"type":"infra","comment":null,"wep":"2","channel":11,"bcninterval":0,"freenet":"?","dhcp":"?","paynet":"?","userfound":false,"encryption":"wpa2"},{"trilat":14.6490278200000005881520337425172328948974609375,"trilong":121.0633850100000046268178266473114490509033203125,"ssid":"Globe","qos":0,"transid":"20170507-00000","firsttime":"2017-04-20T20:00:00.000Z","lasttime":"2017-05-07T05:00:00.000Z","lastupdt":"2017-05-07T05:00:00.000Z","housenumber":null,"road":null,"city":null,"region":null,"country":null,"netid":"2C:26:C5:16:92:74","name":null,"type":"infra","comment":null,"wep":"W","channel":2,"bcninterval":0,"freenet":"?","dhcp":"?","paynet":"?","userfound":false,"encryption":"wpa"},{"trilat":14.6472435000000000826503310236148536205291748046875,"trilong":121.0638351399999947943797451443970203399658203125,"ssid":"12-EVOLUTION PREPAID HOT SPOT","qos":0,"transid":"20170921-00000","firsttime":"2017-09-21T20:00:00.000Z","lasttime":"2017-09-21T05:00:00.000Z","lastupdt":"2017-09-21T05:00:00.000Z","housenumber":"","road":"B. Baluyot","city":"","region":"","country":"PH","netid":"08:17:12:00:0A:27","name":null,"type":"infra","comment":null,"wep":"?","channel":13,"bcninterval":0,"freenet":"?","dhcp":"?","paynet":"?","userfound":false,"encryption":"unknown"},{"trilat":14.6472940400000002370006768614985048770904541015625,"trilong":121.0638198900000048752190195955336093902587890625,"ssid":"0-EVOLUTION PREPAID HOT SPOT","qos":0,"transid":"20170921-00000","firsttime":"2017-09-21T20:00:00.000Z","lasttime":"2017-09-21T05:00:00.000Z","lastupdt":"2017-09-21T05:00:00.000Z","housenumber":"","road":"B. Baluyot","city":"","region":"","country":"PH","netid":"08:17:12:00:0C:07","name":null,"type":"infra","comment":null,"wep":"?","channel":13,"bcninterval":0,"freenet":"?","dhcp":"?","paynet":"?","userfound":false,"encryption":"unknown"},{"trilat":14.6465911900000005374522515921853482723236083984375,"trilong":121.05928801999999677718733437359333038330078125,"ssid":"PLDTHOMEFIBR578","qos":5,"transid":"20140805-00000","firsttime":"2014-08-05T20:00:00.000Z","lasttime":"2017-07-15T01:00:00.000Z","lastupdt":"2017-07-15T01:00:00.000Z","housenumber":"","road":"Magiting","city":"","region":"","country":"PH","netid":"34:BF:90:39:95:78","name":null,"type":"infra","comment":null,"wep":"W","channel":11,"bcninterval":0,"freenet":"?","dhcp":"?","paynet":"?","userfound":false,"encryption":"wpa"},{"trilat":14.6477594399999997420991348917596042156219482421875,"trilong":121.063880920000002561209839768707752227783203125,"ssid":"The One WiFi to Rule Them All","qos":0,"transid":"20170507-00000","firsttime":"2017-05-07T19:00:00.000Z","lasttime":"2017-05-07T05:00:00.000Z","lastupdt":"2017-05-07T05:00:00.000Z","housenumber":null,"road":null,"city":null,"region":null,"country":null,"netid":"36:69:87:10:45:04","name":null,"type":"infra","comment":null,"wep":"2","channel":6,"bcninterval":0,"freenet":"?","dhcp":"?","paynet":"?","userfound":false,"encryption":"wpa2"},{"trilat":14.6473102599999993600476955180056393146514892578125,"trilong":121.062522889999996777987689711153507232666015625,"ssid":"BcFS-QGNoZXJ5bmVsQA","qos":0,"transid":"20170326-00000","firsttime":"2017-03-25T13:00:00.000Z","lasttime":"2017-03-26T07:00:00.000Z","lastupdt":"2017-03-26T07:00:00.000Z","housenumber":null,"road":null,"city":null,"region":null,"country":null,"netid":"02:08:22:70:26:CD","name":null,"type":"infra","comment":null,"wep":"Y","channel":1,"bcninterval":0,"freenet":"?","dhcp":"?","paynet":"?","userfound":false,"encryption":"wep"},{"trilat":14.647753720000000754453139961697161197662353515625,"trilong":121.0642852799999928947727312333881855010986328125,"ssid":"bayantel68676766666","qos":0,"transid":"20170921-00000","firsttime":"2017-09-21T20:00:00.000Z","lasttime":"2017-09-21T05:00:00.000Z","lastupdt":"2017-09-21T05:00:00.000Z","housenumber":"","road":"Carlos P. Garcia Avenue","city":"Quezon City","region":"","country":"PH","netid":"02:1A:11:F3:E0:DF","name":null,"type":"infra","comment":null,"wep":"2","channel":6,"bcninterval":0,"freenet":"?","dhcp":"?","paynet":"?","userfound":false,"encryption":"wpa2"},{"trilat":14.646402359999999731599018559791147708892822265625,"trilong":121.05886841000000231360900215804576873779296875,"ssid":"SunkenGalleon5","qos":0,"transid":"20170303-00000","firsttime":"2017-03-03T20:00:00.000Z","lasttime":"2017-03-03T07:00:00.000Z","lastupdt":"2017-03-03T07:00:00.000Z","housenumber":null,"road":null,"city":null,"region":null,"country":null,"netid":"00:90:A9:10:89:7D","name":null,"type":"infra","comment":null,"wep":"2","channel":36,"bcninterval":0,"freenet":"?","dhcp":"?","paynet":"?","userfound":false,"encryption":"wpa2"},{"trilat":14.64661502999999953544829622842371463775634765625,"trilong":121.0591125499999947123797028325498104095458984375,"ssid":"CallaoMan","qos":2,"transid":"20160907-00000","firsttime":"2016-09-03T21:00:00.000Z","lasttime":"2017-07-29T13:00:00.000Z","lastupdt":"2017-07-29T13:00:00.000Z","housenumber":"","road":"Magiting","city":"","region":"","country":"PH","netid":"00:90:A9:0E:55:0B","name":null,"type":"infra","comment":null,"wep":"2","channel":6,"bcninterval":0,"freenet":"?","dhcp":"?","paynet":"?","userfound":false,"encryption":"wpa2"},{"trilat":14.6474409100000002581509761512279510498046875,"trilong":121.0641174299999960339846438728272914886474609375,"ssid":"kittykhates","qos":0,"transid":"20170303-00000","firsttime":"2017-03-03T20:00:00.000Z","lasttime":"2017-03-03T07:00:00.000Z","lastupdt":"2017-03-03T07:00:00.000Z","housenumber":null,"road":null,"city":null,"region":null,"country":null,"netid":"00:9A:CD:BF:F0:18","name":null,"type":"infra","comment":null,"wep":"2","channel":9,"bcninterval":0,"freenet":"?","dhcp":"?","paynet":"?","userfound":false,"encryption":"wpa2"},{"trilat":14.6464872400000007957032721606083214282989501953125,"trilong":121.05847930999999562118318863213062286376953125,"ssid":"Karlos?s iPhone","qos":0,"transid":"20170609-00000","firsttime":"2017-06-03T18:00:00.000Z","lasttime":"2017-06-09T05:00:00.000Z","lastupdt":"2017-06-09T05:00:00.000Z","housenumber":null,"road":null,"city":null,"region":null,"country":null,"netid":"2E:D7:46:8A:4B:53","name":null,"type":"infra","comment":null,"wep":"2","channel":6,"bcninterval":0,"freenet":"?","dhcp":"?","paynet":"?","userfound":false,"encryption":"wpa2"},{"trilat":14.6473207500000004444018486537970602512359619140625,"trilong":121.0637588499999992563971318304538726806640625,"ssid":"Voodoo","qos":3,"transid":"20130506-00000","firsttime":"2001-01-01T08:00:00.000Z","lasttime":"2017-09-21T05:00:00.000Z","lastupdt":"2017-09-21T05:00:00.000Z","housenumber":"","road":"B. Baluyot","city":"","region":"","country":"PH","netid":"0C:37:DC:23:02:80","name":null,"type":"infra","comment":null,"wep":"Y","channel":6,"bcninterval":0,"freenet":"?","dhcp":"?","paynet":"?","userfound":false,"encryption":"wep"},{"trilat":14.6467895499999993802475728443823754787445068359375,"trilong":121.0607910199999963651862344704568386077880859375,"ssid":"Find your own wifi","qos":0,"transid":"20170303-00000","firsttime":"2017-03-03T20:00:00.000Z","lasttime":"2017-03-03T07:00:00.000Z","lastupdt":"2017-03-03T07:00:00.000Z","housenumber":null,"road":null,"city":null,"region":null,"country":null,"netid":"24:1F:A0:5D:38:2B","name":null,"type":"infra","comment":null,"wep":"2","channel":9,"bcninterval":0,"freenet":"?","dhcp":"?","paynet":"?","userfound":false,"encryption":"wpa2"},{"trilat":14.6495647400000006399523044819943606853485107421875,"trilong":121.0643615700000026436100597493350505828857421875,"ssid":"HUAWEI-E5330-3921","qos":0,"transid":"20170507-00000","firsttime":"2017-04-20T20:00:00.000Z","lasttime":"2017-05-07T05:00:00.000Z","lastupdt":"2017-05-07T05:00:00.000Z","housenumber":null,"road":null,"city":null,"region":null,"country":null,"netid":"24:00:BA:25:39:21","name":null,"type":"infra","comment":null,"wep":"2","channel":4,"bcninterval":0,"freenet":"?","dhcp":"?","paynet":"?","userfound":false,"encryption":"wpa2"},{"trilat":14.6499805500000004343519321992062032222747802734375,"trilong":121.0594024699999948779804981313645839691162109375,"ssid":"AndroidAP","qos":0,"transid":"20170129-00000","firsttime":"2017-01-25T11:00:00.000Z","lasttime":"2017-01-29T10:00:00.000Z","lastupdt":"2017-09-06T05:00:00.000Z","housenumber":"","road":"Carlos P. Garcia Avenue","city":"Quezon City","region":"","country":"PH","netid":"08:FD:0E:E2:E1:69","name":null,"type":"infra","comment":null,"wep":"2","channel":11,"bcninterval":0,"freenet":"?","dhcp":"?","paynet":"?","userfound":false,"encryption":"wpa2"},{"trilat":14.649121279999999245546860038302838802337646484375,"trilong":121.063705440000006774425855837762355804443359375,"ssid":"globeyeah","qos":0,"transid":"20170507-00000","firsttime":"2017-04-20T20:00:00.000Z","lasttime":"2017-05-07T05:00:00.000Z","lastupdt":"2017-05-07T05:00:00.000Z","housenumber":null,"road":null,"city":null,"region":null,"country":null,"netid":"0C:37:DC:4B:FC:91","name":null,"type":"infra","comment":null,"wep":"2","channel":6,"bcninterval":0,"freenet":"?","dhcp":"?","paynet":"?","userfound":false,"encryption":"wpa2"},{"trilat":14.6466140700000000407499101129360496997833251953125,"trilong":121.0589370699999989255957189016044139862060546875,"ssid":"Hiei@Wifi","qos":2,"transid":"20170609-00000","firsttime":"2017-06-03T18:00:00.000Z","lasttime":"2017-07-29T13:00:00.000Z","lastupdt":"2017-07-29T13:00:00.000Z","housenumber":"","road":"Maginhawa","city":"","region":"","country":"PH","netid":"0C:F4:D5:55:99:28","name":null,"type":"infra","comment":null,"wep":"2","channel":11,"bcninterval":0,"freenet":"?","dhcp":"?","paynet":"?","userfound":false,"encryption":"wpa2"},{"trilat":14.651143069999999823949110577814280986785888671875,"trilong":121.0634994499999947947799228131771087646484375,"ssid":"B593_00A95","qos":5,"transid":"20161217-00000","firsttime":"2016-12-11T16:00:00.000Z","lasttime":"2017-03-24T04:00:00.000Z","lastupdt":"2017-03-24T04:00:00.000Z","housenumber":null,"road":null,"city":null,"region":null,"country":null,"netid":"1C:8E:5C:40:0A:95","name":null,"type":"infra","comment":null,"wep":"2","channel":9,"bcninterval":0,"freenet":"?","dhcp":"?","paynet":"?","userfound":false,"encryption":"wpa2"},{"trilat":14.646102909999999752699295640923082828521728515625,"trilong":121.0601882899999992559969541616737842559814453125,"ssid":"NailTreats Hand&footspa","qos":4,"transid":"20140813-00000","firsttime":"2014-08-07T14:00:00.000Z","lasttime":"2017-07-29T13:00:00.000Z","lastupdt":"2017-07-29T13:00:00.000Z","housenumber":"","road":"Maginhawa","city":"","region":"","country":"PH","netid":"00:26:75:B7:4C:FA","name":null,"type":"infra","comment":null,"wep":"2","channel":10,"bcninterval":0,"freenet":"?","dhcp":"?","paynet":"?","userfound":false,"encryption":"wpa2"},{"trilat":14.6493825900000000928002918954007327556610107421875,"trilong":121.06232452000000421321601606905460357666015625,"ssid":"virus ","qos":5,"transid":"20140508-00000","firsttime":"2014-04-29T18:00:00.000Z","lasttime":"2017-05-07T05:00:00.000Z","lastupdt":"2017-05-07T05:00:00.000Z","housenumber":null,"road":null,"city":null,"region":null,"country":null,"netid":"00:26:75:AB:9F:36","name":null,"type":"infra","comment":null,"wep":"2","channel":11,"bcninterval":0,"freenet":"?","dhcp":"?","paynet":"?","userfound":false,"encryption":"wpa2"},{"trilat":14.6460828799999998039993442944251000881195068359375,"trilong":121.0629882799999990083961165510118007659912109375,"ssid":"PLDTHomeDSL","qos":1,"transid":"20170715-00000","firsttime":"2017-07-09T14:00:00.000Z","lasttime":"2017-10-26T06:00:00.000Z","lastupdt":"2017-10-26T06:00:00.000Z","housenumber":"","road":"Salvador","city":"","region":"","country":"PH","netid":"00:26:75:9A:C4:2C","name":null,"type":"infra","comment":null,"wep":"2","channel":1,"bcninterval":0,"freenet":"?","dhcp":"?","paynet":"?","userfound":false,"encryption":"wpa2"},{"trilat":14.645894999999999441797626786865293979644775390625,"trilong":121.06040192000000388361513614654541015625,"ssid":"globe","qos":5,"transid":"20140813-00000","firsttime":"2014-08-09T16:00:00.000Z","lasttime":"2017-07-29T13:00:00.000Z","lastupdt":"2017-07-29T13:00:00.000Z","housenumber":"","road":"Maginhawa","city":"","region":"","country":"PH","netid":"00:26:75:CA:B5:F0","name":null,"type":"infra","comment":null,"wep":"W","channel":11,"bcninterval":0,"freenet":"?","dhcp":"?","paynet":"?","userfound":false,"encryption":"wpa"},{"trilat":14.64904403999999971119905239902436733245849609375,"trilong":121.06346892999999909079633653163909912109375,"ssid":"Disabled","qos":0,"transid":"20170507-00000","firsttime":"2017-04-20T20:00:00.000Z","lasttime":"2017-05-07T05:00:00.000Z","lastupdt":"2017-05-07T05:00:00.000Z","housenumber":null,"road":null,"city":null,"region":null,"country":null,"netid":"1C:AF:F7:40:76:5E","name":null,"type":"infra","comment":null,"wep":"2","channel":1,"bcninterval":0,"freenet":"?","dhcp":"?","paynet":"?","userfound":false,"encryption":"wpa2"},{"trilat":14.6510992099999999282999851857312023639678955078125,"trilong":121.0590820299999990083961165510118007659912109375,"ssid":"MIS-2G","qos":1,"transid":"20170307-00000","firsttime":"2017-03-07T18:00:00.000Z","lasttime":"2017-03-11T06:00:00.000Z","lastupdt":"2017-03-11T06:00:00.000Z","housenumber":null,"road":null,"city":null,"region":null,"country":null,"netid":"0A:A6:F7:4D:72:68","name":null,"type":"infra","comment":null,"wep":"2","channel":1,"bcninterval":0,"freenet":"?","dhcp":"?","paynet":"?","userfound":false,"encryption":"wpa2"},{"trilat":14.6510810899999999179499354795552790164947509765625,"trilong":121.0590515100000033044125302694737911224365234375,"ssid":"PHIVOLCS-2G","qos":0,"transid":"20170311-00000","firsttime":"2017-03-10T19:00:00.000Z","lasttime":"2017-03-11T06:00:00.000Z","lastupdt":"2017-03-11T06:00:00.000Z","housenumber":null,"road":null,"city":null,"region":null,"country":null,"netid":"0A:A6:F7:4D:72:6F","name":null,"type":"infra","comment":null,"wep":"2","channel":1,"bcninterval":0,"freenet":"?","dhcp":"?","paynet":"?","userfound":false,"encryption":"wpa2"},{"trilat":14.651305199999999473448042408563196659088134765625,"trilong":121.0590896599999979343920131213963031768798828125,"ssid":"PHIVOLCS-5G","qos":4,"transid":"20170223-00000","firsttime":"2017-02-23T13:00:00.000Z","lasttime":"2017-05-07T05:00:00.000Z","lastupdt":"2017-05-07T05:00:00.000Z","housenumber":null,"road":null,"city":null,"region":null,"country":null,"netid":"0A:A6:F7:4E:72:68","name":null,"type":"infra","comment":null,"wep":"2","channel":40,"bcninterval":0,"freenet":"?","dhcp":"?","paynet":"?","userfound":false,"encryption":"wpa2"},{"trilat":14.651261330000000526752046425826847553253173828125,"trilong":121.0590972899999968603879096917808055877685546875,"ssid":"OD-5G","qos":3,"transid":"20170223-00000","firsttime":"2017-02-23T13:00:00.000Z","lasttime":"2017-05-07T05:00:00.000Z","lastupdt":"2017-05-07T05:00:00.000Z","housenumber":null,"road":null,"city":null,"region":null,"country":null,"netid":"0A:A6:F7:4E:72:6D","name":null,"type":"infra","comment":null,"wep":"2","channel":40,"bcninterval":0,"freenet":"?","dhcp":"?","paynet":"?","userfound":false,"encryption":"wpa2"},{"trilat":14.6498031599999993801475284271873533725738525390625,"trilong":121.0622940100000022312087821774184703826904296875,"ssid":"wifi ng ina mo rin!","qos":6,"transid":"20150808-00000","firsttime":"2015-08-06T18:00:00.000Z","lasttime":"2017-05-07T05:00:00.000Z","lastupdt":"2017-05-07T05:00:00.000Z","housenumber":null,"road":null,"city":null,"region":null,"country":null,"netid":"0E:19:BE:80:83:AC","name":null,"type":"infra","comment":null,"wep":"2","channel":6,"bcninterval":0,"freenet":"?","dhcp":"?","paynet":"?","userfound":false,"encryption":"wpa2"},{"trilat":14.6477594399999997420991348917596042156219482421875,"trilong":121.063880920000002561209839768707752227783203125,"ssid":"BC4b-RCBIIEUgUiBMIOKdpPCfkpU","qos":0,"transid":"20170507-00000","firsttime":"2017-05-07T19:00:00.000Z","lasttime":"2017-05-07T05:00:00.000Z","lastupdt":"2017-05-07T05:00:00.000Z","housenumber":null,"road":null,"city":null,"region":null,"country":null,"netid":"16:36:C6:93:AA:9D","name":null,"type":"infra","comment":null,"wep":"Y","channel":6,"bcninterval":0,"freenet":"?","dhcp":"?","paynet":"?","userfound":false,"encryption":"wep"},{"trilat":14.6463327400000000722002369002439081668853759765625,"trilong":121.0592269899999990911965142004191875457763671875,"ssid":"RAWRRR FACTOR","qos":0,"transid":"20170609-00000","firsttime":"2017-06-03T18:00:00.000Z","lasttime":"2017-06-09T05:00:00.000Z","lastupdt":"2017-06-09T05:00:00.000Z","housenumber":null,"road":null,"city":null,"region":null,"country":null,"netid":"24:DF:6A:24:79:A1","name":null,"type":"infra","comment":null,"wep":"2","channel":11,"bcninterval":0,"freenet":"?","dhcp":"?","paynet":"?","userfound":false,"encryption":"wpa2"},{"trilat":14.6507663699999994832978700287640094757080078125,"trilong":121.0617370599999986779948812909424304962158203125,"ssid":"Finding Dory","qos":2,"transid":"20160907-00000","firsttime":"2016-08-11T18:00:00.000Z","lasttime":"2017-03-15T09:00:00.000Z","lastupdt":"2017-05-07T05:00:00.000Z","housenumber":null,"road":null,"city":null,"region":null,"country":null,"netid":"24:DF:6A:D2:AB:1A","name":null,"type":"infra","comment":null,"wep":"2","channel":11,"bcninterval":0,"freenet":"?","dhcp":"?","paynet":"?","userfound":false,"encryption":"wpa2"},{"trilat":14.651354789999999184146872721612453460693359375,"trilong":121.0621719399999989263960742391645908355712890625,"ssid":"sophia","qos":0,"transid":"20170321-00000","firsttime":"2017-03-22T11:00:00.000Z","lasttime":"2017-03-21T21:00:00.000Z","lastupdt":"2017-03-21T21:00:00.000Z","housenumber":null,"road":null,"city":null,"region":null,"country":null,"netid":"0E:BD:51:BD:86:0F","name":null,"type":"infra","comment":null,"wep":"2","channel":1,"bcninterval":0,"freenet":"?","dhcp":"?","paynet":"?","userfound":false,"encryption":"wpa2"},{"trilat":14.6465187100000004960520527674816548824310302734375,"trilong":121.0587539699999979347921907901763916015625,"ssid":"TVE CCTV","qos":0,"transid":"20170303-00000","firsttime":"2017-03-03T19:00:00.000Z","lasttime":"2017-03-03T04:00:00.000Z","lastupdt":"2017-03-03T04:00:00.000Z","housenumber":null,"road":null,"city":null,"region":null,"country":null,"netid":"24:A4:3C:94:EA:FE","name":null,"type":"infra","comment":null,"wep":"2","channel":36,"bcninterval":0,"freenet":"?","dhcp":"?","paynet":"?","userfound":false,"encryption":"wpa2"},{"trilat":14.6464242900000005676020009559579193592071533203125,"trilong":121.058700560000005452820914797484874725341796875,"ssid":"no wifi","qos":0,"transid":"20170303-00000","firsttime":"2017-03-03T20:00:00.000Z","lasttime":"2017-03-03T07:00:00.000Z","lastupdt":"2017-03-03T07:00:00.000Z","housenumber":null,"road":null,"city":null,"region":null,"country":null,"netid":"14:1F:78:E7:9D:95","name":null,"type":"infra","comment":null,"wep":"2","channel":1,"bcninterval":0,"freenet":"?","dhcp":"?","paynet":"?","userfound":false,"encryption":"wpa2"},{"trilat":14.6465597200000008371034709853120148181915283203125,"trilong":121.0589370699999989255957189016044139862060546875,"ssid":"xhanneley20","qos":0,"transid":"20170404-00000","firsttime":"2017-03-31T19:00:00.000Z","lasttime":"2017-04-04T04:00:00.000Z","lastupdt":"2017-04-04T04:00:00.000Z","housenumber":null,"road":null,"city":null,"region":null,"country":null,"netid":"24:DF:6A:6D:25:FE","name":null,"type":"infra","comment":null,"wep":"2","channel":11,"bcninterval":0,"freenet":"?","dhcp":"?","paynet":"?","userfound":false,"encryption":"wpa2"},{"trilat":14.6466455500000005685024007107131183147430419921875,"trilong":121.05915833000000247920979745686054229736328125,"ssid":"BGNN-c2FMdGlr8J+Ymw","qos":0,"transid":"20170303-00000","firsttime":"2017-03-03T19:00:00.000Z","lasttime":"2017-03-03T04:00:00.000Z","lastupdt":"2017-03-03T04:00:00.000Z","housenumber":null,"road":null,"city":null,"region":null,"country":null,"netid":"14:32:D1:D0:1A:D6","name":null,"type":"infra","comment":null,"wep":"?","channel":1,"bcninterval":0,"freenet":"?","dhcp":"?","paynet":"?","userfound":false,"encryption":"unknown"},{"trilat":14.646692279999999897199813858605921268463134765625,"trilong":121.0581359899999966955874697305262088775634765625,"ssid":"PLDTMyDSLBizADMIN","qos":2,"transid":"20160907-00000","firsttime":"2016-09-03T21:00:00.000Z","lasttime":"2017-06-09T05:00:00.000Z","lastupdt":"2017-06-09T05:00:00.000Z","housenumber":null,"road":null,"city":null,"region":null,"country":null,"netid":"1E:74:0D:02:3C:C8","name":null,"type":"infra","comment":null,"wep":"2","channel":1,"bcninterval":0,"freenet":"?","dhcp":"?","paynet":"?","userfound":false,"encryption":"wpa2"},{"trilat":14.6464738800000002783008312690071761608123779296875,"trilong":121.0586700399999955379826133139431476593017578125,"ssid":"#SmartWifi @StrEATMag","qos":1,"transid":"20170609-00000","firsttime":"2017-06-03T18:00:00.000Z","lasttime":"2017-07-29T13:00:00.000Z","lastupdt":"2017-07-29T13:00:00.000Z","housenumber":"88","road":"Maginhawa","city":"","region":"","country":"PH","netid":"0C:F4:D5:15:99:2C","name":null,"type":"infra","comment":null,"wep":"?","channel":124,"bcninterval":0,"freenet":"?","dhcp":"?","paynet":"?","userfound":false,"encryption":"unknown"},{"trilat":14.6466598500000007021526471362449228763580322265625,"trilong":121.0585022000000066100255935452878475189208984375,"ssid":"Bili ka wifi mo","qos":0,"transid":"20170729-00000","firsttime":"2017-07-16T19:00:00.000Z","lasttime":"2017-07-29T13:00:00.000Z","lastupdt":"2017-07-29T13:00:00.000Z","housenumber":"85","road":"Maginhawa","city":"","region":"","country":"PH","netid":"18:89:5B:AA:8E:9E","name":null,"type":"infra","comment":null,"wep":"2","channel":2,"bcninterval":0,"freenet":"?","dhcp":"?","paynet":"?","userfound":false,"encryption":"wpa2"},{"trilat":14.65125751000000065005224314518272876739501953125,"trilong":121.0591049199999957863838062621653079986572265625,"ssid":"GDAPD-5G","qos":3,"transid":"20170223-00000","firsttime":"2017-02-23T13:00:00.000Z","lasttime":"2017-05-07T05:00:00.000Z","lastupdt":"2017-05-07T05:00:00.000Z","housenumber":null,"road":null,"city":null,"region":null,"country":null,"netid":"18:A6:F7:DF:72:6F","name":null,"type":"infra","comment":null,"wep":"2","channel":40,"bcninterval":0,"freenet":"?","dhcp":"?","paynet":"?","userfound":false,"encryption":"wpa2"},{"trilat":14.65130996999999979379936121404170989990234375,"trilong":121.05902863000000024840119294822216033935546875,"ssid":"GGRDD-2G","qos":0,"transid":"20170609-00000","firsttime":"2017-05-26T09:00:00.000Z","lasttime":"2017-06-09T05:00:00.000Z","lastupdt":"2017-06-09T05:00:00.000Z","housenumber":null,"road":null,"city":null,"region":null,"country":null,"netid":"0A:A6:F7:C1:73:E1","name":null,"type":"infra","comment":null,"wep":"2","channel":6,"bcninterval":0,"freenet":"?","dhcp":"?","paynet":"?","userfound":false,"encryption":"wpa2"},{"trilat":14.6512393999999996907490640296600759029388427734375,"trilong":121.0590591400000022304084268398582935333251953125,"ssid":"SOEPD-5G","qos":0,"transid":"20170609-00000","firsttime":"2017-05-26T09:00:00.000Z","lasttime":"2017-06-09T05:00:00.000Z","lastupdt":"2017-06-09T05:00:00.000Z","housenumber":null,"road":null,"city":null,"region":null,"country":null,"netid":"0A:A6:F7:C2:73:E0","name":null,"type":"infra","comment":null,"wep":"2","channel":44,"bcninterval":0,"freenet":"?","dhcp":"?","paynet":"?","userfound":false,"encryption":"wpa2"},{"trilat":14.651187900000000041700332076288759708404541015625,"trilong":121.057167050000003882814780808985233306884765625,"ssid":"SKYbroadbandD2D3","qos":0,"transid":"20170609-00000","firsttime":"2017-06-03T18:00:00.000Z","lasttime":"2017-06-09T05:00:00.000Z","lastupdt":"2017-06-09T05:00:00.000Z","housenumber":null,"road":null,"city":null,"region":null,"country":null,"netid":"08:95:2A:5E:27:04","name":null,"type":"infra","comment":null,"wep":"2","channel":1,"bcninterval":0,"freenet":"?","dhcp":"?","paynet":"?","userfound":false,"encryption":"wpa2"},{"trilat":14.6512985199999992147468219627626240253448486328125,"trilong":121.0590896599999979343920131213963031768798828125,"ssid":"SOEPD-5G","qos":4,"transid":"20170223-00000","firsttime":"2017-02-23T13:00:00.000Z","lasttime":"2017-05-07T05:00:00.000Z","lastupdt":"2017-05-07T05:00:00.000Z","housenumber":null,"road":null,"city":null,"region":null,"country":null,"netid":"0A:A6:F7:4E:72:6C","name":null,"type":"infra","comment":null,"wep":"2","channel":40,"bcninterval":0,"freenet":"?","dhcp":"?","paynet":"?","userfound":false,"encryption":"wpa2"}]}