{"success":true,"totalResults":1315,"search_after":82386284,"first":1,"last":100,"resultCount":100,"results":[{"trilat":14.646567340000000712052496965043246746063232421875,"trilong":121.0586242699999957039835862815380096435546875,"ssid":"HUAWEI-E5330-F506","qos":0,"transid":"20170303-00000","firsttime":"2017-03-03T19:00:00.000Z","lasttime":"2017-03-03T04:00:00.000Z","lastupdt":"2017-03-03T04:00:00.000Z","housenumber":null,"road":null,"city":null,"region":null,"country":null,"netid":"24:DF:6A:B3:F5:06","name":null,"type":"infra","comment":null,"wep":"2","channel":3,"bcninterval":0,"freenet":"?","dhcp":"?","paynet":"?","userfound":false,"encryption":"wpa2"},{"trilat":14.6512765900000001551006789668463170528411865234375,"trilong":121.0642547599999971907891449518501758575439453125,"ssid":"LAN Before Time","qos":1,"transid":"20161221-00000","firsttime":"2016-12-15T13:00:00.000Z","lasttime":"2017-04-04T04:00:00.000Z","lastupdt":"2017-04-04T04:00:00.000Z","housenumber":null,"road":null,"city":null,"region":null,"country":null,"netid":"48:DB:50:21:5E:BE","name":null,"type":"infra","comment":null,"wep":"2","channel":4,"bcninterval":0,"freenet":"?","dhcp":"?","paynet":"?","userfound":false,"encryption":"wpa2"},{"trilat":14.6456947300000006606524038943462073802947998046875,"trilong":121.060829159999997273189364932477474212646484375,"ssid":"Diliman Bible Church","qos":5,"transid":"20130317-00000","firsttime":"2013-03-17T21:00:00.000Z","lasttime":"2017-07-29T13:00:00.000Z","lastupdt":"2017-07-29T13:00:00.000Z","housenumber":"","road":"Masinsinan","city":"","region":"","country":"PH","netid":"28:10:7B:F1:02:BC","name":null,"type":"infra","comment":null,"wep":"2","channel":1,"bcninterval":0,"freenet":"?","dhcp":"?","paynet":"?","userfound":false,"encryption":"wpa2"},{"trilat":14.6476297399999992876473697833716869354248046875,"trilong":121.056922909999997273189364932477474212646484375,"ssid":"HOLYFAMILY","qos":4,"transid":"20150216-00000","firsttime":"2015-02-09T17:00:00.000Z","lasttime":"2017-07-29T13:00:00.000Z","lastupdt":"2017-07-29T13:00:00.000Z","housenumber":"","road":"Mapagkawang-gawa","city":"","region":"","country":"PH","netid":"48:F8:B3:A9:6D:BC","name":null,"type":"infra","comment":null,"wep":"2","channel":2,"bcninterval":0,"freenet":"?","dhcp":"?","paynet":"?","userfound":false,"encryption":"wpa2"},{"trilat":14.648804659999999699948602938093245029449462890625,"trilong":121.0569915800000018180071492679417133331298828125,"ssid":"SKYbroadband4A5A","qos":0,"transid":"20170609-00000","firsttime":"2017-06-03T18:00:00.000Z","lasttime":"2017-06-09T05:00:00.000Z","lastupdt":"2017-06-09T05:00:00.000Z","housenumber":null,"road":null,"city":null,"region":null,"country":null,"netid":"48:00:33:62:4A:5D","name":null,"type":"infra","comment":null,"wep":"2","channel":1,"bcninterval":0,"freenet":"?","dhcp":"?","paynet":"?","userfound":false,"encryption":"wpa2"},{"trilat":14.647331239999999752399162389338016510009765625,"trilong":121.062477110000003222012310288846492767333984375,"ssid":"HUAWEI-E5330-4FC3","qos":0,"transid":"20170609-00000","firsttime":"2017-05-26T10:00:00.000Z","lasttime":"2017-06-09T05:00:00.000Z","lastupdt":"2017-06-09T05:00:00.000Z","housenumber":null,"road":null,"city":null,"region":null,"country":null,"netid":"7C:7D:3D:0C:4F:C3","name":null,"type":"infra","comment":null,"wep":"2","channel":9,"bcninterval":0,"freenet":"?","dhcp":"?","paynet":"?","userfound":false,"encryption":"wpa2"},{"trilat":14.6464147600000007543030733359046280384063720703125,"trilong":121.0592498799999958691842039115726947784423828125,"ssid":"Mitsubishi Wireless TV 478","qos":0,"transid":"20170729-00000","firsttime":"2017-07-16T19:00:00.000Z","lasttime":"2017-07-29T13:00:00.000Z","lastupdt":"2017-07-29T13:00:00.000Z","housenumber":"","road":"Magiting","city":"","region":"","country":"PH","netid":"7C:C7:09:C6:48:AE","name":null,"type":"infra","comment":null,"wep":"?","channel":36,"bcninterval":0,"freenet":"?","dhcp":"?","paynet":"?","userfound":false,"encryption":"unknown"},{"trilat":14.64754008999999967954863677732646465301513671875,"trilong":121.0632400500000045440174289979040622711181640625,"ssid":"VIRUS","qos":0,"transid":"20170223-00000","firsttime":"2017-02-23T13:00:00.000Z","lasttime":"2017-02-23T04:00:00.000Z","lastupdt":"2017-02-23T04:00:00.000Z","housenumber":null,"road":null,"city":null,"region":null,"country":null,"netid":"36:69:87:5E:9F:6A","name":null,"type":"infra","comment":null,"wep":"2","channel":7,"bcninterval":0,"freenet":"?","dhcp":"?","paynet":"?","userfound":false,"encryption":"wpa2"},{"trilat":14.6475954099999992052971720113418996334075927734375,"trilong":121.0642394999999993387973518110811710357666015625,"ssid":"Lanchaw Bin","qos":0,"transid":"20170223-00000","firsttime":"2017-02-23T13:00:00.000Z","lasttime":"2017-02-23T04:00:00.000Z","lastupdt":"2017-02-23T04:00:00.000Z","housenumber":null,"road":null,"city":null,"region":null,"country":null,"netid":"36:69:87:89:12:DD","name":null,"type":"infra","comment":null,"wep":"2","channel":11,"bcninterval":0,"freenet":"?","dhcp":"?","paynet":"?","userfound":false,"encryption":"wpa2"},{"trilat":14.6473770099999995863981894217431545257568359375,"trilong":121.057357789999997521590557880699634552001953125,"ssid":"ZTE-MF65M-4689","qos":0,"transid":"20170303-00000","firsttime":"2017-03-03T20:00:00.000Z","lasttime":"2017-03-03T04:00:00.000Z","lastupdt":"2017-03-03T04:00:00.000Z","housenumber":null,"road":null,"city":null,"region":null,"country":null,"netid":"36:69:87:B3:46:89","name":null,"type":"infra","comment":null,"wep":"2","channel":13,"bcninterval":0,"freenet":"?","dhcp":"?","paynet":"?","userfound":false,"encryption":"wpa2"},{"trilat":14.6475019500000005479023457155562937259674072265625,"trilong":121.0622863800000033052128856070339679718017578125,"ssid":"Lyon","qos":0,"transid":"20170313-00000","firsttime":"2017-03-13T21:00:00.000Z","lasttime":"2017-03-13T07:00:00.000Z","lastupdt":"2017-03-13T07:00:00.000Z","housenumber":null,"road":null,"city":null,"region":null,"country":null,"netid":"36:69:87:AB:B5:DF","name":null,"type":"infra","comment":null,"wep":"2","channel":1,"bcninterval":0,"freenet":"?","dhcp":"?","paynet":"?","userfound":false,"encryption":"wpa2"},{"trilat":14.64760399000000035130142350681126117706298828125,"trilong":121.0631256100000001652006176300346851348876953125,"ssid":"Smart Bro_ABF57C","qos":1,"transid":"20170107-00000","firsttime":"2017-01-07T16:00:00.000Z","lasttime":"2017-03-21T21:00:00.000Z","lastupdt":"2017-03-21T21:00:00.000Z","housenumber":null,"road":null,"city":null,"region":null,"country":null,"netid":"36:69:87:AB:F5:7C","name":null,"type":"infra","comment":null,"wep":"2","channel":8,"bcninterval":0,"freenet":"?","dhcp":"?","paynet":"?","userfound":false,"encryption":"wpa2"},{"trilat":14.6475772899999991949471223051659762859344482421875,"trilong":121.064445500000005040419637225568294525146484375,"ssid":"Flip","qos":0,"transid":"20170129-00000","firsttime":"2017-01-25T20:00:00.000Z","lasttime":"2017-01-29T10:00:00.000Z","lastupdt":"2017-01-29T10:00:00.000Z","housenumber":null,"road":null,"city":null,"region":null,"country":null,"netid":"36:69:87:2A:37:C8","name":null,"type":"infra","comment":null,"wep":"2","channel":7,"bcninterval":0,"freenet":"?","dhcp":"?","paynet":"?","userfound":false,"encryption":"wpa2"},{"trilat":14.646111489999999122346707736141979694366455078125,"trilong":121.0588836700000001656007952988147735595703125,"ssid":"bayanDSL","qos":5,"transid":"20130316-00000","firsttime":"2013-03-15T23:00:00.000Z","lasttime":"2017-07-15T01:00:00.000Z","lastupdt":"2017-07-15T01:00:00.000Z","housenumber":"90","road":"Maginhawa","city":"","region":"","country":"PH","netid":"38:46:08:F3:47:24","name":null,"type":"infra","comment":null,"wep":"W","channel":10,"bcninterval":0,"freenet":"?","dhcp":"?","paynet":"?","userfound":false,"encryption":"wpa"},{"trilat":14.6463317899999996285487213754095137119293212890625,"trilong":121.0628585799999967775875120423734188079833984375,"ssid":"incognito","qos":0,"transid":"20170715-00000","firsttime":"2017-07-09T14:00:00.000Z","lasttime":"2017-07-15T01:00:00.000Z","lastupdt":"2017-07-15T01:00:00.000Z","housenumber":"","road":"Salvador","city":"","region":"","country":"PH","netid":"4C:5E:0C:5E:99:C9","name":null,"type":"infra","comment":null,"wep":"2","channel":1,"bcninterval":0,"freenet":"?","dhcp":"?","paynet":"?","userfound":false,"encryption":"wpa2"},{"trilat":14.647527690000000433201421401463449001312255859375,"trilong":121.062316890000005287220119498670101165771484375,"ssid":"Macky's iPhone","qos":0,"transid":"20170313-00000","firsttime":"2017-03-13T21:00:00.000Z","lasttime":"2017-03-13T07:00:00.000Z","lastupdt":"2017-03-13T07:00:00.000Z","housenumber":null,"road":null,"city":null,"region":null,"country":null,"netid":"72:81:EB:82:E7:39","name":null,"type":"infra","comment":null,"wep":"2","channel":6,"bcninterval":0,"freenet":"?","dhcp":"?","paynet":"?","userfound":false,"encryption":"wpa2"},{"trilat":14.6488027600000005890024112886749207973480224609375,"trilong":121.0572738599999951247809804044663906097412109375,"ssid":"Jeremy","qos":0,"transid":"20170609-00000","firsttime":"2017-06-03T18:00:00.000Z","lasttime":"2017-06-09T05:00:00.000Z","lastupdt":"2017-06-09T05:00:00.000Z","housenumber":null,"road":null,"city":null,"region":null,"country":null,"netid":"72:81:EB:AC:48:7D","name":null,"type":"infra","comment":null,"wep":"2","channel":1,"bcninterval":0,"freenet":"?","dhcp":"?","paynet":"?","userfound":false,"encryption":"wpa2"},{"trilat":14.647543909999999556248440057970583438873291015625,"trilong":121.063461300000000164800439961254596710205078125,"ssid":"DILNET-WIFI","qos":6,"transid":"20160227-00000","firsttime":"2016-01-29T18:00:00.000Z","lasttime":"2017-10-28T06:00:00.000Z","lastupdt":"2017-10-28T06:00:00.000Z","housenumber":"","road":"B. Baluyot","city":"","region":"","country":"PH","netid":"2C:5D:93:1A:B5:68","name":null,"type":"infra","comment":null,"wep":"?","channel":11,"bcninterval":0,"freenet":"?","dhcp":"?","paynet":"?","userfound":false,"encryption":"unknown"},{"trilat":14.647589679999999390247467090375721454620361328125,"trilong":121.0627365099999934727748041041195392608642578125,"ssid":"DILNET-WIFI","qos":5,"transid":"20160227-00000","firsttime":"2016-02-27T19:00:00.000Z","lasttime":"2017-05-07T05:00:00.000Z","lastupdt":"2017-05-07T05:00:00.000Z","housenumber":null,"road":null,"city":null,"region":null,"country":null,"netid":"2C:5D:93:1A:B5:C8","name":null,"type":"infra","comment":null,"wep":"?","channel":11,"bcninterval":0,"freenet":"?","dhcp":"?","paynet":"?","userfound":false,"encryption":"unknown"},{"trilat":14.6476793300000007747030394966714084148406982421875,"trilong":121.0631256100000001652006176300346851348876953125,"ssid":"DILNET-WIFI","qos":6,"transid":"20160227-00000","firsttime":"2016-02-01T16:00:00.000Z","lasttime":"2017-10-28T06:00:00.000Z","lastupdt":"2017-10-28T06:00:00.000Z","housenumber":"","road":"Emilio Jacinto","city":"Quezon City","region":"","country":"PH","netid":"2C:5D:93:1A:B6:58","name":null,"type":"infra","comment":null,"wep":"?","channel":1,"bcninterval":0,"freenet":"?","dhcp":"?","paynet":"?","userfound":false,"encryption":"unknown"},{"trilat":14.6465454099999998760495145688764750957489013671875,"trilong":121.06261444000000437881681136786937713623046875,"ssid":"BlueZoom Water Refilling","qos":4,"transid":"20170715-00000","firsttime":"2017-07-09T14:00:00.000Z","lasttime":"2017-10-26T06:00:00.000Z","lastupdt":"2017-10-26T06:00:00.000Z","housenumber":"","road":"Salvador","city":"","region":"","country":"PH","netid":"4C:81:20:F3:33:63","name":null,"type":"infra","comment":null,"wep":"2","channel":1,"bcninterval":0,"freenet":"?","dhcp":"?","paynet":"?","userfound":false,"encryption":"wpa2"},{"trilat":14.6470069899999995044481693184934556484222412109375,"trilong":121.062522889999996777987689711153507232666015625,"ssid":"Saturn","qos":5,"transid":"20160907-00000","firsttime":"2016-09-03T21:00:00.000Z","lasttime":"2017-10-28T06:00:00.000Z","lastupdt":"2017-10-28T06:00:00.000Z","housenumber":"","road":"Emilio Jacinto","city":"Quezon City","region":"","country":"PH","netid":"C0:56:27:31:25:49","name":null,"type":"infra","comment":null,"wep":"2","channel":8,"bcninterval":0,"freenet":"?","dhcp":"?","paynet":"?","userfound":false,"encryption":"wpa2"},{"trilat":14.647127149999999318197296815924346446990966796875,"trilong":121.058052059999994298777892254292964935302734375,"ssid":"Androidj7","qos":0,"transid":"20170729-00000","firsttime":"2017-07-16T19:00:00.000Z","lasttime":"2017-07-29T13:00:00.000Z","lastupdt":"2017-07-29T13:00:00.000Z","housenumber":"78","road":"Maginhawa","city":"","region":"","country":"PH","netid":"50:F0:D3:5B:9A:98","name":null,"type":"infra","comment":null,"wep":"2","channel":6,"bcninterval":0,"freenet":"?","dhcp":"?","paynet":"?","userfound":false,"encryption":"wpa2"},{"trilat":14.6492614700000007843527782824821770191192626953125,"trilong":121.0617675799999943819784675724804401397705078125,"ssid":"Karla Mae?s iPhone","qos":0,"transid":"20170222-00000","firsttime":"2001-01-01T08:00:00.000Z","lasttime":"2017-02-22T15:00:00.000Z","lastupdt":"2017-04-04T04:00:00.000Z","housenumber":null,"road":null,"city":null,"region":null,"country":null,"netid":"62:33:1A:BF:89:9A","name":null,"type":"infra","comment":null,"wep":"2","channel":1,"bcninterval":0,"freenet":"?","dhcp":"?","paynet":"?","userfound":false,"encryption":"wpa2"},{"trilat":14.6467170699999993388473740196786820888519287109375,"trilong":121.058441160000000991203705780208110809326171875,"ssid":"sugarcane","qos":0,"transid":"20170729-00000","firsttime":"2017-07-16T19:00:00.000Z","lasttime":"2017-07-29T13:00:00.000Z","lastupdt":"2017-07-29T13:00:00.000Z","housenumber":"85","road":"Maginhawa","city":"","region":"","country":"PH","netid":"50:9F:27:0D:FC:2A","name":null,"type":"infra","comment":null,"wep":"2","channel":11,"bcninterval":0,"freenet":"?","dhcp":"?","paynet":"?","userfound":false,"encryption":"wpa2"},{"trilat":14.649982449999999545298123848624527454376220703125,"trilong":121.057441710000006196423782967031002044677734375,"ssid":"BrgyUPAP1","qos":0,"transid":"20170609-00000","firsttime":"2017-06-03T18:00:00.000Z","lasttime":"2017-06-09T05:00:00.000Z","lastupdt":"2017-06-09T05:00:00.000Z","housenumber":null,"road":null,"city":null,"region":null,"country":null,"netid":"04:18:D6:56:28:E1","name":null,"type":"infra","comment":null,"wep":"?","channel":36,"bcninterval":0,"freenet":"?","dhcp":"?","paynet":"?","userfound":false,"encryption":"unknown"},{"trilat":14.647871970000000629852365818805992603302001953125,"trilong":121.059165949999993472374626435339450836181640625,"ssid":"BgfN-cmx3YW5nYWc","qos":0,"transid":"20170129-00000","firsttime":"2001-01-01T08:00:00.000Z","lasttime":"2017-01-29T10:00:00.000Z","lastupdt":"2017-01-29T10:00:00.000Z","housenumber":null,"road":null,"city":null,"region":null,"country":null,"netid":"34:14:5F:33:B5:B5","name":null,"type":"infra","comment":null,"wep":"?","channel":6,"bcninterval":0,"freenet":"?","dhcp":"?","paynet":"?","userfound":false,"encryption":"unknown"},{"trilat":14.6465358699999992353468769579194486141204833984375,"trilong":121.0587921099999988427953212521970272064208984375,"ssid":"CCTV","qos":0,"transid":"20170729-00000","firsttime":"2017-07-16T19:00:00.000Z","lasttime":"2017-07-29T13:00:00.000Z","lastupdt":"2017-07-29T13:00:00.000Z","housenumber":"","road":"Maginhawa","city":"","region":"","country":"PH","netid":"5C:F2:86:21:96:EA","name":null,"type":"infra","comment":null,"wep":"2","channel":7,"bcninterval":0,"freenet":"?","dhcp":"?","paynet":"?","userfound":false,"encryption":"wpa2"},{"trilat":14.646620750000000299451130558736622333526611328125,"trilong":121.05844878999999991719960235059261322021484375,"ssid":"RDA110","qos":1,"transid":"20170303-00000","firsttime":"2017-03-03T19:00:00.000Z","lasttime":"2017-07-29T13:00:00.000Z","lastupdt":"2017-07-29T13:00:00.000Z","housenumber":"86","road":"Maginhawa","city":"","region":"","country":"PH","netid":"5C:F2:86:21:A2:37","name":null,"type":"infra","comment":null,"wep":"2","channel":7,"bcninterval":0,"freenet":"?","dhcp":"?","paynet":"?","userfound":false,"encryption":"wpa2"},{"trilat":14.64726830000000035170160117559134960174560546875,"trilong":121.06348418999999694278812967240810394287109375,"ssid":"Keanuexconde","qos":1,"transid":"20170129-00000","firsttime":"2017-01-23T20:00:00.000Z","lasttime":"2017-09-22T19:00:00.000Z","lastupdt":"2017-09-22T19:00:00.000Z","housenumber":"","road":"B. Baluyot","city":"","region":"","country":"PH","netid":"5C:F2:86:22:84:6A","name":null,"type":"infra","comment":null,"wep":"2","channel":11,"bcninterval":0,"freenet":"?","dhcp":"?","paynet":"?","userfound":false,"encryption":"wpa2"},{"trilat":14.64761161999999927729732007719576358795166015625,"trilong":121.0636673000000058664227253757417201995849609375,"ssid":"GLENDA MENDOZA","qos":0,"transid":"20160907-00000","firsttime":"2016-08-11T18:00:00.000Z","lasttime":"2016-09-07T19:00:00.000Z","lastupdt":"2017-01-21T00:00:00.000Z","housenumber":null,"road":null,"city":null,"region":null,"country":null,"netid":"5C:F2:86:22:A9:51","name":null,"type":"infra","comment":null,"wep":"2","channel":8,"bcninterval":0,"freenet":"?","dhcp":"?","paynet":"?","userfound":false,"encryption":"wpa2"},{"trilat":14.64716720999999921559719950892031192779541015625,"trilong":121.0615615800000028912108973599970340728759765625,"ssid":"KEWELL-LOUISE","qos":0,"transid":"20170507-00000","firsttime":"2017-04-25T12:00:00.000Z","lasttime":"2017-05-07T05:00:00.000Z","lastupdt":"2017-05-07T05:00:00.000Z","housenumber":null,"road":null,"city":null,"region":null,"country":null,"netid":"5C:F2:86:24:32:00","name":null,"type":"infra","comment":null,"wep":"2","channel":7,"bcninterval":0,"freenet":"?","dhcp":"?","paynet":"?","userfound":false,"encryption":"wpa2"},{"trilat":14.646274569999999215497155091725289821624755859375,"trilong":121.0626297000000022308086045086383819580078125,"ssid":"WRxBioceuticalsInc","qos":0,"transid":"20170729-00000","firsttime":"2017-07-16T19:00:00.000Z","lasttime":"2017-07-29T13:00:00.000Z","lastupdt":"2017-07-29T13:00:00.000Z","housenumber":"","road":"Salvador","city":"","region":"","country":"PH","netid":"5C:F2:86:24:35:D3","name":null,"type":"infra","comment":null,"wep":"2","channel":7,"bcninterval":0,"freenet":"?","dhcp":"?","paynet":"?","userfound":false,"encryption":"wpa2"},{"trilat":14.6457900999999992563971318304538726806640625,"trilong":121.0622863800000033052128856070339679718017578125,"ssid":"RUDY","qos":0,"transid":"20170715-00000","firsttime":"2017-06-23T08:00:00.000Z","lasttime":"2017-07-15T01:00:00.000Z","lastupdt":"2017-07-15T01:00:00.000Z","housenumber":"","road":"P. Francisco","city":"","region":"","country":"PH","netid":"5C:F2:86:25:3C:C9","name":null,"type":"infra","comment":null,"wep":"2","channel":6,"bcninterval":0,"freenet":"?","dhcp":"?","paynet":"?","userfound":false,"encryption":"wpa2"},{"trilat":14.6475334200000002482511263224296271800994873046875,"trilong":121.0622634900000065272251958958804607391357421875,"ssid":"maan","qos":0,"transid":"20170112-00000","firsttime":"2017-01-12T19:00:00.000Z","lasttime":"2017-01-12T04:00:00.000Z","lastupdt":"2017-01-12T04:00:00.000Z","housenumber":null,"road":null,"city":null,"region":null,"country":null,"netid":"5C:F2:86:25:5B:2C","name":null,"type":"infra","comment":null,"wep":"2","channel":10,"bcninterval":0,"freenet":"?","dhcp":"?","paynet":"?","userfound":false,"encryption":"wpa2"},{"trilat":14.6468496300000001753005562932230532169342041015625,"trilong":121.0607681299999995871985447593033313751220703125,"ssid":"RSMARTWIFI","qos":0,"transid":"20170715-00000","firsttime":"2017-07-15T16:00:00.000Z","lasttime":"2017-07-15T01:00:00.000Z","lastupdt":"2017-07-15T01:00:00.000Z","housenumber":"60","road":"Magiting","city":"","region":"","country":"PH","netid":"5C:F2:86:25:5C:DB","name":null,"type":"infra","comment":null,"wep":"2","channel":8,"bcninterval":0,"freenet":"?","dhcp":"?","paynet":"?","userfound":false,"encryption":"wpa2"},{"trilat":14.647218699999999813599060871638357639312744140625,"trilong":121.06254577999999355597537942230701446533203125,"ssid":"Macapia","qos":0,"transid":"20170326-00000","firsttime":"2017-03-25T13:00:00.000Z","lasttime":"2017-03-26T07:00:00.000Z","lastupdt":"2017-03-26T07:00:00.000Z","housenumber":null,"road":null,"city":null,"region":null,"country":null,"netid":"5C:F2:86:25:61:20","name":null,"type":"infra","comment":null,"wep":"2","channel":6,"bcninterval":0,"freenet":"?","dhcp":"?","paynet":"?","userfound":false,"encryption":"wpa2"},{"trilat":14.6457910499999997000486473552882671356201171875,"trilong":121.0608902000000028920112526975572109222412109375,"ssid":"Tope","qos":0,"transid":"20170715-00000","firsttime":"2017-07-15T16:00:00.000Z","lasttime":"2017-07-15T01:00:00.000Z","lastupdt":"2017-07-15T01:00:00.000Z","housenumber":"","road":"Masinsinan","city":"","region":"","country":"PH","netid":"5C:F2:86:25:8D:AA","name":null,"type":"infra","comment":null,"wep":"2","channel":7,"bcninterval":0,"freenet":"?","dhcp":"?","paynet":"?","userfound":false,"encryption":"wpa2"},{"trilat":14.647554400000000640602593193762004375457763671875,"trilong":121.0642318700000004128014552406966686248779296875,"ssid":"Joesiah","qos":0,"transid":"20170921-00000","firsttime":"2017-09-21T20:00:00.000Z","lasttime":"2017-09-21T05:00:00.000Z","lastupdt":"2017-09-21T05:00:00.000Z","housenumber":"","road":"Carlos P. Garcia Avenue","city":"Quezon City","region":"","country":"PH","netid":"5C:F2:86:25:AD:8E","name":null,"type":"infra","comment":null,"wep":"2","channel":8,"bcninterval":0,"freenet":"?","dhcp":"?","paynet":"?","userfound":false,"encryption":"wpa2"},{"trilat":14.6462898300000006202026270329952239990234375,"trilong":121.059822080000003552413545548915863037109375,"ssid":"Shayne","qos":0,"transid":"20170729-00000","firsttime":"2017-07-16T19:00:00.000Z","lasttime":"2017-07-29T13:00:00.000Z","lastupdt":"2017-07-29T13:00:00.000Z","housenumber":"","road":"Maginhawa","city":"","region":"","country":"PH","netid":"5C:F2:86:25:B3:81","name":null,"type":"infra","comment":null,"wep":"2","channel":8,"bcninterval":0,"freenet":"?","dhcp":"?","paynet":"?","userfound":false,"encryption":"wpa2"},{"trilat":14.6475019500000005479023457155562937259674072265625,"trilong":121.063362119999993637975421734154224395751953125,"ssid":"CONNECTED","qos":5,"transid":"20160619-00000","firsttime":"2001-01-01T08:00:00.000Z","lasttime":"2017-10-15T10:00:00.000Z","lastupdt":"2017-10-15T10:00:00.000Z","housenumber":"","road":"B. Baluyot","city":"","region":"","country":"PH","netid":"5C:F2:86:25:CB:16","name":null,"type":"infra","comment":null,"wep":"2","channel":6,"bcninterval":0,"freenet":"?","dhcp":"?","paynet":"?","userfound":false,"encryption":"wpa2"},{"trilat":14.6467027699999992051971275941468775272369384765625,"trilong":121.0583572400000065272251958958804607391357421875,"ssid":"Globe_LTE MIFI_A44A","qos":0,"transid":"20170729-00000","firsttime":"2017-07-16T19:00:00.000Z","lasttime":"2017-07-29T13:00:00.000Z","lastupdt":"2017-07-29T13:00:00.000Z","housenumber":"85","road":"Maginhawa","city":"","region":"","country":"PH","netid":"5C:F2:86:26:A4:4A","name":null,"type":"infra","comment":null,"wep":"2","channel":7,"bcninterval":0,"freenet":"?","dhcp":"?","paynet":"?","userfound":false,"encryption":"wpa2"},{"trilat":14.646747590000000371901478501968085765838623046875,"trilong":121.0595245399999981827932060696184635162353515625,"ssid":"Globe_LTE MIFI_EDAA","qos":0,"transid":"20170303-00000","firsttime":"2017-03-03T19:00:00.000Z","lasttime":"2017-03-03T07:00:00.000Z","lastupdt":"2017-03-03T07:00:00.000Z","housenumber":null,"road":null,"city":null,"region":null,"country":null,"netid":"5C:F2:86:27:ED:AA","name":null,"type":"infra","comment":null,"wep":"2","channel":8,"bcninterval":0,"freenet":"?","dhcp":"?","paynet":"?","userfound":false,"encryption":"wpa2"},{"trilat":14.6503620100000002679507815628312528133392333984375,"trilong":121.0644149799999951255813357420265674591064453125,"ssid":"Connectify-me","qos":0,"transid":"20170507-00000","firsttime":"2017-04-20T20:00:00.000Z","lasttime":"2017-05-07T05:00:00.000Z","lastupdt":"2017-05-07T05:00:00.000Z","housenumber":null,"road":null,"city":null,"region":null,"country":null,"netid":"5E:4B:D6:A7:18:53","name":null,"type":"infra","comment":null,"wep":"2","channel":10,"bcninterval":0,"freenet":"?","dhcp":"?","paynet":"?","userfound":false,"encryption":"wpa2"},{"trilat":14.6473159800000001240505298483185470104217529296875,"trilong":121.0625839199999944639785098843276500701904296875,"ssid":"HUAWEI-E5330-7BA4","qos":2,"transid":"20160907-00000","firsttime":"2016-09-04T20:00:00.000Z","lasttime":"2017-03-14T21:00:00.000Z","lastupdt":"2017-03-14T21:00:00.000Z","housenumber":null,"road":null,"city":null,"region":null,"country":null,"netid":"48:DB:50:8A:7B:A4","name":null,"type":"infra","comment":null,"wep":"2","channel":5,"bcninterval":0,"freenet":"?","dhcp":"?","paynet":"?","userfound":false,"encryption":"wpa2"},{"trilat":14.6472854600000008673532647662796080112457275390625,"trilong":121.062522889999996777987689711153507232666015625,"ssid":"iPad","qos":0,"transid":"20170320-00000","firsttime":"2017-03-21T11:00:00.000Z","lasttime":"2017-03-20T22:00:00.000Z","lastupdt":"2017-03-20T22:00:00.000Z","housenumber":null,"road":null,"city":null,"region":null,"country":null,"netid":"BA:01:A7:55:04:9D","name":null,"type":"infra","comment":null,"wep":"2","channel":1,"bcninterval":0,"freenet":"?","dhcp":"?","paynet":"?","userfound":false,"encryption":"wpa2"},{"trilat":14.6466445899999992974471751949749886989593505859375,"trilong":121.052337649999998347993823699653148651123046875,"ssid":"MarketMatters","qos":0,"transid":"20171016-00000","firsttime":"2017-10-17T10:00:00.000Z","lasttime":"2017-10-17T04:00:00.000Z","lastupdt":"2017-10-17T04:00:00.000Z","housenumber":"","road":"Kalayaan","city":"Quezon City","region":"","country":"PH","netid":"5C:6A:80:19:96:AA","name":null,"type":"infra","comment":null,"wep":"2","channel":6,"bcninterval":0,"freenet":"?","dhcp":"?","paynet":"?","userfound":false,"encryption":"wpa2"},{"trilat":14.6462869599999994107974998769350349903106689453125,"trilong":121.0525665299999928947727312333881855010986328125,"ssid":"ADMINCONFIDENTIAL","qos":0,"transid":"20171016-00000","firsttime":"2017-10-17T10:00:00.000Z","lasttime":"2017-10-17T04:00:00.000Z","lastupdt":"2017-10-17T04:00:00.000Z","housenumber":"","road":"Mayaman","city":"Quezon City","region":"","country":"PH","netid":"5C:6A:80:19:EC:8A","name":null,"type":"infra","comment":null,"wep":"2","channel":8,"bcninterval":0,"freenet":"?","dhcp":"?","paynet":"?","userfound":false,"encryption":"wpa2"},{"trilat":14.6459331499999994008476278395392000675201416015625,"trilong":121.0605621299999938855762593448162078857421875,"ssid":"PLDTMyDSLBiz5G34670","qos":1,"transid":"20170715-00000","firsttime":"2017-07-15T16:00:00.000Z","lasttime":"2017-07-29T13:00:00.000Z","lastupdt":"2017-07-29T13:00:00.000Z","housenumber":"","road":"Maginhawa","city":"","region":"","country":"PH","netid":"5C:6A:80:1A:25:C7","name":null,"type":"infra","comment":null,"wep":"2","channel":52,"bcninterval":0,"freenet":"?","dhcp":"?","paynet":"?","userfound":false,"encryption":"wpa2"},{"trilat":14.647372250000000093450580607168376445770263671875,"trilong":121.063911439999998265193426050245761871337890625,"ssid":"PLDTMYDSL","qos":0,"transid":"20170921-00000","firsttime":"2017-09-21T20:00:00.000Z","lasttime":"2017-09-21T05:00:00.000Z","lastupdt":"2017-09-21T05:00:00.000Z","housenumber":"","road":"B. Baluyot","city":"","region":"","country":"PH","netid":"5C:6A:80:25:F4:98","name":null,"type":"infra","comment":null,"wep":"2","channel":4,"bcninterval":0,"freenet":"?","dhcp":"?","paynet":"?","userfound":false,"encryption":"wpa2"},{"trilat":14.6462831500000003615014065871946513652801513671875,"trilong":121.0596389800000025616100174374878406524658203125,"ssid":"ContinuingMandamus","qos":0,"transid":"20170715-00000","firsttime":"2017-07-15T16:00:00.000Z","lasttime":"2017-07-15T01:00:00.000Z","lastupdt":"2017-07-15T01:00:00.000Z","housenumber":"","road":"Maginhawa","city":"","region":"","country":"PH","netid":"0C:BD:51:F3:44:7D","name":null,"type":"infra","comment":null,"wep":"2","channel":11,"bcninterval":0,"freenet":"?","dhcp":"?","paynet":"?","userfound":false,"encryption":"wpa2"},{"trilat":14.646728519999999917899913270957767963409423828125,"trilong":121.0579299900000052048198995180428028106689453125,"ssid":"The Wander  Space","qos":0,"transid":"20170609-00000","firsttime":"2017-06-03T18:00:00.000Z","lasttime":"2017-06-09T05:00:00.000Z","lastupdt":"2017-06-09T05:00:00.000Z","housenumber":null,"road":null,"city":null,"region":null,"country":null,"netid":"60:31:97:DC:E7:F0","name":null,"type":"infra","comment":null,"wep":"2","channel":7,"bcninterval":0,"freenet":"?","dhcp":"?","paynet":"?","userfound":false,"encryption":"wpa2"},{"trilat":14.646783830000000392601577914319932460784912109375,"trilong":121.058181759999996529586496762931346893310546875,"ssid":"PLDTMyDSLBiz::ToTheNines","qos":4,"transid":"20160907-00000","firsttime":"2016-09-03T21:00:00.000Z","lasttime":"2017-07-29T13:00:00.000Z","lastupdt":"2017-07-29T13:00:00.000Z","housenumber":"81","road":"Maginhawa","city":"","region":"","country":"PH","netid":"60:31:97:13:BC:FB","name":null,"type":"infra","comment":null,"wep":"2","channel":4,"bcninterval":0,"freenet":"?","dhcp":"?","paynet":"?","userfound":false,"encryption":"wpa2"},{"trilat":14.6468172100000000313002601615153253078460693359375,"trilong":121.060249330000004874818841926753520965576171875,"ssid":"Bk56-bWFydmluZGVtaWwxMjg","qos":0,"transid":"20170404-00000","firsttime":"2017-03-31T19:00:00.000Z","lasttime":"2017-04-04T04:00:00.000Z","lastupdt":"2017-04-04T04:00:00.000Z","housenumber":null,"road":null,"city":null,"region":null,"country":null,"netid":"0C:B3:19:4B:D6:E3","name":null,"type":"infra","comment":null,"wep":"?","channel":11,"bcninterval":0,"freenet":"?","dhcp":"?","paynet":"?","userfound":false,"encryption":"unknown"},{"trilat":14.6487979900000002686510924831964075565338134765625,"trilong":121.057022090000003800014383159577846527099609375,"ssid":"SKYbroadband3CFE","qos":0,"transid":"20170609-00000","firsttime":"2017-06-03T18:00:00.000Z","lasttime":"2017-06-09T05:00:00.000Z","lastupdt":"2017-06-09T05:00:00.000Z","housenumber":null,"road":null,"city":null,"region":null,"country":null,"netid":"48:00:33:62:3D:01","name":null,"type":"infra","comment":null,"wep":"2","channel":1,"bcninterval":0,"freenet":"?","dhcp":"?","paynet":"?","userfound":false,"encryption":"wpa2"},{"trilat":14.64832020000000056825228966772556304931640625,"trilong":121.057083129999995207981555722653865814208984375,"ssid":"Leckinda1","qos":1,"transid":"20170609-00000","firsttime":"2017-06-03T18:00:00.000Z","lasttime":"2017-07-29T13:00:00.000Z","lastupdt":"2017-07-29T13:00:00.000Z","housenumber":"59","road":"Maginhawa","city":"","region":"","country":"PH","netid":"48:00:33:62:8A:79","name":null,"type":"infra","comment":null,"wep":"2","channel":1,"bcninterval":0,"freenet":"?","dhcp":"?","paynet":"?","userfound":false,"encryption":"wpa2"},{"trilat":14.6460924099999996172982719144783914089202880859375,"trilong":121.0604934699999972735895426012575626373291015625,"ssid":"SKYMAGINHAWA","qos":1,"transid":"20170715-00000","firsttime":"2017-07-15T16:00:00.000Z","lasttime":"2017-07-29T13:00:00.000Z","lastupdt":"2017-07-29T13:00:00.000Z","housenumber":"","road":"Maginhawa","city":"","region":"","country":"PH","netid":"48:00:33:62:97:E9","name":null,"type":"infra","comment":null,"wep":"2","channel":11,"bcninterval":0,"freenet":"?","dhcp":"?","paynet":"?","userfound":false,"encryption":"wpa2"},{"trilat":14.6477146099999995243479133932851254940032958984375,"trilong":121.0642776499999939687768346630036830902099609375,"ssid":"B6X0-QXJseW4","qos":0,"transid":"20170109-00000","firsttime":"2017-01-09T19:00:00.000Z","lasttime":"2017-01-09T03:00:00.000Z","lastupdt":"2017-01-09T03:00:00.000Z","housenumber":null,"road":null,"city":null,"region":null,"country":null,"netid":"CC:2D:83:55:B8:7A","name":null,"type":"infra","comment":null,"wep":"?","channel":6,"bcninterval":0,"freenet":"?","dhcp":"?","paynet":"?","userfound":false,"encryption":"unknown"},{"trilat":14.6476602600000003207014742656610906124114990234375,"trilong":121.064186100000000578802428208291530609130859375,"ssid":"Beeline_BE83","qos":0,"transid":"20170311-00000","firsttime":"2017-03-11T20:00:00.000Z","lasttime":"2017-03-11T06:00:00.000Z","lastupdt":"2017-03-11T06:00:00.000Z","housenumber":null,"road":null,"city":null,"region":null,"country":null,"netid":"0C:D6:BD:41:BE:83","name":null,"type":"infra","comment":null,"wep":"2","channel":1,"bcninterval":0,"freenet":"?","dhcp":"?","paynet":"?","userfound":false,"encryption":"wpa2"},{"trilat":14.646294590000000113150235847570002079010009765625,"trilong":121.05988311999999496038071811199188232421875,"ssid":"HUAWEI-E5220-24c9","qos":0,"transid":"20170729-00000","firsttime":"2017-07-16T19:00:00.000Z","lasttime":"2017-07-29T13:00:00.000Z","lastupdt":"2017-07-29T13:00:00.000Z","housenumber":"","road":"Maginhawa","city":"","region":"","country":"PH","netid":"D4:6E:5C:1B:24:C9","name":null,"type":"infra","comment":null,"wep":"2","channel":11,"bcninterval":0,"freenet":"?","dhcp":"?","paynet":"?","userfound":false,"encryption":"wpa2"},{"trilat":14.65007781999999991739969118498265743255615234375,"trilong":121.0574264499999941335772746242582798004150390625,"ssid":"a862d1","qos":0,"transid":"20170609-00000","firsttime":"2017-06-03T18:00:00.000Z","lasttime":"2017-06-09T05:00:00.000Z","lastupdt":"2017-06-09T05:00:00.000Z","housenumber":null,"road":null,"city":null,"region":null,"country":null,"netid":"60:02:92:3E:CC:6B","name":null,"type":"infra","comment":null,"wep":"2","channel":1,"bcninterval":0,"freenet":"?","dhcp":"?","paynet":"?","userfound":false,"encryption":"wpa2"},{"trilat":14.6511659600000001546504790894687175750732421875,"trilong":121.05718994000000066080247052013874053955078125,"ssid":"a85688","qos":0,"transid":"20170609-00000","firsttime":"2017-06-03T18:00:00.000Z","lasttime":"2017-06-09T05:00:00.000Z","lastupdt":"2017-06-09T05:00:00.000Z","housenumber":null,"road":null,"city":null,"region":null,"country":null,"netid":"60:02:92:3E:D5:67","name":null,"type":"infra","comment":null,"wep":"2","channel":11,"bcninterval":0,"freenet":"?","dhcp":"?","paynet":"?","userfound":false,"encryption":"wpa2"},{"trilat":14.645740509999999545698301517404615879058837890625,"trilong":121.0607986499999952911821310408413410186767578125,"ssid":"CanullasWifi","qos":0,"transid":"20170729-00000","firsttime":"2017-07-16T19:00:00.000Z","lasttime":"2017-07-29T13:00:00.000Z","lastupdt":"2017-07-29T13:00:00.000Z","housenumber":"","road":"Masinsinan","city":"","region":"","country":"PH","netid":"5C:F2:86:23:C8:B2","name":null,"type":"infra","comment":null,"wep":"2","channel":11,"bcninterval":0,"freenet":"?","dhcp":"?","paynet":"?","userfound":false,"encryption":"wpa2"},{"trilat":14.6473341000000001344005795544944703578948974609375,"trilong":121.0624084500000066100255935452878475189208984375,"ssid":"AssCurrTech","qos":0,"transid":"20170729-00000","firsttime":"2017-07-28T10:00:00.000Z","lasttime":"2017-07-29T13:00:00.000Z","lastupdt":"2017-07-29T13:00:00.000Z","housenumber":"","road":"Emilio Jacinto","city":"Quezon City","region":"","country":"PH","netid":"5C:F2:86:23:E5:C0","name":null,"type":"infra","comment":null,"wep":"2","channel":8,"bcninterval":0,"freenet":"?","dhcp":"?","paynet":"?","userfound":false,"encryption":"wpa2"},{"trilat":14.6463909099999991525464793085120618343353271484375,"trilong":121.0569686900000050400194595567882061004638671875,"ssid":"RogelioCFernandez","qos":1,"transid":"20160717-00000","firsttime":"2016-07-10T07:00:00.000Z","lasttime":"2017-03-11T06:00:00.000Z","lastupdt":"2017-03-11T06:00:00.000Z","housenumber":null,"road":null,"city":null,"region":null,"country":null,"netid":"5C:F2:86:24:A9:A2","name":null,"type":"infra","comment":null,"wep":"2","channel":10,"bcninterval":0,"freenet":"?","dhcp":"?","paynet":"?","userfound":false,"encryption":"wpa2"},{"trilat":14.65077495999999968034899211488664150238037109375,"trilong":121.0552673300000066092252382077276706695556640625,"ssid":"SPRINGBARS","qos":1,"transid":"20161221-00000","firsttime":"2016-12-14T16:00:00.000Z","lasttime":"2017-06-09T05:00:00.000Z","lastupdt":"2017-06-09T05:00:00.000Z","housenumber":null,"road":null,"city":null,"region":null,"country":null,"netid":"5C:F2:86:25:26:11","name":null,"type":"infra","comment":null,"wep":"2","channel":8,"bcninterval":0,"freenet":"?","dhcp":"?","paynet":"?","userfound":false,"encryption":"wpa2"},{"trilat":14.6472196599999993082974469871260225772857666015625,"trilong":121.0608749400000050400194595567882061004638671875,"ssid":"AndroidAP","qos":0,"transid":"20170222-00000","firsttime":"2017-02-14T18:00:00.000Z","lasttime":"2017-02-22T15:00:00.000Z","lastupdt":"2017-02-22T15:00:00.000Z","housenumber":null,"road":null,"city":null,"region":null,"country":null,"netid":"08:EC:A9:25:A7:5A","name":null,"type":"infra","comment":null,"wep":"2","channel":6,"bcninterval":0,"freenet":"?","dhcp":"?","paynet":"?","userfound":false,"encryption":"wpa2"},{"trilat":14.6510858499999994108975442941300570964813232421875,"trilong":121.0590820299999990083961165510118007659912109375,"ssid":"VMEPD-2G","qos":1,"transid":"20170307-00000","firsttime":"2017-03-07T18:00:00.000Z","lasttime":"2017-03-11T06:00:00.000Z","lastupdt":"2017-03-11T06:00:00.000Z","housenumber":null,"road":null,"city":null,"region":null,"country":null,"netid":"0A:A6:F7:4D:72:6A","name":null,"type":"infra","comment":null,"wep":"2","channel":1,"bcninterval":0,"freenet":"?","dhcp":"?","paynet":"?","userfound":false,"encryption":"wpa2"},{"trilat":14.6510810899999999179499354795552790164947509765625,"trilong":121.0590515100000033044125302694737911224365234375,"ssid":"GGRDD-2G","qos":0,"transid":"20170311-00000","firsttime":"2017-03-10T19:00:00.000Z","lasttime":"2017-03-11T06:00:00.000Z","lastupdt":"2017-03-11T06:00:00.000Z","housenumber":null,"road":null,"city":null,"region":null,"country":null,"netid":"0A:A6:F7:4D:72:6D","name":null,"type":"infra","comment":null,"wep":"2","channel":1,"bcninterval":0,"freenet":"?","dhcp":"?","paynet":"?","userfound":false,"encryption":"wpa2"},{"trilat":14.65130042999999915309672360308468341827392578125,"trilong":121.0590896599999979343920131213963031768798828125,"ssid":"FAD-5G","qos":4,"transid":"20170223-00000","firsttime":"2017-02-23T13:00:00.000Z","lasttime":"2017-05-07T05:00:00.000Z","lastupdt":"2017-05-07T05:00:00.000Z","housenumber":null,"road":null,"city":null,"region":null,"country":null,"netid":"0A:A6:F7:4E:72:6A","name":null,"type":"infra","comment":null,"wep":"2","channel":40,"bcninterval":0,"freenet":"?","dhcp":"?","paynet":"?","userfound":false,"encryption":"wpa2"},{"trilat":14.65130996999999979379936121404170989990234375,"trilong":121.05902863000000024840119294822216033935546875,"ssid":"PHIVOLCS-2G","qos":0,"transid":"20170609-00000","firsttime":"2017-05-26T09:00:00.000Z","lasttime":"2017-06-09T05:00:00.000Z","lastupdt":"2017-06-09T05:00:00.000Z","housenumber":null,"road":null,"city":null,"region":null,"country":null,"netid":"0A:A6:F7:C1:73:E3","name":null,"type":"infra","comment":null,"wep":"2","channel":6,"bcninterval":0,"freenet":"?","dhcp":"?","paynet":"?","userfound":false,"encryption":"wpa2"},{"trilat":14.65130996999999979379936121404170989990234375,"trilong":121.05902863000000024840119294822216033935546875,"ssid":"SOEPD-2G","qos":0,"transid":"20170609-00000","firsttime":"2017-05-26T09:00:00.000Z","lasttime":"2017-06-09T05:00:00.000Z","lastupdt":"2017-06-09T05:00:00.000Z","housenumber":null,"road":null,"city":null,"region":null,"country":null,"netid":"0A:A6:F7:C1:73:E7","name":null,"type":"infra","comment":null,"wep":"2","channel":6,"bcninterval":0,"freenet":"?","dhcp":"?","paynet":"?","userfound":false,"encryption":"wpa2"},{"trilat":14.64764785999999929799741948954761028289794921875,"trilong":121.0645751999999930603735265322029590606689453125,"ssid":"Kath's iPhone","qos":0,"transid":"20170309-00000","firsttime":"2017-03-09T18:00:00.000Z","lasttime":"2017-03-09T02:00:00.000Z","lastupdt":"2017-03-09T02:00:00.000Z","housenumber":null,"road":null,"city":null,"region":null,"country":null,"netid":"6A:60:BC:3A:EF:75","name":null,"type":"infra","comment":null,"wep":"2","channel":1,"bcninterval":0,"freenet":"?","dhcp":"?","paynet":"?","userfound":false,"encryption":"wpa2"},{"trilat":14.6468143499999996492988429963588714599609375,"trilong":121.060974119999997355989762581884860992431640625,"ssid":"PLDTHOMEDSL7Y7Y0","qos":2,"transid":"20170404-00000","firsttime":"2017-03-31T19:00:00.000Z","lasttime":"2017-10-26T06:00:00.000Z","lastupdt":"2017-10-26T06:00:00.000Z","housenumber":"60","road":"Magiting","city":"","region":"","country":"PH","netid":"94:46:96:18:F3:11","name":null,"type":"infra","comment":null,"wep":"2","channel":5,"bcninterval":0,"freenet":"?","dhcp":"?","paynet":"?","userfound":false,"encryption":"wpa2"},{"trilat":14.6496276900000008680535756866447627544403076171875,"trilong":121.0623092700000000832005753181874752044677734375,"ssid":"PLDTHOMEDSLF0FW0","qos":6,"transid":"20161206-00000","firsttime":"2001-01-01T08:00:00.000Z","lasttime":"2017-05-07T05:00:00.000Z","lastupdt":"2017-05-07T05:00:00.000Z","housenumber":null,"road":null,"city":null,"region":null,"country":null,"netid":"94:46:96:13:AA:8E","name":null,"type":"infra","comment":null,"wep":"2","channel":1,"bcninterval":0,"freenet":"?","dhcp":"?","paynet":"?","userfound":false,"encryption":"wpa2"},{"trilat":14.646371840000000474901753477752208709716796875,"trilong":121.0596923800000013216049410402774810791015625,"ssid":"hejri2017","qos":0,"transid":"20170729-00000","firsttime":"2017-07-16T19:00:00.000Z","lasttime":"2017-07-29T13:00:00.000Z","lastupdt":"2017-07-29T13:00:00.000Z","housenumber":"","road":"Maginhawa","city":"","region":"","country":"PH","netid":"94:46:96:15:25:15","name":null,"type":"infra","comment":null,"wep":"2","channel":1,"bcninterval":0,"freenet":"?","dhcp":"?","paynet":"?","userfound":false,"encryption":"wpa2"},{"trilat":14.64764023000000037200152291916310787200927734375,"trilong":121.0644912700000048744186642579734325408935546875,"ssid":"PLDTHOMEDSLKO","qos":1,"transid":"20170311-00000","firsttime":"2017-03-11T20:00:00.000Z","lasttime":"2017-03-16T08:00:00.000Z","lastupdt":"2017-03-16T08:00:00.000Z","housenumber":null,"road":null,"city":null,"region":null,"country":null,"netid":"94:46:96:16:49:6D","name":null,"type":"infra","comment":null,"wep":"2","channel":5,"bcninterval":0,"freenet":"?","dhcp":"?","paynet":"?","userfound":false,"encryption":"wpa2"},{"trilat":14.6500930799999995457483237260021269321441650390625,"trilong":121.0623016400000011572046787478029727935791015625,"ssid":"PLDTHOMEDSLHTH20","qos":0,"transid":"20170129-00000","firsttime":"2017-01-23T20:00:00.000Z","lasttime":"2017-01-29T10:00:00.000Z","lastupdt":"2017-01-29T10:00:00.000Z","housenumber":null,"road":null,"city":null,"region":null,"country":null,"netid":"94:46:96:16:4A:6C","name":null,"type":"infra","comment":null,"wep":"2","channel":11,"bcninterval":0,"freenet":"?","dhcp":"?","paynet":"?","userfound":false,"encryption":"wpa2"},{"trilat":14.6468353300000000416503098676912486553192138671875,"trilong":121.0622940100000022312087821774184703826904296875,"ssid":"PLDTHOMEDSL","qos":1,"transid":"20160907-00000","firsttime":"2016-09-03T21:00:00.000Z","lasttime":"2017-03-03T07:00:00.000Z","lastupdt":"2017-03-03T07:00:00.000Z","housenumber":null,"road":null,"city":null,"region":null,"country":null,"netid":"94:46:96:0E:28:4B","name":null,"type":"infra","comment":null,"wep":"2","channel":2,"bcninterval":0,"freenet":"?","dhcp":"?","paynet":"?","userfound":false,"encryption":"wpa2"},{"trilat":14.64738655000000022710082703270018100738525390625,"trilong":121.0638580300000057832221500575542449951171875,"ssid":"pgp personal","qos":0,"transid":"20170921-00000","firsttime":"2017-09-21T20:00:00.000Z","lasttime":"2017-09-21T05:00:00.000Z","lastupdt":"2017-09-21T05:00:00.000Z","housenumber":"","road":"B. Baluyot","city":"","region":"","country":"PH","netid":"6C:3B:6B:4C:3F:D9","name":null,"type":"infra","comment":null,"wep":"2","channel":5,"bcninterval":0,"freenet":"?","dhcp":"?","paynet":"?","userfound":false,"encryption":"wpa2"},{"trilat":14.6469707499999994837480699061416089534759521484375,"trilong":121.0622863800000033052128856070339679718017578125,"ssid":"Saturn_Boss","qos":5,"transid":"20161211-00000","firsttime":"2016-12-05T00:00:00.000Z","lasttime":"2017-10-15T10:00:00.000Z","lastupdt":"2017-10-15T10:00:00.000Z","housenumber":"","road":"Emilio Jacinto","city":"Quezon City","region":"","country":"PH","netid":"60:31:97:33:82:60","name":null,"type":"infra","comment":null,"wep":"2","channel":9,"bcninterval":0,"freenet":"?","dhcp":"?","paynet":"?","userfound":false,"encryption":"wpa2"},{"trilat":14.650382040000000216650732909329235553741455078125,"trilong":121.05970763999999917359673418104648590087890625,"ssid":"PLDTMyDSLBiz5G3E3B0","qos":0,"transid":"20170305-00000","firsttime":"2001-01-01T08:00:00.000Z","lasttime":"2017-03-05T18:00:00.000Z","lastupdt":"2017-03-05T18:00:00.000Z","housenumber":null,"road":null,"city":null,"region":null,"country":null,"netid":"60:31:97:93:3E:3D","name":null,"type":"infra","comment":null,"wep":"2","channel":58,"bcninterval":0,"freenet":"?","dhcp":"?","paynet":"?","userfound":false,"encryption":"wpa2"},{"trilat":14.6490354499999995141479303129017353057861328125,"trilong":121.0622940100000022312087821774184703826904296875,"ssid":"WHY PIE","qos":5,"transid":"20151015-00000","firsttime":"2015-09-23T20:00:00.000Z","lasttime":"2017-05-07T05:00:00.000Z","lastupdt":"2017-05-07T05:00:00.000Z","housenumber":null,"road":null,"city":null,"region":null,"country":null,"netid":"94:A7:B7:26:63:0D","name":null,"type":"infra","comment":null,"wep":"2","channel":11,"bcninterval":0,"freenet":"?","dhcp":"?","paynet":"?","userfound":false,"encryption":"wpa2"},{"trilat":14.6476430900000007540029400843195617198944091796875,"trilong":121.064140320000007022827048785984516143798828125,"ssid":"MPerando","qos":3,"transid":"20160907-00000","firsttime":"2016-09-03T21:00:00.000Z","lasttime":"2017-05-07T05:00:00.000Z","lastupdt":"2017-05-07T05:00:00.000Z","housenumber":null,"road":null,"city":null,"region":null,"country":null,"netid":"94:A7:B7:26:70:A7","name":null,"type":"infra","comment":null,"wep":"2","channel":10,"bcninterval":0,"freenet":"?","dhcp":"?","paynet":"?","userfound":false,"encryption":"wpa2"},{"trilat":14.6471529000000000309000824927352368831634521484375,"trilong":121.0577239999999932251739664934575557708740234375,"ssid":"Jhin","qos":0,"transid":"20170729-00000","firsttime":"2017-07-16T19:00:00.000Z","lasttime":"2017-07-29T13:00:00.000Z","lastupdt":"2017-07-29T13:00:00.000Z","housenumber":"77","road":"Maginhawa","city":"","region":"","country":"PH","netid":"94:A7:B7:26:71:05","name":null,"type":"infra","comment":null,"wep":"2","channel":2,"bcninterval":0,"freenet":"?","dhcp":"?","paynet":"?","userfound":false,"encryption":"wpa2"},{"trilat":14.6461877799999999893998392508365213871002197265625,"trilong":121.06238555999999562118318863213062286376953125,"ssid":"WIFI","qos":4,"transid":"20170715-00000","firsttime":"2017-06-23T08:00:00.000Z","lasttime":"2017-10-26T06:00:00.000Z","lastupdt":"2017-10-26T06:00:00.000Z","housenumber":"","road":"V. Francisco","city":"","region":"","country":"PH","netid":"6E:3B:6B:F4:DE:73","name":null,"type":"infra","comment":null,"wep":"2","channel":1,"bcninterval":0,"freenet":"?","dhcp":"?","paynet":"?","userfound":false,"encryption":"wpa2"},{"trilat":14.6482448600000001448506736778654158115386962890625,"trilong":121.0623092700000000832005753181874752044677734375,"ssid":"UPNET CAFE","qos":6,"transid":"20160103-00000","firsttime":"2001-01-01T08:00:00.000Z","lasttime":"2017-01-29T10:00:00.000Z","lastupdt":"2017-01-29T10:00:00.000Z","housenumber":null,"road":null,"city":null,"region":null,"country":null,"netid":"94:A7:B7:3C:DD:6D","name":null,"type":"infra","comment":null,"wep":"2","channel":11,"bcninterval":0,"freenet":"?","dhcp":"?","paynet":"?","userfound":false,"encryption":"wpa2"},{"trilat":14.6472835499999991526465237257070839405059814453125,"trilong":121.0638122600000059492231230251491069793701171875,"ssid":"Virus","qos":6,"transid":"20160227-00000","firsttime":"2016-01-29T18:00:00.000Z","lasttime":"2017-09-21T05:00:00.000Z","lastupdt":"2017-09-21T05:00:00.000Z","housenumber":"","road":"B. Baluyot","city":"","region":"","country":"PH","netid":"94:A7:B7:3C:EE:9B","name":null,"type":"infra","comment":null,"wep":"2","channel":11,"bcninterval":0,"freenet":"?","dhcp":"?","paynet":"?","userfound":false,"encryption":"wpa2"},{"trilat":14.646067620000000175650711753405630588531494140625,"trilong":121.0603790299999928947727312333881855010986328125,"ssid":"55tinta","qos":0,"transid":"20170729-00000","firsttime":"2017-07-16T19:00:00.000Z","lasttime":"2017-07-29T13:00:00.000Z","lastupdt":"2017-07-29T13:00:00.000Z","housenumber":"","road":"Maginhawa","city":"","region":"","country":"PH","netid":"94:A7:B7:3C:F9:7C","name":null,"type":"infra","comment":null,"wep":"2","channel":1,"bcninterval":0,"freenet":"?","dhcp":"?","paynet":"?","userfound":false,"encryption":"wpa2"},{"trilat":14.64723206000000033100150176323950290679931640625,"trilong":121.060684199999997190388967283070087432861328125,"ssid":"USED","qos":0,"transid":"20170222-00000","firsttime":"2017-02-14T18:00:00.000Z","lasttime":"2017-02-22T15:00:00.000Z","lastupdt":"2017-02-22T15:00:00.000Z","housenumber":null,"road":null,"city":null,"region":null,"country":null,"netid":"60:83:34:CA:14:93","name":null,"type":"infra","comment":null,"wep":"2","channel":8,"bcninterval":0,"freenet":"?","dhcp":"?","paynet":"?","userfound":false,"encryption":"wpa2"},{"trilat":14.6471567199999999075998857733793556690216064453125,"trilong":121.0603179900000014868055586703121662139892578125,"ssid":"shelay_wifi","qos":1,"transid":"20160417-00000","firsttime":"2016-04-17T14:00:00.000Z","lasttime":"2017-07-15T01:00:00.000Z","lastupdt":"2017-07-15T01:00:00.000Z","housenumber":"60","road":"Magiting","city":"","region":"","country":"PH","netid":"EE:1D:7F:97:8A:E3","name":null,"type":"infra","comment":null,"wep":"2","channel":1,"bcninterval":0,"freenet":"?","dhcp":"?","paynet":"?","userfound":false,"encryption":"wpa2"},{"trilat":14.6479787800000007536027624155394732952117919921875,"trilong":121.060089110000006940026651136577129364013671875,"ssid":"No Wifi","qos":0,"transid":"20170222-00000","firsttime":"2017-02-14T18:00:00.000Z","lasttime":"2017-02-22T15:00:00.000Z","lastupdt":"2017-02-22T15:00:00.000Z","housenumber":null,"road":null,"city":null,"region":null,"country":null,"netid":"EE:1D:7F:68:19:FF","name":null,"type":"infra","comment":null,"wep":"2","channel":1,"bcninterval":0,"freenet":"?","dhcp":"?","paynet":"?","userfound":false,"encryption":"wpa2"},{"trilat":14.646257399999999648798620910383760929107666015625,"trilong":121.059745789999993803576217032968997955322265625,"ssid":"King Albert","qos":0,"transid":"20170715-00000","firsttime":"2017-07-15T16:00:00.000Z","lasttime":"2017-07-15T01:00:00.000Z","lastupdt":"2017-07-15T01:00:00.000Z","housenumber":"","road":"Maginhawa","city":"","region":"","country":"PH","netid":"EE:1D:7F:BA:36:2D","name":null,"type":"infra","comment":null,"wep":"2","channel":1,"bcninterval":0,"freenet":"?","dhcp":"?","paynet":"?","userfound":false,"encryption":"wpa2"},{"trilat":14.647662159999999431647665915079414844512939453125,"trilong":121.0642623899999961167850415222346782684326171875,"ssid":"Baby","qos":5,"transid":"20170310-00000","firsttime":"2017-03-10T19:00:00.000Z","lasttime":"2017-05-07T05:00:00.000Z","lastupdt":"2017-05-07T05:00:00.000Z","housenumber":null,"road":null,"city":null,"region":null,"country":null,"netid":"8C:0D:76:AF:F5:69","name":null,"type":"infra","comment":null,"wep":"2","channel":5,"bcninterval":0,"freenet":"?","dhcp":"?","paynet":"?","userfound":false,"encryption":"wpa2"},{"trilat":14.646484380000000413701854995451867580413818359375,"trilong":121.05912781000000677522621117532253265380859375,"ssid":"GLOBE_A203B8","qos":0,"transid":"20170619-00000","firsttime":"2017-06-15T15:00:00.000Z","lasttime":"2017-07-29T13:00:00.000Z","lastupdt":"2017-07-29T13:00:00.000Z","housenumber":"","road":"Magiting","city":"","region":"","country":"PH","netid":"8C:79:67:A2:03:B8","name":null,"type":"infra","comment":null,"wep":"2","channel":3,"bcninterval":0,"freenet":"?","dhcp":"?","paynet":"?","userfound":false,"encryption":"wpa2"},{"trilat":14.646774289999999751898940303362905979156494140625,"trilong":121.0594329799999968599877320230007171630859375,"ssid":"Dcaves","qos":1,"transid":"20170303-00000","firsttime":"2017-03-03T19:00:00.000Z","lasttime":"2017-04-04T04:00:00.000Z","lastupdt":"2017-04-04T04:00:00.000Z","housenumber":null,"road":null,"city":null,"region":null,"country":null,"netid":"8C:79:67:52:AB:8F","name":null,"type":"infra","comment":null,"wep":"2","channel":6,"bcninterval":0,"freenet":"?","dhcp":"?","paynet":"?","userfound":false,"encryption":"wpa2"},{"trilat":14.6463451399999993185474522761069238185882568359375,"trilong":121.0591888400000044612170313484966754913330078125,"ssid":"FIND7","qos":0,"transid":"20170609-00000","firsttime":"2017-06-03T18:00:00.000Z","lasttime":"2017-06-09T05:00:00.000Z","lastupdt":"2017-06-09T05:00:00.000Z","housenumber":null,"road":null,"city":null,"region":null,"country":null,"netid":"8C:0E:E3:11:01:F6","name":null,"type":"infra","comment":null,"wep":"2","channel":6,"bcninterval":0,"freenet":"?","dhcp":"?","paynet":"?","userfound":false,"encryption":"wpa2"},{"trilat":14.64761256999999972094883560203015804290771484375,"trilong":121.0634002700000024788096197880804538726806640625,"ssid":"ediwaw","qos":1,"transid":"20170609-00000","firsttime":"2017-05-26T10:00:00.000Z","lasttime":"2017-10-15T10:00:00.000Z","lastupdt":"2017-10-15T10:00:00.000Z","housenumber":"","road":"B. Baluyot","city":"","region":"","country":"PH","netid":"D0:7A:B5:8A:24:00","name":null,"type":"infra","comment":null,"wep":"2","channel":1,"bcninterval":0,"freenet":"?","dhcp":"?","paynet":"?","userfound":false,"encryption":"wpa2"},{"trilat":14.646764759999999938600012683309614658355712890625,"trilong":121.0581512499999945475792628712952136993408203125,"ssid":"TheLostBreadADMIN","qos":3,"transid":"20170303-00000","firsttime":"2017-03-03T19:00:00.000Z","lasttime":"2017-07-29T13:00:00.000Z","lastupdt":"2017-07-29T13:00:00.000Z","housenumber":"79","road":"Maginhawa","city":"","region":"","country":"PH","netid":"D0:17:C2:B0:17:14","name":null,"type":"infra","comment":null,"wep":"2","channel":157,"bcninterval":0,"freenet":"?","dhcp":"?","paynet":"?","userfound":false,"encryption":"wpa2"},{"trilat":14.646519659999999163346728892065584659576416015625,"trilong":121.0589141800000021476080291904509067535400390625,"ssid":"pb","qos":0,"transid":"20170729-00000","firsttime":"2017-07-16T19:00:00.000Z","lasttime":"2017-07-29T13:00:00.000Z","lastupdt":"2017-07-29T13:00:00.000Z","housenumber":"","road":"Maginhawa","city":"","region":"","country":"PH","netid":"8C:34:FD:CA:22:45","name":null,"type":"infra","comment":null,"wep":"2","channel":3,"bcninterval":0,"freenet":"?","dhcp":"?","paynet":"?","userfound":false,"encryption":"wpa2"}]}