GPS Time,Time,MAC,SSID,Encryption,RSSI,Channel,Manufacturer,AP Type,Latitude,Longitude
2018-05-09 14:53:40,2018-05-08 11:36:54.144100,8c:25:05:b2:6e:4e,B315_26E4E,WPA2/WPA,-48,1,HuaweiTe,none,14.700112,121.088700
2018-05-09 14:36:06,2018-05-08 11:19:19.314066,90:61:0c:39:c0:e4,FreeWifi,WPA2/WPA,-74,1,FidaInte,none,14.699892,121.089193
2018-05-09 14:36:47,2018-05-08 11:20:00.416887,d0:ff:98:14:5a:00,B315_45A00,WPA2/WPA,-48,1,HuaweiTe,none,14.699970,121.089173
2018-05-09 14:54:38,2018-05-08 11:37:52.033853,fc:2d:5e:11:7a:22,photoavenue,WPA2,-52,2,Zte,none,14.700250,121.089430
2018-05-09 14:53:20,2018-05-08 11:36:33.928342,20:54:fa:34:e7:ef,B315_4E7EF,WPA2/WPA,-75,1,HuaweiTe,none,14.700188,121.088613
2018-05-09 14:36:06,2018-05-08 11:19:18.896350,78:8a:20:24:b0:79,JUN WiFi Rental,OPN,-87,1,Ubiquiti,none,14.699892,121.089193
2018-05-09 14:53:40,2018-05-08 11:36:54.037471,e4:8d:8c:f7:a3:3a,ARK WiFi FOR RENT,OPN,-63,3,Routerbo,none,14.700112,121.088700
2018-05-09 15:07:21,2018-05-08 11:50:34.468213,28:f3:66:be:db:b0,Ferro,WPA2/WPA,-80,2,Shenzhen,none,14.700180,121.088985
2018-05-09 14:53:41,2018-05-08 11:36:55.024400,98:de:d0:7e:03:9e,ARK PC & PISONET PARTS COMPUTER ,WPA2/WPA,-67,3,Tp-LinkT,none,14.700108,121.088713
2018-05-09 15:07:08,2018-05-08 11:50:22.288859,e4:18:6b:c0:6e:a0,PLDTMyDSLBiz07260,WPA2/WPA,-57,4,ZyxelCom,none,14.700000,121.090088
2018-05-09 14:54:03,2018-05-08 11:37:17.226666,d4:a1:48:6e:51:7d,good is God,WPA2/WPA,-64,6,HuaweiTe,none,14.700088,121.089005
2018-05-09 14:53:24,2018-05-08 11:36:38.038619,88:d2:74:86:b2:77,restricted,WPA2/WPA,-68,5,Zte,none,14.700162,121.088637
2018-05-09 14:37:30,2018-05-08 11:20:43.560470,28:9a:fa:2a:67:a7,fakeTAXI,WPA2/WPA,-73,6,TctMobil,none,14.699960,121.089118
2018-05-09 14:37:45,2018-05-08 11:20:58.473881,c4:ff:1f:55:ea:7c,TKTEC.DPS,WPA2/WPA,-67,6,HuaweiTe,none,14.700057,121.089123
2018-05-09 14:53:46,2018-05-08 11:36:59.321613,34:23:ba:ed:50:9d,K Zoom,WPA2,-56,6,SamsungE,none,14.700100,121.088795
2018-05-09 15:07:14,2018-05-08 11:50:27.385635,bc:c0:0f:1f:f1:e8,thorjack4504,WPA2/WPA,-74,7,Fiberhom,none,14.700067,121.089578
2018-05-09 14:36:54,2018-05-08 11:20:07.003011,3c:fa:43:1a:b5:ad,HUAWEI-B5AD,WPA2,-42,9,HuaweiTe,none,14.699975,121.089160
2018-05-09 15:07:15,2018-05-08 11:50:28.793611,24:1f:a0:94:7e:52,FloresWIFI,WPA2/WPA,-65,8,HuaweiTe,none,14.700073,121.089492
2018-05-09 14:54:45,2018-05-08 11:37:59.004826,c8:3a:35:38:9c:38,Tenda_389C38,WPA,-52,8,TendaTec,none,14.700267,121.089880
2018-05-09 14:35:57,2018-05-08 11:19:09.778716,c8:3a:35:f7:54:91,Tenda_AP North,WPA2,-87,9,TendaTec,none,14.699892,121.089168
2018-05-09 14:54:13,2018-05-08 11:37:26.956871,8e:79:67:e0:fe:a3,GLOBE_E0FEA3_2,WPA2/WPA,-45,11,None,none,14.700098,121.089077
2018-05-09 14:54:46,2018-05-08 11:37:59.715050,08:10:73:47:12:fe,Virus,WPA2/WPA,-80,9,None,none,14.700275,121.089953
2018-05-09 14:54:29,2018-05-08 11:37:42.951060,e0:8e:3c:22:07:5b,MANGMADS,WPA2/WPA,-68,10,AztechEl,none,14.700125,121.089095
2018-05-09 14:36:57,2018-05-08 11:20:09.955811,8c:79:67:e0:fe:a3,GLOBE_E0FEA3,WPA2/WPA,-43,11,Zte,none,14.699978,121.089143
2018-05-09 14:36:57,2018-05-08 11:20:10.004242,92:79:67:e0:fe:a3,GLOBE_E0FEA3_3,WPA2/WPA,-46,11,None,none,14.699978,121.089143
2018-05-09 14:36:57,2018-05-08 11:20:10.027763,96:79:67:e0:fe:a3,GLOBE_E0FEA3_4,WPA2/WPA,-43,11,None,none,14.699978,121.089143
2018-05-09 14:36:56,2018-05-08 11:20:09.587797,c8:3a:35:f7:58:19,Tenda_Warly,WPA2,-74,10,TendaTec,none,14.699977,121.089150
2018-05-09 14:52:56,2018-05-08 11:36:09.967063,cc:06:77:d6:2d:f0,xNonex,WPA2/WPA,-66,11,Fiberhom,none,14.700317,121.089917
2018-05-09 14:53:14,2018-05-08 11:36:27.942717,84:db:ac:38:07:8f,HUAWEI-E5330-078F,WPA2,-64,10,HuaweiTe,none,14.700125,121.088552
2018-05-09 14:35:59,2018-05-08 11:19:12.391516,b0:b2:dc:26:53:1c,PLDTMyDSL,WPA2/WPA,-83,11,ZyxelCom,none,14.699888,121.089172
2018-05-09 15:07:17,2018-05-08 11:50:30.722577,00:26:75:b7:aa:9c,xNonex,WPA2/WPA,-68,11,AztechEl,none,14.700140,121.089327
2018-05-09 14:54:37,2018-05-08 11:37:50.164281,90:61:0c:10:59:f0,PLDTMyDSL_127BB,WPA2/WPA,-77,11,FidaInte,none,14.700248,121.089373
2018-05-09 14:36:43,2018-05-08 11:19:56.541457,c8:3a:35:f7:53:99,Tenda_AP V2 old,WPA2,-83,12,TendaTec,none,14.699972,121.089170
2018-05-09 14:54:37,2018-05-08 11:37:50.439734,00:0c:43:30:50:d0,TELPAD HC7,WPA2/WPA,-73,1,RalinkTe,none,14.700248,121.089373
2018-05-09 14:53:20,2018-05-08 11:36:33.563676,08:40:f3:c8:30:61,Tenda_C83060,WPA2/WPA,-78,1,TendaTec,none,14.700188,121.088613
2018-05-09 14:37:24,2018-05-08 11:20:37.016810,5c:03:39:1e:5b:2e,V I N N E T T E,WPA2/WPA,-80,1,HuaweiTe,none,14.699978,121.089120
2018-05-09 14:54:00,2018-05-08 11:37:13.345148,70:9f:2d:a0:9c:90,Di nabubulok,WPA2/WPA,-84,2,Zte,none,14.700078,121.088975
2018-05-09 14:54:22,2018-05-08 11:37:36.013225,5c:e2:8c:c8:89:8d,EFLitex,WPA2/WPA,-75,5,ZyxelCom,none,14.700083,121.089075
2018-05-09 15:07:13,2018-05-08 11:50:26.423626,98:e7:f5:55:6b:29,B315_56B29,WPA2/WPA,-75,8,HuaweiTe,none,14.700058,121.089662
2018-05-09 15:07:14,2018-05-08 11:50:28.064364,94:46:96:14:99:26,PLDTHOMEDSLU7U70,WPA2/WPA,-65,10,Baudtec,none,14.700067,121.089578
2018-05-09 14:36:20,2018-05-08 11:19:33.578543,30:b5:c2:08:77:59,CommunityChurch,WPA2/WPA,-84,11,Tp-LinkT,none,14.699958,121.089182
2018-05-09 14:52:56,2018-05-08 11:36:09.225798,20:d7:5a:68:0b:6e,frvr ‚ù§,WPA2/WPA,-68,11,PoshMobi,none,14.700317,121.089917
2018-05-09 14:36:41,2018-05-08 11:19:54.600276,00:1a:ef:44:d1:2c,BOGCEY 8,OPN,-94,11,Loopcomm,none,14.699973,121.089168
2018-05-09 14:36:51,2018-05-08 11:20:03.950937,60:de:f3:79:8c:c8,GuarinoFamily,WPA2/WPA,-90,5,HuaweiTe,none,14.699970,121.089168
2018-05-09 14:53:48,2018-05-08 11:37:01.692505,f4:8e:92:cd:88:d1,HT_APO,WPA2/WPA,-69,9,HuaweiTe,none,14.700102,121.088820
2018-05-09 14:53:12,2018-05-08 11:36:25.845872,00:1f:fb:ac:c4:cd,HomeBro_ULTERA,WPA2,-76,10,GreenPac,none,14.700130,121.088583
2018-05-09 14:53:14,2018-05-08 11:36:27.681734,d6:40:f0:15:19:8f,xLezzur,WPA2,-74,11,None,none,14.700125,121.088552
2018-05-09 14:54:22,2018-05-08 11:37:35.911156,c4:ff:1f:57:f2:28,HUAWEI-6GEE,WPA2/WPA,-77,6,HuaweiTe,none,14.700083,121.089075
2018-05-09 14:54:57,2018-05-08 11:38:10.703351,74:cc:39:88:9d:08,Nes,WPA2/WPA,-46,4,Fiberhom,none,14.700093,121.090700
2018-05-09 15:06:55,2018-05-08 11:50:08.884380,74:cc:39:3c:f4:d8,PLDTHOMEFIBR_3cf4d8,WPA2/WPA,-55,9,Fiberhom,none,14.699470,121.091010
2018-05-09 14:54:50,2018-05-08 11:38:03.466698,d4:6e:0e:49:d7:54,Dorie,WPA2,-84,10,Tp-LinkT,none,14.700230,121.090233
2018-05-09 14:54:50,2018-05-08 11:38:03.860236,f4:8e:92:9d:c1:c9,B315_DC1C9,WPA2/WPA,-72,10,HuaweiTe,none,14.700230,121.090233
2018-05-09 14:54:52,2018-05-08 11:38:05.636313,8c:0d:76:b1:14:e4,B315_114E4,WPA2/WPA,-48,11,HuaweiTe,none,14.700193,121.090368
2018-05-09 14:37:54,2018-05-08 11:21:07.496765,8c:0d:76:21:10:c7,B315_110C7,WPA2/WPA,-85,11,HuaweiTe,none,14.700192,121.089435
2018-05-09 14:37:58,2018-05-08 11:21:11.833813,8c:68:c8:c0:0d:b9,ALDWIN,WPA2/WPA,-77,1,None,none,14.700245,121.089660
2018-05-09 14:37:58,2018-05-08 11:21:11.477808,94:a7:b7:26:4f:60,Chico,WPA2/WPA,-73,1,Zte,none,14.700245,121.089660
2018-05-09 14:38:00,2018-05-08 11:21:13.233928,fc:2d:5e:14:de:dd,GLOBE_14DEDD,WPA2/WPA,-73,2,Zte,none,14.700273,121.089758
2018-05-09 14:38:02,2018-05-08 11:21:14.981998,94:a7:b7:3c:f8:24,sibayanfamily,WPA2/WPA,-58,2,Zte,none,14.700285,121.089857
2018-05-09 14:54:54,2018-05-08 11:38:07.698107,b0:4e:26:f8:bd:42,DELEON FAMILY,WPA2,-63,1,Tp-LinkT,none,14.700153,121.090497
2018-05-09 14:54:58,2018-05-08 11:38:11.346527,d4:6e:0e:f3:65:c0,ANTHONY_WIFI4RENT,OPN,-83,4,Tp-LinkT,none,14.700072,121.090772
2018-05-09 15:06:55,2018-05-08 11:50:09.036470,2c:30:33:e5:f7:5d,NETGEAR02,WPA2,-50,5,Netgear,none,14.699470,121.091010
2018-05-09 14:38:03,2018-05-08 11:21:16.784088,88:d2:74:86:c0:55,xNonex,WPA2/WPA,-88,4,Zte,none,14.700300,121.089912
2018-05-09 14:38:05,2018-05-08 11:21:17.898968,38:d8:2f:2b:dc:74,bayanDSLWiFi_DC74,WPA2/WPA,-79,5,Zte,none,14.700315,121.090028
2018-05-09 14:38:06,2018-05-08 11:21:19.046703,3c:78:43:87:d5:b0,HUAWEI-Nf5u,WPA2/WPA,-91,6,HuaweiTe,none,14.700312,121.090093
2018-05-09 14:52:13,2018-05-08 11:35:26.931794,2a:40:a4:a7:ff:57,HOTSPOT_17,OPN,-59,6,None,none,14.698538,121.092557
2018-05-09 14:55:20,2018-05-08 11:38:33.713409,08:16:08:00:0c:77,HOTSPOT,OPN,-83,6,None,none,14.699475,121.091677
2018-05-09 14:52:39,2018-05-08 11:35:52.442568,1c:8e:5c:f9:4c:f2,B593_94CF2,WPA2/WPA,-58,1,HuaweiTe,none,14.699887,121.091198
2018-05-09 14:38:11,2018-05-08 11:21:24.658189,00:1f:fb:ac:b1:5f,WARNING VIRUS !!!,WPA2,-80,10,GreenPac,none,14.700278,121.090338
2018-05-09 14:38:11,2018-05-08 11:21:23.939191,a0:ab:1b:76:46:fc,Monkeys Wifi,WPA2/WPA,-79,11,D-LinkIn,none,14.700278,121.090338
2018-05-09 14:38:11,2018-05-08 11:21:23.984618,b4:fb:f9:97:87:0c,HUAWEI-cfW8,WPA2/WPA,-88,10,HuaweiTe,none,14.700278,121.090338
2018-05-09 14:38:12,2018-05-08 11:21:25.365918,00:1f:fb:b7:fa:07,PLDT_HOME_ULTERA,WPA2,-83,11,GreenPac,none,14.700265,121.090392
2018-05-09 15:06:41,2018-05-08 11:49:54.647101,cc:06:77:b3:b9:10,PLDTHOMEFIBR_Simon,WPA2/WPA,-69,11,Fiberhom,none,14.698818,121.091535
2018-05-09 15:06:57,2018-05-08 11:50:10.819614,90:61:0c:16:fa:56,PLDTMyDSL-Playboyz,WPA2/WPA,-68,11,FidaInte,none,14.699585,121.090897
2018-05-09 15:06:39,2018-05-08 11:49:52.534657,90:61:0c:3a:86:43,PLDTHOMEDSL34371 louiesilvestre,WPA2/WPA,-80,11,FidaInte,none,14.698740,121.091635
2018-05-09 14:55:11,2018-05-08 11:38:24.774146,68:72:51:0e:41:8a,Captive Portal,OPN,-67,13,Ubiquiti,none,14.699703,121.091373
2018-05-09 15:06:24,2018-05-08 11:49:37.867411,6c:3b:6b:9c:36:67,WiFi ni Dudong,OPN,-62,1,Routerbo,none,14.698355,121.092558
2018-05-09 14:55:14,2018-05-08 11:38:27.363636,00:1f:fb:a5:5b:f3,pan d dora is back!,WPA2,-75,1,GreenPac,none,14.699648,121.091502
2018-05-09 14:55:14,2018-05-08 11:38:27.481124,60:de:f3:79:88:a0,HUAWEI-9kB6,WPA2/WPA,-84,1,HuaweiTe,none,14.699648,121.091502
2018-05-09 14:38:18,2018-05-08 11:21:31.197979,90:61:0c:3a:c4:db,PLDTHOMEDSL50395,WPA2/WPA,-73,1,FidaInte,none,14.700100,121.090835
2018-05-09 14:38:18,2018-05-08 11:21:30.836463,c4:ff:1f:57:2a:20,HUAWEI-fPp4,WPA2/WPA,-90,1,HuaweiTe,none,14.700100,121.090835
2018-05-09 14:52:21,2018-05-08 11:35:34.746211,74:cc:39:30:b2:78,PLDTHOMEFIBR_sicangco,WPA2/WPA,-66,1,Fiberhom,none,14.699048,121.091998
2018-05-09 14:38:21,2018-05-08 11:21:34.593360,58:f9:87:24:6e:98,HUAWEI-qK8F,WPA2/WPA,-83,3,HuaweiTe,none,14.700027,121.091007
2018-05-09 14:55:38,2018-05-08 11:38:51.317045,e4:8d:8c:f2:7b:d1,MK Wifi,OPN,-63,4,Routerbo,none,14.698777,121.092498
2018-05-09 14:38:24,2018-05-08 11:21:37.643229,c4:ff:1f:55:fe:cc,Kit18,WPA2/WPA,-62,6,HuaweiTe,none,14.699942,121.091160
2018-05-09 14:55:21,2018-05-08 11:38:34.491073,c4:6e:1f:48:b7:20,TP-LINK_48B720,WPA2,-68,6,Tp-LinkT,none,14.699442,121.091700
2018-05-09 14:52:13,2018-05-08 11:35:26.716599,1a:40:a4:a7:ff:57,HOTSPOT_16,OPN,-66,6,None,none,14.698538,121.092557
2018-05-09 14:52:12,2018-05-08 11:35:25.686030,3a:40:a4:a7:ff:57,HOTSPOT_18,OPN,-73,6,None,none,14.698475,121.092623
2018-05-09 14:55:59,2018-05-08 11:39:12.695257,08:16:08:00:0b:4f,HOSPOT_15,OPN,-85,6,None,none,14.698217,121.093057
2018-05-09 14:38:28,2018-05-08 11:21:41.899694,5c:f2:86:21:dd:39,VIRUS,WPA2,-84,8,IeeeRegi,none,14.699765,121.091433
2018-05-09 14:38:28,2018-05-08 11:21:40.984098,d4:a1:48:6e:2e:6e,B315_E2E6E,WPA2/WPA,-87,7,HuaweiTe,none,14.699765,121.091433
2018-05-09 14:38:32,2018-05-08 11:21:44.958639,c4:ff:1f:57:e1:dc,HUAWEI-DAYK,WPA2/WPA,-45,9,HuaweiTe,none,14.699528,121.091718
2018-05-09 14:55:25,2018-05-08 11:38:38.668958,60:de:f3:79:86:d8,Vaping Riders,WPA2/WPA,-68,9,HuaweiTe,none,14.699297,121.091837
2018-05-09 14:55:26,2018-05-08 11:38:39.922721,94:a7:b7:26:6f:d4,Adolf Wifi 6,WPA2/WPA,-84,9,Zte,none,14.699257,121.091885
2018-05-09 14:38:32,2018-05-08 11:21:45.144589,94:46:96:15:5a:94,PLDTHOMEDSLLZLQ0,WPA2/WPA,-61,10,Baudtec,none,14.699528,121.091718
2018-05-09 14:55:44,2018-05-08 11:38:57.779165,00:1f:fb:b7:b2:f7,HomeBro_ULTERA,WPA2,-54,10,GreenPac,none,14.698665,121.092628
2018-05-09 14:55:46,2018-05-08 11:38:59.379400,d4:a1:48:47:1c:d6,B315_71CD6,WPA2/WPA,-74,10,HuaweiTe,none,14.698663,121.092662
2018-05-09 14:55:28,2018-05-08 11:38:41.322006,e0:8e:3c:21:dd:7f,Adolf Wifi 10,WPA2/WPA,-86,10,AztechEl,none,14.699168,121.091988
2018-05-09 14:55:49,2018-05-08 11:39:02.717089,c4:ff:1f:57:ea:58,WILSON,WPA2/WPA,-72,11,HuaweiTe,none,14.698592,121.092728
2018-05-09 14:55:47,2018-05-08 11:39:00.982058,00:1f:fb:b8:56:f3,wifiMOTO1,WPA2,-74,11,GreenPac,none,14.698642,121.092683
2018-05-09 14:55:49,2018-05-08 11:39:03.079844,94:46:96:17:5d:26,PLDTHOMEDSLFYFY0,WPA2/WPA,-66,11,Baudtec,none,14.698592,121.092728
2018-05-09 14:38:36,2018-05-08 11:21:49.795946,50:c7:bf:cf:84:e6,WIFI-ZONE,WPA2,-56,1,Tp-LinkT,none,14.699273,121.091960
2018-05-09 14:38:37,2018-05-08 11:21:49.995277,64:66:b3:cb:db:14,POGI09CBDB14,WPA2/WPA,-88,1,Tp-LinkT,none,14.699203,121.092023
2018-05-09 14:55:34,2018-05-08 11:38:47.699303,50:04:b8:44:ca:a0,TANBRENT,WPA2/WPA,-83,1,HuaweiTe,none,14.698882,121.092308
2018-05-09 14:55:33,2018-05-08 11:38:46.994951,00:1f:fb:b3:02:6b,HomeBro_ULTERA,WPA2,-62,1,GreenPac,none,14.698925,121.092252
2018-05-09 15:06:10,2018-05-08 11:49:23.337237,54:22:f8:f1:91:58,salazar,WPA,-59,3,Zte,none,14.698107,121.093147
2018-05-09 14:38:42,2018-05-08 11:21:54.941496,b0:4e:26:7f:ca:36,xNonex,WPA2/WPA,-87,3,Tp-LinkT,none,14.698853,121.092317
2018-05-09 14:55:56,2018-05-08 11:39:09.116742,3c:78:43:31:f0:dc,HUAWEI-3UFc,WPA2/WPA,-78,3,HuaweiTe,none,14.698347,121.092942
2018-05-09 14:38:42,2018-05-08 11:21:55.656949,84:16:f9:3e:62:54,CSDA007,WPA2/WPA,-61,6,Tp-LinkT,none,14.698853,121.092317
2018-05-09 14:38:43,2018-05-08 11:21:56.548530,9c:d3:6d:a7:8e:cb,CCAFIWIFI,WPA2,-76,6,Netgear,none,14.698783,121.092380
2018-05-09 14:55:58,2018-05-08 11:39:11.209167,c4:ff:1f:57:dc:f0,HUAWEI-m33b,WPA2/WPA,-59,5,HuaweiTe,none,14.698263,121.093018
2018-05-09 14:56:19,2018-05-08 11:39:32.927128,48:fd:8e:4b:d7:44,HUAWEI-n4K8,WPA2/WPA,-69,6,HuaweiTe,none,14.697650,121.093857
2018-05-09 14:56:01,2018-05-08 11:39:14.937865,9c:6f:52:35:13:e6,bayanDSLWIFI_13E6,WPA2/WPA,-51,8,Zte,none,14.698132,121.093135
2018-05-09 14:38:49,2018-05-08 11:22:02.720690,c4:ff:1f:57:23:38,HUAWEI-ENEg,WPA2/WPA,-81,11,HuaweiTe,none,14.698407,121.092838
2018-05-09 14:56:05,2018-05-08 11:39:18.131987,90:61:0c:35:1a:86,PLDTHOMEDSL06790,WPA2/WPA,-63,10,FidaInte,none,14.697955,121.093340
2018-05-09 14:38:50,2018-05-08 11:22:03.402896,58:7f:66:37:68:dc,HUAWEI-E5330-68DC,WPA2,-79,10,HuaweiTe,none,14.698353,121.092922
2018-05-09 14:56:22,2018-05-08 11:39:35.766710,88:d2:74:86:b3:43,bayanDSLWIFI_B343,WPA2/WPA,-61,10,Zte,none,14.697665,121.093925
2018-05-09 14:51:56,2018-05-08 11:35:09.269346,00:13:33:dd:ee:85,PLDTHOMEDSL,WPA2/WPA,-75,11,Baudtec,none,14.697632,121.093557
2018-05-09 15:05:44,2018-05-08 11:48:58.063290,b0:4e:26:8c:03:f2,TP-Link_03F2,WPA2,-78,11,Tp-LinkT,none,14.697580,121.094173
2018-05-09 14:38:51,2018-05-08 11:22:04.763040,50:68:0a:66:4a:f6,B315_64AF6,WPA2/WPA,-87,11,HuaweiTe,none,14.698302,121.093005
2018-05-09 14:56:06,2018-05-08 11:39:19.784338,d4:61:2e:17:8a:72,B315_78A72,WPA2/WPA,-86,11,HuaweiTe,none,14.697908,121.093397
2018-05-09 14:38:51,2018-05-08 11:22:04.732198,00:1f:fb:b2:30:ef,home_fibr,WPA2,-88,11,GreenPac,none,14.698302,121.093005
2018-05-09 14:38:52,2018-05-08 11:22:05.021027,c4:ff:1f:56:e5:88,xNonex,WPA2/WPA,-90,11,HuaweiTe,none,14.698233,121.093093
2018-05-09 14:56:27,2018-05-08 11:39:40.687527,00:22:6b:8e:b5:6f,linksys,WPA2/WPA,-45,13,Cisco-Li,none,14.697765,121.094042
2018-05-09 14:38:55,2018-05-08 11:22:08.807305,00:e0:20:3e:13:ef,mddpkr,WPA2,-70,1,Tecnomen,none,14.698023,121.093360
2018-05-09 14:56:10,2018-05-08 11:39:23.843653,00:1f:fb:b2:8d:89,HomeBro_ULTERA,WPA2,-77,1,GreenPac,none,14.697738,121.093593
2018-05-09 14:56:11,2018-05-08 11:39:24.342007,74:cc:39:c9:f4:b0,PLDTHOMEFIBR9f4b0,WPA2/WPA,-80,1,Fiberhom,none,14.697703,121.093633
2018-05-09 15:05:46,2018-05-08 11:48:59.927602,c4:ff:1f:56:5b:00,xNonex,WPA2/WPA,-80,1,HuaweiTe,none,14.697560,121.094165
2018-05-09 14:56:11,2018-05-08 11:39:24.294661,88:d2:74:86:ca:6c,xNonex,WPA2/WPA,-81,1,Zte,none,14.697703,121.093633
2018-05-09 15:05:30,2018-05-08 11:48:43.209248,00:1f:fb:b2:38:49,HomeBro_ULTERA,WPA2,-64,1,GreenPac,none,14.697790,121.094430
2018-05-09 14:38:58,2018-05-08 11:22:11.698595,9c:6f:52:35:16:97,bayanDSLWIFI_1697,WPA2/WPA,-76,2,Zte,none,14.697818,121.093612
2018-05-09 15:05:49,2018-05-08 11:49:02.741207,3c:78:43:63:b2:44,HUAWEI-3C7v,WPA2/WPA,-74,2,HuaweiTe,none,14.697553,121.094127
2018-05-09 14:56:13,2018-05-08 11:39:26.901336,c4:ff:1f:57:d7:30,HUAWEI-e9fV,WPA2/WPA,-81,2,HuaweiTe,none,14.697652,121.093718
2018-05-09 14:38:57,2018-05-08 11:22:10.331902,c4:ff:1f:56:78:c0,xNonex,WPA2/WPA,-90,2,HuaweiTe,none,14.697890,121.093530
2018-05-09 14:39:01,2018-05-08 11:22:14.759572,58:70:c6:c8:b0:78,YICarCam_c8b078,WPA2,-61,5,Shanghai,none,14.697660,121.093870
2018-05-09 14:39:01,2018-05-08 11:22:14.841855,c4:ff:1f:55:f2:18,HUAWEI-59Dy,WPA2/WPA,-73,5,HuaweiTe,none,14.697660,121.093870
2018-05-09 14:39:01,2018-05-08 11:22:14.692873,94:46:96:1f:2d:bd,PLDTHOMEDSLDCDT0,WPA2/WPA,-86,5,Baudtec,none,14.697660,121.093870
2018-05-09 14:39:02,2018-05-08 11:22:15.950646,c4:ff:1f:57:d5:b8,HUAWEI-4y5x,WPA2/WPA,-74,5,HuaweiTe,none,14.697618,121.093947
2018-05-09 14:39:01,2018-05-08 11:22:14.196747,00:1f:fb:ba:5d:bd,Noavailable,WPA2,-83,5,GreenPac,none,14.697660,121.093870
2018-05-09 14:39:02,2018-05-08 11:22:15.423220,3c:78:43:63:b1:a8,HUAWEI-tN3F,WPA2/WPA,-87,6,HuaweiTe,none,14.697618,121.093947
2018-05-09 14:39:02,2018-05-08 11:22:15.509938,48:db:50:1a:c6:73,Lee Yoon ah,WPA2/WPA,-92,6,HuaweiTe,none,14.697618,121.093947
2018-05-09 14:39:02,2018-05-08 11:22:15.625753,00:27:15:86:46:19,Q440,WPA2,-87,6,ReboundT,none,14.697618,121.093947
2018-05-09 14:56:38,2018-05-08 11:39:52.133733,c0:4a:00:d0:77:64,TP-LINK_SPHYRO,WPA2,-50,7,Tp-LinkT,none,14.698015,121.094360
2018-05-09 15:05:36,2018-05-08 11:48:49.230632,c4:ff:1f:57:ec:38,HUAWEI-2t4k,WPA2/WPA,-58,7,HuaweiTe,none,14.697682,121.094293
2018-05-09 14:56:01,2018-05-08 11:39:14.955508,74:cc:39:88:90:10,PLDTHOMEFIBR89010,WPA2/WPA,-84,8,Fiberhom,none,14.698132,121.093135
2018-05-09 14:51:37,2018-05-08 11:34:50.424391,cc:06:77:d8:01:28,PLDTHOMEFIBR80128,WPA2/WPA,-80,10,Fiberhom,none,14.697395,121.094145
2018-05-09 14:56:24,2018-05-08 11:39:37.733698,90:61:0c:12:af:c4,Bawal Kayo Dito,WPA2/WPA,-70,11,FidaInte,none,14.697723,121.093970
2018-05-09 14:51:22,2018-05-08 11:34:35.401325,90:61:0c:37:3f:4d,ShaJayKean,WPA2/WPA,-73,11,FidaInte,none,14.697765,121.094595
2018-05-09 14:39:31,2018-05-08 11:22:44.826160,60:31:97:11:51:cd,PLDTMyDSLBiz51CC0,WPA2/WPA,-73,13,ZyxelCom,none,14.698038,121.094527
2018-05-09 15:05:07,2018-05-08 11:48:20.569975,f0:8c:fb:81:67:99,xNonex,OPN,-71,13,Fiberhom,none,14.698348,121.094975
2018-05-09 15:05:12,2018-05-08 11:48:25.777106,0a:18:0a:6f:3d:f8,Free Public Wifi - PipoI Konek,OPN,-55,1,None,none,14.698208,121.094847
2018-05-09 15:05:13,2018-05-08 11:48:27.286682,94:46:96:1f:71:ce,xNonex,WPA2/WPA,-70,2,Baudtec,none,14.698187,121.094823
2018-05-09 14:40:15,2018-05-08 11:23:28.366706,34:ba:9a:52:81:f4,Arcillo store,WPA2/WPA,-81,4,Asiatelc,none,14.697997,121.094372
2018-05-09 14:56:37,2018-05-08 11:39:50.869419,50:04:b8:7e:1d:fc,B315_E1DFC,WPA2/WPA,-63,5,HuaweiTe,none,14.697985,121.094325
2018-05-09 14:56:37,2018-05-08 11:39:50.415590,08:86:3b:30:93:04,belkin.304,WPA2/WPA,-85,6,BelkinIn,none,14.697985,121.094325
2018-05-09 14:56:39,2018-05-08 11:39:52.657452,94:46:96:1d:43:ea,....,WPA2/WPA,-77,7,Baudtec,none,14.698043,121.094395
2018-05-09 14:39:25,2018-05-08 11:22:38.247322,8c:4c:ad:07:16:dd,Smart_Bro_0716DD,WPA2,-87,8,Evoluzn,none,14.697758,121.094663
2018-05-09 15:05:03,2018-05-08 11:48:16.164430,c4:ff:1f:55:fb:48,EstradaFamily,WPA2/WPA,-54,9,HuaweiTe,none,14.698482,121.095097
2018-05-09 14:39:46,2018-05-08 11:22:59.131009,00:1f:fb:e6:41:99,HomeUltera_E64198,WPA2,-54,11,GreenPac,none,14.697987,121.094347
2018-05-09 14:56:23,2018-05-08 11:39:36.618106,88:d2:74:86:b2:f3,bayanDSLWIFI_B2F3,WPA2/WPA,-85,10,Zte,none,14.697698,121.093950
2018-05-09 14:51:03,2018-05-08 11:34:16.774144,00:1f:fb:b7:9e:03,HomeBro_ULTERA,WPA2,-50,11,GreenPac,none,14.698277,121.094988
2018-05-09 15:05:04,2018-05-08 11:48:17.477113,62:fe:1e:d5:56:32,Batchang hotspot,OPN,-76,11,None,none,14.698453,121.095063
2018-05-09 15:05:08,2018-05-08 11:48:21.280557,f0:8c:fb:81:67:98,SPHYRONETCAFE,WPA2/WPA,-67,13,Fiberhom,none,14.698318,121.094948
2018-05-09 14:39:32,2018-05-08 11:22:45.131884,bc:c0:0f:20:63:68,PLDTHOMEFIBR06368,WPA2/WPA,-88,13,Fiberhom,none,14.698083,121.094427
2018-05-09 14:39:36,2018-05-08 11:22:49.260209,9e:d2:1e:1d:d4:ac,DIRECT-8C-BRAVIA,WPA2,-86,2,None,none,14.698088,121.094323
2018-05-09 14:39:38,2018-05-08 11:22:51.289319,48:fd:8e:ce:39:8c,HUAWEI-K2A2,WPA2/WPA,-88,4,HuaweiTe,none,14.698053,121.094318
2018-05-09 14:40:23,2018-05-08 11:23:37.039049,cc:06:77:5b:a5:00,Kyla,WPA2/WPA,-75,11,Fiberhom,none,14.698028,121.094478
2018-05-09 14:39:53,2018-05-08 11:23:07.208824,90:61:0c:39:fc:7e,PLDTHOMEDSL.Ann,WPA2/WPA,-81,1,FidaInte,none,14.697945,121.094388
2018-05-09 14:43:29,2018-05-08 11:26:42.462659,f2:c8:50:17:0f:af,HUAWEI Y5 2017,WPA2,-68,6,None,none,14.703515,121.095718
2018-05-09 15:05:02,2018-05-08 11:48:15.512049,e4:77:23:a5:b9:3c,bayantel,WPA2/WPA,-68,10,Zte,none,14.698515,121.095123
2018-05-09 15:05:04,2018-05-08 11:48:17.578350,9c:6f:52:35:09:84,xNonex,WPA2/WPA,-81,11,Zte,none,14.698453,121.095063
2018-05-09 15:05:05,2018-05-08 11:48:18.275549,b8:55:10:0a:73:2b, HOTSPOT 2,OPN,-82,11,ZioncomE,none,14.698420,121.095028
2018-05-09 14:57:04,2018-05-08 11:40:17.740842,90:61:0c:0d:9d:12,PLDTMyDSLFryst,WPA2/WPA,-46,11,FidaInte,none,14.698558,121.095033
2018-05-09 14:56:44,2018-05-08 11:39:57.482133,3c:78:43:87:a1:20,free wifi,WPA2/WPA,-80,11,HuaweiTe,none,14.698187,121.094562
2018-05-09 14:40:25,2018-05-08 11:23:38.922486,00:1f:fb:98:da:bb,TALOTALONA,WPA2,-91,11,GreenPac,none,14.698042,121.094542
2018-05-09 14:40:31,2018-05-08 11:23:44.466740,70:4f:57:36:5c:10,JMC,WPA2,-51,1,Tp-LinkT,none,14.698128,121.094675
2018-05-09 14:56:52,2018-05-08 11:40:05.564150,38:d8:2f:22:4b:14,Rosemarie,WPA2/WPA,-71,1,Zte,none,14.698387,121.094800
2018-05-09 15:04:53,2018-05-08 11:48:06.277486,d0:04:92:01:46:b8,PLDTHOMEFIBR_0146b8,WPA2/WPA,-58,2,Fiberhom,none,14.698775,121.095360
2018-05-09 14:56:54,2018-05-08 11:40:07.919884,00:26:75:ab:8b:f4,Lamda,WPA2/WPA,-61,4,AztechEl,none,14.698400,121.094837
2018-05-09 14:40:34,2018-05-08 11:23:47.699053,70:4f:57:f6:94:b6,TP-Link_94B6,WPA2,-87,3,Tp-LinkT,none,14.698183,121.094743
2018-05-09 14:56:56,2018-05-08 11:40:09.208934,50:a7:2b:72:de:83,dB SYNERGY wifi,WPA2/WPA,-74,5,HuaweiTe,none,14.698435,121.094883
2018-05-09 14:50:53,2018-05-08 11:34:07.178492,02:1a:11:fe:28:23,Biof-cGFwYXByaW50MDg,OPN,-66,6,None,none,14.698557,121.095328
2018-05-09 14:40:36,2018-05-08 11:23:49.731409,c4:ff:1f:56:84:c8,HUAWEI-MtFG,WPA2/WPA,-91,6,HuaweiTe,none,14.698198,121.094773
2018-05-09 14:40:42,2018-05-08 11:23:55.733839,98:de:d0:ee:0a:36,xNonex,WPA2,-49,8,Tp-LinkT,none,14.698313,121.094923
2018-05-09 14:56:58,2018-05-08 11:40:11.784925,08:86:3b:32:1f:cc,belkin.fcc,WPA2/WPA,-81,7,BelkinIn,none,14.698475,121.094935
2018-05-09 15:04:45,2018-05-08 11:47:58.729648,94:46:96:14:c6:b5,wifiko,WPA2/WPA,-53,10,Baudtec,none,14.699128,121.095628
2018-05-09 14:51:00,2018-05-08 11:34:13.224582,00:13:33:cc:d4:71,PLDTHOMEDSL,WPA2/WPA,-62,11,Baudtec,none,14.698377,121.095112
2018-05-09 15:04:43,2018-05-08 11:47:56.594272,00:13:33:e6:f9:78,PLDTHOMEDSL,WPA2/WPA,-57,11,Baudtec,none,14.699228,121.095680
2018-05-09 15:04:45,2018-05-08 11:47:58.677634,94:53:30:72:ec:e5,SETUP,OPN,-60,11,HonHaiPr,none,14.699128,121.095628
2018-05-09 14:40:44,2018-05-08 11:23:57.932868,a0:f3:c1:77:fc:e1,TP-LINK_2.4GHz_77FCE1,WPA2/WPA,-90,11,Tp-LinkT,none,14.698342,121.094960
2018-05-09 14:57:01,2018-05-08 11:40:14.565273,34:4b:50:40:86:59,PLDTMyDSLRain,WPA2/WPA,-69,11,Zte,none,14.698532,121.094992
2018-05-09 14:57:07,2018-05-08 11:40:20.455098,d0:04:92:01:a0:d8,xNonex,WPA2/WPA,-58,1,Fiberhom,none,14.698630,121.095105
2018-05-09 14:57:29,2018-05-08 11:40:42.801218,c4:ff:1f:57:d2:50,HUAWEI-hXB6,WPA2/WPA,-81,1,HuaweiTe,none,14.699032,121.095537
2018-05-09 14:41:08,2018-05-08 11:24:22.013838,00:13:33:dd:f0:ec,PLDTHOMEDSL,WPA2/WPA,-77,1,Baudtec,none,14.698932,121.095433
2018-05-09 14:40:50,2018-05-08 11:24:03.468867,e0:8e:3c:22:6c:3f,KKK,WPA2/WPA,-63,1,AztechEl,none,14.698523,121.095137
2018-05-09 15:04:52,2018-05-08 11:48:05.594695,00:26:75:f4:71:39,bayanDSLWiFi,WPA2/WPA,-67,2,AztechEl,none,14.698803,121.095390
2018-05-09 14:40:50,2018-05-08 11:24:03.611604,c4:ff:1f:56:e4:dc,bon_25_converge,WPA2/WPA,-75,2,HuaweiTe,none,14.698523,121.095137
2018-05-09 14:40:52,2018-05-08 11:24:05.076426,34:ce:00:7f:23:fe,bon_25_converge_plus,WPA2/WPA,-80,2,XiaomiEl,none,14.698588,121.095190
2018-05-09 14:57:13,2018-05-08 11:40:27.195579,94:46:96:18:ef:ce,steadtler,WPA2/WPA,-79,5,Baudtec,none,14.698840,121.095263
2018-05-09 14:40:56,2018-05-08 11:24:09.227121,94:46:96:16:34:32,PLDTHOMEDSL7I7S0,WPA2/WPA,-93,5,Baudtec,none,14.698755,121.095262
2018-05-09 14:41:23,2018-05-08 11:24:36.367194,90:61:0c:0e:5f:06,PLDTMyDSL,WPA2/WPA,-53,11,FidaInte,none,14.699297,121.095340
2018-05-09 15:04:21,2018-05-08 11:47:35.073046,48:fd:8e:b9:92:84,HUAWEI-6C73,WPA2/WPA,-66,7,HuaweiTe,none,14.699537,121.095415
2018-05-09 14:41:19,2018-05-08 11:24:32.809696,e4:77:23:a6:2b:64,IPMC CAAYOHAN,WPA2/WPA,-65,9,Zte,none,14.699117,121.095483
2018-05-09 14:41:01,2018-05-08 11:24:14.998338,d0:04:92:01:a4:00,PLDTHOMEFIBR_01a400,WPA2/WPA,-90,9,Fiberhom,none,14.698887,121.095312
2018-05-09 14:41:04,2018-05-08 11:24:17.377409,c4:ff:1f:56:65:9c,Cartagena Fiber,WPA2/WPA,-81,9,HuaweiTe,none,14.698908,121.095367
2018-05-09 14:41:03,2018-05-08 11:24:16.420713,d0:04:92:01:50:20,xNonex,WPA2/WPA,-83,9,Fiberhom,none,14.698908,121.095350
2018-05-09 14:41:04,2018-05-08 11:24:17.398953,90:94:e4:33:fe:f8,dlink,WPA2/WPA,-96,10,D-LinkIn,none,14.698908,121.095367
2018-05-09 14:41:05,2018-05-08 11:24:18.694435,90:61:0c:41:1d:2a,PLDTHOMEDSL07466,WPA2/WPA,-89,11,FidaInte,none,14.698913,121.095390
2018-05-09 14:41:06,2018-05-08 11:24:19.200007,5c:a8:6a:7b:49:b4,EMOJI,WPA2,-87,11,HuaweiTe,none,14.698920,121.095405
2018-05-09 14:41:06,2018-05-08 11:24:19.811816,00:1f:fb:c6:46:53,xNonex,WPA2,-87,11,GreenPac,none,14.698920,121.095405
2018-05-09 14:41:07,2018-05-08 11:24:20.232814,f0:8c:fb:81:7b:c8,PLDTHOMEFIBRVHINTECH,WPA2,-94,12,Fiberhom,none,14.698925,121.095422
2018-05-09 14:41:10,2018-05-08 11:24:23.462580,00:1f:fb:b1:51:67,xNonex,WPA2,-82,1,GreenPac,none,14.698945,121.095457
2018-05-09 14:41:09,2018-05-08 11:24:22.921362,4c:81:20:97:4b:cc,PLDTHOMEDSL74BCC,WPA2,-87,1,TaicangT,none,14.698940,121.095440
2018-05-09 14:41:08,2018-05-08 11:24:22.104986,70:9f:2d:a1:16:64,bayanDSLWiFi_1664,WPA2/WPA,-90,1,Zte,none,14.698932,121.095433
2018-05-09 14:41:28,2018-05-08 11:24:42.017831,48:fd:8e:ce:2f:ec,CablaoStore,WPA2/WPA,-39,1,HuaweiTe,none,14.699505,121.095140
2018-05-09 14:57:49,2018-05-08 11:41:02.641261,00:13:33:f5:8f:e5,PLDTHOMEDSL,WPA2/WPA,-66,2,Baudtec,none,14.699268,121.095392
2018-05-09 15:04:33,2018-05-08 11:47:46.180917,00:13:33:fe:40:68,PLDTHOMEDSL,WPA2/WPA,-83,3,Baudtec,none,14.699433,121.095608
2018-05-09 14:41:26,2018-05-08 11:24:39.327532,94:fb:b2:45:cd:34,xNonex,WPA2/WPA,-88,11,Shenzhen,none,14.699423,121.095213
2018-05-09 14:50:28,2018-05-08 11:33:41.726277,94:a7:b7:26:4a:42,xNonex,WPA2/WPA,-62,1,Zte,none,14.699425,121.095360
2018-05-09 14:50:07,2018-05-08 11:33:20.247631,70:9f:2d:a0:44:9d,xNonex,WPA2/WPA,-86,1,Zte,none,14.699902,121.095140
2018-05-09 14:50:07,2018-05-08 11:33:20.147118,70:9f:2d:a0:44:9c,PLDTWiFi,WPA2/WPA,-85,1,Zte,none,14.699902,121.095140
2018-05-09 14:41:29,2018-05-08 11:24:42.519126,fc:2d:5e:0d:ce:d1,chizcake,WPA2/WPA,-89,1,Zte,none,14.699548,121.095108
2018-05-09 14:58:07,2018-05-08 11:41:20.500943,d0:04:92:01:c8:48,PLDTHOMEFIBRnofreewifi,WPA2/WPA,-80,3,Fiberhom,none,14.699858,121.095265
2018-05-09 14:41:52,2018-05-08 11:25:04.776159,48:fd:8e:4c:2a:24,HUAWEI-5SeJ,WPA2/WPA,-74,4,HuaweiTe,none,14.699875,121.095120
2018-05-09 14:41:56,2018-05-08 11:25:09.148010,00:13:33:f0:29:f4,xNonex,WPA2/WPA,-87,6,Baudtec,none,14.699910,121.095143
2018-05-09 15:03:47,2018-05-08 11:47:00.783757,00:13:33:f0:29:f5,PribadongNetwork,WPA2/WPA,-89,6,Baudtec,none,14.700095,121.095383
2018-05-09 14:41:41,2018-05-08 11:24:54.733493,b0:4e:26:db:6a:c8,TP-Link_6AC8,WPA2,-79,9,Tp-LinkT,none,14.699895,121.095058
2018-05-09 14:41:44,2018-05-08 11:24:57.760621,e0:8e:3c:04:b0:57,xNonex,WPA2/WPA,-87,10,AztechEl,none,14.699922,121.095075
2018-05-09 14:41:46,2018-05-08 11:24:59.864603,00:24:a5:f5:52:f4,celismc_clinic,WPA,-62,11,Buffalo,none,14.699937,121.095085
2018-05-09 14:42:02,2018-05-08 11:25:15.528127,00:13:33:e3:d2:14,PLDTHOMEDSLjohnnybravo,WPA2/WPA,-62,11,Baudtec,none,14.699967,121.095182
2018-05-09 14:42:04,2018-05-08 11:25:17.134561,d0:04:92:03:04:d0,SupelaresWifi,WPA2/WPA,-67,12,Fiberhom,none,14.700010,121.095202
2018-05-09 15:03:52,2018-05-08 11:47:05.701285,90:61:0c:35:68:5c,PLDTHOMEDSL26716,WPA2/WPA,-72,1,FidaInte,none,14.699965,121.095315
2018-05-09 14:41:48,2018-05-08 11:25:01.664375,50:04:b8:7e:3a:62,levylopez,WPA2/WPA,-90,1,HuaweiTe,none,14.699938,121.095088
2018-05-09 15:03:52,2018-05-08 11:47:05.350418,bc:c0:0f:c8:72:60,PLDTHOMEFIBR87260,WPA2/WPA,-87,1,Fiberhom,none,14.699965,121.095315
2018-05-09 14:42:33,2018-05-08 11:25:46.886504,40:a5:ef:96:b9:62,Five is Hotspot 3,OPN,-36,6,Shenzhen,none,14.701338,121.095835
2018-05-09 14:58:14,2018-05-08 11:41:27.845048,48:fd:8e:4b:f3:b0,HUAWEI-kEGN,WPA2/WPA,-65,6,HuaweiTe,none,14.700067,121.095383
2018-05-09 15:03:26,2018-05-08 11:46:39.567463,00:13:33:db:08:da,PLDTHOMEDSL,WPA2,-73,11,Baudtec,none,14.700662,121.095642
2018-05-09 14:42:21,2018-05-08 11:25:34.109983,00:13:33:e7:00:35,xNonex,WPA2/WPA,-85,11,Baudtec,none,14.700608,121.095542
2018-05-09 14:42:21,2018-05-08 11:25:34.296326,00:13:33:be:b0:04,PLDTHOMEDSL,WPA2/WPA,-57,11,Baudtec,none,14.700608,121.095542
2018-05-09 14:58:42,2018-05-08 11:41:55.798882,80:3f:5d:be:d9:11,HOTSPOT_1,OPN,-78,13,Winstars,none,14.701165,121.095865
2018-05-09 14:49:48,2018-05-08 11:33:01.677029,d0:04:92:01:c6:80,PLDTHOMEFIBR_01680,WPA2/WPA,-60,13,Fiberhom,none,14.700480,121.095500
2018-05-09 14:49:52,2018-05-08 11:33:05.238233,58:f9:87:24:8c:0c,A1R,WPA2/WPA,-75,1,HuaweiTe,none,14.700328,121.095383
2018-05-09 14:49:51,2018-05-08 11:33:04.970230,90:61:0c:39:c2:3d,Kutch_Home_DSL,WPA2/WPA,-70,1,FidaInte,none,14.700365,121.095408
2018-05-09 14:49:49,2018-05-08 11:33:02.448443,60:83:34:4a:e9:8b,HUAWEI-E98B,WPA2,-74,1,HuaweiTe,none,14.700437,121.095473
2018-05-09 14:58:26,2018-05-08 11:41:39.286550,c0:25:e9:74:85:6e,xNonex,WPA2,-62,1,Tp-LinkT,none,14.700552,121.095657
2018-05-09 14:58:45,2018-05-08 11:41:58.448769,6c:3b:6b:e3:be:f5,Five is Hotspot 1,OPN,-52,1,Routerbo,none,14.701308,121.095833
2018-05-09 15:02:55,2018-05-08 11:46:08.296584,00:1a:ef:44:d0:f4,Five is Hotspot 2,OPN,-44,1,Loopcomm,none,14.702100,121.095873
2018-05-09 14:42:09,2018-05-08 11:25:23.003836,d0:04:92:01:ab:48,PLDTHOMEFIBR2529,WPA2/WPA,-76,3,Fiberhom,none,14.700102,121.095287
2018-05-09 14:42:12,2018-05-08 11:25:25.356894,94:46:96:17:81:7a,PLDTHOMEDSLZIZE0,WPA2/WPA,-73,5,Baudtec,none,14.700177,121.095367
2018-05-09 14:49:40,2018-05-08 11:32:53.202530,74:cc:39:ca:2e:88,Decoy,WPA2/WPA,-44,6,Fiberhom,none,14.700873,121.095670
2018-05-09 14:42:12,2018-05-08 11:25:25.607068,00:13:33:e6:4b:ea,PLDTHOMEDSLwavestephen,WPA2/WPA,-82,144,Baudtec,none,14.700177,121.095367
2018-05-09 15:03:21,2018-05-08 11:46:34.792540,00:13:33:e5:2c:4f,PLDTHOMEDSL***,WPA2/WPA,-67,6,Baudtec,none,14.700938,121.095807
2018-05-09 14:42:35,2018-05-08 11:25:48.056670,c0:25:e9:9a:bd:90,TP_link Client7,WPA2,-44,7,Tp-LinkT,none,14.701467,121.095792
2018-05-09 14:42:17,2018-05-08 11:25:30.285509,cc:06:77:b3:d8:48,4Js Internet Cafe,WPA2/WPA,-83,8,Fiberhom,none,14.700405,121.095502
2018-05-09 14:58:38,2018-05-08 11:41:51.577873,5c:f2:86:2d:a0:10,Away with the fairies,WPA2,-81,11,IeeeRegi,none,14.700997,121.095843
2018-05-09 14:58:23,2018-05-08 11:41:37.095399,d0:04:92:01:53:c8,PLDTHOMEFIBRDHELFER,WPA2/WPA,-62,12,Fiberhom,none,14.700430,121.095590
2018-05-09 14:42:38,2018-05-08 11:25:51.925829,fc:3f:7c:6b:50:e6,Barbaledi,WPA2/WPA,-68,11,HuaweiTe,none,14.701678,121.095770
2018-05-09 15:03:08,2018-05-08 11:46:22.110489,9e:a9:e4:d4:0e:d2,Bernalyn Bautista 0905,WPA2,-65,11,None,none,14.701617,121.095928
2018-05-09 14:42:21,2018-05-08 11:25:34.186854,00:13:33:de:57:5d,PLDTHOMEDSL,WPA2/WPA,-89,11,Baudtec,none,14.700608,121.095542
2018-05-09 15:03:15,2018-05-08 11:46:28.256466,d8:37:be:fc:cd:4b,PLDTHOMEDSL_VIRAL,WPA2/WPA,-72,2,Shenzhen,none,14.701307,121.095947
2018-05-09 14:58:53,2018-05-08 11:42:06.845151,50:04:b8:7d:fa:93,PAKABIT KA PARA MERON KA DIN,WPA2/WPA,-70,6,HuaweiTe,none,14.701578,121.095740
2018-05-09 15:02:58,2018-05-08 11:46:11.347243,90:61:0c:16:d3:4d,PLDTMyDSL_ARAO,WPA2/WPA,-80,5,FidaInte,none,14.701980,121.095828
2018-05-09 14:42:33,2018-05-08 11:25:46.299393,00:24:01:ad:59:59,BlueApplecafe(FreeWifi),WPA2/WPA,-84,6,D-Link,none,14.701338,121.095835
2018-05-09 14:42:36,2018-05-08 11:25:49.498469,70:4f:57:f7:58:3c,Client_3,WPA2,-73,8,Tp-LinkT,none,14.701535,121.095783
2018-05-09 14:58:56,2018-05-08 11:42:09.985076,8c:4c:ad:07:7e:d5,Smart_Bro_077ED5,WPA2,-61,8,Evoluzn,none,14.701647,121.095742
2018-05-09 14:49:21,2018-05-08 11:32:34.259740,e8:de:27:79:67:26,TELKUNTS,WPA2,-88,8,Tp-LinkT,none,14.701788,121.095708
2018-05-09 14:49:19,2018-05-08 11:32:33.058156,74:cc:39:8b:b4:68,NOFREEWIFI,WPA2/WPA,-86,8,Fiberhom,none,14.701823,121.095713
2018-05-09 14:58:56,2018-05-08 11:42:09.948768,00:13:33:cc:2f:da,PLDTHOMEDSL,WPA2/WPA,-52,10,Baudtec,none,14.701647,121.095742
2018-05-09 14:58:56,2018-05-08 11:42:09.843811,48:fd:8e:b8:7e:54,HUAWEI-Gu8w,WPA2/WPA,-68,9,HuaweiTe,none,14.701647,121.095742
2018-05-09 14:42:58,2018-05-08 11:26:11.357607,7c:11:cb:6f:92:6b,DingdongMantes,WPA2/WPA,-66,10,HuaweiTe,none,14.702487,121.095723
2018-05-09 14:42:40,2018-05-08 11:25:53.147625,00:13:33:d3:f3:3d,PLDTHOMEDSLGerodias,WPA2/WPA,-92,11,Baudtec,none,14.701807,121.095752
2018-05-09 14:42:41,2018-05-08 11:25:54.337730,e8:94:f6:e1:a5:4a,NICOLESKI,WPA2/WPA,-83,10,Tp-LinkT,none,14.701867,121.095745
2018-05-09 14:49:07,2018-05-08 11:32:21.049187,d0:04:92:01:b1:d8,PLDTHOMEFIBRMONTEJO,WPA2,-61,11,Fiberhom,none,14.702233,121.095725
2018-05-09 14:42:43,2018-05-08 11:25:56.175527,70:4f:57:d0:91:80,SADDAM,WPA2,-85,12,Tp-LinkT,none,14.701983,121.095730
2018-05-09 15:02:56,2018-05-08 11:46:10.013516,00:1a:ef:42:68:d9,Client_1,WPA2/WPA,-72,2,Loopcomm,none,14.702057,121.095858
2018-05-09 15:02:54,2018-05-08 11:46:08.013443,b0:4e:26:8b:ec:e2,rinple,WPA2,-60,2,Tp-LinkT,none,14.702152,121.095875
2018-05-09 14:59:06,2018-05-08 11:42:19.163490,b0:4e:26:58:b4:60,Pisonet.Rent,WPA2,-41,2,Tp-LinkT,none,14.701998,121.095737
2018-05-09 14:42:44,2018-05-08 11:25:57.651952,b0:4e:26:d2:df:28,TP-Link_DF28,WPA2,-56,1,Tp-LinkT,none,14.702038,121.095720
2018-05-09 14:42:44,2018-05-08 11:25:57.918173,00:1a:ef:46:1a:91,Gerodias4J,WPA2/WPA,-89,1,Loopcomm,none,14.702038,121.095720
2018-05-09 14:59:06,2018-05-08 11:42:19.109211,b0:4e:26:58:b3:de,TP-Link_B3DE,WPA2,-73,3,Tp-LinkT,none,14.701998,121.095737
2018-05-09 14:42:51,2018-05-08 11:26:05.060597,5c:f2:86:2f:67:04,Globe_LTE MIFI_6704,WPA2/WPA,-83,6,IeeeRegi,none,14.702270,121.095703
2018-05-09 14:42:53,2018-05-08 11:26:07.060817,88:d2:74:86:cc:ae,bayanDSLWIFI_CCAE,WPA2/WPA,-74,7,Zte,none,14.702303,121.095725
2018-05-09 14:42:55,2018-05-08 11:26:08.259730,90:61:0c:34:ff:b3,Trojan.exe,WPA2/WPA,-83,8,FidaInte,none,14.702367,121.095723
2018-05-09 14:42:54,2018-05-08 11:26:07.630789,cc:06:77:d8:a5:e0,PLDTHOMEFIBR8a5e0,WPA2/WPA,-80,9,Fiberhom,none,14.702333,121.095722
2018-05-09 14:59:16,2018-05-08 11:42:29.468462,90:61:0c:37:7a:85,DickHead,WPA2/WPA,-70,11,FidaInte,none,14.702310,121.095757
2018-05-09 14:48:52,2018-05-08 11:32:05.435702,90:61:0c:2e:f1:a6,ZZZZZZZZZZ,WPA2/WPA,-82,1,FidaInte,none,14.702597,121.095828
2018-05-09 14:43:05,2018-05-08 11:26:18.219873,88:d2:74:86:aa:eb,tangina kayo,WPA2/WPA,-73,1,Zte,none,14.702782,121.095720
2018-05-09 14:43:21,2018-05-08 11:26:34.843818,28:ff:3e:3d:e6:a3,bayanDSLWIFI_E6A3,WPA2/WPA,-66,2,Zte,none,14.703330,121.095717
2018-05-09 14:43:07,2018-05-08 11:26:20.389827,c4:ff:1f:55:b1:58,HUAWEI-RVGU,WPA2/WPA,-73,5,HuaweiTe,none,14.702860,121.095715
2018-05-09 15:02:39,2018-05-08 11:45:53.000966,50:a7:2b:1b:12:6d,lee bryan,WPA2/WPA,-87,5,HuaweiTe,none,14.702753,121.095970
2018-05-09 14:43:28,2018-05-08 11:26:41.767249,7c:c7:09:c6:2a:0e,Mitsubishi Wireless TV 368,OPN,-60,36,Shenzhen,none,14.703505,121.095713
2018-05-09 15:02:05,2018-05-08 11:45:18.523830,bc:3f:8f:d5:19:3c,HUAWEI-xSTK,WPA2/WPA,-59,6,HuaweiTe,none,14.704028,121.096377
2018-05-09 14:43:31,2018-05-08 11:26:44.734330,2c:dd:95:f4:27:2e,PCGAMERDIGITAL,WPA2,-67,7,TaicangT,none,14.703555,121.095727
2018-05-09 14:59:32,2018-05-08 11:42:45.502629,58:f9:87:24:e8:88,HUAWEI-FAVd,WPA2/WPA,-87,9,HuaweiTe,none,14.702890,121.095985
2018-05-09 14:43:37,2018-05-08 11:26:50.190457,5c:f2:86:2f:1e:44,Globe_LTE MIFI_1E44,WPA2/WPA,-70,9,IeeeRegi,none,14.703675,121.095785
2018-05-09 14:43:15,2018-05-08 11:26:28.782574,36:69:87:c0:92:64,ZTE-MF65M-9264,WPA2,-93,10,None,none,14.703148,121.095698
2018-05-09 14:43:15,2018-05-08 11:26:28.948457,e0:8e:3c:2e:2b:d1,bayantelglobe,WPA2/WPA,-85,10,AztechEl,none,14.703148,121.095698
2018-05-09 14:43:37,2018-05-08 11:26:50.505094,00:13:33:cc:de:35,PLDTHOMEDSL,WPA2/WPA,-64,11,Baudtec,none,14.703675,121.095785
2018-05-09 14:43:17,2018-05-08 11:26:30.419276,00:13:33:d8:32:f9,PLDTHOMEDSLSUPERMAN,WPA2/WPA,-88,11,Baudtec,none,14.703208,121.095698
2018-05-09 15:02:33,2018-05-08 11:45:46.952569,30:fc:68:49:c6:72,TP-LINK_C672,WPA2/WPA,-75,1,Tp-LinkT,none,14.702952,121.096018
2018-05-09 14:59:22,2018-05-08 11:42:35.944370,e0:8e:3c:2f:39:19,bayanDSLWIFI_3919,WPA2/WPA,-78,1,AztechEl,none,14.702522,121.095813
2018-05-09 14:43:23,2018-05-08 11:26:36.352775,38:d8:2f:2b:fb:78,Cj wi fi,WPA2/WPA,-77,2,Zte,none,14.703380,121.095722
2018-05-09 14:44:11,2018-05-08 11:27:24.889823,b0:55:08:25:29:ad,HUAWEI-29AD,WPA2,-88,8,HuaweiTe,none,14.703835,121.095830
2018-05-09 14:59:33,2018-05-08 11:42:46.687755,3c:78:43:31:f6:98,Quezon City Unlimited Data,WPA2/WPA,-71,10,HuaweiTe,none,14.702933,121.095997
2018-05-09 14:44:16,2018-05-08 11:27:29.438743,d0:04:92:01:47:70,PLDTHOMEFIBRmayvirusito,WPA2/WPA,-57,12,Fiberhom,none,14.703942,121.095837
2018-05-09 14:48:35,2018-05-08 11:31:48.900484,90:61:0c:2d:ed:4e,PLDTHOMEDSL60750,WPA2/WPA,-59,1,FidaInte,none,14.703268,121.096033
2018-05-09 14:43:42,2018-05-08 11:26:55.791396,90:61:0c:2d:e0:70,PLDTHOMEDSL57456,WPA2/WPA,-89,1,FidaInte,none,14.703735,121.095792
2018-05-09 14:48:34,2018-05-08 11:31:47.526007,94:46:96:1f:93:75,I_am_a_Virus,WPA2/WPA,-80,2,Baudtec,none,14.703327,121.096037
2018-05-09 14:59:44,2018-05-08 11:42:57.492013,cc:06:77:75:80:90,adasd,WPA2/WPA,-63,5,Fiberhom,none,14.703455,121.095995
2018-05-09 14:43:58,2018-05-08 11:27:11.612837,80:3f:5d:c2:67:52,BOGCEY 11,OPN,-90,13,Winstars,none,14.703817,121.095808
2018-05-09 14:44:01,2018-05-08 11:27:14.550778,cc:06:77:b4:16:78,bilikawifimo,WPA2/WPA,-85,1,Fiberhom,none,14.703837,121.095813
2018-05-09 15:02:18,2018-05-08 11:45:32.032202,3c:78:43:87:cd:0c,HUAWEI-p20,WPA2/WPA,-57,2,HuaweiTe,none,14.703595,121.096142
2018-05-09 14:44:05,2018-05-08 11:27:18.816527,bc:3d:85:f1:18:b6,HUAWEI-18B6,WPA2,-88,5,HuaweiTe,none,14.703817,121.095837
2018-05-09 15:02:21,2018-05-08 11:45:34.963321,dc:09:4c:5d:03:88,HUAWEI-E5330-0388,WPA2,-88,5,HuaweiTe,none,14.703455,121.096135
2018-05-09 14:44:28,2018-05-08 11:27:41.874978,74:cc:39:88:97:78,amribille,WPA2/WPA,-67,9,Fiberhom,none,14.704592,121.095953
2018-05-09 14:44:13,2018-05-08 11:27:27.227606,78:54:2e:f7:25:12,Jheyskie,WPA2/WPA,-83,9,D-LinkIn,none,14.703850,121.095832
2018-05-09 14:59:53,2018-05-08 11:43:06.425634,88:d2:74:86:c1:0f,bayanDSLWIFI_C10F,WPA2/WPA,-71,9,Zte,none,14.703818,121.096043
2018-05-09 15:02:10,2018-05-08 11:45:23.831678,c4:86:e9:ac:45:c9,B315_C45C9,WPA2/WPA,-66,11,HuaweiTe,none,14.703883,121.096228
2018-05-09 15:00:17,2018-05-08 11:43:30.898874,d0:04:92:01:50:58,xNonex,WPA2/WPA,-55,13,Fiberhom,none,14.704083,121.096238
2018-05-09 15:00:01,2018-05-08 11:43:14.785392,9c:6f:52:35:18:68,pangetmo,WPA2/WPA,-70,1,Zte,none,14.703892,121.096097
2018-05-09 15:00:02,2018-05-08 11:43:15.900180,28:ff:3e:3d:df:01,bayanDSLWIFI_DF01,WPA2/WPA,-82,1,Zte,none,14.703895,121.096095
2018-05-09 15:02:16,2018-05-08 11:45:30.030463,9c:6f:52:35:11:4e,bili ka wifi mo!,WPA2/WPA,-86,1,Zte,none,14.703677,121.096128
2018-05-09 15:00:00,2018-05-08 11:43:13.257063,00:13:33:ff:79:4c,PLDTHOMEDSL,WPA2/WPA,-63,1,Baudtec,none,14.703887,121.096098
2018-05-09 15:00:02,2018-05-08 11:43:15.930814,00:13:33:dd:79:99,PLDTHOMEDSL,WPA2/WPA,-68,2,Baudtec,none,14.703895,121.096095
2018-05-09 14:44:24,2018-05-08 11:27:37.528573,00:27:15:10:6c:9e,BzDf-TmFydXRvIFNoaXBwdWRlbg,OPN,-71,6,ReboundT,none,14.704428,121.095878
2018-05-09 15:00:45,2018-05-08 11:43:58.823412,d0:04:92:01:47:28,PLDTHOMEFIBRHome wifi,WPA2/WPA,-61,6,Fiberhom,none,14.704160,121.096397
2018-05-09 14:44:25,2018-05-08 11:27:38.288945,cc:06:77:b4:13:a8,Anonymous-Cloud1,WPA2/WPA,-82,5,Fiberhom,none,14.704483,121.095892
2018-05-09 15:00:29,2018-05-08 11:43:43.031135,d0:04:92:01:a3:e0,PLDTHOMEFIBR_01a3e0,WPA2/WPA,-71,9,Fiberhom,none,14.704085,121.096267
2018-05-09 14:44:50,2018-05-08 11:28:04.055638,9c:6f:52:35:00:92,bayanDSLWIFI_0092,WPA2/WPA,-61,10,Zte,none,14.704552,121.096222
2018-05-09 14:44:53,2018-05-08 11:28:06.150545,4c:54:99:11:2f:8e,B200W,WEP,-65,11,HuaweiTe,none,14.704545,121.096250
2018-05-09 14:47:48,2018-05-08 11:31:01.352756,9c:6f:52:35:10:95,bayanDSLWIFI_1095,WPA2/WPA,-85,11,Zte,none,14.704283,121.096507
2018-05-09 14:48:09,2018-05-08 11:31:22.695260,b0:6e:bf:4b:08:f0,W & J Pharmacy,WPA2/WPA,-87,11,AsustekC,none,14.704088,121.096365
2018-05-09 15:00:43,2018-05-08 11:43:56.344704,02:e6:20:01:29:0a,Access Denied,WPA2,-86,11,None,none,14.704145,121.096383
2018-05-09 14:44:37,2018-05-08 11:27:50.908995,e0:8e:3c:2f:4c:39,THALIA&ATHINA,WPA2/WPA,-90,1,AztechEl,none,14.704542,121.096127
2018-05-09 14:44:57,2018-05-08 11:28:10.785924,8c:25:05:c9:6f:f8,B315_96FF8,WPA2/WPA,-44,1,HuaweiTe,none,14.704548,121.096293
2018-05-09 14:45:17,2018-05-08 11:28:30.336087,e0:8e:3c:20:22:53,Synesthesia,WPA2/WPA,-72,1,AztechEl,none,14.704590,121.096468
2018-05-09 14:44:59,2018-05-08 11:28:13.081668,b8:55:10:af:04:b4,OneJoy,WPA2,-73,1,ZioncomE,none,14.704555,121.096315
2018-05-09 14:44:38,2018-05-08 11:27:51.848551,48:fd:8e:ce:2a:44,virus2,WPA2/WPA,-79,1,HuaweiTe,none,14.704542,121.096132
2018-05-09 14:45:34,2018-05-08 11:28:47.589275,e4:77:23:a6:44:68,JeromeAnthony,WPA2/WPA,-89,1,Zte,none,14.704655,121.096650
2018-05-09 15:00:39,2018-05-08 11:43:52.668375,d0:04:92:01:3d:a0,PLDTHOMEFIBROMIJONESPARTYNEEDS,WPA2/WPA,-75,2,Fiberhom,none,14.704117,121.096357
2018-05-09 14:45:00,2018-05-08 11:28:13.506116,48:fd:8e:4c:2a:bc,HUAWEI-SfbA,WPA2/WPA,-87,3,HuaweiTe,none,14.704558,121.096322
2018-05-09 15:00:25,2018-05-08 11:43:38.552360,e4:7d:eb:02:f5:22,P01I-F522,WPA2,-85,6,Shanghai,none,14.704088,121.096260
2018-05-09 14:48:26,2018-05-08 11:31:39.465635,b0:b2:dc:45:ef:7c,PLDTMyDSL,WPA2/WPA,-69,11,ZyxelCom,none,14.703773,121.096072
2018-05-09 15:00:40,2018-05-08 11:43:53.820662,c4:ff:1f:57:85:54,HUAWEI-Utgf,WPA2/WPA,-86,3,HuaweiTe,none,14.704127,121.096367
2018-05-09 15:00:45,2018-05-08 11:43:58.237847,38:f8:89:4d:cb:0d,JHUN,WPA2/WPA,-88,6,HuaweiTe,none,14.704160,121.096397
2018-05-09 14:47:25,2018-05-08 11:30:38.707560,c4:ff:1f:56:f3:14,HUAWEI-DRFc,WPA2/WPA,-89,9,HuaweiTe,none,14.704365,121.096670
2018-05-09 14:46:01,2018-05-08 11:29:14.739643,5c:f2:86:25:26:2d,Francisfrancis,WPA2,-77,7,IeeeRegi,none,14.704543,121.096568
2018-05-09 14:59:22,2018-05-08 11:42:35.772335,90:61:0c:2f:38:cf,TividadTorregoza,WPA2/WPA,-79,1,FidaInte,none,14.702522,121.095813
2018-05-09 14:56:20,2018-05-08 11:39:33.564552,34:ba:9a:54:cb:6d,rdch0301,WPA2,-64,8,Asiatelc,none,14.697658,121.093878
2018-05-09 14:49:22,2018-05-08 11:32:35.697711,94:46:96:1f:af:7d,xNonex,WPA2/WPA,-89,10,Baudtec,none,14.701752,121.095705
2018-05-09 15:03:07,2018-05-08 11:46:20.113664,94:46:96:1f:af:7c,PERLINOWIFI,WPA2/WPA,-88,10,Baudtec,none,14.701657,121.095910
2018-05-09 15:03:13,2018-05-08 11:46:26.155521,d0:04:92:02:8e:d0,PLDTHOMEFIBRANESCO,WPA2/WPA,-88,13,Fiberhom,none,14.701420,121.095970
2018-05-09 14:49:29,2018-05-08 11:32:42.894274,90:61:0c:37:97:4d,NoWifiAtAll,WPA2/WPA,-65,1,FidaInte,none,14.701430,121.095805
2018-05-09 14:49:40,2018-05-08 11:32:53.672579,f0:8c:fb:80:5e:d8,PLDTHOMEFIBR_805ed8,WPA2/WPA,-95,9,Fiberhom,none,14.700873,121.095670
2018-05-09 14:49:42,2018-05-08 11:32:55.387274,0e:41:58:00:9d:10,PAMPAMKA,WPA2,-87,10,None,none,14.700772,121.095608
2018-05-09 14:49:42,2018-05-08 11:32:55.465972,94:a7:b7:3c:e2:14,BILI KA NG WIFI MO,WPA2/WPA,-85,10,Zte,none,14.700772,121.095608
2018-05-09 14:57:49,2018-05-08 11:41:02.682565,94:a7:b7:26:4a:43,xNonex,WPA,-64,1,Zte,none,14.699268,121.095392
2018-05-09 14:50:27,2018-05-08 11:33:40.687484,90:61:0c:2d:e2:c6,PLDTHOMEDSL58054,WPA2/WPA,-83,1,FidaInte,none,14.699452,121.095332
2018-05-09 14:57:48,2018-05-08 11:41:01.145119,9c:6f:52:35:0f:5d,bayanDSLWIFI_0F5D,WPA2/WPA,-84,1,Zte,none,14.699240,121.095415
2018-05-09 14:50:30,2018-05-08 11:33:43.471368,c4:ff:1f:57:83:5c,Convergys,WPA2/WPA,-90,2,HuaweiTe,none,14.699372,121.095420
2018-05-09 14:57:12,2018-05-08 11:40:25.507381,1c:74:0d:16:63:70,PLDTHOMEDSL_OSKFIBRAZIL,WPA2/WPA,-88,4,ZyxelCom,none,14.698802,121.095238
2018-05-09 14:50:31,2018-05-08 11:33:44.227501,1e:74:0d:16:63:70,PLDTHOMEDSL_AkiraPitots,WPA2,-91,4,None,none,14.699343,121.095458
2018-05-09 14:50:43,2018-05-08 11:33:56.640012,90:61:0c:10:f8:e8,PLDTMyDSLMMCES,WPA2/WPA,-75,11,FidaInte,none,14.698933,121.095620
2018-05-09 14:50:42,2018-05-08 11:33:55.397604,94:46:96:14:9b:60,PLDTHOMEDSLZMZD0,WPA2/WPA,-88,11,Baudtec,none,14.698975,121.095647
2018-05-09 14:57:11,2018-05-08 11:40:24.817458,00:1f:fb:b2:6f:4f,HomeBro_ULTERA,WPA2,-84,2,GreenPac,none,14.698765,121.095212
2018-05-09 14:50:51,2018-05-08 11:34:04.177538,00:13:33:f3:fb:3a,xNonex,WPA2/WPA,-89,4,Baudtec,none,14.698633,121.095403
2018-05-09 15:05:12,2018-05-08 11:48:25.424583,90:61:0c:2f:3a:ad,PLDTHOMEDSL15021,WPA2/WPA,-77,1,FidaInte,none,14.698208,121.094847
2018-05-09 14:51:20,2018-05-08 11:34:33.219450,c4:ff:1f:56:75:9c,none,none,-89,11,none,none,14.697825,121.094648
2018-05-09 14:51:38,2018-05-08 11:34:51.960628,00:13:33:d0:76:f2,PLDTHOMEDSLMakMak0021,WPA2/WPA,-88,11,Baudtec,none,14.697377,121.094115
2018-05-09 14:51:42,2018-05-08 11:34:55.870512,e0:8e:3c:2f:24:0d,m@c pro,WPA2/WPA,-79,1,AztechEl,none,14.697320,121.094033
2018-05-09 14:51:43,2018-05-08 11:34:56.471297,92:cd:b6:27:df:bb,DIRECT-DE-BRAVIA,WPA2,-75,1,None,none,14.697303,121.094012
2018-05-09 14:56:15,2018-05-08 11:39:28.140460,c4:ff:1f:57:30:6c,wifikolang,WPA2/WPA,-87,1,HuaweiTe,none,14.697643,121.093768
2018-05-09 14:56:13,2018-05-08 11:39:26.693277,e0:8e:3c:20:05:bb,xNonex,WPA2/WPA,-84,3,AztechEl,none,14.697652,121.093718
2018-05-09 15:05:52,2018-05-08 11:49:05.564664,c4:ff:1f:57:39:1c,HUAWEI-Xeqc,WPA2/WPA,-76,5,HuaweiTe,none,14.697578,121.094033
2018-05-09 15:05:53,2018-05-08 11:49:06.973863,54:25:ea:06:7f:36,ACD Trading,WPA2/WPA,-84,5,HuaweiTe,none,14.697592,121.093998
2018-05-09 14:55:59,2018-05-08 11:39:12.948594,02:08:22:a0:86:79,BBXY-SsOuTGzDrsOlw7HDp8O7dMOq,OPN,-83,6,None,none,14.698217,121.093057
2018-05-09 14:55:55,2018-05-08 11:39:08.941674,a0:8d:16:33:fd:de,HUAWEI-E5330-FDDE,WPA2,-72,11,HuaweiTe,none,14.698382,121.092905
2018-05-09 15:06:09,2018-05-08 11:49:22.461245,00:1f:fb:c5:95:47,xNonex,WPA2,-90,2,GreenPac,none,14.698082,121.093187
2018-05-09 14:52:04,2018-05-08 11:35:17.759105,14:b9:68:f3:b5:16,HUAWEI-E5330-B516,WPA2,-85,1,HuaweiTe,none,14.698007,121.093122
2018-05-09 14:52:11,2018-05-08 11:35:24.529366,fe:2d:5e:46:a4:1e,zoneo,WPA2/WPA,-66,5,None,none,14.698410,121.092687
2018-05-09 14:52:11,2018-05-08 11:35:24.776148,08:10:74:62:18:c2,HW007,WPA,-85,6,None,none,14.698410,121.092687
2018-05-09 14:55:41,2018-05-08 11:38:54.323590,fa:8f:ca:74:e7:87,Living Room TV.b,OPN,-87,6,None,none,14.698758,121.092578
2018-05-09 14:55:29,2018-05-08 11:38:42.838276,00:1f:fb:b7:d8:2b,HomeBro_ULTERA,WPA2,-84,11,GreenPac,none,14.699122,121.092043
2018-05-09 14:52:18,2018-05-08 11:35:31.383332,60:83:34:4f:9d:53,B315_F9D53,WPA2/WPA,-73,11,HuaweiTe,none,14.698852,121.092213
2018-05-09 14:52:21,2018-05-08 11:35:34.480897,00:1f:fb:ba:5a:39,xNonex,WPA2,-88,1,GreenPac,none,14.699048,121.091998
2018-05-09 14:52:22,2018-05-08 11:35:35.416403,90:61:0c:35:c0:2e,PLDTHOMEDSL49198,WPA2/WPA,-84,2,FidaInte,none,14.699112,121.091928
2018-05-09 14:52:22,2018-05-08 11:35:35.156781,b0:4e:26:7f:c0:78,TP-Link_C078,WPA2/WPA,-87,2,Tp-LinkT,none,14.699112,121.091928
2018-05-09 14:52:27,2018-05-08 11:35:40.324600,72:0b:c0:8a:d4:f5,Starmobile UP Neo,WPA2,-86,6,None,none,14.699425,121.091630
2018-05-09 14:52:28,2018-05-08 11:35:41.784388,cc:06:77:72:dd:80,Bosx1neExB,WPA2/WPA,-92,7,Fiberhom,none,14.699482,121.091575
2018-05-09 15:06:38,2018-05-08 11:49:51.649477,d0:04:92:01:a3:88,PLDTHOMEFIBR_01a388,WPA2/WPA,-77,9,Fiberhom,none,14.698717,121.091687
2018-05-09 15:06:59,2018-05-08 11:50:12.719629,00:1e:2a:62:1e:8e,NETGEAR,WPA2/WPA,-85,11,Netgear,none,14.699707,121.090777
2018-05-09 14:52:44,2018-05-08 11:35:58.021895,c8:3a:35:f7:53:71,kuysdam 2.4ghz,WPA2,-88,5,TendaTec,none,14.700032,121.090940
2018-05-09 14:52:49,2018-05-08 11:36:02.579353,84:16:f9:3d:5b:c4,TP-LINK_5BC4,WPA2,-88,8,Tp-LinkT,none,14.700187,121.090557
2018-05-09 14:54:45,2018-05-08 11:37:58.586074,8c:68:c8:c0:14:62,bayanDSLWIFI_1462,WPA2/WPA,-74,8,None,none,14.700267,121.089880
2018-05-09 14:52:54,2018-05-08 11:36:07.629818,00:13:33:c2:e6:8e,PLDTHOMEDSLstarianmarketing,WPA,-88,11,Baudtec,none,14.700293,121.090107
2018-05-09 14:52:58,2018-05-08 11:36:12.281018,9c:6f:52:35:03:2b,bayanDSLWIFI_032B,WPA2/WPA,-75,1,Zte,none,14.700338,121.089730
2018-05-09 14:53:20,2018-05-08 11:36:33.670012,b0:e5:ed:56:03:9f,HUAWEI-039F,WPA2,-74,127,HuaweiTe,none,14.700188,121.088613
2018-05-09 14:53:21,2018-05-08 11:36:34.129212,94:46:96:15:5e:45,XYNET2018,WPA2/WPA,-83,2,Baudtec,none,14.700190,121.088612
2018-05-09 14:53:10,2018-05-08 11:36:23.844886,d0:04:92:11:8b:60,PLDTHOMEFIBRCRUZWIFI,WPA2/WPA,-79,8,Fiberhom,none,14.700140,121.088662
2018-05-09 14:53:10,2018-05-08 11:36:23.146713,fc:2d:5e:01:af:59,GLOBE_01AF59,WPA2/WPA,-84,8,Zte,none,14.700140,121.088662
2018-05-09 14:53:14,2018-05-08 11:36:27.700217,d4:40:f0:15:19:8e,maganda ba ako,WPA2,-75,11,HuaweiTe,none,14.700125,121.088552
2018-05-09 14:53:33,2018-05-08 11:36:46.213540,00:13:33:df:0c:fc,PLDTHOMEDSL,WPA2/WPA,-68,11,Baudtec,none,14.700143,121.088657
2018-05-09 14:53:15,2018-05-08 11:36:29.016932,70:4f:57:36:6a:62,DYRAMEAN,WPA2,-86,11,Tp-LinkT,none,14.700128,121.088545
2018-05-09 14:53:16,2018-05-08 11:36:29.325018,dc:ee:06:c6:71:97,B315_67197,WPA2,-86,11,HuaweiTe,none,14.700145,121.088563
2018-05-09 14:53:18,2018-05-08 11:36:31.183569,08:10:79:dc:44:e6,NVR081079dc44e6,WPA2,-82,14,None,none,14.700173,121.088587
2018-05-09 14:53:18,2018-05-08 11:36:31.402399,8e:79:67:61:02:83,wifi mo bato!!!,WPA2,-91,13,None,none,14.700173,121.088587
2018-05-09 14:53:18,2018-05-08 11:36:32.229255,90:61:0c:3e:a5:25,PLDTHOMEDSL42277,WPA2/WPA,-69,1,FidaInte,none,14.700173,121.088587
2018-05-09 14:54:15,2018-05-08 11:37:29.080104,90:97:f3:c5:90:00,BSDU-SmFEZV5e,OPN,-75,1,SamsungE,none,14.700090,121.089078
2018-05-09 14:53:40,2018-05-08 11:36:53.575352,1c:7e:e5:3e:7a:74,Lupins WiFi,WPA,-88,2,D-LinkIn,none,14.700112,121.088700
2018-05-09 14:53:46,2018-05-08 11:37:00.002321,ec:3d:fd:37:83:cf,MV23249576,OPN,-84,6,Shenzhen,none,14.700100,121.088795
2018-05-09 14:53:59,2018-05-08 11:37:12.822738,00:0f:02:6b:af:d4,Wireless-N Router,WPA2,-88,1,Digicube,none,14.700077,121.088963
2018-05-09 14:54:31,2018-05-08 11:37:44.586971,22:d7:5a:13:8f:17,Flare S Play,WPA2,-78,11,None,none,14.700162,121.089117
2018-05-09 14:54:15,2018-05-08 11:37:28.817786,9c:6f:52:35:07:b4,akiahrae07,WPA2/WPA,-93,1,Zte,none,14.700090,121.089078
2018-05-09 14:54:18,2018-05-08 11:37:31.828356,1c:15:1f:3f:26:7b,B310_F267B,WPA2/WPA,-86,1,HuaweiTe,none,14.700090,121.089080
2018-05-09 15:07:07,2018-05-08 11:50:20.154328,8c:79:67:a7:96:5e,GLOBE_A7965E,WPA2/WPA,-86,4,Zte,none,14.699980,121.090170
2018-05-09 14:54:43,2018-05-08 11:37:56.512784,c4:ff:1f:55:bb:5c,Miggys Wifi,WPA2/WPA,-79,5,HuaweiTe,none,14.700253,121.089740
2018-05-09 14:54:42,2018-05-08 11:37:55.929793,00:23:69:32:bb:b9,linksys,WPA2,-83,6,Cisco-Li,none,14.700248,121.089672
2018-05-09 14:54:53,2018-05-08 11:38:06.759845,48:db:50:34:13:09,HUAWEI-E5330-1309,WPA2,-71,11,HuaweiTe,none,14.700173,121.090432
2018-05-09 14:54:54,2018-05-08 11:38:08.183860,e0:8e:3c:1b:70:0f,INVICTUS,WPA2/WPA,-81,1,AztechEl,none,14.700153,121.090497
2018-05-09 15:06:52,2018-05-08 11:50:05.187696,78:8a:20:64:0c:45,obenza wifi for rent,OPN,-89,6,Ubiquiti,none,14.699308,121.091162
2018-05-09 14:55:02,2018-05-08 11:38:15.889002,aa:a6:68:da:54:ae,VIDAL SUN,WPA2/WPA,-87,6,None,none,14.699943,121.091027
2018-05-09 14:55:07,2018-05-08 11:38:20.678836,00:1f:fb:ba:77:c5,Virus,WPA2,-88,10,GreenPac,none,14.699765,121.091227
2018-05-09 14:55:29,2018-05-08 11:38:42.404534,b8:55:10:2b:41:7c,lageerssss,WPA2,-83,11,ZioncomE,none,14.699122,121.092043
2018-05-09 14:55:13,2018-05-08 11:38:27.113145,e0:8e:3c:22:57:73,bayanDSLWIFI_5773,WPA2/WPA,-94,1,AztechEl,none,14.699672,121.091458
2018-05-09 14:55:13,2018-05-08 11:38:27.294759,88:d2:74:86:d4:ab,elmido,WPA2/WPA,-89,1,Zte,none,14.699672,121.091458
2018-05-09 14:56:04,2018-05-08 11:39:17.550480,8c:25:05:63:29:15,babyjamina,WPA2/WPA,-58,9,HuaweiTe,none,14.697998,121.093283
2018-05-09 14:55:29,2018-05-08 11:38:42.893223,00:13:33:d9:9f:ea,PLDTHOMEDSL,WPA2/WPA,-89,11,Baudtec,none,14.699122,121.092043
2018-05-09 15:06:25,2018-05-08 11:49:38.911186,c4:ff:1f:55:96:14,HUAWEI-bYJk,WPA2/WPA,-75,1,HuaweiTe,none,14.698367,121.092498
2018-05-09 14:55:36,2018-05-08 11:38:49.571502,90:61:0c:3a:43:b8,PLDTHOMEDSL13562,WPA2/WPA,-76,1,FidaInte,none,14.698820,121.092412
2018-05-09 14:55:38,2018-05-08 11:38:51.422468,d0:04:92:01:a5:a8,PLDTHOMEFIBR_01a5a8,WPA2/WPA,-87,4,Fiberhom,none,14.698777,121.092498
2018-05-09 14:55:39,2018-05-08 11:38:52.692459,34:ba:9a:55:dd:b0,Lte_home,WPA2/WPA,-86,4,Asiatelc,none,14.698765,121.092535
2018-05-09 14:55:43,2018-05-08 11:38:56.869197,c8:3a:35:48:6a:40,Tenda_486A40,WPA,-82,8,TendaTec,none,14.698697,121.092608
2018-05-09 15:06:17,2018-05-08 11:49:30.342598,c4:ff:1f:57:2f:b8,HUAWEI-c4Nf,WPA2/WPA,-85,7,HuaweiTe,none,14.698232,121.092888
2018-05-09 14:55:46,2018-05-08 11:38:59.921169,00:1f:fb:a4:8c:49,HomeBro_ULTERA,WPA2,-89,10,GreenPac,none,14.698663,121.092662
2018-05-09 14:55:49,2018-05-08 11:39:03.043714,c4:ff:1f:57:1a:f4,Marco ,WPA2/WPA,-73,11,HuaweiTe,none,14.698592,121.092728
2018-05-09 14:55:50,2018-05-08 11:39:03.444968,50:c7:bf:73:51:1e,TP-LINK_511E,WPA2,-67,11,Tp-LinkT,none,14.698548,121.092755
2018-05-09 14:55:48,2018-05-08 11:39:01.201120,c4:ff:1f:55:fd:ec,*MAHAL*,WPA2/WPA,-81,11,HuaweiTe,none,14.698622,121.092707
2018-05-09 14:55:49,2018-05-08 11:39:02.744440,00:1f:fb:ac:fb:73,xNonex,WPA2,-84,11,GreenPac,none,14.698592,121.092728
2018-05-09 14:55:49,2018-05-08 11:39:02.686426,00:1a:ef:2e:3f:6d,PLDTWifi,WPA,-91,11,Loopcomm,none,14.698592,121.092728
2018-05-09 14:55:52,2018-05-08 11:39:05.132169,94:46:96:15:d8:25,PLDTHOMEDSLCECI0,WPA2/WPA,-92,1,Baudtec,none,14.698482,121.092808
2018-05-09 14:55:52,2018-05-08 11:39:05.347929,8c:25:05:c9:41:13,Carlyn,WPA2/WPA,-89,1,HuaweiTe,none,14.698482,121.092808
2018-05-09 14:55:53,2018-05-08 11:39:06.415093,b0:48:7a:c7:59:f6,wifi,WPA2/WPA,-86,1,Tp-LinkT,none,14.698445,121.092842
2018-05-09 14:55:58,2018-05-08 11:39:11.356335,3c:33:00:ae:12:4e,SSID,WPA2/WPA,-92,5,Shenzhen,none,14.698263,121.093018
2018-05-09 14:56:19,2018-05-08 11:39:32.982679,48:fd:8e:b8:91:74,HUAWEI-5TG7,WPA2/WPA,-85,7,HuaweiTe,none,14.697650,121.093857
2018-05-09 14:56:04,2018-05-08 11:39:17.723300,00:1f:fb:ba:bc:cd,michael_fibr,WPA2,-87,9,GreenPac,none,14.697998,121.093283
2018-05-09 14:56:05,2018-05-08 11:39:18.188885,00:1f:fb:b8:16:81,misha_wifi,WPA2,-91,10,GreenPac,none,14.697955,121.093340
2018-05-09 14:56:06,2018-05-08 11:39:19.835386,6c:3b:6b:ca:40:80,Zeno Gaming,WPA2/WPA,-91,11,Routerbo,none,14.697908,121.093397
2018-05-09 14:56:09,2018-05-08 11:39:22.801747,b0:4e:26:7f:66:a0,AkosiBosli,WPA2,-90,13,Tp-LinkT,none,14.697777,121.093548
2018-05-09 14:56:10,2018-05-08 11:39:24.034686,bc:3f:8f:d5:3e:8c,Slow Connection...,WPA2/WPA,-87,1,HuaweiTe,none,14.697738,121.093593
2018-05-09 14:56:21,2018-05-08 11:39:34.968956,2c:dd:95:f4:c5:0e,Tanong mo sa aso namen yung Pass,WPA2,-93,9,TaicangT,none,14.697660,121.093898
2018-05-09 14:56:25,2018-05-08 11:39:38.597332,8c:eb:c6:ae:77:eb,Garry,WPA2/WPA,-82,11,HuaweiTe,none,14.697735,121.093997
2018-05-09 14:56:44,2018-05-08 11:39:57.673979,e0:a3:ac:4f:4c:52,Sseekend,WPA2/WPA,-89,11,HuaweiTe,none,14.698187,121.094562
2018-05-09 14:56:56,2018-05-08 11:40:09.782541,e8:94:f6:8d:39:0e,Globe Broadband,WPA2/WPA,-85,6,Tp-LinkT,none,14.698435,121.094883
2018-05-09 14:56:59,2018-05-08 11:40:13.126386,34:ba:9a:50:87:dd,Smart_Bro_5087DD,WPA2,-88,9,Asiatelc,none,14.698498,121.094958
2018-05-09 14:57:41,2018-05-08 11:40:54.216733,e0:8e:3c:1a:5c:c3,bayanDSLWIFI_5CC3,WPA2,-89,10,AztechEl,none,14.699033,121.095530
2018-05-09 14:57:52,2018-05-08 11:41:06.125343,88:e3:ab:0f:ee:cf,Deloria,WPA2/WPA,-86,6,HuaweiTe,none,14.699337,121.095298
2018-05-09 15:03:36,2018-05-08 11:46:49.867483,f0:8c:fb:81:7a:e0,GEMORTA_FAMILY,WPA2/WPA,-87,3,Fiberhom,none,14.700327,121.095428
2018-05-09 14:58:28,2018-05-08 11:41:41.106589,a0:ab:1b:76:5b:52,HERRERA DLINK,WPA2/WPA,-93,3,D-LinkIn,none,14.700630,121.095695
2018-05-09 15:03:27,2018-05-08 11:46:40.837186,e0:8e:3c:2f:32:f5,Nope,WPA2/WPA,-82,10,AztechEl,none,14.700607,121.095605
2018-05-09 14:58:24,2018-05-08 11:41:37.946994,00:13:33:f2:f3:7d,PLDTHOMEDSL_CJS,WPA2/WPA,-76,1,Baudtec,none,14.700472,121.095612
2018-05-09 14:58:24,2018-05-08 11:41:38.064747,c4:ff:1f:56:db:c8,HUAWEI-Kxp5,WPA2/WPA,-80,2,HuaweiTe,none,14.700472,121.095612
2018-05-09 14:58:24,2018-05-08 11:41:37.697351,c4:ff:1f:57:68:f4,HUAWEI-9Dgu,WPA2/WPA,-85,1,HuaweiTe,none,14.700472,121.095612
2018-05-09 14:58:24,2018-05-08 11:41:37.924450,9c:6f:52:35:11:e4,bayanDSLWIFI_11E4,WPA2/WPA,-80,1,Zte,none,14.700472,121.095612
2018-05-09 14:58:25,2018-05-08 11:41:38.333968,00:1f:fb:b8:46:a3,BIG BOSS,WPA2,-79,1,GreenPac,none,14.700508,121.095628
2018-05-09 14:58:25,2018-05-08 11:41:38.617961,cc:06:77:e2:57:a0,PLEASE DO NOT CONNECT 2.4G,WPA2,-90,1,Fiberhom,none,14.700508,121.095628
2018-05-09 14:58:28,2018-05-08 11:41:42.070918,d0:04:92:01:47:a8,PLDTHOMEFIBR_0147a8,WPA2,-89,4,Fiberhom,none,14.700630,121.095695
2018-05-09 14:58:38,2018-05-08 11:41:51.280765,34:ba:9a:50:8e:5d,................................,WPA2,-90,9,Asiatelc,none,14.700997,121.095843
2018-05-09 15:03:10,2018-05-08 11:46:23.649038,00:13:33:e9:55:1a,PLDTHOMEDSL(Barrientos),WPA2/WPA,-81,11,Baudtec,none,14.701543,121.095960
2018-05-09 14:58:43,2018-05-08 11:41:56.216311,00:13:33:f0:66:d5,PLDTHOMEDSLBACULO,WPA2/WPA,-89,1,Baudtec,none,14.701222,121.095858
2018-05-09 14:58:43,2018-05-08 11:41:57.281054,00:24:01:db:b0:17,PAKABIT KA PARA MERON KA DIN,WPA,-87,1,D-Link,none,14.701222,121.095858
2018-05-09 14:58:47,2018-05-08 11:42:00.591411,3c:78:43:87:e2:14,Thankyoulord,WPA2/WPA,-94,4,HuaweiTe,none,14.701387,121.095802
2018-05-09 14:58:54,2018-05-08 11:42:07.593007,c8:3a:35:2a:85:f8,Tenda_2A85F8,WPA,-84,7,TendaTec,none,14.701598,121.095740
2018-05-09 14:58:57,2018-05-08 11:42:10.148452,e4:7d:eb:0f:d5:ae,R01_FD5AE,WPA2,-75,10,Shanghai,none,14.701688,121.095753
2018-05-09 14:59:26,2018-05-08 11:42:39.871421,78:62:56:13:74:f3,HUAWEI-74F3,WPA2,-89,5,HuaweiTe,none,14.702673,121.095882
2018-05-09 14:59:42,2018-05-08 11:42:56.063194,94:46:96:1f:4d:4d,JhaydenAndNhicole,WPA2/WPA,-92,1,Baudtec,none,14.703370,121.096002
2018-05-09 14:59:42,2018-05-08 11:42:56.128058,98:9c:57:0a:e7:42,HUAWEI-E742,WPA2,-88,1,HuaweiTe,none,14.703370,121.096002
2018-05-09 14:59:53,2018-05-08 11:43:06.836334,14:60:80:99:48:6c,NatGibson08,WPA2/WPA,-95,9,Zte,none,14.703818,121.096043
2018-05-09 15:00:18,2018-05-08 11:43:31.325914,e0:8e:3c:2f:47:15,Farrol,WPA2/WPA,-87,1,AztechEl,none,14.704085,121.096240
2018-05-09 15:00:18,2018-05-08 11:43:31.866387,8c:25:05:e1:1d:a1,B315_11DA1,WPA2/WPA,-91,1,HuaweiTe,none,14.704085,121.096240
2018-05-09 15:00:18,2018-05-08 11:43:32.229066,6c:b7:49:01:5b:68,BEIZUNU,WPA2/WPA,-90,1,HuaweiTe,none,14.704085,121.096240
2018-05-09 15:00:37,2018-05-08 11:43:50.550816,b0:4e:26:dc:d8:12,TP-Link_D812,WPA2,-87,1,Tp-LinkT,none,14.704103,121.096337
2018-05-09 15:00:44,2018-05-08 11:43:58.028986,58:c3:8b:8a:10:dc,Park Jimin,WPA2,-88,6,SamsungE,none,14.704153,121.096388
2018-05-09 15:01:27,2018-05-08 11:44:40.205492,34:ba:9a:57:05:78,Timon,WPA2,-69,6,Asiatelc,none,14.704202,121.096448
2018-05-09 15:01:37,2018-05-08 11:44:50.580279,e0:8e:3c:20:0e:53,Puppet,WPA2/WPA,-93,1,AztechEl,none,14.704198,121.096443
2018-05-09 15:01:57,2018-05-08 11:45:10.536274,e0:8e:3c:2f:75:49,mauicarlo,WPA,-85,1,AztechEl,none,14.704138,121.096520
2018-05-09 15:01:57,2018-05-08 11:45:10.596649,e0:8e:3c:2d:fb:85,VIRUS DETECTED,WPA2/WPA,-89,1,AztechEl,none,14.704138,121.096520
2018-05-09 15:02:33,2018-05-08 11:45:47.122864,8c:68:c8:c0:0e:24,bayanDSLWIFI_0E24,WPA2/WPA,-83,1,None,none,14.702952,121.096018
2018-05-09 15:02:45,2018-05-08 11:45:58.885479,c4:ff:1f:55:a4:d0,Kristinas,WPA2/WPA,-84,9,HuaweiTe,none,14.702410,121.095828
2018-05-09 15:02:45,2018-05-08 11:45:58.862232,bc:c0:0f:1f:05:a8,WifiMoBAToMAGBAYADKA!,WPA2/WPA,-88,9,Fiberhom,none,14.702410,121.095828
2018-05-09 15:02:54,2018-05-08 11:46:08.065158,70:4f:57:36:7f:18,BARICAUA_WIFI,WPA2,-89,2,Tp-LinkT,none,14.702152,121.095875
2018-05-09 15:03:05,2018-05-08 11:46:18.810284,3c:78:43:87:e3:30,HUAWEI-JF9U,WPA2/WPA,-94,9,HuaweiTe,none,14.701738,121.095882
2018-05-09 15:03:07,2018-05-08 11:46:20.887070,90:61:0c:16:ab:ca,PLDTMyDSL Blue Apple,WPA2/WPA,-70,11,FidaInte,none,14.701657,121.095910
2018-05-09 15:03:07,2018-05-08 11:46:20.868277,00:1f:fb:a4:f6:d7,smartcom,WPA2,-88,10,GreenPac,none,14.701657,121.095910
2018-05-09 15:03:28,2018-05-08 11:46:41.593509,f4:9e:ef:d2:0b:7c,PLDTHOMEDSLNevele,WPA2,-82,11,TaicangT,none,14.700560,121.095572
2018-05-09 15:03:37,2018-05-08 11:46:50.923633,50:68:0a:bd:a9:14,HUAWEI-E5330-A914,WPA2,-94,4,HuaweiTe,none,14.700295,121.095412
2018-05-09 15:04:27,2018-05-08 11:47:40.782159,f4:8e:92:de:eb:42,ENODE,WPA2,-50,11,HuaweiTe,none,14.699488,121.095457
2018-05-09 15:03:52,2018-05-08 11:47:05.313441,88:d2:74:86:ba:49,bayanDSLWIFI_BA49,WPA2/WPA,-85,1,Zte,none,14.699965,121.095315
2018-05-09 15:04:19,2018-05-08 11:47:33.095164,96:53:30:a2:1e:a5,DIRECT-Yn-BRAVIA,WPA2,-81,7,None,none,14.699533,121.095418
2018-05-09 15:04:26,2018-05-08 11:47:39.379333,90:61:0c:35:cd:07,PLDTHOMEDSL52487,WPA2/WPA,-89,11,FidaInte,none,14.699498,121.095437
2018-05-09 15:04:33,2018-05-08 11:47:47.291257,c4:ff:1f:57:e2:78,HUAWEI-nGd8,WPA2/WPA,-90,4,HuaweiTe,none,14.699433,121.095608
2018-05-09 15:04:48,2018-05-08 11:48:02.009617,e4:77:23:a5:e0:20,Wifingbayan,WPA2/WPA,-88,12,Zte,none,14.698960,121.095522
2018-05-09 15:04:59,2018-05-08 11:48:12.559672,c4:ff:1f:55:ba:a4,Leon25,WPA2/WPA,-84,8,HuaweiTe,none,14.698598,121.095195
2018-05-09 15:05:13,2018-05-08 11:48:26.135566,00:13:33:f0:7a:da,PLDTHOMEDSL,WPA2/WPA,-88,1,Baudtec,none,14.698187,121.094823
2018-05-09 15:05:32,2018-05-08 11:48:45.494794,50:68:0a:68:6a:71,HUAWEI-E5330-6A71,WPA2,-85,4,HuaweiTe,none,14.697750,121.094388
2018-05-09 15:05:46,2018-05-08 11:48:59.946849,dc:09:4c:32:4a:3b,Mendoza,WPA2,-91,1,HuaweiTe,none,14.697560,121.094165
2018-05-09 15:06:06,2018-05-08 11:49:19.909335,bc:c0:0f:c9:88:90,PLDTHOMEFIBR98890,WPA2/WPA,-90,1,Fiberhom,none,14.697985,121.093332
2018-05-09 15:06:18,2018-05-08 11:49:32.175583,00:1f:fb:b7:e8:6b,Hi felicia,WPA2,-92,9,GreenPac,none,14.698243,121.092847
2018-05-09 15:06:20,2018-05-08 11:49:33.664381,00:1f:fb:ba:e7:75,xNonex,WPA2,-79,10,GreenPac,none,14.698287,121.092763
2018-05-09 15:06:28,2018-05-08 11:49:41.436834,00:1f:fb:b7:bb:d5,Google-Fiber,WPA2,-94,2,GreenPac,none,14.698402,121.092302
2018-05-09 15:06:36,2018-05-08 11:49:49.704281,9c:6f:52:35:07:d5,bayanDSLWIFI_07D5,WPA2/WPA,-75,9,Zte,none,14.698648,121.091802
2018-05-09 15:06:39,2018-05-08 11:49:52.578129,e0:8e:3c:22:15:7b,cynth&#305;a,WPA2/WPA,-90,11,AztechEl,none,14.698740,121.091635
2018-05-09 15:06:45,2018-05-08 11:49:58.211951,8c:34:fd:41:c7:69,HUAWEI-E5330-C769,WPA2,-74,1,HuaweiTe,none,14.699017,121.091442
2018-05-09 15:06:46,2018-05-08 11:49:59.476666,50:04:b8:43:78:4a,Ha Boo Lin,WPA2/WPA,-82,1,HuaweiTe,none,14.699053,121.091408
2018-05-09 15:06:57,2018-05-08 11:50:10.767646,b0:4e:26:f8:b0:a4,Steven,WPA2,-87,10,Tp-LinkT,none,14.699585,121.090897
2018-05-09 15:06:57,2018-05-08 11:50:10.846942,88:d2:74:86:c3:6c,ERBUBB0110,WPA2/WPA,-90,10,Zte,none,14.699585,121.090897
2018-05-09 15:06:59,2018-05-08 11:50:12.648238,84:16:f9:3f:f1:da,TP-LINK_F1DA,WPA2,-90,11,Tp-LinkT,none,14.699707,121.090777
2018-05-09 15:07:03,2018-05-08 11:50:16.459840,50:04:b8:7f:0a:f0,Max Griffiths,WPA2/WPA,-90,1,HuaweiTe,none,14.699862,121.090482
2018-05-09 15:07:04,2018-05-08 11:50:17.464988,c8:3a:35:45:e3:88,Tenda_45E388,WPA,-88,2,TendaTec,none,14.699903,121.090412
2018-05-09 15:07:05,2018-05-08 11:50:19.091929,94:46:96:17:e6:42,PLDTHOMEDSLZGZG0,WPA2/WPA,-88,3,Baudtec,none,14.699932,121.090340
2018-05-09 15:07:22,2018-05-08 11:50:35.241903,28:ff:3e:3d:dc:58,bayanDSLWIFI_DC58,WPA2/WPA,-92,1,Zte,none,14.700173,121.088925
2018-05-09 15:07:28,2018-05-08 11:50:41.276269,5c:c3:07:28:57:15,none,none,-86,5,none,none,14.700157,121.088640
