GPS Time,Time,MAC,SSID,Encryption,RSSI,Channel,Manufacturer,AP Type,Latitude,Longitude,Box No.,Box Time,Box Speed,Box Traversal,Persistence,Dates Seen
2018-05-10 13:24:03,2018-05-08 13:30:01.027688,50:a7:2b:48:dd:d7,B315_8DDD7,WPA2/WPA,-81,10,HuaweiTe,Unidentified,14.706823,121.096435,8,59,5.0559664167,2,1,"05/10/2018, "
2018-05-08 16:43:39,2018-05-08 08:43:40.619298,00:1f:fb:ba:36:69,HomeBro_ULTERA,WPA2,-92,1,GreenPac,Mobile broadband,14.707107,121.097065,9,9,18.5751181807,1,1,"05/08/2018, "
2018-05-08 16:43:45,2018-05-08 08:43:46.041741,92:21:81:84:34:a7,BmN9-YXRhbmthbWJhbA,OPN,-63,6,None,Unidentified,14.707072,121.097263,10,15,10.997339789,1,2,"05/08/2018, "
2018-05-08 16:43:48,2018-05-08 08:43:49.655100,f8:23:b2:c4:8f:c8,HUAWEI-8FC8,WPA2,-78,8,HuaweiTe,Unidentified,14.707087,121.09739,10,15,10.997339789,1,2,"05/08/2018, "
2018-05-08 16:44:11,2018-05-08 08:44:12.248359,96:53:30:d4:f4:a5,DIRECT-jc-BRAVIA,WPA2,-78,11,None,Not an AP,14.706805,121.09795,11,15,11.4490497462,1,2,"05/08/2018, "
2018-05-10 13:03:34,2018-05-08 13:09:31.501072,08:10:73:43:14:38,Whypay,WPA2/WPA,-91,9,None,Unidentified,14.706273,121.095658,19,5,12.5530015549,1,1,"05/10/2018, "
2018-05-10 13:03:42,2018-05-08 13:09:39.712826,34:ce:00:1f:1e:4c,ASUS_plus,WPA2/WPA,-87,1,XiaomiEl,Unidentified,14.706373,121.095888,20,12,14.4472103695,1,2,"05/10/2018, "
2018-05-10 13:03:49,2018-05-08 13:09:46.150352,7c:c7:09:c6:88:31,ISUZUconnect 239,OPN,-87,36,Shenzhen,Unidentified,14.706418,121.096193,20,12,14.4472103695,1,1,"05/10/2018, "
2018-05-08 16:43:06,2018-05-08 08:43:07.266915,8c:4c:ad:07:47:ad,No Internet Connection,WPA2,-91,7,Evoluzn,Unidentified,14.706587,121.096387,21,73,10.7397662415,4,1,"05/08/2018, "
2018-05-10 13:24:47,2018-05-08 13:30:44.536400,1c:da:27:fd:90:82,khrvsss,WPA2,-90,1,VivoMobi,Phone,14.70647,121.096393,21,73,10.7397662415,4,1,"05/10/2018, "
2018-05-10 13:04:11,2018-05-08 13:10:08.769995,ea:85:50:8d:21:61,EJ,WPA2,-61,6,None,Unidentified,14.706395,121.096963,22,62,10.1243708189,4,6,"05/10/2018, "
2018-05-10 13:23:31,2018-05-08 13:29:28.791166,02:3f:49:19:28:54,BuJ5-8J+SgA,OPN,-73,13,None,Unidentified,14.706342,121.096918,22,62,10.1243708189,4,4,"05/10/2018, "
2018-05-08 16:44:29,2018-05-08 08:44:30.573930,8c:34:fd:42:2b:e7,HUAWEI-E5330-2BE7,WPA2,-85,10,HuaweiTe,Hotspot,14.70634,121.097965,24,15,10.7498963914,1,2,"05/08/2018, "
2018-05-10 13:03:18,2018-05-08 13:09:15.976615,28:ff:3e:3d:df:33,kek,WPA2/WPA,-66,11,Zte,Unidentified,14.706233,121.095627,35,34,5.17298712425,1,2,"05/10/2018, "
2018-05-10 13:03:15,2018-05-08 13:09:12.964702,9c:6f:52:35:0e:90,bayanDSLWIFI_0E90,WPA2/WPA,-93,9,Zte,Broadband,14.706233,121.095703,35,34,5.17298712425,1,1,"05/10/2018, "
2018-05-10 13:03:29,2018-05-08 13:09:26.457468,cc:06:77:e2:78:88,xNonex,WPA2/WPA,-90,5,Fiberhom,Fiber,14.70622,121.095545,35,34,5.17298712425,1,1,"05/10/2018, "
2018-05-08 16:42:19,2018-05-08 08:42:20.234074,00:1f:fb:c5:38:43,HomeBro_ULTERA,WPA2,-86,1,GreenPac,Mobile broadband,14.705973,121.097112,38,46,13.2741423772,5,1,"05/08/2018, "
2018-05-10 13:04:23,2018-05-08 13:10:20.558479,ee:f3:42:10:12:f7,GROUP 1,WPA2,-51,3,None,Unidentified,14.706053,121.09714,38,46,13.2741423772,5,10,"05/10/2018, "
2018-05-10 13:04:25,2018-05-08 13:10:22.185615,5c:c3:07:41:b2:c7,B310_1B2C7,WPA2/WPA,-70,4,HuaweiTe,Unidentified,14.705947,121.09709,38,46,13.2741423772,5,6,"05/08/2018, 05/10/2018, "
2018-05-08 16:44:37,2018-05-08 08:44:38.282396,e0:8e:3c:22:60:b7,bayanDSLWIFI_60B7,WPA2/WPA,-72,1,AztechEl,Broadband,14.706047,121.097937,40,17,10.5146136454,1,2,"05/08/2018, "
2018-05-08 16:44:46,2018-05-08 08:44:47.280384,1c:67:58:99:d2:fd,B315_9D2FD,WPA2/WPA,-85,7,HuaweiTe,Unidentified,14.70589,121.098022,40,17,10.5146136454,1,1,"05/08/2018, "
2018-05-10 13:02:51,2018-05-08 13:08:48.570176,48:db:50:21:56:e8,HUAWEI-E5330-56E8,WPA2,-84,5,HuaweiTe,Hotspot,14.705528,121.09568,53,10,16.5951273898,1,1,"05/10/2018, "
2018-05-10 13:02:52,2018-05-08 13:08:49.753956,5c:f2:86:23:4f:46,SmartBro_234F46,WPA2,-79,7,IeeeRegi,Unidentified,14.705563,121.095692,53,10,16.5951273898,1,1,"05/10/2018, "
2018-05-10 13:02:54,2018-05-08 13:08:51.520653,5c:f2:86:2e:b4:ac,Globe_LTE MIFI_B4AC,WPA2/WPA,-88,7,IeeeRegi,Hotspot,14.705625,121.095707,53,10,16.5951273898,1,1,"05/10/2018, "
2018-05-10 13:02:57,2018-05-08 13:08:54.158629,00:1f:fb:a1:ea:95,HomeBro_ULTERA,WPA2,-78,10,GreenPac,Mobile broadband,14.705752,121.095747,53,10,16.5951273898,1,2,"05/10/2018, "
2018-05-08 16:42:05,2018-05-08 08:42:05.757500,48:fd:8e:ce:2e:c8,HUAWEI-7hfd,WPA2/WPA,-91,3,HuaweiTe,Unidentified,14.70543,121.096945,56,42,16.1730281409,4,1,"05/08/2018, "
2018-05-10 13:23:03,2018-05-08 13:29:01.013256,98:e7:f5:60:02:90,HUAWEI-E5330-0290,WPA2,-71,7,HuaweiTe,Hotspot,14.705707,121.097065,56,42,16.1730281409,4,11,"05/10/2018, 05/08/2018, 05/10/2018, "
2018-05-08 15:31:48,2018-05-08 07:31:49.411759,d8:55:a3:61:d3:b8,Connected,WPA2/WPA,-72,1,Zte,Unidentified,14.70517,121.094673,73,40,0.627362025363,1,2,"05/08/2018, "
2018-05-08 15:31:35,2018-05-08 07:31:35.992345,c2:38:96:7c:ab:0d,DIRECT-RE-BRAVIA,WPA2,-57,7,None,Not an AP,14.705135,121.094673,73,40,0.627362025363,1,1,"05/08/2018, "
2018-05-08 14:28:08,2018-05-08 06:28:09.475464,e0:8e:3c:2f:54:91,Aztech5068_F5491,WPA,-66,10,AztechEl,Unidentified,14.705148,121.095282,74,21,17.1134693988,3,5,"05/08/2018, 05/10/2018, "
2018-05-08 14:28:14,2018-05-08 06:28:15.277103,36:69:87:0e:dc:28,JESSA.JAKE,WPA2,-90,13,None,Unidentified,14.705207,121.09539,75,35,13.8471091647,3,2,"05/08/2018, "
2018-05-08 15:32:42,2018-05-08 07:32:43.623395,74:4a:a4:f0:8f:e7,GLOBE_F08FE7,WPA2/WPA,-86,1,Zte,Unidentified,14.7051,121.095518,75,35,13.8471091647,3,2,"05/08/2018, "
2018-05-08 15:32:43,2018-05-08 07:32:44.080556,70:9f:2d:a0:a7:40,youre road,WPA2/WPA,-88,1,Zte,Unidentified,14.705057,121.095555,75,35,13.8471091647,3,1,"05/08/2018, "
2018-05-10 13:02:38,2018-05-08 13:08:35.470296,bc:c0:0f:d4:45:d8,PLDTHOMEFIBR445d8,WPA2/WPA,-91,9,Fiberhom,Fiber,14.705047,121.095568,75,35,13.8471091647,3,1,"05/10/2018, "
2018-05-10 13:02:41,2018-05-08 13:08:38.558853,00:1f:fb:ba:6d:6b,HomeBro_ULTERA,WPA2,-77,11,GreenPac,Mobile broadband,14.705155,121.095562,75,35,13.8471091647,3,1,"05/10/2018, "
2018-05-10 13:02:46,2018-05-08 13:08:44.006924,30:b5:c2:48:0e:a6,TP-Link_480EA6,WPA2,-80,3,Tp-LinkT,Unidentified,14.705318,121.095588,75,35,13.8471091647,3,4,"05/08/2018, 05/10/2018, "
2018-05-09 12:02:14,2018-05-08 09:39:13.160441,00:72:16:e8:74:49,BmGL-amhvY2VsYmFsaWRveQ,OPN,-89,11,None,Unidentified,14.704932,121.096753,78,49,14.733530734,5,1,"05/09/2018, "
2018-05-10 13:25:46,2018-05-08 13:31:43.412024,e0:8e:3c:2f:24:39,SMPjadencheska,WPA2/WPA,-63,1,AztechEl,Unidentified,14.70531,121.096917,78,49,14.733530734,5,10,"05/08/2018, 05/10/2018, 05/09/2018, "
2018-05-10 13:22:46,2018-05-08 13:28:43.141611,8c:4c:ad:01:e0:1a,MINAWIFI,WPA2,-65,6,Evoluzn,Unidentified,14.70505,121.096893,78,49,14.733530734,5,15,"05/10/2018, 05/08/2018, 05/10/2018, 05/09/2018, "
2018-05-08 16:45:20,2018-05-08 08:45:20.974867,94:fe:22:b1:bf:7e,TRIBAL,WPA2/WPA,-76,6,HuaweiTe,Unidentified,14.704985,121.098362,81,13,12.9101466312,1,2,"05/08/2018, "
2018-05-09 14:21:47,2018-05-08 11:28:12.845045,94:fe:22:aa:7e:63,HUAWEI-E5330-7E63,WPA2,-79,4,HuaweiTe,Hotspot,14.704965,121.099828,84,11,13.6201703138,2,2,"05/09/2018, "
2018-05-08 14:26:27,2018-05-08 06:26:28.130872,48:d5:39:d2:ad:7c,HUAWEI-AcCW,WPA2/WPA,-89,8,HuaweiTe,Unidentified,14.704528,121.094717,96,24,11.505715943,2,2,"05/08/2018, "
2018-05-08 14:27:45,2018-05-08 06:27:45.978007,48:fd:8e:b8:bc:6c,HUAWEI-v25Ti,WPA2/WPA,-91,5,HuaweiTe,Unidentified,14.704493,121.094605,96,24,11.505715943,2,1,"05/08/2018, "
2018-05-08 15:32:16,2018-05-08 07:32:17.519694,48:fd:8e:ce:33:a4,FOREVER ROSE,WPA2/WPA,-84,7,HuaweiTe,Unidentified,14.704825,121.095082,97,45,9.02382744536,3,4,"05/08/2018, "
2018-05-08 15:31:10,2018-05-08 07:31:11.285780,00:1f:fb:b7:db:13,BiliKaWifiMo,WPA2,-92,2,GreenPac,Mobile broadband,14.704585,121.095173,97,45,9.02382744536,3,1,"05/08/2018, "
2018-05-08 15:31:14,2018-05-08 07:31:14.982498,cc:06:77:72:db:38,PLDTHOMEFIBR2db38,WPA2/WPA,-92,5,Fiberhom,Fiber,14.704693,121.095032,97,45,9.02382744536,3,2,"05/08/2018, "
2018-05-08 15:31:18,2018-05-08 07:31:19.510259,b0:ee:7b:d8:4c:35,xNonex,WPA2,-66,8,Roku,Not an AP,14.704783,121.094958,97,45,9.02382744536,3,4,"05/08/2018, "
2018-05-08 15:31:20,2018-05-08 07:31:21.268189,8c:68:c8:c0:13:e5,eh?,WPA2/WPA,-57,10,None,Unidentified,14.704835,121.094918,97,45,9.02382744536,3,3,"05/08/2018, "
2018-05-08 15:32:49,2018-05-08 07:32:50.339408,4c:54:99:11:4f:41,xNonex,WEP,-50,6,HuaweiTe,Unidentified,14.70489,121.095738,98,12,13.6396742073,3,28,"05/08/2018, 05/10/2018, 04/30/2018, 05/08/2018, 05/09/2018, "
2018-05-08 15:32:48,2018-05-08 07:32:49.630570,cc:06:77:d7:df:58,PLDTHOMEFIBR7df58,WPA2/WPA,-86,5,Fiberhom,Fiber,14.70492,121.095703,98,12,13.6396742073,3,3,"05/08/2018, 05/10/2018, "
2018-05-08 14:28:29,2018-05-08 06:28:30.386649,e0:8e:3c:20:1f:c3,xNonex,WPA2/WPA,-76,10,AztechEl,Unidentified,14.704848,121.095812,99,73,9.95470812274,4,4,"05/08/2018, 05/10/2018, "
2018-05-08 15:32:58,2018-05-08 07:32:58.897991,40:cb:a8:8c:b4:42,Broadband@work,WPA2/WPA,-71,11,HuaweiTe,Unidentified,14.704757,121.095883,99,73,9.95470812274,4,21,"05/08/2018, 05/10/2018, 05/09/2018, "
2018-05-10 13:02:23,2018-05-08 13:08:20.779321,b0:6e:bf:4b:08:f0,W & J Pharmacy,WPA2/WPA,-73,11,AsustekC,Unidentified,14.704627,121.095915,99,73,9.95470812274,4,30,"05/08/2018, 05/09/2018, 05/10/2018, "
2018-05-10 13:02:19,2018-05-08 13:08:16.681876,38:37:8b:70:7e:91,HUAWEI-7E91,WPA2,-88,9,HuaweiTe,Unidentified,14.704525,121.096012,99,73,9.95470812274,4,1,"05/10/2018, "
2018-05-09 12:02:43,2018-05-08 09:39:41.765386,d0:ff:98:ed:2c:2c,HUAWEI-2C2C,WPA2,-77,4,HuaweiTe,Unidentified,14.704572,121.096678,100,121,10.1051125839,6,10,"05/09/2018, "
2018-05-09 14:46:01,2018-05-08 11:29:14.739643,5c:f2:86:25:26:2d,Francisfrancis,WPA2,-77,7,IeeeRegi,Unidentified,14.704543,121.096568,100,121,10.1051125839,6,1,"05/09/2018, "
2018-05-09 12:02:24,2018-05-08 09:39:22.651193,58:c3:8b:8a:10:dc,Park Jimin,WPA2,-66,6,SamsungE,Phone,14.704822,121.09674,101,54,9.4496511576,6,7,"05/09/2018, "
2018-05-09 12:02:19,2018-05-08 09:39:18.023815,a4:7e:39:ae:40:08,Lourbenia Refamonte,WPA2/WPA,-87,2,Zte,Unidentified,14.704888,121.096748,101,54,9.4496511576,6,1,"05/09/2018, "
2018-05-10 13:04:53,2018-05-08 13:10:50.370449,60:e3:27:6d:f1:c6,TP-LINK_6DF1C6,WPA2/WPA,-62,10,Tp-LinkT,Unidentified,14.704725,121.096753,101,54,9.4496511576,6,23,"05/09/2018, 05/10/2018, 05/08/2018, 05/09/2018, "
2018-05-08 16:45:27,2018-05-08 08:45:28.460112,02:14:bc:14:76:7d,F6eb-SjdFbWVyZ2U,OPN,-85,11,None,Unidentified,14.70479,121.098323,104,14,12.5952321275,1,1,"05/08/2018, "
2018-05-09 14:22:31,2018-05-08 11:28:56.358082,68:7f:74:f8:3e:3f,linksys,WPA2/WPA,-49,6,Cisco-Li,Unidentified,14.704473,121.099458,106,3,11.872970163,2,8,"05/09/2018, "
2018-05-09 14:22:22,2018-05-08 11:28:47.713913,94:0e:6b:37:34:ef,B310_734EF,WPA2/WPA,-61,1,HuaweiTe,Unidentified,14.704678,121.099742,107,26,15.0945366446,2,4,"05/09/2018, "
2018-05-09 14:21:37,2018-05-08 11:28:02.773213,e0:8e:3c:16:50:2d,McLisse,WPA2/WPA,-60,10,AztechEl,Unidentified,14.70471,121.09963,107,26,15.0945366446,2,4,"05/09/2018, "
2018-05-08 15:31:02,2018-05-08 07:31:03.554171,00:1f:fb:ab:ea:d9,FREEWIFI,WPA2,-73,11,GreenPac,Mobile broadband,14.704405,121.095342,121,17,8.72975607488,4,5,"05/08/2018, 05/10/2018, "
2018-05-08 12:53:38,2018-04-30 06:43:40.001700,40:45:da:4d:77:42,BV7t-UXVhZENvcmU3MDZB,OPN,-86,11,Spreadtr,Unidentified,14.70425,121.096268,123,493,9.63452907732,31,2,"05/08/2018, "
2018-05-09 11:44:58,2018-05-08 09:21:56.645815,c4:ab:b2:6d:34:04,vivo 1716,WPA2,-77,1,VivoMobi,Phone,14.704302,121.09612,123,493,9.63452907732,31,1,"05/09/2018, "
2018-05-09 13:24:06,2018-05-08 10:30:31.668714,50:a7:2b:f7:b9:7f,BLzL-Y2hpbGx5,OPN,-50,11,HuaweiTe,Unidentified,14.704142,121.096125,123,493,9.63452907732,31,69,"05/09/2018, 05/08/2018, 05/09/2018, "
2018-05-09 13:24:08,2018-05-08 10:30:33.528140,9e:30:5b:92:f6:56,DIRECT-yy-BRAVIA,WPA2,-85,11,None,Not an AP,14.704095,121.096077,123,493,9.63452907732,31,1,"05/09/2018, "
2018-05-10 12:11:22,2018-05-08 12:17:19.108973,cc:2d:83:50:34:f8,BeXI-Z2xvbWFyMDkxNjUzMTQ4OTk,OPN,-82,6,Guangdon,Phone,14.704125,121.09617,123,493,9.63452907732,31,2,"05/10/2018, "
2018-04-30 12:04:40,2018-04-24 15:41:20.429847,36:69:87:9e:05:6f,Smart Bro_9E056F,WPA2,-42,5,None,Unidentified,14.704213,121.096485,124,3234,2.49826689628,45,19,"04/30/2018, "
2018-04-30 12:05:42,2018-04-24 15:42:22.078634,b0:ee:7b:d8:3d:6d,xNonex,WPA2,-73,9,Roku,Not an AP,14.704055,121.096292,124,3234,2.49826689628,45,6,"04/30/2018, "
2018-04-30 12:03:23,2018-04-24 15:40:03.107312,28:9a:fa:33:b9:ee,Smart Bro_B9EE,OPN,-90,2,TctMobil,Hotspot,14.704153,121.096342,124,3234,2.49826689628,45,1,"04/30/2018, "
2018-04-30 12:57:11,2018-04-24 15:39:36.272045,60:a4:d0:78:9d:dd,â™¤,WPA2,-88,6,SamsungE,Phone,14.704042,121.09632,124,3234,2.49826689628,45,1,"04/30/2018, "
2018-05-08 12:54:01,2018-04-30 06:44:03.278666,b0:55:08:2e:54:97,HUAWEI-5497,WPA2,-83,1,HuaweiTe,Unidentified,14.704028,121.096532,124,3234,2.49826689628,45,19,"05/08/2018, "
2018-05-08 14:29:37,2018-05-08 06:29:37.812934,4c:54:99:11:2f:8e,B200W,WEP,-46,6,HuaweiTe,Unidentified,14.704205,121.096383,124,3234,2.49826689628,45,140,"05/08/2018, 05/10/2018, 05/09/2018, 04/30/2018, 05/08/2018, "
2018-05-08 13:43:19,2018-05-08 05:43:20.160772,ac:cf:85:58:bb:2a,HUAWEI-E5330-BB2A,WPA2,-44,4,HuaweiTe,Hotspot,14.704153,121.096417,124,3234,2.49826689628,45,13,"05/08/2018, "
2018-05-08 13:43:31,2018-05-08 05:43:32.303719,48:db:50:ff:b5:31,BqDv-U0FZSEFSVkVZMTg,OPN,-89,11,HuaweiTe,Unidentified,14.704153,121.096417,124,3234,2.49826689628,45,1,"05/08/2018, "
2018-05-08 15:33:26,2018-05-08 07:33:27.099436,d6:ae:05:3a:fd:69,BnXz-YW5nZWlseXNlcGF5YTA3,OPN,-60,6,None,Unidentified,14.704145,121.09645,124,3234,2.49826689628,45,7,"05/08/2018, "
2018-05-08 15:33:27,2018-05-08 07:33:28.791971,5c:a8:6a:82:1b:04,HUAWEI-1B04,WPA2,-51,7,HuaweiTe,Unidentified,14.70415,121.096467,124,3234,2.49826689628,45,4,"05/08/2018, "
2018-05-08 15:34:43,2018-05-08 07:34:44.277365,cc:2d:e0:70:84:17,FranZ III Prepaid Wifi,OPN,-90,2,Routerbo,Unidentified,14.704137,121.09652,124,3234,2.49826689628,45,1,"05/08/2018, "
2018-05-08 16:08:13,2018-05-08 08:08:14.764240,c4:ab:b2:c1:08:cd,vivo 1606,WPA2,-81,11,VivoMobi,Phone,14.704143,121.09638,124,3234,2.49826689628,45,3,"05/08/2018, "
2018-05-08 16:09:42,2018-05-08 08:09:43.589190,be:44:34:a2:22:7a,BG90-Q3V0ZUtv,OPN,-65,6,None,Unidentified,14.704118,121.096463,124,3234,2.49826689628,45,1,"05/08/2018, "
2018-05-08 16:25:57,2018-05-08 08:25:58.323595,f8:e6:1a:28:e4:ec,hero,WPA2,-61,6,SamsungE,Phone,14.7041,121.096323,124,3234,2.49826689628,45,1,"05/08/2018, "
2018-05-09 12:20:33,2018-05-08 09:57:31.651993,c4:07:2f:58:04:88,WIFI PA MORE,WPA2/WPA,-83,8,HuaweiTe,Unidentified,14.704087,121.09629,124,3234,2.49826689628,45,1,"05/09/2018, "
2018-05-09 12:19:06,2018-05-08 09:56:05.046888,6e:5c:14:44:c5:eb,A1601,WPA2,-54,5,None,Unidentified,14.704105,121.096377,124,3234,2.49826689628,45,4,"05/09/2018, "
2018-05-09 12:20:15,2018-05-08 09:57:14.444374,d8:c7:71:d3:1e:f1,HUAWEI-1EF1,WPA2,-37,1,HuaweiTe,Unidentified,14.704197,121.096478,124,3234,2.49826689628,45,3,"05/09/2018, "
2018-05-09 13:23:20,2018-05-08 10:29:44.891518,8e:79:67:93:2f:7c,ZTE_932F7C,WPA2,-60,1,None,Unidentified,14.704218,121.096435,124,3234,2.49826689628,45,3,"05/09/2018, "
2018-05-09 15:01:27,2018-05-08 11:44:40.205492,34:ba:9a:57:05:78,Timon,WPA2,-69,6,Asiatelc,Unidentified,14.704202,121.096448,124,3234,2.49826689628,45,6,"05/09/2018, "
2018-05-10 13:27:44,2018-05-08 13:33:41.486549,fe:2d:5e:6a:9a:e7,Smart Bro_6A9AE7_marwel,WPA2/WPA,-43,13,None,Unidentified,14.704083,121.096412,124,3234,2.49826689628,45,50,"05/10/2018, 05/09/2018, 05/10/2018, 04/30/2018, "
2018-05-10 12:45:14,2018-05-08 12:51:11.740917,be:3b:af:36:12:a0,Ariusâ€™s iPhone,WPA2,-91,1,None,Phone,14.704078,121.096448,124,3234,2.49826689628,45,1,"05/10/2018, "
2018-05-10 12:47:59,2018-05-08 12:53:56.197113,8c:68:c8:c0:0e:32,bayanDSLWIFI_0E32,WPA2/WPA,-51,1,None,Broadband,14.704088,121.096442,124,3234,2.49826689628,45,6,"05/10/2018, "
2018-05-10 13:01:56,2018-05-08 13:07:53.685251,c8:38:70:2a:a3:13,BpNw-Smhlbm5ldGjinaTwn5iN,OPN,-73,6,SamsungE,Phone,14.704075,121.096327,124,3234,2.49826689628,45,11,"05/10/2018, "
2018-05-09 14:01:15,2018-05-08 11:07:40.289669,e0:8e:3c:2e:2a:5d,xNonex,WPA2/WPA,-82,1,AztechEl,Unidentified,14.704332,121.098108,127,49,5.79508618787,2,2,"05/09/2018, "
2018-05-09 14:01:16,2018-05-08 11:07:41.540252,00:1f:fb:c6:42:ad,HomeBro_ULTERA,WPA2,-73,1,GreenPac,Mobile broadband,14.704333,121.098107,127,49,5.79508618787,2,3,"05/09/2018, "
2018-05-09 14:21:18,2018-05-08 11:27:44.121216,88:d2:74:86:ba:68,bayanDSLWIFI_BA68,WPA2/WPA,-75,10,Zte,Broadband,14.704247,121.099307,130,31,12.0951973964,2,5,"05/09/2018, "
2018-05-08 14:27:06,2018-05-08 06:27:07.121744,00:1f:fb:a4:c3:a3,HomeBro_ULTERA,WPA2,-87,7,GreenPac,Mobile broadband,14.703818,121.094683,146,34,0.586215945787,1,2,"05/08/2018, "
2018-05-08 14:27:06,2018-05-08 06:27:07.266658,2e:fd:a1:a0:69:41,Pakyuka,WPA2,-88,7,None,Unidentified,14.703818,121.094683,146,34,0.586215945787,1,1,"05/08/2018, "
2018-05-08 14:25:45,2018-05-08 06:25:46.591833,00:1f:fb:bb:4e:09,Chiconet,WPA2,-85,10,GreenPac,Mobile broadband,14.703912,121.095738,148,72,13.0411915494,6,3,"05/08/2018, "
2018-05-09 11:42:54,2018-05-08 09:19:52.796067,00:27:15:10:6c:9e,BzDf-TmFydXRvIFNoaXBwdWRlbg,OPN,-62,6,ReboundT,Unidentified,14.703858,121.095723,148,72,13.0411915494,6,67,"05/09/2018, 05/10/2018, "
2018-05-09 11:45:15,2018-05-08 09:22:14.610471,e4:77:23:a5:49:74,VIRUSVIRUSALERT,WPA2/WPA,-89,13,Zte,Unidentified,14.703725,121.09568,148,72,13.0411915494,6,2,"05/09/2018, 05/10/2018, "
2018-04-30 12:02:49,2018-04-24 15:39:29.679720,b4:ef:39:04:e3:75,AndroidAP,WPA2,-84,6,SamsungE,Phone,14.703677,121.095983,149,1245,13.2156448046,68,2,"04/30/2018, "
2018-05-08 14:31:11,2018-05-08 06:31:12.114158,b8:bc:1b:2a:13:55,Mangkanor,WPA2,-73,10,HuaweiTe,Unidentified,14.70399,121.096167,149,1245,13.2156448046,68,11,"05/08/2018, "
2018-05-09 13:22:20,2018-05-08 10:28:45.002865,b0:55:08:2d:e2:37,HUAWEI-E237,WPA2,-58,3,HuaweiTe,Unidentified,14.703953,121.095892,149,1245,13.2156448046,68,1,"05/09/2018, "
2018-05-09 13:22:28,2018-05-08 10:28:53.033028,62:d9:a0:0f:a9:11,B86D-U3VwIEJydWjwn5iJ,OPN,-73,6,None,Unidentified,14.704012,121.09601,149,1245,13.2156448046,68,5,"05/09/2018, "
2018-05-10 13:01:31,2018-05-08 13:07:28.998875,9c:6f:52:35:18:68,pangetmo,WPA2/WPA,-48,1,Zte,Unidentified,14.703823,121.096057,149,1245,13.2156448046,68,173,"05/09/2018, 04/30/2018, 05/08/2018, 05/09/2018, 05/10/2018, "
2018-05-08 16:40:41,2018-05-08 08:40:42.209935,54:b1:21:8c:fc:7a,HUAWEI-FC7A,WPA2,-81,1,HuaweiTe,Unidentified,14.70398,121.096327,150,481,9.17140637338,36,9,"05/08/2018, "
2018-05-08 16:47:20,2018-05-08 08:47:21.392287,34:ba:9a:54:8a:74,Smart_Bro_548A74,WPA2,-55,6,Asiatelc,Unidentified,14.703828,121.096708,150,481,9.17140637338,36,41,"05/08/2018, 05/10/2018, "
2018-05-09 12:01:20,2018-05-08 09:38:19.800406,e0:8e:3c:22:0d:53,bayanDSLWIFI_0D53,WPA2/WPA,-89,1,AztechEl,Broadband,14.70374,121.096642,150,481,9.17140637338,36,1,"05/09/2018, "
2018-05-09 12:46:30,2018-05-08 10:23:28.841220,ae:38:70:98:06:93,BuDo-anVzdGluZXBsYXNlbmNpYXJh,OPN,-90,6,None,Unidentified,14.704017,121.096318,150,481,9.17140637338,36,1,"05/09/2018, "
2018-05-09 13:39:28,2018-05-08 10:45:54.018277,36:69:87:f2:47:a8,mira42,WPA2,-49,1,None,Unidentified,14.703615,121.096645,150,481,9.17140637338,36,26,"05/09/2018, 05/10/2018, "
2018-05-09 13:39:28,2018-05-08 10:45:52.943820,88:d2:74:86:b5:24,bayanDSLWIFI_B524,WPA2/WPA,-90,1,Zte,Broadband,14.703615,121.096645,150,481,9.17140637338,36,1,"05/09/2018, "
2018-05-09 14:18:58,2018-05-08 11:25:23.706477,00:27:15:23:21:5f,B695-RmxhcmVfSjJfTGl0ZQ,OPN,-76,6,ReboundT,Unidentified,14.703985,121.096335,150,481,9.17140637338,36,1,"05/09/2018, "
2018-05-08 16:47:14,2018-05-08 08:47:15.511450,00:26:75:ab:fa:35,bayanDSLWiFi_FA35,WPA2/WPA,-89,2,AztechEl,Broadband,14.703743,121.096807,151,206,10.0407238074,13,2,"05/09/2018, 05/08/2018, "
2018-05-09 12:01:11,2018-05-08 09:38:10.021687,04:4f:4c:25:ef:09,HUAWEI-EF09,WPA2,-55,9,HuaweiTe,Unidentified,14.703592,121.096868,151,206,10.0407238074,13,13,"05/09/2018, 05/08/2018, 05/09/2018, "
2018-05-09 14:01:41,2018-05-08 11:08:06.395407,cc:06:77:e4:22:a0,PLDTWIFIHOMEFIBR422a0,WPA2/WPA,-52,6,Fiberhom,Fiber,14.703757,121.097992,153,75,9.72484048094,5,17,"05/09/2018, 05/08/2018, 05/09/2018, "
2018-05-09 14:00:37,2018-05-08 11:07:02.890915,cc:06:77:e1:8b:b8,PLDTHOMEFIBR18bb8,WPA2/WPA,-38,1,Fiberhom,Fiber,14.703877,121.098005,153,75,9.72484048094,5,20,"05/08/2018, 05/09/2018, 05/10/2018, "
2018-05-09 14:00:29,2018-05-08 11:06:54.769078,9c:6f:52:35:15:3f,Wala ng wifi,WPA2/WPA,-66,10,Zte,Unidentified,14.703683,121.097928,153,75,9.72484048094,5,19,"05/09/2018, 05/08/2018, 05/09/2018, 05/10/2018, "
2018-05-09 14:00:39,2018-05-08 11:07:04.309432,88:d2:74:86:af:45,bayanDSLWIFI_AF45,WPA2/WPA,-77,1,Zte,Broadband,14.70391,121.098013,153,75,9.72484048094,5,6,"05/08/2018, 05/09/2018, "
2018-05-09 14:20:31,2018-05-08 11:26:56.743211,88:d2:74:86:c7:b0,bayanDSLWIFI_C7B0,WPA2/WPA,-78,2,Zte,Broadband,14.703832,121.098198,154,30,11.8641268264,2,6,"05/09/2018, "
2018-05-09 14:22:48,2018-05-08 11:29:12.926063,9c:a5:c0:db:c4:7b,Baby alexa ðŸ’“,WPA2,-67,6,VivoMobi,Phone,14.703987,121.099272,156,29,11.680461677,2,5,"05/09/2018, "
2018-05-09 14:43:29,2018-05-08 11:26:42.462659,f2:c8:50:17:0f:af,HUAWEI Y5 2017,WPA2,-68,6,None,Unidentified,14.703515,121.095718,174,44,15.7291371031,4,10,"05/09/2018, "
2018-04-30 12:56:48,2018-04-24 15:39:13.403978,c8:14:51:59:df:76,HUAWEI-DF76,WPA2,-87,4,HuaweiTe,Unidentified,14.70319,121.096128,175,608,18.4142489486,67,2,"04/30/2018, "
2018-05-08 14:11:08,2018-05-08 06:11:09.605088,e4:7d:eb:10:13:30,R01_01330,WPA2,-78,11,Shanghai,Unidentified,14.703422,121.095947,175,608,18.4142489486,67,12,"05/08/2018, "
2018-05-08 14:11:07,2018-05-08 06:11:08.050047,14:60:80:99:48:6c,NatGibson08,WPA2/WPA,-92,9,Zte,Unidentified,14.703453,121.095962,175,608,18.4142489486,67,2,"05/09/2018, 05/08/2018, "
2018-05-08 15:49:13,2018-05-08 07:49:14.900174,8e:57:9b:02:03:b3,DIRECT-Ck,WPA2,-87,5,None,Unidentified,14.703177,121.09605,175,608,18.4142489486,67,2,"05/08/2018, 05/10/2018, "
2018-05-09 12:20:53,2018-05-08 09:57:51.692770,b0:55:08:25:29:ad,HUAWEI-29AD,WPA2,-73,10,HuaweiTe,Unidentified,14.703287,121.095958,175,608,18.4142489486,67,17,"05/09/2018, 04/30/2018, 05/08/2018, 05/09/2018, "
2018-05-09 13:22:08,2018-05-08 10:28:33.254098,30:b5:c2:e0:32:1c,WifiConnected2,WPA2/WPA,-94,7,Tp-LinkT,Unidentified,14.703398,121.095912,175,608,18.4142489486,67,1,"05/09/2018, "
2018-05-10 11:55:33,2018-05-08 12:01:30.705450,96:53:30:55:2b:63,DIRECT-t2-BRAVIA,WPA2,-64,10,None,Not an AP,14.703138,121.095995,175,608,18.4142489486,67,20,"05/09/2018, 05/10/2018, 04/30/2018, 05/08/2018, 05/09/2018, "
2018-05-10 13:28:07,2018-05-08 13:34:04.595322,c8:3a:35:52:07:b8,Tenda_5207B8,WPA,-55,9,TendaTec,Unidentified,14.703317,121.095983,175,608,18.4142489486,67,101,"05/10/2018, 04/30/2018, 05/08/2018, 05/10/2018, "
2018-05-09 13:39:34,2018-05-08 10:45:59.451205,2a:06:18:91:05:85,M1,WPA2,-62,6,None,Unidentified,14.703548,121.096725,176,5,11.898298798,2,5,"05/09/2018, "
2018-05-09 11:58:33,2018-05-08 09:35:32.348674,94:a7:b7:26:63:6b,PLDTHOMEDSL12345,WPA2/WPA,-86,2,Zte,Broadband,14.703528,121.097112,177,159,12.813157005,15,3,"05/09/2018, "
2018-05-09 14:24:30,2018-05-08 11:30:54.994221,f0:8c:fb:7f:ed:60,PLDTHOMEFIBR7fed60,WPA2/WPA,-56,8,Fiberhom,Fiber,14.70347,121.097102,177,159,12.813157005,15,27,"05/09/2018, 05/10/2018, 05/08/2018, 05/09/2018, "
2018-05-09 13:59:51,2018-05-08 11:06:15.902392,88:d2:74:86:b2:b8,bayanDSLWIFI_B2B8,WPA2/WPA,-89,9,Zte,Broadband,14.703568,121.096962,177,159,12.813157005,15,3,"05/09/2018, 05/10/2018, "
2018-05-09 13:59:52,2018-05-08 11:06:17.400080,cc:06:77:e2:55:38,PLDTHOMEFIBR25538,WPA2/WPA,-86,10,Fiberhom,Fiber,14.70356,121.097,177,159,12.813157005,15,2,"05/09/2018, 05/10/2018, "
2018-05-09 13:59:53,2018-05-08 11:06:18.002563,90:61:0c:34:d6:d1,pisowifi,WPA2/WPA,-79,11,FidaInte,Unidentified,14.703552,121.09704,177,159,12.813157005,15,3,"05/09/2018, 05/08/2018, "
2018-05-09 14:24:29,2018-05-08 11:30:54.776852,fe:2d:5e:10:8b:82,ZTE-MF65M-8B82,WPA2,-88,6,None,Hotspot,14.70347,121.097123,177,159,12.813157005,15,1,"05/09/2018, "
2018-05-10 12:44:07,2018-05-08 12:50:04.563067,5c:f2:86:2e:e6:4e,FREE WIFI,WPA2/WPA,-82,10,IeeeRegi,Unidentified,14.703512,121.097085,177,159,12.813157005,15,1,"05/10/2018, "
2018-05-08 16:46:46,2018-05-08 08:46:47.058465,40:45:da:02:63:f4,BH45-Y2FzdHJvdGlmZmFueWt5bGU,OPN,-64,11,Spreadtr,Unidentified,14.703405,121.097425,178,265,10.196107032,14,2,"05/08/2018, "
2018-05-08 16:46:40,2018-05-08 08:46:41.086477,f8:23:b2:ed:21:56,KIDA,WPA2,-81,6,HuaweiTe,Unidentified,14.703385,121.097563,178,265,10.196107032,14,16,"05/09/2018, 05/08/2018, 05/09/2018, 05/10/2018, "
2018-05-09 14:24:18,2018-05-08 11:30:43.370797,00:26:75:f4:9c:19,bayanDSLWiFi_9C19,WPA2/WPA,-53,11,AztechEl,Broadband,14.703382,121.097453,178,265,10.196107032,14,26,"05/09/2018, 05/08/2018, 05/09/2018, 05/10/2018, "
2018-05-09 14:24:21,2018-05-08 11:30:46.832771,e0:99:71:13:c3:b8,BoV0-U01BNTAwRlU,WPA2,-77,1,SamsungE,Phone,14.703403,121.097362,178,265,10.196107032,14,4,"05/09/2018, "
2018-05-10 13:40:19,2018-05-08 13:46:16.758794,48:fd:8e:4c:15:28,I Believe Wi Can Fi,WPA2/WPA,-89,11,HuaweiTe,Unidentified,14.703472,121.097215,178,265,10.196107032,14,1,"05/10/2018, "
2018-05-08 16:46:35,2018-05-08 08:46:35.821710,aa:a6:68:a6:04:c4,Mely_Jam,WPA2/WPA,-90,1,None,Unidentified,14.703373,121.097715,179,177,10.225416967,13,2,"05/08/2018, "
2018-05-10 13:40:48,2018-05-08 13:46:46.013723,00:08:a1:cb:d9:a9,(*free wifi*),WPA,-62,6,CnetTech,Unidentified,14.703205,121.098293,180,36,15.7733672261,3,12,"05/10/2018, 05/09/2018, 05/10/2018, "
2018-05-10 13:44:50,2018-05-08 13:50:47.202733,cc:06:77:5e:24:c0,PLDTHOMEFIBRe24c0,WPA2/WPA,-81,11,Fiberhom,Fiber,14.703228,121.098167,180,36,15.7733672261,3,5,"05/08/2018, 05/10/2018, "
2018-05-10 13:43:26,2018-05-08 13:49:23.721106,48:fd:8e:b8:a4:50,Ladyleyan,WPA2/WPA,-84,7,HuaweiTe,Unidentified,14.703193,121.100715,185,16,19.6291340986,2,1,"05/10/2018, "
2018-05-10 13:42:12,2018-05-08 13:48:09.845253,00:26:75:ab:e4:19,xNonex,WPA2/WPA,-92,11,AztechEl,Unidentified,14.703205,121.10099,186,28,12.1004774089,2,1,"05/10/2018, "
2018-05-10 13:43:15,2018-05-08 13:49:12.734048,96:53:30:67:a2:05,DIRECT-Kh-BRAVIA,WPA2,-66,1,None,Not an AP,14.703202,121.101208,186,28,12.1004774089,2,2,"05/10/2018, "
2018-05-10 13:42:17,2018-05-08 13:48:14.914589,cc:06:77:b5:0a:48,HOMEFIBER#72,WPA2/WPA,-87,1,Fiberhom,Fiber,14.703225,121.101213,186,28,12.1004774089,2,2,"05/10/2018, "
2018-05-10 13:42:16,2018-05-08 13:48:14.019789,88:d2:74:86:af:60,GeLifLorGrace,WPA2/WPA,-91,1,Zte,Unidentified,14.703218,121.101175,186,28,12.1004774089,2,2,"05/10/2018, "
2018-05-10 13:43:20,2018-05-08 13:49:17.519909,50:04:b8:8f:0f:e5,HUAWEI-0FE5,WPA2,-85,4,HuaweiTe,Unidentified,14.703202,121.101025,186,28,12.1004774089,2,3,"05/10/2018, "
2018-05-10 13:42:21,2018-05-08 13:48:18.542374,48:fd:8e:4c:15:14,Lolabeewifi,WPA2/WPA,-90,4,HuaweiTe,Unidentified,14.70324,121.101297,186,28,12.1004774089,2,1,"05/10/2018, "
2018-05-10 13:43:10,2018-05-08 13:49:07.127160,bc:3f:8f:d4:6c:3c,Converge,WPA2/WPA,-89,10,HuaweiTe,Unidentified,14.703213,121.101342,186,28,12.1004774089,2,1,"05/10/2018, "
2018-05-10 13:43:00,2018-05-08 13:48:57.900963,b0:4e:26:ec:41:aa,TP-Link_41AA,WPA2,-75,2,Tp-LinkT,Unidentified,14.703255,121.101652,187,42,0.284667594101,1,3,"05/10/2018, "
2018-05-10 13:43:00,2018-05-08 13:48:57.562580,fc:2d:5e:14:db:68,GLOBE_14DB68,WPA2/WPA,-69,3,Zte,Unidentified,14.703255,121.101652,187,42,0.284667594101,1,2,"05/10/2018, "
2018-05-10 13:43:03,2018-05-08 13:49:00.652219,cc:06:77:e3:f3:18,PLDTHOMEFIBR3f318,WPA2/WPA,-84,5,Fiberhom,Fiber,14.703218,121.101537,187,42,0.284667594101,1,2,"05/10/2018, "
2018-05-10 13:42:28,2018-05-08 13:48:26.051459,cc:06:77:e2:75:40,Nvirus 2.4G,WPA2/WPA,-88,9,Fiberhom,Fiber,14.703247,121.101505,187,42,0.284667594101,1,1,"05/10/2018, "
2018-05-10 13:42:52,2018-05-08 13:48:49.964912,00:26:75:b7:c2:43,DoNotConnect,WPA2/WPA,-84,10,AztechEl,Unidentified,14.703265,121.101668,187,42,0.284667594101,1,1,"05/10/2018, "
2018-05-10 13:42:50,2018-05-08 13:48:47.491404,8c:68:c8:c0:13:f2,bayanDSLWIFI_13F2,WPA2/WPA,-85,10,None,Broadband,14.703267,121.101668,187,42,0.284667594101,1,1,"05/10/2018, "
2018-05-10 13:42:57,2018-05-08 13:48:54.318233,c2:38:96:67:b9:a3,DIRECT-wm-BRAVIA,WPA2,-81,1,None,Not an AP,14.703265,121.101667,187,42,0.284667594101,1,1,"05/10/2018, "
2018-05-10 13:42:39,2018-05-08 13:48:36.276595,c8:7b:5b:c2:0b:e0,Prmn,WPA,-91,3,Zte,Unidentified,14.703268,121.101672,187,42,0.284667594101,1,1,"05/10/2018, "
2018-05-10 13:42:42,2018-05-08 13:48:39.881143,38:d8:2f:22:5d:74,akin lang to,WPA2/WPA,-87,5,Zte,Unidentified,14.703268,121.10167,187,42,0.284667594101,1,1,"05/10/2018, "
2018-05-10 13:42:43,2018-05-08 13:48:40.584127,ec:8a:4c:a6:c4:00,bayanDSLWiFi_C400,WPA2/WPA,-87,5,Zte,Broadband,14.703268,121.10167,187,42,0.284667594101,1,1,"05/10/2018, "
2018-05-10 13:42:57,2018-05-08 13:48:54.823419,c8:d7:19:fb:74:b7,iankateivan-bayan,WPA2,-92,1,Cisco-Li,Unidentified,14.703265,121.101667,187,42,0.284667594101,1,1,"05/10/2018, "
2018-04-30 12:06:04,2018-04-24 15:42:44.312569,5c:a8:6a:7b:85:69,parohinog,WPA2/WPA,-88,9,HuaweiTe,Unidentified,14.702822,121.095987,202,637,16.7459100279,65,4,"05/09/2018, 04/30/2018, 05/08/2018, 05/09/2018, "
2018-05-08 13:39:49,2018-05-08 05:39:50.249259,58:70:c6:f5:fa:6e,YICarCam_f5fa6e,WPA2,-38,6,Shanghai,Not an AP,14.703112,121.09586,202,637,16.7459100279,65,8,"05/08/2018, "
2018-05-08 13:39:46,2018-05-08 05:39:46.617816,cc:06:77:d7:6c:88,CCFPAYATAS,WPA2/WPA,-87,3,Fiberhom,Fiber,14.703043,121.09589,202,637,16.7459100279,65,3,"05/08/2018, 05/10/2018, "
2018-05-08 14:11:21,2018-05-08 06:11:22.601471,bc:3d:85:f1:18:b6,HUAWEI-18B6,WPA2,-83,5,HuaweiTe,Unidentified,14.702892,121.095975,202,637,16.7459100279,65,16,"05/09/2018, 05/10/2018, 05/08/2018, 05/09/2018, "
2018-05-08 14:11:24,2018-05-08 06:11:25.298419,d0:ff:98:26:1d:36,Universe,WPA2/WPA,-91,6,HuaweiTe,Unidentified,14.702753,121.095975,202,637,16.7459100279,65,2,"05/08/2018, 05/09/2018, "
2018-05-08 14:23:59,2018-05-08 06:24:00.583782,8c:4c:ad:07:be:8f,Smart_Bro_07BE8F,WPA2,-85,7,Evoluzn,Unidentified,14.703087,121.095875,202,637,16.7459100279,65,1,"05/08/2018, "
2018-05-08 16:07:10,2018-05-08 08:07:11.348196,88:d2:74:86:ad:fc,bayanDSLWIFI_ADFC,WPA2/WPA,-88,7,Zte,Broadband,14.702958,121.095948,202,637,16.7459100279,65,3,"05/10/2018, 05/08/2018, "
2018-05-09 12:06:00,2018-05-08 09:42:59.727367,8c:0d:76:24:61:6c,HUAWEI-E5330-616C,WPA2,-54,10,HuaweiTe,Hotspot,14.702787,121.095923,202,637,16.7459100279,65,16,"05/09/2018, "
2018-05-09 13:21:45,2018-05-08 10:28:09.993124,8c:25:05:5e:9f:c5,B315_E9FC5,WPA2/WPA,-88,4,HuaweiTe,Unidentified,14.70288,121.095857,202,637,16.7459100279,65,2,"05/09/2018, 05/10/2018, "
2018-05-09 13:21:55,2018-05-08 10:28:20.679849,5c:f2:86:2f:1e:44,Globe_LTE MIFI_1E44,WPA2/WPA,-54,9,IeeeRegi,Hotspot,14.703095,121.095868,202,637,16.7459100279,65,90,"05/09/2018, 05/08/2018, 05/09/2018, 05/10/2018, "
2018-05-10 12:10:33,2018-05-08 12:16:30.840990,b0:e1:7e:e3:4f:b9,JULIENNE AMBER,WPA2/WPA,-83,11,HuaweiTe,Unidentified,14.703125,121.095893,202,637,16.7459100279,65,9,"05/10/2018, 04/30/2018, 05/08/2018, 05/09/2018, 05/10/2018, "
2018-05-10 12:12:51,2018-05-08 12:18:48.632955,78:62:56:13:74:f3,HUAWEI-74F3,WPA2,-82,2,HuaweiTe,Unidentified,14.702853,121.095842,202,637,16.7459100279,65,12,"05/09/2018, 05/08/2018, 05/09/2018, 05/10/2018, "
2018-05-10 13:28:14,2018-05-08 13:34:11.372189,60:83:34:dd:e0:ee,B315_DE0EE,WPA2,-77,11,HuaweiTe,Unidentified,14.702925,121.095987,202,637,16.7459100279,65,13,"05/10/2018, "
2018-05-10 12:12:46,2018-05-08 12:18:43.547193,02:a9:17:33:23:b3,BlIJ-bXlBOSBEVFY,OPN,-75,13,None,Unidentified,14.703068,121.095895,202,637,16.7459100279,65,2,"05/10/2018, "
2018-05-10 12:41:00,2018-05-08 12:46:57.930024,dc:09:4c:0f:ac:3b,RestrictedWifi,WPA2,-87,10,HuaweiTe,Unidentified,14.703123,121.096083,202,637,16.7459100279,65,2,"05/10/2018, "
2018-05-10 13:28:17,2018-05-08 13:34:14.156640,d0:b1:28:8c:56:99,Anachellevinebless...,WPA2,-85,1,SamsungE,Phone,14.702782,121.095997,202,637,16.7459100279,65,3,"05/10/2018, "
2018-05-10 11:43:23,2018-05-08 11:49:20.427034,f4:cb:52:6a:09:1c,ShieLa Degracia Zamora,WPA2,-52,5,HuaweiTe,Unidentified,14.702993,121.0972,205,13,9.09304013801,2,2,"05/10/2018, "
2018-05-09 11:59:15,2018-05-08 09:36:13.906744,00:1f:fb:c6:32:a1,HomeBro_ULTERA,WPA2,-87,5,GreenPac,Mobile broadband,14.702692,121.09808,206,64,9.08122188278,3,4,"05/09/2018, "
2018-05-10 12:43:02,2018-05-08 12:48:59.575197,00:1f:fb:bb:01:89,HomeBro_ULTERA,WPA2,-55,1,GreenPac,Mobile broadband,14.703078,121.09782,206,64,9.08122188278,3,7,"05/09/2018, 05/08/2018, 05/09/2018, 05/10/2018, "
2018-05-10 12:43:06,2018-05-08 12:49:03.434516,5c:f2:86:2d:5c:ec,Globe_LTE MIFI_5CEC,WPA2/WPA,-51,6,IeeeRegi,Hotspot,14.702965,121.09782,206,64,9.08122188278,3,1,"05/10/2018, "
2018-05-10 12:43:15,2018-05-08 12:49:12.762911,36:69:87:b2:7e:be,ZTE-MF65M-7EBE,WPA2,-89,13,None,Hotspot,14.702925,121.09779,206,64,9.08122188278,3,1,"05/10/2018, "
2018-05-10 12:43:19,2018-05-08 12:49:16.524220,54:b1:21:e1:bc:57,FREE DATA,WPA2,-87,1,HuaweiTe,Unidentified,14.702905,121.09779,206,64,9.08122188278,3,1,"05/10/2018, "
2018-05-10 13:41:00,2018-05-08 13:46:57.481503,dc:09:4c:ea:75:6c,HUAWEI-E5330-756C,WPA2,-73,2,HuaweiTe,Hotspot,14.70303,121.098825,208,62,12.0007662502,4,1,"05/10/2018, "
2018-05-09 13:41:46,2018-05-08 10:48:11.149448,ac:e2:15:a6:9d:32,E5151-9d32,WPA2/WPA,-57,6,HuaweiTe,Unidentified,14.703033,121.099957,210,85,10.0126842483,5,5,"05/09/2018, "
2018-05-09 13:41:31,2018-05-08 10:47:56.460050,34:ba:9a:4f:e8:f0,4Js,WPA2,-71,8,Asiatelc,Unidentified,14.702862,121.099712,210,85,10.0126842483,5,10,"05/10/2018, 05/09/2018, 05/10/2018, "
2018-05-10 13:44:05,2018-05-08 13:50:02.606616,5c:f9:6a:ad:3c:fd,none,none,-90,9,none,Unidentified,14.70272,121.09973,210,85,10.0126842483,5,1,"05/10/2018, "
2018-05-09 13:41:54,2018-05-08 10:48:19.605755,50:04:b8:94:9c:4a,HUAWEI-9C4A,WPA2,-53,11,HuaweiTe,Unidentified,14.703048,121.100075,211,61,8.94427203164,4,11,"05/09/2018, 05/10/2018, "
2018-05-09 13:42:50,2018-05-08 10:49:15.508375,cc:7b:35:cf:74:54,No Signal,WPA2/WPA,-74,13,Zte,Unidentified,14.70291,121.100008,211,61,8.94427203164,4,6,"05/09/2018, "
2018-05-09 13:42:30,2018-05-08 10:48:55.386299,b8:bc:1b:34:8a:78,ayheytyou,WPA2,-75,10,HuaweiTe,Unidentified,14.703117,121.100373,211,61,8.94427203164,4,6,"05/10/2018, 05/09/2018, 05/10/2018, "
2018-05-09 13:42:20,2018-05-08 10:48:44.995231,ee:1d:7f:97:b6:9c,King,WPA2/WPA,-90,3,None,Unidentified,14.703118,121.10031,211,61,8.94427203164,4,2,"05/09/2018, "
2018-05-08 13:55:42,2018-05-08 05:55:42.928332,00:08:a1:d4:ce:d6,CNet_Repeater,WPA2/WPA,-77,11,CnetTech,Unidentified,14.702383,121.09573,229,419,15.033727287,53,30,"05/08/2018, "
2018-05-08 13:55:42,2018-05-08 05:55:43.462934,ec:08:6b:dd:00:0e,Wifi Rental,OPN,-91,11,Tp-LinkT,Unidentified,14.702383,121.09573,229,419,15.033727287,53,1,"05/08/2018, "
2018-04-30 12:56:32,2018-04-24 15:38:58.219314,5c:f2:86:2e:ce:d2,JILLIANE,WPA2/WPA,-81,7,IeeeRegi,Unidentified,14.702382,121.096088,230,356,15.9225227783,51,2,"04/30/2018, "
2018-05-08 13:13:52,2018-05-08 05:13:53.110758,90:61:0c:2c:d1:53,PLDTHOMEDSL53587,WPA2/WPA,-85,11,FidaInte,Broadband,14.702337,121.095927,230,356,15.9225227783,51,9,"05/09/2018, 05/10/2018, 05/08/2018, 05/09/2018, "
2018-05-08 16:11:06,2018-05-08 08:11:07.174536,c4:ff:1f:55:a4:d0,Kristinas,WPA2/WPA,-82,9,HuaweiTe,Unidentified,14.702232,121.09583,230,356,15.9225227783,51,11,"05/09/2018, 05/10/2018, 05/08/2018, 05/09/2018, "
2018-05-09 12:21:09,2018-05-08 09:58:07.666808,36:69:87:c0:92:64,ZTE-MF65M-9264,WPA2,-84,10,None,Hotspot,14.70262,121.095833,230,356,15.9225227783,51,20,"05/09/2018, 05/08/2018, 05/09/2018, 05/10/2018, 04/30/2018, "
2018-05-09 12:45:23,2018-05-08 10:22:21.807696,46:6e:69:49:c8:8d,EnY29-QXN1cw==,WPA2,-80,11,None,Unidentified,14.702557,121.09586,230,356,15.9225227783,51,4,"05/09/2018, "
2018-05-10 11:25:59,2018-05-08 11:31:56.459854,00:21:29:7b:7c:ee,xNonex,WPA2/WPA,-92,6,Cisco-Li,Unidentified,14.702583,121.095845,230,356,15.9225227783,51,1,"05/10/2018, "
2018-05-10 12:25:25,2018-05-08 12:31:22.408175,ce:73:14:08:31:c0,BhXS-QmFtYmFt,OPN,-90,11,None,Unidentified,14.70232,121.09588,230,356,15.9225227783,51,1,"05/10/2018, "
2018-05-10 12:25:29,2018-05-08 12:31:26.239418,ec:10:7b:e4:ea:c9,Obtaining IP Address,WPA2,-87,1,SamsungE,Phone,14.702463,121.09589,230,356,15.9225227783,51,1,"05/10/2018, "
2018-05-09 11:59:23,2018-05-08 09:36:22.060134,48:fd:8e:4b:f1:b0,HUAWEI-rhF2,WPA2/WPA,-66,11,HuaweiTe,Unidentified,14.702587,121.098378,235,21,17.8254765187,2,4,"05/09/2018, 05/10/2018, "
2018-05-09 11:59:47,2018-05-08 09:36:46.067001,88:d2:74:86:c2:ad,MGAGAGAGKAU,WPA2/WPA,-75,1,Zte,Unidentified,14.702383,121.098943,236,35,0.660627519907,1,2,"05/09/2018, "
2018-05-09 11:59:45,2018-05-08 09:36:44.196786,88:d2:74:86:c7:dd,Limited Access,WPA2/WPA,-78,2,Zte,Unidentified,14.702385,121.098938,236,35,0.660627519907,1,1,"05/09/2018, "
2018-05-09 11:59:32,2018-05-08 09:36:30.901798,50:64:2b:2b:76:0c,FIBER-X-_plus,WPA2/WPA,-96,3,XiaomiEl,Unidentified,14.702428,121.098733,236,35,0.660627519907,1,1,"05/09/2018, "
2018-05-09 11:59:51,2018-05-08 09:36:50.452916,cc:06:77:e4:18:70,PLDTHOMEFIBR41870,WPA2/WPA,-83,5,Fiberhom,Fiber,14.702368,121.098947,236,35,0.660627519907,1,1,"05/09/2018, "
2018-05-09 11:59:56,2018-05-08 09:36:54.986148,7c:7d:3d:bf:f3:4d,B315_FF34D,WPA2/WPA,-89,8,HuaweiTe,Unidentified,14.702378,121.098877,236,35,0.660627519907,1,2,"05/09/2018, "
2018-05-09 11:59:40,2018-05-08 09:36:39.628762,88:d2:74:86:bb:2d,PLDT FIBER,WPA2/WPA,-79,10,Zte,Unidentified,14.70238,121.098932,236,35,0.660627519907,1,1,"05/09/2018, "
2018-05-09 11:59:59,2018-05-08 09:36:57.644209,8c:79:67:cc:31:37,Fiber-X-,WPA2/WPA,-91,10,Zte,Unidentified,14.70241,121.098765,236,35,0.660627519907,1,1,"05/09/2018, "
2018-05-09 11:59:41,2018-05-08 09:36:40.282120,5c:f2:86:26:c1:98,Lee Jong Suk,WPA2/WPA,-86,11,IeeeRegi,Unidentified,14.702387,121.098933,236,35,0.660627519907,1,1,"05/09/2018, "
2018-05-09 11:59:45,2018-05-08 09:36:44.511397,8c:79:67:bd:68:c6,GLOBE_BD68C6,WPA2/WPA,-86,1,Zte,Unidentified,14.702385,121.098938,236,35,0.660627519907,1,1,"05/09/2018, "
2018-05-09 11:59:45,2018-05-08 09:36:44.547320,88:d2:74:86:c7:3d,amerahamir,WPA2/WPA,-87,1,Zte,Unidentified,14.702385,121.098938,236,35,0.660627519907,1,1,"05/09/2018, "
2018-05-09 11:59:51,2018-05-08 09:36:50.504426,98:e7:f5:bb:7a:14,HUAWEI-E5330-7A14,WPA2,-85,5,HuaweiTe,Hotspot,14.702368,121.098947,236,35,0.660627519907,1,1,"05/09/2018, "
2018-05-09 11:59:51,2018-05-08 09:36:50.392164,cc:06:77:e3:f4:c0,PLDTHOMEFIBR3f4c0,WPA2/WPA,-88,5,Fiberhom,Fiber,14.702368,121.098947,236,35,0.660627519907,1,1,"05/09/2018, "
2018-05-09 11:59:54,2018-05-08 09:36:53.204695,a0:8d:16:aa:8e:9a,BLESSED,WPA2,-90,7,HuaweiTe,Unidentified,14.702362,121.098922,236,35,0.660627519907,1,1,"05/09/2018, "
2018-05-08 13:55:30,2018-05-08 05:55:31.396598,5c:a8:6a:81:d8:b4,HUAWEI-D8B4,WPA2,-92,2,HuaweiTe,Unidentified,14.701947,121.09573,257,720,12.9704494124,57,2,"05/08/2018, "
2018-05-08 13:55:33,2018-05-08 05:55:33.848374,d0:65:ca:d4:52:d3,none,none,-94,4,none,Unidentified,14.702032,121.095715,257,720,12.9704494124,57,1,"05/08/2018, "
2018-05-08 15:17:24,2018-05-08 07:17:25.252238,00:1a:ef:42:68:d9,Client_1,WPA2/WPA,-66,2,Loopcomm,Unidentified,14.701807,121.09577,257,720,12.9704494124,57,40,"05/09/2018, 05/08/2018, 05/09/2018, 04/30/2018, "
2018-05-09 12:18:12,2018-05-08 09:55:11.385440,5c:a8:6a:d9:6d:eb,Inuman ni Ebok,WPA2,-77,3,HuaweiTe,Unidentified,14.701928,121.095782,257,720,12.9704494124,57,2,"05/08/2018, 05/09/2018, "
2018-05-09 13:21:27,2018-05-08 10:27:52.402093,50:a7:2b:1b:12:6d,lee bryan,WPA2/WPA,-76,5,HuaweiTe,Unidentified,14.702052,121.095748,257,720,12.9704494124,57,54,"05/09/2018, 04/30/2018, 05/08/2018, 05/09/2018, 05/10/2018, "
2018-05-09 14:26:45,2018-05-08 11:33:10.550368,00:1a:ef:46:06:9f,Jheremy,WPA2/WPA,-85,9,Loopcomm,Unidentified,14.701878,121.095803,257,720,12.9704494124,57,1,"05/09/2018, "
2018-05-10 13:06:48,2018-05-08 13:12:45.132282,74:04:2b:b3:39:c7,ByAN-Y2hyaXN0aWFucGhpbGlwZ2Fy,OPN,-81,6,LenovoMo,Unidentified,14.702023,121.095742,257,720,12.9704494124,57,19,"05/10/2018, "
2018-05-10 12:40:29,2018-05-08 12:46:26.098885,20:54:fa:18:08:bd,B315_808BD,WPA2/WPA,-84,1,HuaweiTe,Unidentified,14.701957,121.095705,257,720,12.9704494124,57,5,"05/09/2018, 05/10/2018, 05/08/2018, "
2018-05-08 14:11:53,2018-05-08 06:11:54.092026,d4:61:2e:94:0f:66,HUAWEI-0F66,WPA2,-78,11,HuaweiTe,Unidentified,14.701927,121.095967,258,287,12.9317292509,24,6,"05/08/2018, "
2018-05-08 16:11:22,2018-05-08 08:11:23.371112,58:70:c6:f6:1d:e8,YICarCam_f61de8,WPA2,-52,5,Shanghai,Not an AP,14.702093,121.095808,258,287,12.9317292509,24,18,"05/08/2018, "
2018-05-08 16:11:28,2018-05-08 08:11:29.441185,24:1f:a0:78:ef:95,Audrey - Cherrielyn,WPA2/WPA,-91,8,HuaweiTe,Unidentified,14.702075,121.095807,258,287,12.9317292509,24,1,"05/08/2018, "
2018-04-30 12:54:26,2018-04-24 15:36:52.009804,88:d2:74:86:c5:aa,Ok na connect ka na,WPA2/WPA,-64,10,Zte,Unidentified,14.701442,121.093625,282,34,5.88654732952,1,2,"04/30/2018, "
2018-04-30 12:54:32,2018-04-24 15:36:58.222530,a6:78:8b:92:3a:90,PMIPHMAKD07188,WPA2,-69,1,None,Unidentified,14.701648,121.093765,282,34,5.88654732952,1,4,"04/30/2018, "
2018-04-30 12:54:38,2018-04-24 15:37:04.143135,5e:f7:c3:22:4c:f7,BRma-cm9uaWVfaHVnbw,OPN,-79,6,None,Unidentified,14.701757,121.093813,282,34,5.88654732952,1,2,"04/30/2018, "
2018-04-30 12:54:45,2018-04-24 15:37:11.222731,e4:7d:eb:03:5a:ff,P01I-5AFF,WPA2,-68,10,Shanghai,Unidentified,14.701675,121.093907,282,34,5.88654732952,1,1,"04/30/2018, "
2018-04-30 12:01:28,2018-04-24 15:38:08.638676,fc:3f:7c:66:ee:db,HUAWEI-EEDB,WPA2,-87,1,HuaweiTe,Unidentified,14.70138,121.095733,286,517,14.4593523691,49,1,"04/30/2018, "
2018-04-30 12:01:38,2018-04-24 15:38:17.741158,f4:28:53:a1:cc:54,TOTOLINK_GT1030,WPA2,-93,10,ZioncomE,Unidentified,14.701657,121.095695,286,517,14.4593523691,49,1,"04/30/2018, "
2018-05-08 15:48:18,2018-05-08 07:48:19.770007,88:d2:74:86:cc:ae,bayanDSLWIFI_CCAE,WPA2/WPA,-73,7,Zte,Broadband,14.701772,121.095773,286,517,14.4593523691,49,34,"05/09/2018, 04/30/2018, 05/08/2018, 05/09/2018, 05/10/2018, "
2018-05-08 16:06:23,2018-05-08 08:06:24.325820,f4:8e:92:cd:7e:a3,HUAWEI-E5330-7EA3,WPA2,-67,1,HuaweiTe,Hotspot,14.701733,121.095713,286,517,14.4593523691,49,3,"05/08/2018, "
2018-05-09 12:17:42,2018-05-08 09:54:40.824478,3c:78:43:87:e2:14,Thankyoulord,WPA2/WPA,-88,11,HuaweiTe,Unidentified,14.701472,121.095803,286,517,14.4593523691,49,13,"05/09/2018, 05/10/2018, 05/08/2018, 05/09/2018, "
2018-05-09 12:17:42,2018-05-08 09:54:41.043022,00:13:33:d3:f3:3d,PLDTHOMEDSLGerodias,WPA2/WPA,-85,11,Baudtec,Broadband,14.701472,121.095803,286,517,14.4593523691,49,10,"05/09/2018, 05/08/2018, 05/09/2018, 05/10/2018, "
2018-04-30 12:06:27,2018-04-24 15:43:06.726369,70:4f:57:d0:91:80,SADDAM,WPA2,-83,12,Tp-LinkT,Unidentified,14.701733,121.095868,287,346,16.0055931036,46,42,"05/09/2018, 04/30/2018, 05/08/2018, 05/09/2018, 05/10/2018, "
2018-05-08 16:23:09,2018-05-08 08:23:10.199080,dc:ee:06:c0:60:d4,Smartbro,WPA2,-88,1,HuaweiTe,Unidentified,14.70144,121.095872,287,346,16.0055931036,46,4,"05/08/2018, "
2018-05-09 12:35:20,2018-05-08 10:12:19.000959,02:99:4a:77:e5:63,BJxl-YmFkYXlraW1iZXJseQ,OPN,-89,11,None,Unidentified,14.701628,121.095828,287,346,16.0055931036,46,1,"05/09/2018, "
2018-05-09 13:06:02,2018-05-08 10:43:01.517064,e0:a3:ac:4f:34:64,Jesus Loves Us,WPA2,-94,6,HuaweiTe,Unidentified,14.701748,121.095963,287,346,16.0055931036,46,1,"05/09/2018, "
2018-05-09 13:21:16,2018-05-08 10:27:40.890956,e4:7d:eb:0f:d5:ae,R01_FD5AE,WPA2,-68,10,Shanghai,Unidentified,14.701625,121.095812,287,346,16.0055931036,46,13,"05/09/2018, 05/10/2018, 04/30/2018, 05/08/2018, 05/09/2018, "
2018-05-09 13:57:48,2018-05-08 11:04:14.117939,b0:4e:26:8b:ed:8e,JAVIER_WIFI,WPA2,-92,4,Tp-LinkT,Unidentified,14.701418,121.09584,287,346,16.0055931036,46,1,"05/09/2018, "
2018-05-10 13:48:04,2018-05-08 13:54:01.703156,e0:8e:3c:2f:3d:0d,bayanDSLWIFI_3D0D,WPA2/WPA,-89,1,AztechEl,Broadband,14.701622,121.095967,287,346,16.0055931036,46,1,"05/10/2018, "
2018-05-10 13:48:10,2018-05-08 13:54:07.694512,8e:99:e6:1b:d1:ee,mel pogi,WPA2,-92,5,None,Unidentified,14.70134,121.096027,287,346,16.0055931036,46,1,"05/10/2018, "
2018-04-30 12:54:50,2018-04-24 15:37:15.391253,b0:55:08:25:51:fd,HUAWEI-51FD,WPA2,-94,1,HuaweiTe,Unidentified,14.701147,121.094357,312,2,35.8725536909,1,1,"04/30/2018, "
2018-05-08 14:23:06,2018-05-08 06:23:06.739158,b0:4e:26:cc:28:5a,HOMAR_WIFI,WPA2,-94,11,Tp-LinkT,Unidentified,14.701275,121.095728,315,196,19.780005297,33,1,"05/08/2018, "
2018-04-30 12:55:54,2018-04-24 15:38:20.263266,d6:ae:05:dc:49:55,Chay,WPA2,-73,6,None,Unidentified,14.701017,121.095957,316,436,18.4831979565,56,1,"04/30/2018, "
2018-04-30 12:56:00,2018-04-24 15:38:25.989083,5c:f2:86:26:9c:00,Globe_LTE MIFI_9C00,WPA2/WPA,-86,11,IeeeRegi,Hotspot,14.701258,121.095897,316,436,18.4831979565,56,1,"04/30/2018, "
2018-05-08 16:29:27,2018-05-08 08:29:28.770947,50:c8:e5:67:1a:11,B1Xb-R2lhbmN1ZGFs,OPN,-62,6,SamsungE,Phone,14.701322,121.095987,316,436,18.4831979565,56,7,"05/08/2018, "
2018-05-09 12:31:50,2018-05-08 10:08:49.834142,8e:79:67:93:73:b9,xNonex,WPA2,-88,13,None,Unidentified,14.701082,121.095888,316,436,18.4831979565,56,1,"05/09/2018, "
2018-05-10 11:26:34,2018-05-08 11:32:31.040201,02:a9:17:63:ee:2e,Bgtt-c2hlaWxh44OE,OPN,-83,2,None,Unidentified,14.701253,121.095965,316,436,18.4831979565,56,1,"05/10/2018, "
2018-05-10 11:26:45,2018-05-08 11:32:41.808086,48:fd:8e:4c:2a:10,HUAWEI-vDaK,WPA2/WPA,-89,8,HuaweiTe,Unidentified,14.7009,121.095837,316,436,18.4831979565,56,3,"05/08/2018, 05/10/2018, "
2018-05-10 12:40:06,2018-05-08 12:46:03.239095,c4:ab:b2:2e:ec:a6,almera,WPA2,-58,11,VivoMobi,Phone,14.701252,121.095848,316,436,18.4831979565,56,10,"05/10/2018, "
2018-05-10 11:44:23,2018-05-08 11:50:20.725938,a6:78:8b:8f:4a:7d,PMIPHMAKD07346,WPA2,-65,6,None,Unidentified,14.700887,121.097013,318,12,14.6489606205,1,7,"05/10/2018, "
2018-05-10 11:50:50,2018-05-08 11:56:47.205628,98:e7:f5:55:6b:29,B315_56B29,WPA2/WPA,-69,10,HuaweiTe,Unidentified,14.700588,121.089938,331,18,28.4399742283,4,3,"05/10/2018, "
2018-05-08 14:49:43,2018-05-08 06:49:43.730450,5c:f2:86:27:d8:ec,Globe_LTE MIFI_D8EC,WPA2/WPA,-65,7,IeeeRegi,Hotspot,14.700467,121.090675,332,11,30.3232007188,2,1,"05/08/2018, "
2018-04-30 12:54:59,2018-04-24 15:37:24.654653,c4:e9:84:67:6b:d2,TP-LINK_6BD2,WPA2/WPA,-85,7,Tp-LinkT,Unidentified,14.700865,121.094582,341,8,14.4099076802,1,2,"04/30/2018, "
2018-04-30 12:55:01,2018-04-24 15:37:26.322924,74:4a:a4:69:7c:0f,DCPrint,WPA2/WPA,-88,8,Zte,Unidentified,14.7008,121.094638,341,8,14.4099076802,1,1,"04/30/2018, "
2018-04-30 12:55:10,2018-04-24 15:37:36.098507,e0:8e:3c:2f:21:51,bayanDSLWIFI_2151,WPA2/WPA,-85,1,AztechEl,Broadband,14.700712,121.094962,342,14,15.1390914157,3,6,"04/30/2018, 05/10/2018, "
2018-04-30 12:55:17,2018-04-24 15:37:42.515874,f0:8c:fb:81:6b:a8,PLDTHOMEFIBR_816ba8,WPA2,-81,7,Fiberhom,Fiber,14.700637,121.095263,342,14,15.1390914157,3,1,"04/30/2018, "
2018-04-30 12:55:19,2018-04-24 15:37:44.622853,f0:8c:fb:ce:61:40,xNonex,WPA2,-87,8,Fiberhom,Fiber,14.70063,121.095322,342,14,15.1390914157,3,9,"04/30/2018, 05/08/2018, 05/09/2018, 05/10/2018, "
2018-04-30 12:55:21,2018-04-24 15:37:46.587854,50:68:0a:9a:43:b3,B315_A43B3,WPA2/WPA,-78,11,HuaweiTe,Unidentified,14.700622,121.095365,343,627,18.6224309044,64,10,"04/30/2018, 05/09/2018, 05/08/2018, "
2018-04-30 12:55:32,2018-04-24 15:37:57.783152,50:c8:e5:fd:a4:c7,John,WPA2,-56,6,SamsungE,Phone,14.700562,121.09566,343,627,18.6224309044,64,2,"04/30/2018, "
2018-05-09 11:41:32,2018-05-08 09:18:31.037246,60:83:34:ea:b4:a5,HUAWEI-B4A5,WPA2,-76,1,HuaweiTe,Unidentified,14.700525,121.095345,343,627,18.6224309044,64,2,"05/09/2018, "
2018-05-09 11:56:08,2018-05-08 09:33:07.004090,78:40:e4:82:3d:02,BT1b-U01HMzYwSFU,OPN,-75,6,SamsungE,Phone,14.70087,121.095803,343,627,18.6224309044,64,5,"05/09/2018, "
2018-05-09 11:55:56,2018-05-08 09:32:55.371190,1e:48:ce:65:31:42,BPQb-aGFyb2xkaGVqZQ,OPN,-73,11,None,Unidentified,14.700818,121.095777,343,627,18.6224309044,64,6,"05/08/2018, 05/09/2018, "
2018-05-09 11:46:47,2018-05-08 09:23:46.238304,48:fd:8e:4c:2a:78,HUAWEI-uPyS,WPA2/WPA,-86,11,HuaweiTe,Unidentified,14.70057,121.095623,343,627,18.6224309044,64,2,"05/09/2018, 05/08/2018, "
2018-05-09 11:55:42,2018-05-08 09:32:41.473723,f2:34:04:cb:de:40,B9N3-ZW5jaGFu,OPN,-82,2,None,Unidentified,14.700785,121.09575,343,627,18.6224309044,64,1,"05/09/2018, "
2018-05-09 12:44:27,2018-05-08 10:21:25.703734,f4:0e:22:73:56:2a,BbwU-aGVqZW5pbm8,OPN,-81,11,SamsungE,Phone,14.700717,121.09573,343,627,18.6224309044,64,8,"05/10/2018, 05/09/2018, 05/10/2018, "
2018-05-09 14:58:25,2018-05-08 11:41:38.333968,00:1f:fb:b8:46:a3,BIG BOSS,WPA2,-79,1,GreenPac,Mobile broadband,14.700508,121.095628,343,627,18.6224309044,64,7,"05/09/2018, 05/10/2018, 05/08/2018, "
2018-05-10 12:39:41,2018-05-08 12:45:38.656971,4c:81:20:93:49:c6,xNonex,WPA2/WPA,-68,5,TaicangT,Unidentified,14.700665,121.095707,343,627,18.6224309044,64,10,"05/10/2018, 04/30/2018, "
2018-05-10 12:09:16,2018-05-08 12:15:13.046225,90:61:0c:37:60:c9,@free wifi,WPA2/WPA,-86,11,FidaInte,Unidentified,14.700842,121.095525,343,627,18.6224309044,64,10,"05/09/2018, 05/08/2018, 05/10/2018, 05/09/2018, "
2018-05-10 12:39:41,2018-05-08 12:45:38.720415,92:97:f3:64:96:94,BxJi-Tk8gTkFNRQ,OPN,-90,6,None,Unidentified,14.700665,121.095707,343,627,18.6224309044,64,3,"05/09/2018, 05/10/2018, "
2018-05-10 12:49:38,2018-05-08 12:55:35.672601,00:1f:fb:b8:1f:75,HomeBro_ULTERA,WPA2,-88,11,GreenPac,Mobile broadband,14.700863,121.095563,343,627,18.6224309044,64,5,"05/08/2018, 05/09/2018, 05/10/2018, "
2018-05-10 13:29:10,2018-05-08 13:35:07.706889,d0:04:92:01:49:f8,PLDTHOMEFIBRmoroni,WPA2/WPA,-87,10,Fiberhom,Fiber,14.700738,121.095788,343,627,18.6224309044,64,3,"05/08/2018, 05/09/2018, 05/10/2018, "
2018-05-10 13:37:37,2018-05-08 13:43:34.460340,1c:a5:32:90:60:80,PLDTHOMEDSL06080,WPA2,-89,5,Shenzhen,Broadband,14.700777,121.09575,343,627,18.6224309044,64,2,"05/09/2018, 05/10/2018, "
2018-04-30 12:06:51,2018-04-24 15:43:31.557277,90:61:0c:35:47:b7,PLDTHOMEDSL18359,WPA2/WPA,-88,3,FidaInte,Broadband,14.70076,121.095927,344,96,18.9586892062,21,2,"04/30/2018, 05/08/2018, "
2018-05-08 14:12:24,2018-05-08 06:12:25.610114,e4:7d:eb:10:16:0f,R01_0160F,WPA2,-85,10,Shanghai,Unidentified,14.700803,121.09598,344,96,18.9586892062,21,3,"05/08/2018, 05/09/2018, "
2018-05-08 15:37:06,2018-05-08 07:37:07.404964,5c:f2:86:2e:e0:43,eng globe,WPA2/WPA,-84,8,IeeeRegi,Unidentified,14.700803,121.095883,344,96,18.9586892062,21,5,"05/08/2018, "
2018-05-08 15:37:08,2018-05-08 07:37:09.188620,90:61:0c:16:fa:40,PLDTMyDSL,WPA2/WPA,-89,11,FidaInte,Broadband,14.700752,121.09585,344,96,18.9586892062,21,1,"05/08/2018, "
2018-05-09 12:06:54,2018-05-08 09:43:53.380657,58:1f:28:37:76:39,HUAWEI-E5330-7639,WPA2,-61,5,HuaweiTe,Hotspot,14.700685,121.095838,344,96,18.9586892062,21,3,"05/09/2018, "
2018-05-09 12:17:29,2018-05-08 09:54:28.161726,92:21:81:d6:56:cf,Acer Liquid Zest 4G,WPA2,-83,1,None,Unidentified,14.70079,121.095827,344,96,18.9586892062,21,2,"05/09/2018, "
2018-05-09 12:21:45,2018-05-08 09:58:44.805329,40:cb:a8:30:53:a6,PLDTHOMEDSL101010,WPA2/WPA,-95,6,HuaweiTe,Broadband,14.700852,121.095817,344,96,18.9586892062,21,1,"05/09/2018, "
2018-05-10 11:51:15,2018-05-08 11:57:12.309937,9c:6f:52:35:18:13,bayanDSLWIFI_1813,WPA2/WPA,-72,1,Zte,Broadband,14.700205,121.091372,359,9,23.0864624856,1,1,"05/10/2018, "
2018-05-08 13:54:41,2018-05-08 05:54:42.565452,fc:3f:7c:81:69:2c,MOOMOO,WPA2/WPA,-82,10,HuaweiTe,Unidentified,14.700085,121.095313,367,190,15.2710218485,35,29,"05/08/2018, 04/30/2018, 05/08/2018, "
2018-05-09 11:41:21,2018-05-08 09:18:19.890016,c4:ff:1f:56:52:50,HUAWEI-457S,WPA2/WPA,-87,8,HuaweiTe,Unidentified,14.70013,121.095185,367,190,15.2710218485,35,2,"05/09/2018, "
2018-05-09 11:41:25,2018-05-08 09:18:24.542114,f4:9e:ef:d2:0b:7c,PLDTHOMEDSLNevele,WPA2,-80,11,TaicangT,Broadband,14.700268,121.095227,367,190,15.2710218485,35,7,"04/30/2018, 05/09/2018, 05/08/2018, 05/10/2018, "
2018-05-10 12:08:49,2018-05-08 12:14:46.212366,36:69:87:5e:53:2f,JORENZ,WPA2/WPA,-80,6,None,Unidentified,14.700022,121.095275,367,190,15.2710218485,35,6,"05/10/2018, "
2018-05-10 12:24:22,2018-05-08 12:30:19.886846,84:db:ac:ed:c7:df,BqJq-SFVBV0VJRzZVMTA,OPN,-85,6,HuaweiTe,Unidentified,14.700097,121.095297,367,190,15.2710218485,35,1,"05/10/2018, "
2018-05-10 12:59:35,2018-05-08 13:05:32.205558,90:61:0c:41:0c:0b,PLDTHOMEDSL03083,WPA2/WPA,-88,1,FidaInte,Broadband,14.700053,121.095337,367,190,15.2710218485,35,2,"05/10/2018, "
2018-05-08 13:23:54,2018-05-08 05:23:54.784990,c4:9a:02:46:fe:b6,BMQ6-dG9ueXN1ZWxhZGVtZXRlcmlv,WPA,-57,11,LgElectr,Unidentified,14.700293,121.095407,368,669,16.1646425797,66,1,"05/08/2018, "
2018-05-08 14:08:30,2018-05-08 06:08:31.294806,1e:48:ce:42:61:88,BGSJ-YXlhb25pbnl2bw,OPN,-51,10,None,Unidentified,14.700392,121.095675,368,669,16.1646425797,66,7,"05/08/2018, "
2018-05-08 14:12:35,2018-05-08 06:12:36.267841,94:46:96:1f:1f:35,PLDTHOMEDSLMYMY0,WPA2/WPA,-89,3,Baudtec,Broadband,14.7003,121.095712,368,669,16.1646425797,66,2,"05/08/2018, "
2018-05-08 14:32:52,2018-05-08 06:32:53.568630,f0:8c:fb:81:7a:e0,GEMORTA_FAMILY,WPA2/WPA,-85,3,Fiberhom,Fiber,14.700107,121.095387,368,669,16.1646425797,66,21,"04/30/2018, 05/08/2018, 05/10/2018, 05/09/2018, "
2018-05-08 15:47:37,2018-05-08 07:47:38.450557,60:83:34:4a:e9:8b,HUAWEI-E98B,WPA2,-55,7,HuaweiTe,Unidentified,14.70032,121.095587,368,669,16.1646425797,66,20,"05/08/2018, 05/09/2018, "
2018-05-08 16:05:25,2018-05-08 08:05:26.222719,96:53:30:5d:07:30,DIRECT-00-BRAVIA,WPA2,-85,4,None,Not an AP,14.700407,121.095513,368,669,16.1646425797,66,8,"04/30/2018, 05/09/2018, 05/10/2018, 05/08/2018, "
2018-05-09 13:06:33,2018-05-08 10:43:31.893804,aa:a6:68:d4:82:ca,Smart Bro,WPA2/WPA,-58,1,None,Unidentified,14.700215,121.095362,368,669,16.1646425797,66,11,"05/09/2018, "
2018-05-09 14:42:12,2018-05-08 11:25:25.356894,94:46:96:17:81:7a,PLDTHOMEDSLZIZE0,WPA2/WPA,-73,5,Baudtec,Broadband,14.700177,121.095367,368,669,16.1646425797,66,27,"05/10/2018, 04/30/2018, 05/08/2018, 05/09/2018, 05/10/2018, "
2018-05-09 14:42:12,2018-05-08 11:25:25.607068,00:13:33:e6:4b:ea,PLDTHOMEDSLwavestephen,WPA2/WPA,-82,144,Baudtec,Broadband,14.700177,121.095367,368,669,16.1646425797,66,8,"05/09/2018, 04/30/2018, 05/08/2018, 05/10/2018, "
2018-05-10 12:59:36,2018-05-08 13:05:33.255137,94:46:96:16:f9:21,chinchinin,WPA2/WPA,-82,1,Baudtec,Unidentified,14.70009,121.095362,368,669,16.1646425797,66,3,"05/10/2018, 05/08/2018, 05/10/2018, "
2018-05-10 13:37:20,2018-05-08 13:43:17.568669,c2:d3:c0:2e:94:6b,AndroidAP,WPA2,-69,6,None,Phone,14.700093,121.095368,368,669,16.1646425797,66,4,"05/10/2018, "
2018-05-10 12:15:54,2018-05-08 12:21:51.700250,00:1f:fb:b7:bb:d5,Google-Fiber,WPA2,-84,5,GreenPac,Mobile broadband,14.699578,121.091747,384,12,28.3463561656,3,1,"05/10/2018, "
2018-05-10 11:51:22,2018-05-08 11:57:19.800936,cc:06:77:72:dd:80,Bosx1neExB,WPA2/WPA,-83,7,Fiberhom,Fiber,14.699945,121.091683,384,12,28.3463561656,3,1,"05/10/2018, "
2018-05-10 12:15:54,2018-05-08 12:21:51.445709,60:83:34:e9:18:6b,Huawa,WPA2/WPA,-77,11,HuaweiTe,Unidentified,14.699578,121.091747,384,12,28.3463561656,3,1,"05/10/2018, "
2018-04-30 12:00:19,2018-04-24 15:36:59.390266,c4:e9:84:33:6c:f4,TP-Link_336CF4,WPA2,-90,7,Tp-LinkT,Unidentified,14.699622,121.095132,391,881,13.323810511,65,1,"04/30/2018, "
2018-05-08 13:23:31,2018-05-08 05:23:32.504192,90:67:1c:fc:e8:ab,soreta family,WPA2,-81,9,HuaweiTe,Unidentified,14.699952,121.095177,391,881,13.323810511,65,1,"05/08/2018, "
2018-05-08 14:56:00,2018-05-08 06:56:00.928058,94:0e:6b:37:66:e5,Starferryzakki,WPA2/WPA,-86,1,HuaweiTe,Unidentified,14.69965,121.095213,391,881,13.323810511,65,10,"05/08/2018, 05/09/2018, "
2018-05-09 11:55:10,2018-05-08 09:32:09.248222,00:1f:fb:ad:06:49,HomeBro_ULTERA,WPA2,-83,5,GreenPac,Mobile broadband,14.69959,121.095195,391,881,13.323810511,65,9,"05/09/2018, 05/10/2018, 04/30/2018, "
2018-05-09 12:07:26,2018-05-08 09:44:25.444549,d0:2d:b3:18:9d:d7,Uber,WPA2/WPA,-69,4,HuaweiTe,Unidentified,14.699538,121.095308,391,881,13.323810511,65,3,"05/09/2018, "
2018-05-09 12:31:21,2018-05-08 10:08:20.100564,58:70:c6:c3:e4:7e,YICarCam_c3e47e,WPA2,-58,5,Shanghai,Not an AP,14.699948,121.095327,391,881,13.323810511,65,2,"05/09/2018, "
2018-05-09 13:19:56,2018-05-08 10:26:21.199427,5c:f2:86:22:f2:fd,Dang27,WPA2,-63,6,IeeeRegi,Unidentified,14.699803,121.095085,391,881,13.323810511,65,2,"05/09/2018, "
2018-05-09 13:36:01,2018-05-08 10:42:25.962866,88:d2:74:86:ba:49,bayanDSLWIFI_BA49,WPA2/WPA,-85,1,Zte,Broadband,14.699813,121.094908,391,881,13.323810511,65,10,"05/09/2018, 05/08/2018, 05/09/2018, 05/10/2018, "
2018-05-09 14:27:43,2018-05-08 11:34:08.972295,c8:94:bb:84:ef:99,Jhas,WPA2,-83,9,HuaweiTe,Unidentified,14.699607,121.095182,391,881,13.323810511,65,2,"05/09/2018, "
2018-05-09 14:16:55,2018-05-08 11:23:20.776524,50:68:0a:bd:a9:14,HUAWEI-E5330-A914,WPA2,-92,1,HuaweiTe,Hotspot,14.699708,121.095197,391,881,13.323810511,65,2,"05/09/2018, "
2018-05-09 14:41:48,2018-05-08 11:25:01.664375,50:04:b8:7e:3a:62,levylopez,WPA2/WPA,-90,1,HuaweiTe,Unidentified,14.699938,121.095088,391,881,13.323810511,65,1,"05/09/2018, "
2018-05-10 13:07:37,2018-05-08 13:13:34.270307,a0:ab:1b:76:5b:52,HERRERA DLINK,WPA2/WPA,-84,3,D-LinkIn,Unidentified,14.699895,121.095285,391,881,13.323810511,65,23,"05/09/2018, 05/10/2018, 05/08/2018, 05/09/2018, "
2018-05-10 13:07:43,2018-05-08 13:13:40.347254,c8:3a:35:34:5f:98,HOTSPOT_9,OPN,-92,9,TendaTec,Unidentified,14.69968,121.095215,391,881,13.323810511,65,1,"05/10/2018, "
2018-05-08 15:47:23,2018-05-08 07:47:24.717550,c0:38:96:e3:ca:e9,PS4-45AB7E041005,WPA2,-87,10,HonHaiPr,Unidentified,14.699908,121.095348,392,151,13.7537104909,28,4,"05/08/2018, "
2018-05-08 15:55:13,2018-05-08 07:55:14.566194,fc:8b:97:38:ef:39,PLDTMyDSL,WPA2/WPA,-89,11,Shenzhen,Broadband,14.699897,121.095347,392,151,13.7537104909,28,3,"05/08/2018, 05/09/2018, "
2018-05-08 15:37:33,2018-05-08 07:37:35.327016,5c:51:81:1b:11:35,Salvador,WPA2,-41,1,SamsungE,Phone,14.699897,121.09537,392,151,13.7537104909,28,1,"05/08/2018, "
2018-05-08 16:38:14,2018-05-08 08:38:15.237562,94:46:96:1f:04:af,PLDTHOMEDSL_FIBR,WPA2/WPA,-90,7,Baudtec,Broadband,14.699943,121.095567,392,151,13.7537104909,28,1,"05/08/2018, "
2018-05-09 13:09:00,2018-05-08 10:45:58.982000,60:83:34:4f:9d:53,B315_F9D53,WPA2/WPA,-65,11,HuaweiTe,Unidentified,14.69911,121.092132,407,17,29.1568254699,6,1,"05/09/2018, "
2018-05-10 13:55:11,2018-05-08 14:01:08.828747,7c:1c:68:27:bc:70,Budu-cnVzc2VsIGJv,OPN,-84,6,SamsungE,Phone,14.699147,121.09217,407,17,29.1568254699,6,1,"05/10/2018, "
2018-05-10 11:47:28,2018-05-08 11:53:25.368265,08:86:3b:e2:8e:77,belkin.e77,WPA2,-86,1,BelkinIn,Unidentified,14.699088,121.09287,408,4,34.6733621885,1,1,"05/10/2018, "
2018-05-10 11:47:28,2018-05-08 11:53:25.385107,0a:86:3b:e2:8e:78,belkin.e77.guests,OPN,-86,1,None,Unidentified,14.699088,121.09287,408,4,34.6733621885,1,1,"05/10/2018, "
2018-05-08 14:55:48,2018-05-08 06:55:48.618301,ec:8a:4c:a6:83:38,bayanDSLWiFi_8338,WPA2/WPA,-84,6,Zte,Broadband,14.6993,121.095302,413,369,15.9144631351,58,13,"04/30/2018, 05/08/2018, 05/09/2018, 05/10/2018, "
2018-05-08 16:05:03,2018-05-08 08:05:03.821531,d8:55:a3:61:c9:2e,Home_Ultera,WPA2/WPA,-80,1,Zte,Unidentified,14.699482,121.095167,413,369,15.9144631351,58,6,"05/08/2018, 05/09/2018, "
2018-05-09 12:16:46,2018-05-08 09:53:45.422419,00:1f:fb:b7:d7:83,cath_kkk,WPA2,-91,11,GreenPac,Mobile broadband,14.699298,121.095313,413,369,15.9144631351,58,2,"05/08/2018, 05/09/2018, "
2018-05-10 11:08:52,2018-05-08 11:34:03.711361,1c:15:1f:fa:d4:01,HUAWEI-D401,WPA2,-89,1,HuaweiTe,Unidentified,14.699348,121.095327,413,369,15.9144631351,58,1,"05/10/2018, "
2018-05-10 11:27:33,2018-05-08 11:33:29.942117,58:70:c6:c4:5f:25,YICarCam_c45f25,WPA2,-53,5,Shanghai,Not an AP,14.699532,121.095197,413,369,15.9144631351,58,3,"05/10/2018, "
2018-05-10 13:07:48,2018-05-08 13:13:45.869576,fc:2d:5e:0d:ce:d1,chizcake,WPA2/WPA,-81,1,Zte,Unidentified,14.69952,121.095222,413,369,15.9144631351,58,23,"05/09/2018, 05/08/2018, 05/09/2018, 05/10/2018, 04/30/2018, "
2018-05-10 12:50:10,2018-05-08 12:56:07.077778,be:41:01:ec:d4:6b,BH7S-VGhyaWxsQm9vc3Qz,OPN,-83,7,None,Unidentified,14.699383,121.09509,413,369,15.9144631351,58,11,"05/10/2018, "
2018-05-10 11:37:25,2018-05-08 11:43:22.553546,b0:c1:9e:4b:d7:3c,SmartBro_4BD73C,WPA2/WPA,-61,8,Zte,Unidentified,14.699277,121.095335,413,369,15.9144631351,58,3,"05/10/2018, "
2018-05-10 13:57:28,2018-05-08 14:03:25.173223,1c:67:58:bd:9c:c9,Sanchez-Caro,WPA2,-86,8,HuaweiTe,Unidentified,14.699273,121.095277,413,369,15.9144631351,58,5,"05/10/2018, 05/09/2018, 05/10/2018, "
2018-05-08 13:14:52,2018-05-08 05:14:52.775689,1e:da:27:eb:1f:96,VIVO5 8191,WPA2,-90,1,None,Unidentified,14.699502,121.09542,414,622,15.8782821717,69,1,"05/08/2018, "
2018-05-08 15:37:56,2018-05-08 07:37:57.781435,1c:74:0d:16:63:70,PLDTHOMEDSL_OSKFIBRAZIL,WPA2/WPA,-87,10,ZyxelCom,Broadband,14.699278,121.09557,414,622,15.8782821717,69,21,"05/08/2018, 05/09/2018, 05/10/2018, 04/30/2018, 05/08/2018, "
2018-05-08 15:55:45,2018-05-08 07:55:46.343138,90:61:0c:35:bb:4e,PLDTHOMEDSL47950,WPA2/WPA,-62,10,FidaInte,Broadband,14.699507,121.095353,414,622,15.8782821717,69,36,"05/08/2018, 05/10/2018, 04/30/2018, 05/08/2018, "
2018-05-08 15:56:03,2018-05-08 07:56:04.784496,d0:ff:98:25:e1:3b,B315_5E13B,WPA2/WPA,-86,5,HuaweiTe,Unidentified,14.6995,121.095357,414,622,15.8782821717,69,6,"05/08/2018, 05/10/2018, "
2018-05-08 15:47:04,2018-05-08 07:47:05.484375,e0:8e:3c:04:b0:57,xNonex,WPA2/WPA,-86,10,AztechEl,Unidentified,14.699282,121.095428,414,622,15.8782821717,69,15,"05/08/2018, 05/09/2018, 04/30/2018, 05/08/2018, "
2018-05-08 16:30:36,2018-05-08 08:30:37.722769,94:fe:22:b8:a4:1f,B315_8A41F,WPA2/WPA,-87,10,HuaweiTe,Unidentified,14.69943,121.095395,414,622,15.8782821717,69,10,"05/08/2018, 05/09/2018, 05/10/2018, "
2018-05-08 15:18:30,2018-05-08 07:18:30.754973,96:fe:22:b8:a4:10,HUAWEI-B315-A41F-1,WPA2/WPA,-86,10,None,Mobile broadband,14.699348,121.095377,414,622,15.8782821717,69,6,"05/08/2018, "
2018-05-08 15:18:30,2018-05-08 07:18:31.393884,96:fe:22:b8:a4:12,HUAWEI-B315-A41F-3,WPA2/WPA,-86,10,None,Mobile broadband,14.699348,121.095377,414,622,15.8782821717,69,8,"05/08/2018, 05/09/2018, 05/10/2018, "
2018-05-08 15:56:13,2018-05-08 07:56:14.656578,bc:54:51:e1:8f:f2,J5,WPA2,-82,11,SamsungE,Phone,14.69923,121.09553,414,622,15.8782821717,69,1,"05/08/2018, "
2018-05-08 16:13:21,2018-05-08 08:13:22.168155,08:ee:8b:7a:a3:89,BWst-Y2hvbGtpZWx0YWthbWF0c3U,OPN,-91,6,SamsungE,Phone,14.6993,121.095492,414,622,15.8782821717,69,2,"05/08/2018, "
2018-05-09 12:07:30,2018-05-08 09:44:29.223530,96:53:30:a2:1e:a5,DIRECT-Yn-BRAVIA,WPA2,-65,7,None,Not an AP,14.699393,121.095445,414,622,15.8782821717,69,23,"05/09/2018, 05/08/2018, 05/09/2018, 05/10/2018, 04/30/2018, "
2018-05-09 12:43:40,2018-05-08 10:20:39.362043,7c:c7:09:c6:2a:0e,Mitsubishi Wireless TV 368,OPN,-51,36,Shenzhen,Not an AP,14.699093,121.095547,414,622,15.8782821717,69,12,"05/09/2018, "
2018-05-09 13:19:31,2018-05-08 10:25:56.792954,94:a7:b7:26:4a:42,xNonex,WPA2/WPA,-45,1,Zte,Unidentified,14.699388,121.095435,414,622,15.8782821717,69,116,"04/30/2018, 05/08/2018, 05/09/2018, 05/10/2018, "
2018-05-09 15:04:27,2018-05-08 11:47:40.782159,f4:8e:92:de:eb:42,ENODE,WPA2,-50,11,HuaweiTe,Unidentified,14.699488,121.095457,414,622,15.8782821717,69,5,"05/09/2018, "
2018-05-10 12:23:50,2018-05-08 12:29:46.999532,48:fd:8e:b9:92:84,HUAWEI-6C73,WPA2/WPA,-51,10,HuaweiTe,Unidentified,14.699255,121.095405,414,622,15.8782821717,69,150,"05/08/2018, 05/09/2018, 05/10/2018, 04/30/2018, 05/08/2018, "
2018-05-10 13:18:39,2018-05-08 13:24:36.572973,02:ab:ca:b9:d7:4b,Bjwl-Y3Jpc3RpYW5ndXlvMA,OPN,-85,11,None,Unidentified,14.699222,121.095402,414,622,15.8782821717,69,1,"05/10/2018, "
2018-05-08 16:15:53,2018-05-08 08:15:54.755410,fe:2d:5e:b5:e1:40,WiFiKo,WPA2/WPA,-81,8,None,Unidentified,14.698645,121.0926,429,24,27.2054149084,8,1,"05/08/2018, "
2018-05-10 11:51:46,2018-05-08 11:57:43.862386,c4:ff:1f:57:ea:58,WILSON,WPA2/WPA,-65,11,HuaweiTe,Unidentified,14.698755,121.092807,429,24,27.2054149084,8,11,"05/09/2018, 05/10/2018, 05/08/2018, "
2018-04-30 11:59:59,2018-04-24 15:36:39.596982,34:ba:9a:56:d0:9a,Leo_Belleza,WPA2,-82,7,Asiatelc,Unidentified,14.698907,121.095438,435,807,15.5483439457,72,1,"04/30/2018, "
2018-05-08 14:00:25,2018-05-08 06:00:26.388400,82:6a:b0:6b:4e:f0,BBjm-Z29yamllYW5u,OPN,-91,6,None,Unidentified,14.698875,121.095502,435,807,15.5483439457,72,1,"05/08/2018, "
2018-05-08 16:37:43,2018-05-08 08:37:43.868503,94:a7:b7:26:4a:43,xNonex,WPA,-45,11,Zte,Unidentified,14.699033,121.095475,435,807,15.5483439457,72,122,"05/08/2018, 05/09/2018, 05/10/2018, "
2018-05-08 15:56:19,2018-05-08 07:56:20.263799,f4:cb:52:b2:02:63,HUAWEI-0263,WPA2,-73,1,HuaweiTe,Unidentified,14.699035,121.095598,435,807,15.5483439457,72,27,"05/08/2018, 05/10/2018, "
2018-05-08 16:37:32,2018-05-08 08:37:33.606701,4c:81:20:97:4b:cc,PLDTHOMEDSL74BCC,WPA2,-79,6,TaicangT,Broadband,14.698683,121.095487,435,807,15.5483439457,72,15,"05/08/2018, 05/10/2018, 05/09/2018, "
2018-05-08 15:38:06,2018-05-08 07:38:07.958326,00:1a:ef:46:22:3e,CD-R_KING_11n,WPA2/WPA,-87,11,Loopcomm,Unidentified,14.698993,121.095783,435,807,15.5483439457,72,15,"04/30/2018, 05/08/2018, 05/10/2018, 05/09/2018, "
2018-05-08 16:13:33,2018-05-08 08:13:34.971581,90:61:0c:40:a8:e6,NECESITO,WPA2/WPA,-90,1,FidaInte,Unidentified,14.698913,121.095578,435,807,15.5483439457,72,2,"05/08/2018, "
2018-05-09 12:07:50,2018-05-08 09:44:48.847806,34:ba:9a:56:e6:b7,REMZNALD10,WPA2,-38,6,Asiatelc,Unidentified,14.698805,121.095623,435,807,15.5483439457,72,2,"05/09/2018, "
2018-05-09 13:19:18,2018-05-08 10:25:43.154893,48:fd:8e:4c:04:38,HUAWEI-2dsD,WPA2/WPA,-91,6,HuaweiTe,Unidentified,14.698745,121.09549,435,807,15.5483439457,72,1,"05/09/2018, "
2018-05-08 15:38:08,2018-05-08 07:38:10.165531,8e:79:67:99:13:64,ZTE-MF65M-1364,WPA2,-89,13,None,Hotspot,14.698988,121.095807,436,36,11.7707633947,3,2,"05/08/2018, "
2018-05-09 14:38:52,2018-05-08 11:22:05.021027,c4:ff:1f:56:e5:88,xNonex,WPA2/WPA,-90,11,HuaweiTe,Unidentified,14.698233,121.093093,449,22,31.564391547,7,1,"05/09/2018, "
2018-05-09 14:55:59,2018-05-08 11:39:12.948594,02:08:22:a0:86:79,BBXY-SsOuTGzDrsOlw7HDp8O7dMOq,OPN,-83,6,None,Unidentified,14.698217,121.093057,449,22,31.564391547,7,1,"05/09/2018, "
2018-05-10 12:01:59,2018-05-08 12:07:56.558217,6c:b7:49:12:b7:00,HUAWEI-B700,WPA2,-54,9,HuaweiTe,Unidentified,14.698288,121.093057,449,22,31.564391547,7,6,"05/10/2018, 05/08/2018, 05/09/2018, 05/10/2018, "
2018-05-10 12:15:29,2018-05-08 12:21:26.350646,54:a0:50:9c:68:38,Virus Connecting,WPA2,-92,6,AsustekC,Unidentified,14.698257,121.09313,449,22,31.564391547,7,1,"05/10/2018, "
2018-05-10 12:15:30,2018-05-08 12:21:27.663605,fa:8f:ca:38:76:f6,xNonex,OPN,-91,7,None,Unidentified,14.698297,121.093085,449,22,31.564391547,7,1,"05/10/2018, "
2018-05-09 11:40:17,2018-05-08 09:17:15.740424,8c:68:c8:c0:0b:31,bayanDSLWIFI_0B31,WPA2/WPA,-92,1,None,Broadband,14.698282,121.094847,452,70,12.6729391558,11,1,"05/09/2018, "
2018-05-10 12:14:40,2018-05-08 12:20:37.891808,00:e0:4c:05:16:14,Router-11n,WPA2,-87,11,RealtekS,Unidentified,14.69841,121.094838,452,70,12.6729391558,11,4,"05/10/2018, "
2018-04-30 11:59:50,2018-04-24 15:36:30.019230,00:13:33:ff:79:1f,PLDTHOMEDSLjuvel,WPA2/WPA,-60,1,Baudtec,Broadband,14.6986,121.095247,453,988,12.3308382686,69,7,"04/30/2018, "
2018-04-30 11:59:40,2018-04-24 15:36:20.213758,02:1a:11:fa:2c:e5,Biof-cGFwYXByaW50MDg,OPN,-65,6,None,Unidentified,14.698358,121.095087,453,988,12.3308382686,69,4,"04/30/2018, "
2018-04-30 11:59:41,2018-04-24 15:36:20.749269,5c:f2:86:21:e0:ef,QCWifiUltraFast,WPA2,-91,7,IeeeRegi,Unidentified,14.698387,121.095108,453,988,12.3308382686,69,1,"04/30/2018, "
2018-04-30 11:59:50,2018-04-24 15:36:30.217010,90:61:0c:1f:5e:be,PLDTHOMEDSL,WPA2/WPA,-83,1,FidaInte,Broadband,14.6986,121.095247,453,988,12.3308382686,69,2,"04/30/2018, "
2018-05-08 13:53:52,2018-05-08 05:53:52.729839,32:07:4d:10:24:b8,AndroidAP,WPA2,-67,1,None,Phone,14.698562,121.095307,453,988,12.3308382686,69,11,"05/08/2018, "
2018-05-08 14:47:55,2018-05-08 06:47:55.976440,90:61:0c:0d:9d:12,PLDTMyDSLFryst,WPA2/WPA,-40,11,FidaInte,Broadband,14.698372,121.095142,453,988,12.3308382686,69,253,"05/10/2018, 05/08/2018, 05/09/2018, 05/10/2018, "
2018-05-08 15:46:18,2018-05-08 07:46:19.528771,b0:e5:ed:56:20:cb,HUAWEI-20CB,WPA2,-61,2,HuaweiTe,Unidentified,14.698207,121.095,453,988,12.3308382686,69,2,"05/08/2018, "
2018-05-08 15:46:20,2018-05-08 07:46:20.730274,c8:94:bb:4b:ff:7a,B315_BFF7A,WPA2/WPA,-90,5,HuaweiTe,Unidentified,14.698243,121.095043,453,988,12.3308382686,69,1,"05/08/2018, "
2018-05-08 16:21:57,2018-05-08 08:21:58.556669,02:1a:11:fa:2a:b2,Biof-cGFwYXByaW50MDg,OPN,-63,6,None,Unidentified,14.698378,121.095228,453,988,12.3308382686,69,5,"05/08/2018, "
2018-05-09 13:35:13,2018-05-08 10:41:38.855116,28:f3:66:be:de:4a,scumbag,WPA2/WPA,-81,10,Shenzhen,Unidentified,14.698573,121.09525,453,988,12.3308382686,69,8,"05/10/2018, 05/09/2018, 05/08/2018, 05/10/2018, "
2018-05-09 13:56:31,2018-05-08 11:02:55.985910,b8:ee:65:c2:c0:26,ECLIPSE TD-M1 C2C026,OPN,-90,1,LiteonTe,Unidentified,14.698403,121.095203,453,988,12.3308382686,69,1,"05/09/2018, "
2018-05-09 15:05:04,2018-05-08 11:48:17.477113,62:fe:1e:d5:56:32,Batchang hotspot,OPN,-76,11,None,Unidentified,14.698453,121.095063,453,988,12.3308382686,69,16,"05/09/2018, 05/10/2018, 05/08/2018, 05/09/2018, 04/30/2018, "
2018-05-10 11:36:44,2018-05-08 11:42:41.886918,02:1a:11:ff:44:9b,Biof-cGFwYXByaW50MDg,OPN,-51,6,None,Unidentified,14.698313,121.095288,453,988,12.3308382686,69,7,"05/10/2018, "
2018-05-10 11:28:06,2018-05-08 11:34:03.132986,36:69:87:06:73:26,Starry Sky,WPA2/WPA,-68,1,None,Unidentified,14.698368,121.095245,453,988,12.3308382686,69,2,"05/10/2018, "
2018-05-10 13:08:14,2018-05-08 13:14:11.787682,00:13:33:f3:fb:3a,xNonex,WPA2/WPA,-69,4,Baudtec,Unidentified,14.69847,121.095338,453,988,12.3308382686,69,37,"05/09/2018, 05/10/2018, 05/08/2018, 05/09/2018, 04/30/2018, "
2018-05-10 12:58:43,2018-05-08 13:04:40.781039,38:d8:2f:22:70:70,jleague,WPA2/WPA,-79,5,Zte,Unidentified,14.698263,121.0951,453,988,12.3308382686,69,19,"04/30/2018, 05/08/2018, 05/09/2018, 05/10/2018, "
2018-05-10 13:08:36,2018-05-08 13:14:34.045064,c8:7b:5b:c1:9f:e8,NO WI-FI,WPA2/WPA,-78,6,Zte,Unidentified,14.698188,121.095077,453,988,12.3308382686,69,4,"05/10/2018, "
2018-05-10 11:36:49,2018-05-08 11:42:46.834421,5c:f2:86:25:ca:0a,carlos_tabirao,WPA2/WPA,-79,9,IeeeRegi,Unidentified,14.698403,121.095305,453,988,12.3308382686,69,2,"04/30/2018, 05/10/2018, "
2018-05-10 11:53:14,2018-05-08 11:59:11.046690,02:1a:11:fa:3f:0d,Biof-cGFwYXByaW50MDg,OPN,-52,6,None,Unidentified,14.698557,121.09528,453,988,12.3308382686,69,4,"05/10/2018, "
2018-05-10 13:08:22,2018-05-08 13:14:19.971347,1c:67:58:99:81:1d,ayezen,WPA2/WPA,-90,10,HuaweiTe,Unidentified,14.698337,121.095178,453,988,12.3308382686,69,1,"05/10/2018, "
2018-05-10 13:08:36,2018-05-08 13:14:33.867408,00:1f:fb:b7:f5:59,HomeBro_ULTERA,WPA2,-88,5,GreenPac,Mobile broadband,14.698188,121.095077,453,988,12.3308382686,69,1,"05/10/2018, "
2018-05-10 13:36:30,2018-05-08 13:42:27.406515,90:61:0c:35:cd:5b,PLDTHOMEDSL52571,WPA2/WPA,-86,11,FidaInte,Broadband,14.698328,121.095202,453,988,12.3308382686,69,1,"05/10/2018, "
2018-05-10 13:50:09,2018-05-08 13:56:06.809213,80:57:19:20:92:ab,SAPPS_reyes marichu mae-ic3,OPN,-58,6,SamsungE,Phone,14.698212,121.095067,453,988,12.3308382686,69,5,"05/10/2018, "
2018-05-08 13:29:44,2018-05-08 05:29:45.315730,36:69:87:4d:80:58,Sun Wi-Fi_4D8058,WPA2,-78,1,None,Unidentified,14.698525,121.095472,454,156,18.8084839938,36,2,"05/08/2018, "
2018-05-08 15:10:33,2018-05-08 07:10:34.197487,00:1f:fb:c6:46:53,xNonex,WPA2,-85,1,GreenPac,Mobile broadband,14.698533,121.095405,454,156,18.8084839938,36,28,"05/09/2018, 05/10/2018, 05/08/2018, 05/09/2018, "
2018-05-08 15:46:39,2018-05-08 07:46:40.418462,c8:94:bb:4b:ff:d9,B315_BFFD9,WPA2/WPA,-43,5,HuaweiTe,Unidentified,14.69861,121.09535,454,156,18.8084839938,36,2,"05/08/2018, "
2018-05-09 12:43:25,2018-05-08 10:20:24.130409,02:1a:11:fe:28:23,Biof-cGFwYXByaW50MDg,OPN,-56,6,None,Unidentified,14.69855,121.095413,454,156,18.8084839938,36,61,"05/09/2018, "
2018-05-10 13:08:13,2018-05-08 13:14:10.289159,50:04:b8:c3:43:cd,HUAWEI-43CD,WPA2,-92,1,HuaweiTe,Unidentified,14.698515,121.095362,454,156,18.8084839938,36,1,"05/10/2018, "
2018-05-10 11:46:03,2018-05-08 11:52:00.683313,d4:61:2e:94:9b:be,HUAWEI-9BBE,WPA2,-82,11,HuaweiTe,Unidentified,14.698395,121.096248,455,10,13.3684198109,1,2,"05/10/2018, "
2018-05-09 14:14:34,2018-05-08 11:20:59.237279,02:08:22:ba:af:0e,BwnQ-SjJQcmltZQ,OPN,-74,6,None,Unidentified,14.697752,121.093528,460,25,27.7701585778,10,1,"05/09/2018, "
2018-05-10 11:52:05,2018-05-08 11:58:02.712572,90:61:0c:3a:4e:d5,PLDTHOMEDSL20181,WPA2/WPA,-89,11,FidaInte,Broadband,14.697793,121.093753,460,25,27.7701585778,10,1,"05/10/2018, "
2018-05-09 14:39:46,2018-05-08 11:22:59.131009,00:1f:fb:e6:41:99,HomeUltera_E64198,WPA2,-54,11,GreenPac,Mobile broadband,14.697987,121.094347,461,127,14.7976441801,17,60,"05/10/2018, 05/08/2018, 05/09/2018, 05/10/2018, 04/30/2018, "
2018-05-10 12:06:53,2018-05-08 12:12:50.866403,8c:34:fd:f4:5d:7f,HUAWEI-E5330-5D7F,WPA2,-71,1,HuaweiTe,Hotspot,14.69777,121.094403,461,127,14.7976441801,17,2,"05/10/2018, "
2018-04-30 11:59:08,2018-04-24 15:35:48.153404,58:6d:8f:66:ae:79,Payatas A,WPA2/WPA,-63,11,Cisco-Li,Unidentified,14.697955,121.094673,462,975,14.0640730853,72,4,"04/30/2018, "
2018-04-30 11:58:54,2018-04-24 15:35:33.781071,8e:79:67:82:9a:c5,max ogatis19,WPA2,-65,13,None,Unidentified,14.697867,121.094542,462,975,14.0640730853,72,2,"04/30/2018, "
2018-04-30 11:59:05,2018-04-24 15:35:45.235793,bc:c0:0f:1f:02:98,PLDT@home,WPA2/WPA,-89,9,Fiberhom,Fiber,14.697965,121.094675,462,975,14.0640730853,72,2,"04/30/2018, 05/09/2018, "
2018-04-30 11:59:08,2018-04-24 15:35:48.171844,58:6d:8f:66:ae:7a,Payatas A-guest,OPN,-63,11,Cisco-Li,Unidentified,14.697955,121.094673,462,975,14.0640730853,72,4,"04/30/2018, "
2018-05-08 14:06:15,2018-05-08 06:06:16.323110,00:27:15:63:60:0b,BkSv-U2FsbHkgVmlzYXlh,OPN,-50,11,ReboundT,Unidentified,14.69784,121.094718,462,975,14.0640730853,72,3,"05/08/2018, "
2018-05-08 14:48:12,2018-05-08 06:48:13.575381,8e:57:9b:07:97:ae,DIRECT-q7-BRAVIA,WPA2,-85,11,None,Not an AP,14.697908,121.09468,462,975,14.0640730853,72,1,"05/08/2018, "
2018-05-08 15:25:40,2018-05-08 07:25:40.881229,f4:f5:db:01:4d:26,Get your own Data,WPA2,-79,1,XiaomiCo,Unidentified,14.69803,121.094873,462,975,14.0640730853,72,2,"05/08/2018, "
2018-05-08 15:46:07,2018-05-08 07:46:07.744320,90:21:81:e7:00:2e,BaXt-YWx0aGVhLmV6ZWtpZWw,WPA2,-70,6,Shanghai,Unidentified,14.697967,121.094688,462,975,14.0640730853,72,1,"05/08/2018, "
2018-05-08 16:21:26,2018-05-08 08:21:26.848793,f4:dc:f9:48:f7:75,Uber,WPA2/WPA,-54,9,HuaweiTe,Unidentified,14.697833,121.094658,462,975,14.0640730853,72,10,"05/09/2018, 05/10/2018, 05/08/2018, "
2018-05-08 16:21:41,2018-05-08 08:21:42.041350,6c:5c:14:4b:b9:2a,OPPO A33fw,OPN,-50,6,Guangdon,Phone,14.698097,121.094873,462,975,14.0640730853,72,2,"05/08/2018, "
2018-05-09 11:54:10,2018-05-08 09:31:08.938151,aa:a6:68:9b:99:61,honeypies,WPA2/WPA,-72,1,None,Unidentified,14.697952,121.094572,462,975,14.0640730853,72,16,"05/09/2018, 05/08/2018, 05/09/2018, "
2018-05-09 11:54:15,2018-05-08 09:31:13.592064,dc:09:4c:32:4e:61,HUAWEI-E5330-4E61,WPA2,-90,4,HuaweiTe,Hotspot,14.698098,121.094748,462,975,14.0640730853,72,2,"05/09/2018, "
2018-05-09 12:08:26,2018-05-08 09:45:25.401173,f8:01:13:82:94:12,ellavine,WPA2/WPA,-78,6,HuaweiTe,Unidentified,14.697887,121.094773,462,975,14.0640730853,72,2,"04/30/2018, 05/09/2018, "
2018-05-09 12:15:23,2018-05-08 09:52:22.513709,08:10:77:4b:96:04,Free Connection,WPA2/WPA,-84,6,None,Unidentified,14.697995,121.094717,462,975,14.0640730853,72,2,"05/09/2018, 05/08/2018, "
2018-05-09 12:15:24,2018-05-08 09:52:22.806641,08:10:77:96:b2:9a,HOTSPOT_6A,OPN,-83,6,None,Unidentified,14.697997,121.094722,462,975,14.0640730853,72,2,"04/30/2018, 05/09/2018, "
2018-05-09 13:55:59,2018-05-08 11:02:24.583847,34:ba:9a:55:06:7f,Smart_Bro_55067F,WPA2,-48,6,Asiatelc,Unidentified,14.697852,121.094628,462,975,14.0640730853,72,12,"05/09/2018, "
2018-05-09 13:55:55,2018-05-08 11:02:20.822432,34:ba:9a:52:81:f4,Arcillo store,WPA2/WPA,-56,4,Asiatelc,Unidentified,14.69775,121.094503,462,975,14.0640730853,72,22,"05/09/2018, 04/30/2018, 05/09/2018, 05/10/2018, "
2018-05-09 13:49:38,2018-05-08 10:56:02.931013,9c:6f:52:35:19:e3,not urs,WPA2/WPA,-78,6,Zte,Unidentified,14.697937,121.094792,462,975,14.0640730853,72,13,"05/10/2018, 05/09/2018, 05/10/2018, 05/08/2018, "
2018-05-09 14:06:17,2018-05-08 11:12:42.408951,76:4a:a4:cd:fe:17,TeddyManuel,WPA2,-86,13,None,Unidentified,14.698078,121.094743,462,975,14.0640730853,72,1,"05/09/2018, "
2018-05-10 11:08:01,2018-05-08 11:33:12.671353,34:ba:9a:56:70:19,Smart_Bro_567019,WPA2,-92,6,Asiatelc,Unidentified,14.698107,121.09482,462,975,14.0640730853,72,1,"05/10/2018, "
2018-05-10 13:17:55,2018-05-08 13:23:52.346142,88:d2:74:86:b7:c4,bayanDSLWIFI_B7C4,WPA2/WPA,-82,1,Zte,Broadband,14.69795,121.094862,462,975,14.0640730853,72,26,"04/30/2018, 05/08/2018, 05/09/2018, 05/10/2018, "
2018-05-10 13:17:51,2018-05-08 13:23:48.811774,a0:cb:fd:58:6b:e6,BosP-bWFyaWZlbHVtaWJhbw,OPN,-56,6,SamsungE,Phone,14.69788,121.094717,462,975,14.0640730853,72,4,"05/10/2018, "
2018-05-08 14:21:21,2018-05-08 06:21:21.987601,d0:65:ca:b7:1c:61,Thea tababoy,WPA2,-63,6,HuaweiTe,Unidentified,14.698155,121.0949,463,488,10.8701947872,57,9,"05/08/2018, 05/10/2018, 05/09/2018, "
2018-05-08 15:56:43,2018-05-08 07:56:44.901866,38:a2:8c:02:d0:7c,WiFiConnect 305,OPN,-71,36,Shenzhen,Unidentified,14.698185,121.095102,463,488,10.8701947872,57,1,"05/08/2018, "
2018-05-08 15:57:20,2018-05-08 07:57:21.634547,a8:1b:5a:68:df:b3,BxDU-aGV6aWVsbnV04pi68J+Ygg,OPN,-87,6,Guangdon,Phone,14.698047,121.094963,463,488,10.8701947872,57,1,"05/08/2018, "
2018-05-09 12:43:10,2018-05-08 10:20:09.838796,28:9a:fa:2a:65:1b,Du bist der Einzige,WPA2/WPA,-81,11,TctMobil,Hotspot,14.698132,121.095032,463,488,10.8701947872,57,1,"05/09/2018, "
2018-05-09 13:27:13,2018-05-08 10:33:38.127198,88:36:5f:f7:09:b1,Q6_7984,WPA2,-45,10,LgElectr,Unidentified,14.697862,121.094943,463,488,10.8701947872,57,21,"05/09/2018, "
2018-05-10 13:30:26,2018-05-08 13:36:23.510854,90:61:0c:35:89:3d,*Things I Love Shoppe*,WPA2/WPA,-88,10,FidaInte,Unidentified,14.698083,121.095012,463,488,10.8701947872,57,2,"05/08/2018, 05/10/2018, "
2018-05-10 13:50:26,2018-05-08 13:56:23.640654,c4:ab:b2:c6:41:11,vivo 1606,WPA2,-90,6,VivoMobi,Phone,14.698103,121.09492,463,488,10.8701947872,57,1,"05/10/2018, "
2018-05-08 13:22:09,2018-05-08 05:22:10.405789,8c:4c:ad:07:16:dd,Smart_Bro_0716DD,WPA2,-80,8,Evoluzn,Unidentified,14.69751,121.09418,469,1154,12.6034558701,73,9,"05/09/2018, 05/10/2018, 05/08/2018, 05/09/2018, "
2018-05-08 14:06:06,2018-05-08 06:06:06.933696,90:61:0c:41:16:27,RootBeer,WPA2/WPA,-82,1,FidaInte,Unidentified,14.697628,121.094383,469,1154,12.6034558701,73,6,"05/08/2018, 05/09/2018, "
2018-05-08 14:05:52,2018-05-08 06:05:52.696723,98:0c:a5:ac:88:3a,BaXE-am95MTU,OPN,-63,6,Motorola,Unidentified,14.697313,121.09402,469,1154,12.6034558701,73,2,"05/08/2018, "
2018-05-08 14:34:30,2018-05-08 06:34:31.530654,58:70:c6:f6:86:87,YICarCam_f68687,WPA2,-76,5,Shanghai,Not an AP,14.69745,121.094143,469,1154,12.6034558701,73,1,"05/08/2018, "
2018-05-08 14:48:24,2018-05-08 06:48:25.194936,48:fd:8e:ce:39:8c,HUAWEI-K2A2,WPA2/WPA,-86,5,HuaweiTe,Unidentified,14.697682,121.094283,469,1154,12.6034558701,73,6,"05/09/2018, 05/08/2018, 05/09/2018, 05/10/2018, "
2018-05-08 15:58:08,2018-05-08 07:58:09.863365,88:d2:74:86:b3:43,bayanDSLWIFI_B343,WPA2/WPA,-58,10,Zte,Broadband,14.697377,121.094187,469,1154,12.6034558701,73,123,"05/09/2018, 05/10/2018, 05/08/2018, 05/09/2018, 04/30/2018, "
2018-05-08 15:58:17,2018-05-08 07:58:18.481767,c4:ff:1f:55:f2:18,HUAWEI-59Dy,WPA2/WPA,-70,4,HuaweiTe,Unidentified,14.697342,121.094102,469,1154,12.6034558701,73,38,"05/09/2018, 05/08/2018, 05/09/2018, 05/10/2018, "
2018-05-08 15:09:20,2018-05-08 07:09:21.572211,b0:c1:9e:49:c4:06,Thub,WPA2/WPA,-81,6,Zte,Unidentified,14.697292,121.09419,469,1154,12.6034558701,73,1,"05/08/2018, "
2018-05-08 15:24:50,2018-05-08 07:24:50.695491,cc:79:cf:f2:f1:81,Mitsubishi Wireless TV 062,OPN,-74,44,Shenzhen,Not an AP,14.697292,121.094022,469,1154,12.6034558701,73,2,"05/08/2018, "
2018-05-08 15:58:20,2018-05-08 07:58:21.414192,38:a2:8c:fb:4b:d0,Mitsubishi Wireless TV 451,OPN,-65,36,Shenzhen,Not an AP,14.697388,121.094032,469,1154,12.6034558701,73,1,"05/08/2018, "
2018-05-08 16:15:21,2018-05-08 08:15:22.493901,a4:d8:ca:3b:79:a2,MyPhone my88 DTV Wi-Fi hotspot,WPA2,-57,11,HongKong,Unidentified,14.69736,121.094133,469,1154,12.6034558701,73,1,"05/08/2018, "
2018-05-08 16:31:48,2018-05-08 08:31:49.938088,74:cc:39:88:97:90,xNonex,WPA2/WPA,-88,9,Fiberhom,Fiber,14.697362,121.094098,469,1154,12.6034558701,73,1,"05/08/2018, "
2018-05-08 16:36:25,2018-05-08 08:36:26.205997,02:08:22:20:ef:c3,B4DH-RGliZWw,OPN,-84,13,None,Unidentified,14.697335,121.09407,469,1154,12.6034558701,73,1,"05/08/2018, "
2018-05-09 12:23:24,2018-05-08 10:00:23.207586,d2:5b:a8:32:cc:a5,kurtsabyvoe,WPA2/WPA,-89,9,None,Unidentified,14.69762,121.094347,469,1154,12.6034558701,73,1,"05/09/2018, "
2018-05-09 12:23:25,2018-05-08 10:00:23.826632,00:1f:fb:b8:16:81,misha_wifi,WPA2,-78,10,GreenPac,Mobile broadband,14.697602,121.094325,469,1154,12.6034558701,73,9,"05/10/2018, 05/08/2018, 05/09/2018, 05/10/2018, "
2018-05-09 12:29:24,2018-05-08 10:06:23.393498,b0:e1:7e:08:59:f5,HUAWEI-59F5,WPA2,-76,1,HuaweiTe,Unidentified,14.69732,121.094007,469,1154,12.6034558701,73,11,"05/08/2018, 05/09/2018, "
2018-05-09 12:42:43,2018-05-08 10:19:41.781221,50:68:0a:68:6a:71,HUAWEI-E5330-6A71,WPA2,-85,4,HuaweiTe,Hotspot,14.697427,121.094197,469,1154,12.6034558701,73,7,"05/09/2018, 05/08/2018, 05/09/2018, 05/10/2018, "
2018-05-09 12:14:56,2018-05-08 09:51:55.024473,5c:a8:6a:d9:6a:c1,enlxNharDxph,WPA2,-89,11,HuaweiTe,Unidentified,14.697468,121.09412,469,1154,12.6034558701,73,1,"05/09/2018, "
2018-05-09 12:29:30,2018-05-08 10:06:28.702117,90:21:81:dc:43:c6,Bts6-TytDcnVuY2g,OPN,-89,6,Shanghai,Unidentified,14.697472,121.094178,469,1154,12.6034558701,73,1,"05/09/2018, "
2018-05-09 13:18:24,2018-05-08 10:24:49.604583,5c:f2:86:2e:8a:7d,Globe_LTE MIFI_8A7D,WPA2/WPA,-69,8,IeeeRegi,Hotspot,14.697542,121.093982,469,1154,12.6034558701,73,3,"05/09/2018, "
2018-05-09 14:29:58,2018-05-08 11:36:23.488885,8c:eb:c6:ae:77:eb,Garry,WPA2/WPA,-79,11,HuaweiTe,Unidentified,14.697637,121.0942,469,1154,12.6034558701,73,9,"05/09/2018, 05/10/2018, "
2018-05-09 13:50:06,2018-05-08 10:56:31.321376,00:13:33:d0:76:f2,PLDTHOMEDSLMakMak0021,WPA2/WPA,-88,11,Baudtec,Broadband,14.697312,121.094025,469,1154,12.6034558701,73,6,"05/08/2018, 05/09/2018, 05/10/2018, "
2018-05-09 14:06:37,2018-05-08 11:13:02.629043,bc:3d:85:ad:77:d4,snorlax03,WPA2,-75,1,HuaweiTe,Unidentified,14.697555,121.094123,469,1154,12.6034558701,73,1,"05/09/2018, "
2018-05-09 14:29:36,2018-05-08 11:36:01.344638,bc:c0:0f:be:75:f8,xNonex,WPA2/WPA,-86,8,Fiberhom,Fiber,14.697622,121.09421,469,1154,12.6034558701,73,2,"05/08/2018, 05/09/2018, "
2018-05-09 15:05:49,2018-05-08 11:49:02.741207,3c:78:43:63:b2:44,HUAWEI-3C7v,WPA2/WPA,-74,2,HuaweiTe,Unidentified,14.697553,121.094127,469,1154,12.6034558701,73,10,"05/09/2018, 05/08/2018, 05/09/2018, 05/10/2018, "
2018-05-10 13:09:33,2018-05-08 13:15:30.395236,fe:2d:5e:71:2f:c4,Smart Bro_712FC4,OPN,-77,6,None,Unidentified,14.697333,121.094017,469,1154,12.6034558701,73,13,"05/10/2018, "
2018-05-10 11:52:10,2018-05-08 11:58:07.755707,00:1f:fb:b2:8d:89,HomeBro_ULTERA,WPA2,-70,1,GreenPac,Mobile broadband,14.697535,121.093975,469,1154,12.6034558701,73,24,"05/09/2018, 04/30/2018, 05/08/2018, 05/09/2018, 05/10/2018, "
2018-05-10 13:09:05,2018-05-08 13:15:02.935502,b0:55:08:2d:c4:5b,HUAWEI-C45B,WPA2,-61,1,HuaweiTe,Unidentified,14.69747,121.094257,469,1154,12.6034558701,73,15,"04/30/2018, 05/08/2018, 05/09/2018, 05/10/2018, "
2018-05-10 12:58:04,2018-05-08 13:04:01.570224,50:04:b8:8e:e1:75,HUAWEI-E175,WPA2,-66,5,HuaweiTe,Unidentified,14.697407,121.09414,469,1154,12.6034558701,73,1,"05/10/2018, "
2018-05-10 13:30:58,2018-05-08 13:36:55.999440,38:2d:d1:27:59:c0,BlI6-b2xpdmFsb2xpdHM,OPN,-75,6,SamsungE,Phone,14.697297,121.093955,469,1154,12.6034558701,73,2,"05/10/2018, "
2018-05-10 13:51:06,2018-05-08 13:57:03.573520,d4:a1:48:64:3f:7c,Joebakasyon,WPA2/WPA,-90,8,HuaweiTe,Unidentified,14.697355,121.093978,469,1154,12.6034558701,73,1,"05/10/2018, "
2018-05-08 14:06:10,2018-05-08 06:06:10.933799,90:61:0c:2f:3a:ad,PLDTHOMEDSL15021,WPA2/WPA,-57,8,FidaInte,Broadband,14.697688,121.094517,470,198,15.7122339832,43,84,"05/09/2018, 05/10/2018, 05/08/2018, 05/09/2018, 04/30/2018, "
2018-05-08 13:47:03,2018-05-08 05:47:04.611282,28:ff:3e:3d:e7:35,bayanDSLWIFI_E735,WPA2/WPA,-85,1,Zte,Broadband,14.697673,121.09451,470,198,15.7122339832,43,2,"05/08/2018, "
2018-05-08 16:21:17,2018-05-08 08:21:18.456560,dc:ee:06:90:10:41,Dulfo,WPA2,-81,3,HuaweiTe,Unidentified,14.697693,121.09459,470,198,15.7122339832,43,8,"05/08/2018, "
2018-05-09 13:55:53,2018-05-08 11:02:18.220536,36:57:60:ae:c1:20,HomeBro_ULTERA,WPA2/WPA,-60,1,None,Mobile broadband,14.697687,121.09445,470,198,15.7122339832,43,5,"05/09/2018, "
2018-05-10 11:52:35,2018-05-08 11:58:32.705869,7c:b1:5d:14:0d:37,B27K-SFVBV0VJWTYyNVUzMg,OPN,-52,6,HuaweiTe,Unidentified,14.69767,121.09446,470,198,15.7122339832,43,16,"05/10/2018, "
